REPORT_ID,Total Cas,Total Fats,Total SI,Total MI,CSEF Severity,Licence Type,Number Occupants,Drugs Involved,Area Speed,Crash Type,Position Type,DayNight,DUI Involved,Weather Cond
2017-1-8/11/2018,1,0,0,1,2: MI,Full,1,,60,Rear End,T-Junction,Daylight,,Not Raining
2017-2-8/11/2018,0,0,0,0,1: PDO,Unknown,1,,60,Side Swipe,Cross Road,Daylight,,Not Raining
2017-3-8/11/2018,0,0,0,0,1: PDO,Full,2,,50,Rear End,Cross Road,Daylight,,Not Raining
2017-4-8/11/2018,0,0,0,0,1: PDO,Unknown,4,,60,Hit Fixed Object,Cross Road,Night,Y,Not Raining
2017-5-8/11/2018,1,0,0,1,2: MI,Full,1,,60,Right Turn,T-Junction,Daylight,,Not Raining
2017-6-8/11/2018,0,0,0,0,1: PDO,Full,1,,50,Hit Fixed Object,Not Divided,Night,Y,Not Raining
2017-7-8/11/2018,0,0,0,0,1: PDO,Full,1,,50,Hit Fixed Object,Not Divided,Night,,Not Raining
2017-8-8/11/2018,0,0,0,0,1: PDO,,,,50,Hit Parked Vehicle,Not Divided,Daylight,,Not Raining
2017-9-8/11/2018,1,0,0,1,2: MI,Full,2,,60,Right Angle,Divided Road,Daylight,,Not Raining
2017-10-8/11/2018,7,0,0,7,2: MI,Full,1,Y,60,Head On,Freeway,Daylight,,Not Raining
2017-11-8/11/2018,1,0,0,1,2: MI,Full,1,,110,Rear End,Not Divided,Daylight,,Not Raining
2017-12-8/11/2018,1,0,0,1,2: MI,,,,60,Hit Parked Vehicle,Divided Road,Daylight,,Not Raining
2017-13-8/11/2018,0,0,0,0,1: PDO,,,,60,Hit Pedestrian,Divided Road,Night,,Not Raining
2017-14-8/11/2018,0,0,0,0,1: PDO,Full,1,,60,Right Angle,Divided Road,Daylight,,Not Raining
2017-15-8/11/2018,1,0,0,1,2: MI,,,Y,70,Hit Fixed Object,Cross Road,Night,,Not Raining
2017-16-8/11/2018,1,0,1,0,3: SI,,0,,60,Right Angle,T-Junction,Night,,Not Raining
2017-17-8/11/2018,0,0,0,0,1: PDO,Provisional 1 ,1,Y,50,Hit Fixed Object,Not Divided,Night,Y,Not Raining
2017-18-8/11/2018,0,0,0,0,1: PDO,Full,1,,60,Hit Fixed Object,Not Divided,Night,,Not Raining
2017-19-8/11/2018,1,0,0,1,2: MI,Full,1,,60,Hit Fixed Object,Not Divided,Daylight,,Not Raining
2017-20-8/11/2018,0,0,0,0,1: PDO,Provisional 2,1,,60,Hit Fixed Object,Cross Road,Daylight,,Not Raining
2017-21-8/11/2018,1,0,0,1,2: MI,Full,6,Y,80,Roll Over,Not Divided,Night,Y,Not Raining
2017-22-8/11/2018,0,0,0,0,1: PDO,Full,4,,80,Hit Fixed Object,T-Junction,Night,,Not Raining
2017-23-8/11/2018,0,0,0,0,1: PDO,Full,2,,60,Hit Fixed Object,Not Divided,Daylight,,Not Raining
2017-24-8/11/2018,1,0,0,1,2: MI,,0,,110,Roll Over,Divided Road,Daylight,,Not Raining
2017-25-8/11/2018,0,0,0,0,1: PDO,,1,,50,Rear End,Not Divided,Daylight,,Not Raining
2017-26-8/11/2018,1,0,0,1,2: MI,Full,1,,110,Rear End,Freeway,Daylight,,Not Raining
2017-27-8/11/2018,0,0,0,0,1: PDO,,,,110,Hit Fixed Object,Not Divided,Daylight,,Not Raining
2017-28-8/11/2018,0,0,0,0,1: PDO,Unknown,1,,60,Right Angle,Cross Road,Daylight,,Not Raining
2017-29-8/11/2018,0,0,0,0,1: PDO,Unknown,1,,60,Rear End,Divided Road,Daylight,,Not Raining
2017-30-8/11/2018,0,0,0,0,1: PDO,Full,1,,50,Hit Fixed Object,Not Divided,Daylight,,Not Raining
2017-31-8/11/2018,0,0,0,0,1: PDO,,,,80,Side Swipe,Not Divided,Daylight,,Not Raining
2017-32-8/11/2018,1,0,0,1,2: MI,Full,2,,60,Side Swipe,T-Junction,Daylight,,Not Raining
2017-33-8/11/2018,1,0,0,1,2: MI,Full,1,,50,Rear End,T-Junction,Daylight,,Not Raining
2017-34-8/11/2018,0,0,0,0,1: PDO,Full,1,,60,Right Angle,T-Junction,Daylight,,Not Raining
2017-35-8/11/2018,1,0,0,1,2: MI,,,,60,Right Angle,Cross Road,Daylight,,Not Raining
2017-36-8/11/2018,0,0,0,0,1: PDO,Unknown,1,,50,Hit Parked Vehicle,Not Divided,Night,,Not Raining
2017-37-8/11/2018,1,0,0,1,2: MI,,,,60,Side Swipe,Not Divided,Daylight,,Not Raining
2017-38-8/11/2018,0,0,0,0,1: PDO,,,,60,Side Swipe,Divided Road,Daylight,,Not Raining
2017-39-8/11/2018,2,0,0,2,2: MI,Learners,1,,60,Head On,Divided Road,Daylight,,Not Raining
2017-40-8/11/2018,1,0,0,1,2: MI,,,,80,Hit Fixed Object,Not Divided,Daylight,,Not Raining
2017-41-8/11/2018,0,0,0,0,1: PDO,Full,1,,60,Hit Pedestrian,Cross Road,Daylight,,Not Raining
2017-42-8/11/2018,1,0,0,1,2: MI,,,,50,Right Angle,T-Junction,Daylight,,Not Raining
2017-43-8/11/2018,0,0,0,0,1: PDO,Provisional 2,1,,60,Right Angle,Cross Road,Daylight,,Not Raining
2017-44-8/11/2018,0,0,0,0,1: PDO,,,,80,Side Swipe,Cross Road,Night,,Not Raining
2017-45-8/11/2018,0,0,0,0,1: PDO,Full,1,,90,Right Angle,Cross Road,Daylight,,Not Raining
2017-46-8/11/2018,1,0,0,1,2: MI,,,,60,Hit Fixed Object,Cross Road,Daylight,,Not Raining
2017-47-8/11/2018,0,0,0,0,1: PDO,,,,60,Right Angle,T-Junction,Daylight,,Not Raining
2017-48-8/11/2018,0,0,0,0,1: PDO,Provisional 1 ,2,,50,Right Angle,Not Divided,Daylight,,Not Raining
2017-49-8/11/2018,1,0,0,1,2: MI,,,,80,Rear End,T-Junction,Daylight,,Not Raining
2017-50-8/11/2018,1,0,0,1,2: MI,Unlicenced,2,,100,Hit Fixed Object,Freeway,Night,,Not Raining
2017-51-8/11/2018,0,0,0,0,1: PDO,Full,1,,60,Rear End,Divided Road,Night,,Not Raining
2017-52-8/11/2018,0,0,0,0,1: PDO,Full,1,,60,Rear End,Not Divided,Daylight,,Not Raining
2017-53-8/11/2018,0,0,0,0,1: PDO,Full,3,,60,Rear End,Divided Road,Daylight,,Not Raining
2017-54-8/11/2018,1,0,0,1,2: MI,Full,1,,50,Hit Fixed Object,Not Divided,Daylight,,Not Raining
2017-55-8/11/2018,0,0,0,0,1: PDO,Probationary,1,,60,Right Angle,Divided Road,Daylight,,Not Raining
2017-56-8/11/2018,0,0,0,0,1: PDO,,,,80,Side Swipe,Not Divided,Daylight,,Not Raining
2017-57-8/11/2018,1,0,0,1,2: MI,Full,1,,60,Rear End,T-Junction,Daylight,,Not Raining
2017-58-8/11/2018,0,0,0,0,1: PDO,,1,,60,Right Angle,T-Junction,Daylight,,Not Raining
2017-59-8/11/2018,2,0,0,2,2: MI,Unknown,1,,60,Right Turn,T-Junction,Daylight,,Not Raining
2017-60-8/11/2018,0,0,0,0,1: PDO,Unknown,1,,50,Hit Parked Vehicle,Not Divided,Daylight,Y,Not Raining
2017-61-8/11/2018,0,0,0,0,1: PDO,Full,1,,80,Right Angle,T-Junction,Daylight,,Not Raining
2017-62-8/11/2018,1,0,0,1,2: MI,,,,80,Hit Fixed Object,T-Junction,Daylight,,Not Raining
2017-63-8/11/2018,0,0,0,0,1: PDO,Full,1,,60,Rear End,Divided Road,Daylight,,Not Raining
2017-64-8/11/2018,0,0,0,0,1: PDO,Unknown,1,,60,Rear End,T-Junction,Daylight,,Not Raining
2017-65-8/11/2018,0,0,0,0,1: PDO,Full,2,,50,Hit Pedestrian,Not Divided,Daylight,,Not Raining
2017-66-8/11/2018,2,0,2,0,3: SI,Full,1,,100,Head On,Not Divided,Daylight,Y,Not Raining
2017-67-8/11/2018,0,0,0,0,1: PDO,,1,,110,Right Turn,Not Divided,Daylight,,Not Raining
2017-68-8/11/2018,0,0,0,0,1: PDO,,1,,50,Right Angle,Cross Road,Daylight,,Not Raining
2017-69-8/11/2018,0,0,0,0,1: PDO,Full,1,,50,Other,Not Divided,Daylight,,Not Raining
2017-70-8/11/2018,1,0,0,1,2: MI,Full,1,,80,Side Swipe,Divided Road,Daylight,,Not Raining
2017-71-8/11/2018,1,0,0,1,2: MI,Full,1,,70,Right Angle,Cross Road,Daylight,,Not Raining
2017-72-8/11/2018,1,0,0,1,2: MI,Full,1,,60,Rear End,Cross Road,Daylight,,Not Raining
2017-73-8/11/2018,0,0,0,0,1: PDO,Unknown,2,,60,Rear End,T-Junction,Daylight,,Not Raining
2017-74-8/11/2018,1,0,0,1,2: MI,,0,,60,Rear End,Divided Road,Daylight,,Not Raining
2017-75-8/11/2018,0,0,0,0,1: PDO,Full,2,,60,Hit Fixed Object,Divided Road,Daylight,,Not Raining
2017-76-8/11/2018,1,0,0,1,2: MI,Full,2,,60,Side Swipe,Divided Road,Daylight,,Not Raining
2017-77-8/11/2018,0,0,0,0,1: PDO,,,,50,Rear End,T-Junction,Daylight,,Not Raining
2017-78-8/11/2018,0,0,0,0,1: PDO,Full,1,,60,Side Swipe,Cross Road,Daylight,,Not Raining
2017-79-8/11/2018,1,0,0,1,2: MI,Unknown,1,,50,Right Turn,Cross Road,Daylight,,Not Raining
2017-80-8/11/2018,2,0,1,1,3: SI,Full,1,,110,Roll Over,Not Divided,Daylight,,Not Raining
2017-81-8/11/2018,5,0,1,4,3: SI,Full,1,,60,Right Angle,Cross Road,Daylight,,Not Raining
2017-82-8/11/2018,0,0,0,0,1: PDO,,0,,60,Right Turn,Cross Road,Daylight,,Not Raining
2017-83-8/11/2018,1,0,0,1,2: MI,,,,50,Hit Fixed Object,Not Divided,Daylight,,Not Raining
2017-84-8/11/2018,1,0,0,1,2: MI,Full,5,,50,Rear End,Not Divided,Daylight,,Not Raining
2017-85-8/11/2018,1,0,0,1,2: MI,,,,60,Rear End,Cross Road,Daylight,,Not Raining
2017-86-8/11/2018,4,0,0,4,2: MI,Provisional 2,1,,60,Right Angle,T-Junction,Daylight,,Not Raining
2017-87-8/11/2018,1,0,0,1,2: MI,,,,60,Side Swipe,Divided Road,Daylight,,Not Raining
2017-88-8/11/2018,2,0,0,2,2: MI,Full,2,,50,Rear End,Not Divided,Daylight,,Not Raining
2017-89-8/11/2018,1,0,0,1,2: MI,Unknown,1,,50,Hit Fixed Object,Cross Road,Daylight,Y,Not Raining
2017-90-8/11/2018,0,0,0,0,1: PDO,Full,1,,80,Hit Fixed Object,Not Divided,Night,,Not Raining
2017-91-8/11/2018,1,0,0,1,2: MI,Full,1,,60,Hit Parked Vehicle,Divided Road,Night,,Not Raining
2017-92-8/11/2018,0,0,0,0,1: PDO,Full,1,,60,Hit Fixed Object,Divided Road,Night,Y,Not Raining
2017-93-8/11/2018,1,0,0,1,2: MI,Full,2,Y,50,Roll Over,Not Divided,Night,Y,Not Raining
2017-94-8/11/2018,0,0,0,0,1: PDO,Unknown,1,,70,Hit Object on Road,Not Divided,Night,,Not Raining
2017-95-8/11/2018,0,0,0,0,1: PDO,Full,1,,50,Hit Fixed Object,Not Divided,Night,,Not Raining
2017-96-8/11/2018,3,0,2,1,3: SI,Unknown,1,,100,Hit Fixed Object,Not Divided,Daylight,,Not Raining
2017-97-8/11/2018,0,0,0,0,1: PDO,Learners,2,,50,Right Turn,T-Junction,Daylight,,Not Raining
2017-98-8/11/2018,0,0,0,0,1: PDO,,,,60,Hit Fixed Object,Not Divided,Daylight,,Not Raining
2017-99-8/11/2018,1,0,0,1,2: MI,Full,3,,60,Rear End,Cross Road,Daylight,,Not Raining
2017-100-8/11/2018,0,0,0,0,1: PDO,Unknown,1,,80,Rear End,Cross Road,Daylight,,Not Raining
2017-101-8/11/2018,0,0,0,0,1: PDO,Full,1,,50,Hit Fixed Object,Not Divided,Daylight,,Not Raining
2017-102-8/11/2018,0,0,0,0,1: PDO,Full,2,,50,Side Swipe,Not Divided,Daylight,,Not Raining
2017-103-8/11/2018,0,0,0,0,1: PDO,Full,1,,50,Right Angle,Not Divided,Daylight,,Not Raining
2017-104-8/11/2018,0,0,0,0,1: PDO,Unknown,2,,110,Roll Over,Not Divided,Daylight,,Not Raining
2017-105-8/11/2018,0,0,0,0,1: PDO,Unknown,1,,60,Rear End,Divided Road,Daylight,,Not Raining
2017-106-8/11/2018,1,0,0,1,2: MI,Provisional 2,1,,60,Rear End,Divided Road,Daylight,,Not Raining
2017-107-8/11/2018,0,0,0,0,1: PDO,,,,60,Right Angle,Divided Road,Daylight,,Not Raining
2017-108-8/11/2018,0,0,0,0,1: PDO,Full,1,,50,Side Swipe,Divided Road,Daylight,,Not Raining
2017-109-8/11/2018,0,0,0,0,1: PDO,Full,4,,60,Rear End,Cross Road,Daylight,,Not Raining
2017-110-8/11/2018,0,0,0,0,1: PDO,Full,1,,50,Rear End,T-Junction,Daylight,,Not Raining
2017-111-8/11/2018,0,0,0,0,1: PDO,Unknown,1,,50,Side Swipe,Cross Road,Daylight,,Not Raining
2017-112-8/11/2018,0,0,0,0,1: PDO,Unknown,2,,50,Other,Not Divided,Daylight,,Not Raining
2017-113-8/11/2018,4,0,0,4,2: MI,Unknown,1,,90,Right Angle,T-Junction,Daylight,,Not Raining
2017-114-8/11/2018,0,0,0,0,1: PDO,Full,1,,60,Right Angle,T-Junction,Daylight,,Not Raining
2017-115-8/11/2018,0,0,0,0,1: PDO,Full,1,,100,Rear End,T-Junction,Daylight,,Not Raining
2017-116-8/11/2018,0,0,0,0,1: PDO,Full,1,,50,Hit Parked Vehicle,Not Divided,Daylight,,Not Raining
2017-117-8/11/2018,3,0,2,1,3: SI,,,,60,Rear End,Divided Road,Daylight,,Not Raining
2017-118-8/11/2018,0,0,0,0,1: PDO,Full,1,,110,Hit Fixed Object,Not Divided,Daylight,,Not Raining
2017-119-8/11/2018,0,0,0,0,1: PDO,,1,,60,Rear End,T-Junction,Daylight,,Not Raining
2017-120-8/11/2018,0,0,0,0,1: PDO,Unknown,2,,60,Right Turn,T-Junction,Daylight,,Not Raining
2017-121-8/11/2018,0,0,0,0,1: PDO,Full,1,,60,Right Angle,Divided Road,Daylight,,Not Raining
2017-122-8/11/2018,0,0,0,0,1: PDO,Unlicenced,1,,60,Side Swipe,Divided Road,Daylight,,Not Raining
2017-123-8/11/2018,1,0,1,0,3: SI,Full,1,,60,Side Swipe,Divided Road,Daylight,,Not Raining
2017-124-8/11/2018,0,0,0,0,1: PDO,Full,1,,60,Hit Fixed Object,T-Junction,Night,,Not Raining
2017-125-8/11/2018,0,0,0,0,1: PDO,Full,2,,60,Side Swipe,Divided Road,Daylight,,Not Raining
2017-126-8/11/2018,1,0,0,1,2: MI,Full,1,,40,Hit Fixed Object,Not Divided,Daylight,,Not Raining
2017-127-8/11/2018,0,0,0,0,1: PDO,Full,1,,60,Hit Fixed Object,Divided Road,Daylight,,Not Raining
2017-128-8/11/2018,0,0,0,0,1: PDO,Full,1,,60,Right Angle,T-Junction,Daylight,,Not Raining
2017-129-8/11/2018,0,0,0,0,1: PDO,,0,,60,Side Swipe,Divided Road,Daylight,,Not Raining
2017-130-8/11/2018,0,0,0,0,1: PDO,,,,60,Right Angle,Not Divided,Daylight,Y,Not Raining
2017-131-8/11/2018,1,0,0,1,2: MI,,,,60,Hit Parked Vehicle,T-Junction,Night,Y,Not Raining
2017-132-8/11/2018,0,0,0,0,1: PDO,Full,1,,60,Rear End,T-Junction,Daylight,,Not Raining
2017-133-8/11/2018,1,0,1,0,3: SI,Full,1,,110,Rear End,Not Divided,Daylight,,Not Raining
2017-134-8/11/2018,2,0,0,2,2: MI,Provisional 2,2,,50,Right Angle,Cross Road,Daylight,,Not Raining
2017-135-8/11/2018,0,0,0,0,1: PDO,,,,60,Hit Fixed Object,T-Junction,Daylight,,Not Raining
2017-136-8/11/2018,0,0,0,0,1: PDO,Full,1,,50,Rear End,Not Divided,Daylight,,Not Raining
2017-137-8/11/2018,0,0,0,0,1: PDO,Full,1,,100,Side Swipe,Not Divided,Daylight,,Not Raining
2017-138-8/11/2018,0,0,0,0,1: PDO,Full,1,,60,Rear End,Not Divided,Daylight,,Not Raining
2017-139-8/11/2018,0,0,0,0,1: PDO,Full,1,,40,Right Angle,Cross Road,Daylight,,Unknown
2017-140-8/11/2018,1,0,1,0,3: SI,Unknown,1,,100,Head On,Not Divided,Daylight,,Not Raining
2017-141-8/11/2018,0,0,0,0,1: PDO,,,,60,Side Swipe,Not Divided,Daylight,,Not Raining
2017-142-8/11/2018,1,0,0,1,2: MI,Full,1,,50,Hit Parked Vehicle,Not Divided,Night,Y,Not Raining
2017-143-8/11/2018,1,0,0,1,2: MI,Full,1,,60,Side Swipe,Divided Road,Daylight,,Not Raining
2017-144-8/11/2018,0,0,0,0,1: PDO,Full,2,,60,Side Swipe,Divided Road,Daylight,,Not Raining
2017-145-8/11/2018,0,0,0,0,1: PDO,Unknown,1,,50,Hit Parked Vehicle,Divided Road,Daylight,,Not Raining
2017-146-8/11/2018,0,0,0,0,1: PDO,Full,1,,60,Right Angle,Not Divided,Daylight,,Not Raining
2017-147-8/11/2018,1,0,0,1,2: MI,Full,1,,50,Hit Animal,Not Divided,Night,,Not Raining
2017-148-8/11/2018,1,0,0,1,2: MI,Full,1,,60,Hit Pedestrian,Divided Road,Daylight,,Not Raining
2017-149-8/11/2018,0,0,0,0,1: PDO,Full,1,,25,Side Swipe,Cross Road,Daylight,,Not Raining
2017-150-8/11/2018,0,0,0,0,1: PDO,Provisional 1 ,1,,60,Rear End,T-Junction,Daylight,,Not Raining
2017-151-8/11/2018,0,0,0,0,1: PDO,Full,1,,110,Roll Over,Divided Road,Daylight,,Not Raining
2017-152-8/11/2018,1,0,0,1,2: MI,Full,1,,50,Other,T-Junction,Night,Y,Not Raining
2017-153-8/11/2018,0,0,0,0,1: PDO,Unknown,2,,100,Roll Over,Not Divided,Daylight,,Not Raining
2017-154-8/11/2018,2,0,0,2,2: MI,Full,2,,50,Right Angle,T-Junction,Daylight,,Not Raining
2017-155-8/11/2018,0,0,0,0,1: PDO,Full,2,,60,Right Turn,T-Junction,Daylight,,Not Raining
2017-156-8/11/2018,2,0,0,2,2: MI,Full,2,,60,Head On,Not Divided,Daylight,,Not Raining
2017-157-8/11/2018,0,0,0,0,1: PDO,Full,2,,90,Hit Fixed Object,Divided Road,Daylight,,Not Raining
2017-158-8/11/2018,0,0,0,0,1: PDO,Full,4,,60,Right Turn,Cross Road,Daylight,,Not Raining
2017-159-8/11/2018,1,0,0,1,2: MI,Provisional 1 ,2,,60,Rear End,Divided Road,Daylight,,Not Raining
2017-160-8/11/2018,1,0,0,1,2: MI,,,,100,Roll Over,Freeway,Daylight,,Not Raining
2017-161-8/11/2018,0,0,0,0,1: PDO,Full,1,,100,Side Swipe,Not Divided,Daylight,,Not Raining
2017-162-8/11/2018,1,0,0,1,2: MI,Unknown,1,,50,Head On,Not Divided,Night,,Not Raining
2017-163-8/11/2018,0,0,0,0,1: PDO,Full,1,,50,Hit Parked Vehicle,Not Divided,Night,Y,Not Raining
2017-164-8/11/2018,1,0,1,0,3: SI,Full,1,,100,Head On,T-Junction,Daylight,,Not Raining
2017-165-8/11/2018,0,0,0,0,1: PDO,Full,2,,60,Hit Fixed Object,Divided Road,Daylight,,Not Raining
2017-166-8/11/2018,0,0,0,0,1: PDO,Full,6,,60,Rear End,Cross Road,Daylight,,Not Raining
2017-167-8/11/2018,1,0,0,1,2: MI,,1,,60,Hit Parked Vehicle,Not Divided,Daylight,,Not Raining
2017-168-8/11/2018,2,0,0,2,2: MI,Unknown,1,,60,Hit Fixed Object,Not Divided,Daylight,,Not Raining
2017-169-8/11/2018,0,0,0,0,1: PDO,Unknown,2,,60,Side Swipe,Divided Road,Daylight,,Not Raining
2017-170-8/11/2018,0,0,0,0,1: PDO,Full,1,,50,Hit Fixed Object,Not Divided,Daylight,,Not Raining
2017-171-8/11/2018,0,0,0,0,1: PDO,Provisional 2,4,,110,Head On,Not Divided,Daylight,,Not Raining
2017-172-8/11/2018,0,0,0,0,1: PDO,Full,2,,60,Rear End,Multiple,Daylight,,Not Raining
2017-173-8/11/2018,1,0,0,1,2: MI,Full,1,,50,Hit Pedestrian,Cross Road,Daylight,,Not Raining
2017-174-8/11/2018,1,0,1,0,3: SI,Full,3,,50,Head On,Not Divided,Daylight,,Not Raining
2017-175-8/11/2018,0,0,0,0,1: PDO,Full,1,,50,Hit Parked Vehicle,Not Divided,Daylight,,Not Raining
2017-176-8/11/2018,0,0,0,0,1: PDO,,,,60,Rear End,T-Junction,Daylight,,Not Raining
2017-177-8/11/2018,0,0,0,0,1: PDO,Full,2,,60,Right Angle,T-Junction,Daylight,,Not Raining
2017-178-8/11/2018,0,0,0,0,1: PDO,Full,1,,50,Hit Fixed Object,T-Junction,Daylight,,Not Raining
2017-179-8/11/2018,0,0,0,0,1: PDO,Full,1,,60,Right Angle,Cross Road,Daylight,,Not Raining
2017-180-8/11/2018,1,0,0,1,2: MI,Full,1,,80,Hit Fixed Object,Not Divided,Daylight,,Not Raining
2017-181-8/11/2018,2,0,0,2,2: MI,Full,4,,40,Right Angle,Cross Road,Night,,Not Raining
2017-182-8/11/2018,1,0,1,0,3: SI,Full,1,,60,Rear End,Cross Road,Night,,Not Raining
2017-183-8/11/2018,0,0,0,0,1: PDO,Full,1,,50,Hit Parked Vehicle,Not Divided,Night,Y,Not Raining
2017-184-8/11/2018,1,0,0,1,2: MI,Full,1,,60,Hit Fixed Object,Not Divided,Daylight,,Not Raining
2017-185-8/11/2018,0,0,0,0,1: PDO,Full,2,,110,Hit Animal,Not Divided,Night,,Not Raining
2017-186-8/11/2018,1,0,0,1,2: MI,Full,2,,80,Roll Over,Not Divided,Daylight,,Not Raining
2017-187-8/11/2018,0,0,0,0,1: PDO,Full,2,,60,Roll Over,Cross Road,Daylight,,Not Raining
2017-188-8/11/2018,0,0,0,0,1: PDO,Full,1,,80,Side Swipe,Cross Road,Daylight,,Not Raining
2017-189-8/11/2018,0,0,0,0,1: PDO,Full,1,,80,Roll Over,Not Divided,Night,,Not Raining
2017-190-8/11/2018,1,0,0,1,2: MI,,,,90,Hit Animal,Not Divided,Daylight,,Not Raining
2017-191-8/11/2018,1,0,0,1,2: MI,Full,2,,50,Rear End,T-Junction,Daylight,,Not Raining
2017-192-8/11/2018,1,0,0,1,2: MI,,,Y,60,Right Angle,T-Junction,Daylight,,Not Raining
2017-193-8/11/2018,1,0,0,1,2: MI,Full,1,,80,Hit Fixed Object,Not Divided,Daylight,,Not Raining
2017-194-8/11/2018,0,0,0,0,1: PDO,Full,1,,60,Right Angle,T-Junction,Daylight,,Not Raining
2017-195-8/11/2018,0,0,0,0,1: PDO,Unknown,1,,50,Hit Parked Vehicle,Not Divided,Daylight,,Not Raining
2017-196-8/11/2018,0,0,0,0,1: PDO,,,,60,Hit Parked Vehicle,Divided Road,Night,,Not Raining
2017-197-8/11/2018,0,0,0,0,1: PDO,Unlicenced,1,,60,Rear End,T-Junction,Daylight,,Not Raining
2017-198-8/11/2018,0,0,0,0,1: PDO,Full,1,,50,Hit Fixed Object,T-Junction,Daylight,,Not Raining
2017-199-8/11/2018,1,0,0,1,2: MI,,,,50,Rear End,Not Divided,Daylight,,Not Raining
2017-200-8/11/2018,1,0,0,1,2: MI,Unknown,1,,60,Head On,Not Divided,Daylight,,Not Raining
2017-201-8/11/2018,1,0,0,1,2: MI,,,,60,Right Angle,Cross Road,Daylight,,Not Raining
2017-202-8/11/2018,1,0,0,1,2: MI,Provisional 1 ,3,,80,Side Swipe,Not Divided,Daylight,,Not Raining
2017-203-8/11/2018,0,0,0,0,1: PDO,,,,50,Hit Fixed Object,T-Junction,Daylight,,Not Raining
2017-204-8/11/2018,0,0,0,0,1: PDO,Full,1,,60,Rear End,Divided Road,Daylight,,Not Raining
2017-205-8/11/2018,0,0,0,0,1: PDO,Full,1,,110,Left Road - Out of Control,Freeway,Daylight,,Not Raining
2017-206-8/11/2018,0,0,0,0,1: PDO,Full,1,,80,Hit Fixed Object,Not Divided,Daylight,,Not Raining
2017-207-8/11/2018,2,0,0,2,2: MI,,,,110,Roll Over,Divided Road,Daylight,,Not Raining
2017-208-8/11/2018,1,0,0,1,2: MI,Full,1,,50,Right Angle,Not Divided,Daylight,,Not Raining
2017-209-8/11/2018,1,0,0,1,2: MI,Unknown,1,,50,Roll Over,Divided Road,Daylight,,Not Raining
2017-210-8/11/2018,0,0,0,0,1: PDO,Full,1,,100,Hit Object on Road,Not Divided,Daylight,,Not Raining
2017-211-8/11/2018,0,0,0,0,1: PDO,Full,1,,110,Right Angle,T-Junction,Daylight,,Not Raining
2017-212-8/11/2018,0,0,0,0,1: PDO,Provisional 2,1,,60,Rear End,Divided Road,Daylight,,Not Raining
2017-213-8/11/2018,0,0,0,0,1: PDO,Full,1,,50,Hit Parked Vehicle,Not Divided,Daylight,,Not Raining
2017-214-8/11/2018,0,0,0,0,1: PDO,,,,50,Head On,Not Divided,Daylight,,Not Raining
2017-215-8/11/2018,0,0,0,0,1: PDO,Full,1,,50,Hit Fixed Object,Not Divided,Daylight,,Not Raining
2017-216-8/11/2018,0,0,0,0,1: PDO,Full,2,,100,Hit Object on Road,Not Divided,Night,,Not Raining
2017-217-8/11/2018,0,0,0,0,1: PDO,Full,1,,100,Hit Fixed Object,Not Divided,Night,,Not Raining
2017-218-8/11/2018,0,0,0,0,1: PDO,Unknown,1,,100,Head On,Not Divided,Daylight,,Not Raining
2017-219-8/11/2018,0,0,0,0,1: PDO,Full,1,,50,Hit Fixed Object,T-Junction,Daylight,Y,Not Raining
2017-220-8/11/2018,0,0,0,0,1: PDO,,1,,50,Right Angle,Cross Road,Daylight,,Not Raining
2017-221-8/11/2018,1,0,0,1,2: MI,Full,1,,80,Rear End,Cross Road,Daylight,,Not Raining
2017-222-8/11/2018,0,0,0,0,1: PDO,Full,1,,60,Right Angle,T-Junction,Daylight,,Not Raining
2017-223-8/11/2018,0,0,0,0,1: PDO,Unknown,1,,60,Rear End,Not Divided,Daylight,,Not Raining