REPORT_ID,Total Cas,Total Fats,Total SI,Total MI,CSEF Severity,Licence Type,Number Occupants,Drugs Involved,Area Speed,Crash Type,Position Type,DayNight,DUI Involved,Weather Cond
2017-446-8/11/2018,1,0,0,1,2: MI,Full,1,,60,Hit Parked Vehicle,Divided Road,Daylight,,Not Raining
2017-447-8/11/2018,1,0,0,1,2: MI,,,,50,Hit Pedestrian,T-Junction,Daylight,,Raining
2017-448-8/11/2018,0,0,0,0,1: PDO,Unknown,2,,60,Right Angle,Divided Road,Daylight,,Not Raining
2017-449-8/11/2018,0,0,0,0,1: PDO,,,,60,Rear End,Divided Road,Daylight,,Not Raining
2017-450-8/11/2018,0,0,0,0,1: PDO,Unknown,1,,50,Side Swipe,Cross Road,Daylight,,Not Raining
2017-451-8/11/2018,2,0,0,2,2: MI,,,,60,Rear End,T-Junction,Daylight,,Not Raining
2017-452-8/11/2018,0,0,0,0,1: PDO,,,,50,Rear End,Not Divided,Daylight,,Not Raining
2017-453-8/11/2018,1,0,0,1,2: MI,Provisional 2,3,,50,Side Swipe,Cross Road,Daylight,,Not Raining
2017-454-8/11/2018,0,0,0,0,1: PDO,Unknown,1,,60,Rear End,T-Junction,Daylight,,Not Raining
2017-455-8/11/2018,2,0,2,0,3: SI,Probationary,1,Y,80,Head On,Not Divided,Daylight,,Not Raining
2017-456-8/11/2018,1,0,0,1,2: MI,,,,60,Right Angle,Cross Road,Daylight,,Not Raining
2017-457-8/11/2018,1,0,1,0,3: SI,Full,1,,50,Hit Fixed Object,Not Divided,Night,,Not Raining
2017-458-8/11/2018,2,0,0,2,2: MI,Full,1,,80,Rear End,Divided Road,Daylight,,Not Raining
2017-459-8/11/2018,0,0,0,0,1: PDO,Full,1,,60,Right Angle,Not Divided,Daylight,,Not Raining
2017-460-8/11/2018,0,0,0,0,1: PDO,Full,3,,60,Right Angle,Not Divided,Daylight,,Not Raining
2017-461-8/11/2018,2,0,2,0,3: SI,Full,4,,80,Head On,Not Divided,Daylight,,Not Raining
2017-462-8/11/2018,0,0,0,0,1: PDO,Probationary,1,,50,Rear End,Not Divided,Night,,Not Raining
2017-463-8/11/2018,0,0,0,0,1: PDO,Full,2,Y,50,Hit Parked Vehicle,Not Divided,Night,,Not Raining
2017-464-8/11/2018,0,0,0,0,1: PDO,Full,1,,110,Roll Over,Not Divided,Daylight,,Not Raining
2017-465-8/11/2018,0,0,0,0,1: PDO,Provisional 1 ,1,,100,Hit Fixed Object,Not Divided,Night,,Not Raining
2017-466-8/11/2018,2,0,0,2,2: MI,Provisional 2,1,,60,Right Angle,Cross Road,Daylight,,Not Raining
2017-467-8/11/2018,0,0,0,0,1: PDO,Full,1,,60,Right Turn,Cross Road,Daylight,,Not Raining
2017-468-8/11/2018,0,0,0,0,1: PDO,Full,3,,60,Rear End,Divided Road,Daylight,,Not Raining
2017-469-8/11/2018,0,0,0,0,1: PDO,Full,1,,60,Hit Fixed Object,Divided Road,Daylight,,Not Raining
2017-470-8/11/2018,0,0,0,0,1: PDO,Full,6,,100,Hit Fixed Object,Not Divided,Daylight,,Not Raining
2017-471-8/11/2018,0,0,0,0,1: PDO,Provisional 1 ,1,,80,Rear End,Cross Road,Daylight,,Not Raining
2017-472-8/11/2018,1,0,0,1,2: MI,Full,1,,50,Right Angle,Cross Road,Daylight,,Not Raining
2017-473-8/11/2018,0,0,0,0,1: PDO,,,,60,Rear End,Not Divided,Daylight,,Not Raining
2017-474-8/11/2018,0,0,0,0,1: PDO,Provisional 2,1,,60,Right Turn,T-Junction,Daylight,,Not Raining
2017-475-8/11/2018,1,0,0,1,2: MI,Full,1,,80,Roll Over,Not Divided,Daylight,,Not Raining
2017-476-8/11/2018,0,0,0,0,1: PDO,Full,1,,60,Right Turn,T-Junction,Daylight,,Not Raining
2017-477-8/11/2018,1,0,0,1,2: MI,Full,1,,60,Hit Pedestrian,Cross Road,Night,,Not Raining
2017-478-8/11/2018,0,0,0,0,1: PDO,Unknown,1,,60,Head On,Cross Road,Daylight,,Not Raining
2017-479-8/11/2018,0,0,0,0,1: PDO,Full,1,,60,Rear End,Not Divided,Daylight,,Not Raining
2017-480-8/11/2018,0,0,0,0,1: PDO,Full,1,,60,Rear End,T-Junction,Daylight,,Not Raining
2017-481-8/11/2018,0,0,0,0,1: PDO,Full,1,,60,Side Swipe,Cross Road,Daylight,,Not Raining
2017-482-8/11/2018,0,0,0,0,1: PDO,Full,1,,60,Side Swipe,Cross Road,Daylight,,Not Raining
2017-483-8/11/2018,0,0,0,0,1: PDO,Full,1,,60,Rear End,Divided Road,Daylight,,Not Raining
2017-484-8/11/2018,0,0,0,0,1: PDO,Full,5,,60,Hit Parked Vehicle,Divided Road,Daylight,,Not Raining
2017-485-8/11/2018,1,0,0,1,2: MI,Full,1,,60,Rear End,T-Junction,Daylight,,Not Raining
2017-486-8/11/2018,0,0,0,0,1: PDO,,0,,80,Rear End,Divided Road,Night,,Not Raining
2017-487-8/11/2018,1,0,0,1,2: MI,Unknown,3,,60,Right Angle,Not Divided,Daylight,,Not Raining
2017-488-8/11/2018,0,0,0,0,1: PDO,Full,2,,50,Hit Parked Vehicle,Not Divided,Daylight,,Not Raining
2017-489-8/11/2018,1,0,0,1,2: MI,Full,2,,60,Hit Fixed Object,Not Divided,Daylight,,Not Raining
2017-490-8/11/2018,0,0,0,0,1: PDO,Full,1,,110,Hit Animal,Freeway,Night,,Not Raining
2017-491-8/11/2018,0,0,0,0,1: PDO,Unknown,1,,100,Roll Over,Not Divided,Daylight,,Not Raining
2017-492-8/11/2018,0,0,0,0,1: PDO,,0,,50,Hit Parked Vehicle,One Way,Daylight,,Not Raining
2017-493-8/11/2018,0,0,0,0,1: PDO,Full,1,,50,Hit Fixed Object,Cross Road,Daylight,,Not Raining
2017-494-8/11/2018,0,0,0,0,1: PDO,Full,1,,60,Side Swipe,T-Junction,Daylight,,Not Raining
2017-495-8/11/2018,0,0,0,0,1: PDO,Full,1,,60,Hit Fixed Object,T-Junction,Daylight,,Not Raining
2017-496-8/11/2018,0,0,0,0,1: PDO,Full,1,,60,Other,Cross Road,Daylight,,Not Raining
2017-497-8/11/2018,0,0,0,0,1: PDO,Unknown,1,,80,Rear End,Divided Road,Daylight,,Not Raining
2017-498-8/11/2018,1,0,0,1,2: MI,Unknown,1,,110,Left Road - Out of Control,Not Divided,Daylight,,Not Raining
2017-499-8/11/2018,0,0,0,0,1: PDO,Provisional 2,1,,50,Right Turn,Cross Road,Daylight,,Not Raining
2017-500-8/11/2018,1,0,0,1,2: MI,Full,1,,100,Hit Object on Road,Not Divided,Daylight,,Not Raining
2017-501-8/11/2018,1,0,0,1,2: MI,Full,1,,60,Rear End,Not Divided,Daylight,,Not Raining
2017-502-8/11/2018,0,0,0,0,1: PDO,Full,1,,60,Rear End,Cross Road,Daylight,,Not Raining
2017-503-8/11/2018,0,0,0,0,1: PDO,Full,1,,50,Right Angle,T-Junction,Daylight,,Not Raining
2017-504-8/11/2018,2,0,0,2,2: MI,Full,1,,80,Right Turn,Cross Road,Daylight,,Not Raining
2017-505-8/11/2018,0,0,0,0,1: PDO,,1,,60,Hit Fixed Object,Not Divided,Daylight,,Not Raining
2017-506-8/11/2018,0,0,0,0,1: PDO,Full,1,,60,Rear End,T-Junction,Daylight,,Not Raining
2017-507-8/11/2018,0,0,0,0,1: PDO,,,,60,Side Swipe,Divided Road,Daylight,,Not Raining
2017-508-8/11/2018,0,0,0,0,1: PDO,Full,2,,50,Side Swipe,Not Divided,Daylight,,Not Raining
2017-509-8/11/2018,1,0,0,1,2: MI,Full,1,,80,Roll Over,Not Divided,Daylight,,Not Raining
2017-510-8/11/2018,0,0,0,0,1: PDO,Unknown,1,,60,Roll Over,T-Junction,Daylight,,Not Raining
2017-511-8/11/2018,0,0,0,0,1: PDO,Full,2,,60,Rear End,T-Junction,Daylight,,Not Raining
2017-512-8/11/2018,0,0,0,0,1: PDO,Full,2,,110,Rear End,T-Junction,Daylight,,Not Raining
2017-513-8/11/2018,0,0,0,0,1: PDO,Full,2,,50,Right Angle,Cross Road,Daylight,,Not Raining
2017-514-8/11/2018,0,0,0,0,1: PDO,Full,2,,60,Left Road - Out of Control,Not Divided,Daylight,Y,Not Raining
2017-515-8/11/2018,0,0,0,0,1: PDO,Full,1,,50,Head On,Not Divided,Daylight,,Not Raining
2017-516-8/11/2018,0,0,0,0,1: PDO,Full,1,,25,Right Turn,Cross Road,Daylight,,Not Raining
2017-517-8/11/2018,0,0,0,0,1: PDO,Full,1,,80,Rear End,Divided Road,Daylight,,Not Raining
2017-518-8/11/2018,0,0,0,0,1: PDO,Full,1,,50,Side Swipe,Not Divided,Daylight,,Not Raining
2017-519-8/11/2018,1,0,0,1,2: MI,Full,1,,60,Side Swipe,Divided Road,Daylight,,Not Raining
2017-520-8/11/2018,1,0,0,1,2: MI,Full,1,,60,Side Swipe,T-Junction,Daylight,,Not Raining
2017-521-8/11/2018,0,0,0,0,1: PDO,Full,2,,60,Right Angle,T-Junction,Daylight,,Not Raining
2017-522-8/11/2018,0,0,0,0,1: PDO,Provisional 1 ,2,,60,Rear End,Cross Road,Daylight,,Not Raining
2017-523-8/11/2018,0,0,0,0,1: PDO,Full,1,,60,Rear End,Not Divided,Daylight,,Not Raining
2017-524-8/11/2018,0,0,0,0,1: PDO,Full,2,,60,Rear End,Divided Road,Daylight,,Not Raining
2017-525-8/11/2018,1,0,0,1,2: MI,Full,2,,70,Rear End,Divided Road,Daylight,,Not Raining
2017-526-8/11/2018,0,0,0,0,1: PDO,Full,1,,80,Rear End,T-Junction,Daylight,,Not Raining
2017-527-8/11/2018,0,0,0,0,1: PDO,Full,2,,60,Right Angle,T-Junction,Daylight,,Not Raining
2017-528-8/11/2018,0,0,0,0,1: PDO,,,,60,Rear End,Divided Road,Daylight,,Not Raining
2017-529-8/11/2018,0,0,0,0,1: PDO,Probationary,2,,60,Hit Fixed Object,Not Divided,Daylight,,Not Raining
2017-530-8/11/2018,1,0,0,1,2: MI,,,,110,Hit Fixed Object,Divided Road,Daylight,,Not Raining
2017-531-8/11/2018,0,0,0,0,1: PDO,Full,1,,60,Hit Fixed Object,Not Divided,Night,,Not Raining
2017-532-8/11/2018,0,0,0,0,1: PDO,Unknown,1,,100,Hit Fixed Object,Not Divided,Night,,Not Raining
2017-533-8/11/2018,0,0,0,0,1: PDO,Full,1,,110,Roll Over,T-Junction,Daylight,,Not Raining
2017-534-8/11/2018,0,0,0,0,1: PDO,,1,,60,Hit Fixed Object,Divided Road,Daylight,,Not Raining
2017-535-8/11/2018,0,0,0,0,1: PDO,Full,1,,50,Right Angle,Cross Road,Daylight,,Not Raining
2017-536-8/11/2018,0,0,0,0,1: PDO,,,,60,Side Swipe,Divided Road,Daylight,,Not Raining
2017-537-8/11/2018,0,0,0,0,1: PDO,Full,1,,110,Hit Object on Road,Not Divided,Night,,Not Raining
2017-538-8/11/2018,1,0,0,1,2: MI,Full,1,,50,Right Angle,Cross Road,Daylight,,Not Raining
2017-539-8/11/2018,0,0,0,0,1: PDO,Learners,2,,70,Rear End,Cross Road,Daylight,,Not Raining
2017-540-8/11/2018,1,0,0,1,2: MI,Full,2,,60,Side Swipe,Divided Road,Daylight,,Not Raining
2017-541-8/11/2018,0,0,0,0,1: PDO,Provisional 1 ,1,,80,Head On,Multiple,Daylight,,Not Raining
2017-542-8/11/2018,1,0,0,1,2: MI,Full,1,,50,Right Turn,T-Junction,Daylight,,Not Raining
2017-543-8/11/2018,1,0,0,1,2: MI,Full,1,,60,Right Angle,Divided Road,Daylight,,Not Raining
2017-544-8/11/2018,0,0,0,0,1: PDO,Unknown,2,,110,Other,Not Divided,Daylight,,Not Raining
2017-545-8/11/2018,0,0,0,0,1: PDO,Full,1,,50,Hit Parked Vehicle,Not Divided,Daylight,,Not Raining
2017-546-8/11/2018,1,0,1,0,3: SI,Full,1,,40,Right Angle,Cross Road,Daylight,,Not Raining
2017-547-8/11/2018,0,0,0,0,1: PDO,Full,1,,100,Hit Fixed Object,Not Divided,Daylight,Y,Not Raining
2017-548-8/11/2018,2,0,0,2,2: MI,Full,1,,110,Roll Over,Not Divided,Daylight,,Not Raining
2017-549-8/11/2018,0,0,0,0,1: PDO,Full,3,,50,Hit Parked Vehicle,Not Divided,Daylight,,Not Raining
2017-550-8/11/2018,1,0,1,0,3: SI,Full,1,,100,Rear End,Not Divided,Daylight,,Not Raining
2017-551-8/11/2018,0,0,0,0,1: PDO,Full,1,,25,Rear End,Not Divided,Daylight,,Not Raining
2017-552-8/11/2018,0,0,0,0,1: PDO,Full,1,,80,Rear End,Divided Road,Daylight,,Not Raining
2017-553-8/11/2018,0,0,0,0,1: PDO,Full,1,,110,Hit Animal,Not Divided,Daylight,,Not Raining
2017-554-8/11/2018,1,0,0,1,2: MI,,1,,60,Rear End,Divided Road,Daylight,,Not Raining
2017-555-8/11/2018,1,0,0,1,2: MI,Full,1,,80,Left Road - Out of Control,Not Divided,Daylight,,Not Raining
2017-556-8/11/2018,2,0,0,2,2: MI,Full,1,,50,Right Angle,Cross Road,Daylight,,Not Raining
2017-557-8/11/2018,0,0,0,0,1: PDO,,0,,50,Hit Fixed Object,Not Divided,Daylight,,Not Raining
2017-558-8/11/2018,0,0,0,0,1: PDO,Full,1,,50,Head On,Not Divided,Daylight,,Not Raining
2017-559-8/11/2018,0,0,0,0,1: PDO,Unknown,1,,50,Hit Fixed Object,Cross Road,Daylight,,Not Raining
2017-560-8/11/2018,0,0,0,0,1: PDO,Probationary,1,,60,Side Swipe,Not Divided,Daylight,,Not Raining
2017-561-8/11/2018,0,0,0,0,1: PDO,,,,100,Head On,Not Divided,Daylight,,Not Raining
2017-562-8/11/2018,2,0,1,1,3: SI,Full,1,,60,Side Swipe,Divided Road,Daylight,,Not Raining
2017-563-8/11/2018,0,0,0,0,1: PDO,,1,,60,Rear End,Not Divided,Daylight,,Not Raining
2017-564-8/11/2018,1,0,0,1,2: MI,Full,1,,50,Side Swipe,Not Divided,Daylight,,Not Raining
2017-565-8/11/2018,0,0,0,0,1: PDO,,1,,100,Hit Fixed Object,Not Divided,Night,,Not Raining
2017-566-8/11/2018,1,0,1,0,3: SI,Unknown,1,,100,Hit Object on Road,Not Divided,Night,,Not Raining
2017-567-8/11/2018,0,0,0,0,1: PDO,Unknown,1,,110,Rear End,Freeway,Daylight,,Not Raining
2017-568-8/11/2018,0,0,0,0,1: PDO,Unknown,1,,60,Rear End,Not Divided,Daylight,,Not Raining
2017-569-8/11/2018,1,0,0,1,2: MI,Full,1,,60,Right Angle,T-Junction,Night,,Not Raining
2017-570-8/11/2018,0,0,0,0,1: PDO,,1,,60,Rear End,Divided Road,Night,,Raining
2017-571-8/11/2018,0,0,0,0,1: PDO,Full,1,,60,Hit Fixed Object,Divided Road,Daylight,,Not Raining
2017-572-8/11/2018,1,0,0,1,2: MI,Full,1,,60,Rear End,Not Divided,Night,,Raining
2017-573-8/11/2018,0,0,0,0,1: PDO,Full,1,,60,Right Angle,Cross Road,Night,,Raining
2017-574-8/11/2018,1,0,0,1,2: MI,Full,5,,50,Hit Parked Vehicle,Not Divided,Daylight,,Not Raining
2017-575-8/11/2018,0,0,0,0,1: PDO,Full,1,,60,Right Angle,Cross Road,Night,,Raining
2017-576-8/11/2018,0,0,0,0,1: PDO,Unlicenced,1,,60,Right Turn,T-Junction,Night,,Unknown
2017-577-8/11/2018,1,0,0,1,2: MI,Full,1,,60,Side Swipe,Divided Road,Daylight,,Not Raining
2017-578-8/11/2018,0,0,0,0,1: PDO,Unknown,5,,100,Hit Animal,Not Divided,Daylight,,Not Raining
2017-579-8/11/2018,0,0,0,0,1: PDO,Full,1,,100,Hit Object on Road,T-Junction,Night,,Unknown
2017-580-8/11/2018,0,0,0,0,1: PDO,,,,60,Side Swipe,Divided Road,Daylight,,Not Raining
2017-581-8/11/2018,1,0,0,1,2: MI,Full,1,,60,Side Swipe,Cross Road,Daylight,,Not Raining
2017-582-8/11/2018,0,0,0,0,1: PDO,Provisional 1 ,2,,80,Rear End,T-Junction,Daylight,,Not Raining
2017-583-8/11/2018,0,0,0,0,1: PDO,Provisional 1 ,1,,50,Right Angle,T-Junction,Daylight,,Not Raining
2017-584-8/11/2018,0,0,0,0,1: PDO,Full,1,,50,Right Angle,Not Divided,Daylight,,Not Raining
2017-585-8/11/2018,0,0,0,0,1: PDO,Full,2,,110,Left Road - Out of Control,T-Junction,Daylight,,Unknown
2017-586-8/11/2018,0,0,0,0,1: PDO,Full,1,,60,Rear End,Divided Road,Daylight,,Not Raining
2017-587-8/11/2018,1,0,0,1,2: MI,Full,1,,80,Rear End,Not Divided,Daylight,,Not Raining
2017-588-8/11/2018,0,0,0,0,1: PDO,Full,1,,60,Right Angle,T-Junction,Daylight,,Not Raining
2017-589-8/11/2018,0,0,0,0,1: PDO,Unknown,1,,60,Right Angle,Cross Road,Night,,Unknown
2017-590-8/11/2018,0,0,0,0,1: PDO,Full,1,,110,Head On,Not Divided,Daylight,,Not Raining
2017-591-8/11/2018,0,0,0,0,1: PDO,,,,60,Rear End,Divided Road,Daylight,,Not Raining
2017-592-8/11/2018,1,0,0,1,2: MI,Full,1,,60,Right Angle,Cross Road,Night,,Raining
2017-593-8/11/2018,0,0,0,0,1: PDO,Full,2,,60,Rear End,Divided Road,Night,,Raining
2017-594-8/11/2018,1,0,0,1,2: MI,Full,1,,60,Rear End,T-Junction,Daylight,,Not Raining
2017-595-8/11/2018,0,0,0,0,1: PDO,,,,60,Other,Divided Road,Night,,Raining
2017-596-8/11/2018,0,0,0,0,1: PDO,Full,1,,60,Rear End,Divided Road,Daylight,,Not Raining
2017-597-8/11/2018,0,0,0,0,1: PDO,Full,1,,50,Right Turn,Multiple,Daylight,,Not Raining
2017-598-8/11/2018,3,0,0,3,2: MI,Full,1,,90,Head On,Not Divided,Night,,Raining
2017-599-8/11/2018,0,0,0,0,1: PDO,Full,26,,60,Rear End,Not Divided,Daylight,,Not Raining
2017-600-8/11/2018,2,0,0,2,2: MI,Full,1,,60,Hit Fixed Object,Divided Road,Night,Y,Raining
2017-601-8/11/2018,1,0,0,1,2: MI,Unknown,1,,60,Hit Fixed Object,Pedestrian Crossing,Night,,Raining
2017-602-8/11/2018,0,0,0,0,1: PDO,Full,1,,50,Hit Parked Vehicle,Not Divided,Daylight,,Not Raining
2017-603-8/11/2018,0,0,0,0,1: PDO,Full,1,,60,Right Angle,T-Junction,Daylight,,Unknown
2017-604-8/11/2018,1,0,0,1,2: MI,Provisional 2,1,,60,Rear End,Cross Road,Daylight,,Not Raining
2017-605-8/11/2018,1,0,0,1,2: MI,Unknown,2,,60,Hit Object on Road,Divided Road,Night,,Raining
2017-606-8/11/2018,0,0,0,0,1: PDO,Full,1,,60,Side Swipe,Divided Road,Daylight,,Not Raining
2017-607-8/11/2018,0,0,0,0,1: PDO,Full,1,,60,Rear End,Not Divided,Daylight,,Not Raining
2017-608-8/11/2018,1,0,0,1,2: MI,Full,1,,60,Side Swipe,Divided Road,Daylight,,Not Raining
2017-609-8/11/2018,0,0,0,0,1: PDO,Full,1,,60,Side Swipe,T-Junction,Daylight,,Not Raining
2017-610-8/11/2018,0,0,0,0,1: PDO,Full,1,,60,Side Swipe,Not Divided,Daylight,,Not Raining
2017-611-8/11/2018,1,0,0,1,2: MI,Full,2,,60,Rear End,Not Divided,Daylight,,Not Raining
2017-612-8/11/2018,0,0,0,0,1: PDO,Full,15,,60,Right Angle,T-Junction,Daylight,,Not Raining
2017-613-8/11/2018,1,0,0,1,2: MI,Full,2,,60,Rear End,Divided Road,Daylight,,Not Raining
2017-614-8/11/2018,0,0,0,0,1: PDO,Full,1,,60,Right Angle,T-Junction,Daylight,,Not Raining
2017-615-8/11/2018,0,0,0,0,1: PDO,,1,,60,Hit Parked Vehicle,Divided Road,Daylight,,Not Raining
2017-616-8/11/2018,1,0,0,1,2: MI,Provisional 1 ,2,,60,Side Swipe,Divided Road,Daylight,,Not Raining
2017-617-8/11/2018,1,0,0,1,2: MI,,,,60,Rear End,Cross Road,Daylight,,Not Raining
2017-618-8/11/2018,1,0,0,1,2: MI,Full,1,,60,Right Angle,T-Junction,Night,,Not Raining
2017-619-8/11/2018,0,0,0,0,1: PDO,Unknown,1,,60,Right Angle,Cross Road,Night,,Not Raining
2017-620-8/11/2018,1,0,0,1,2: MI,Full,1,,60,Right Turn,T-Junction,Night,,Not Raining
2017-621-8/11/2018,1,0,0,1,2: MI,Full,1,,60,Roll Over,Not Divided,Night,Y,Not Raining
2017-622-8/11/2018,4,0,2,2,3: SI,Full,1,,60,Rear End,Divided Road,Night,,Not Raining
2017-623-8/11/2018,0,0,0,0,1: PDO,Provisional 1 ,1,,60,Right Turn,Cross Road,Daylight,,Not Raining
2017-624-8/11/2018,1,0,0,1,2: MI,Full,1,,50,Side Swipe,Divided Road,Daylight,,Not Raining
2017-625-8/11/2018,0,0,0,0,1: PDO,Full,1,,90,Hit Fixed Object,Divided Road,Daylight,,Not Raining
2017-626-8/11/2018,0,0,0,0,1: PDO,Full,1,,60,Right Angle,Cross Road,Daylight,,Not Raining
2017-627-8/11/2018,1,0,0,1,2: MI,Unlicenced,4,,60,Rear End,Divided Road,Daylight,,Not Raining
2017-628-8/11/2018,1,0,0,1,2: MI,,,,60,Rear End,Divided Road,Daylight,,Not Raining
2017-629-8/11/2018,0,0,0,0,1: PDO,,,,60,Rear End,Divided Road,Daylight,,Not Raining
2017-630-8/11/2018,1,0,0,1,2: MI,Full,1,,80,Head On,Not Divided,Daylight,,Not Raining
2017-631-8/11/2018,0,0,0,0,1: PDO,,,,60,Rear End,Cross Road,Daylight,,Not Raining
2017-632-8/11/2018,1,0,0,1,2: MI,Unknown,1,,60,Rear End,Divided Road,Daylight,,Not Raining
2017-633-8/11/2018,0,0,0,0,1: PDO,,,,60,Rear End,Divided Road,Daylight,,Not Raining
2017-634-8/11/2018,1,0,0,1,2: MI,Provisional 2,1,,50,Hit Fixed Object,Not Divided,Daylight,,Not Raining
2017-635-8/11/2018,0,0,0,0,1: PDO,,0,,60,Side Swipe,Divided Road,Daylight,,Not Raining
2017-636-8/11/2018,0,0,0,0,1: PDO,Full,1,,60,Right Turn,T-Junction,Daylight,,Not Raining
2017-637-8/11/2018,0,0,0,0,1: PDO,Full,1,,50,Right Turn,Not Divided,Daylight,,Not Raining
2017-638-8/11/2018,0,0,0,0,1: PDO,Full,3,,60,Side Swipe,T-Junction,Daylight,,Not Raining
2017-639-8/11/2018,1,0,0,1,2: MI,,,,60,Hit Pedestrian,T-Junction,Daylight,,Not Raining
2017-640-8/11/2018,1,0,0,1,2: MI,Probationary,2,,50,Side Swipe,Not Divided,Daylight,,Not Raining
2017-641-8/11/2018,0,0,0,0,1: PDO,Full,1,Y,50,Hit Parked Vehicle,Not Divided,Daylight,Y,Not Raining
2017-642-8/11/2018,0,0,0,0,1: PDO,Full,1,Y,60,Right Angle,Not Divided,Night,,Not Raining
2017-643-8/11/2018,1,0,0,1,2: MI,,1,,100,Left Road - Out of Control,Not Divided,Daylight,,Not Raining
2017-644-8/11/2018,1,0,0,1,2: MI,Full,1,,60,Right Angle,Cross Road,Daylight,,Not Raining
2017-645-8/11/2018,0,0,0,0,1: PDO,Full,1,,60,Hit Fixed Object,Not Divided,Night,,Not Raining
2017-646-8/11/2018,1,0,0,1,2: MI,Learners,1,,60,Rear End,Cross Road,Daylight,,Not Raining
2017-647-8/11/2018,0,0,0,0,1: PDO,Full,8,,50,Hit Fixed Object,Not Divided,Daylight,,Not Raining
2017-648-8/11/2018,2,0,1,1,3: SI,Full,1,,60,Roll Over,Divided Road,Daylight,,Not Raining
2017-649-8/11/2018,0,0,0,0,1: PDO,Probationary,1,,70,Roll Over,Divided Road,Daylight,,Not Raining
2017-650-8/11/2018,1,0,1,0,3: SI,,,,100,Rear End,Not Divided,Daylight,,Not Raining
2017-651-8/11/2018,1,0,0,1,2: MI,Full,2,,60,Right Turn,Cross Road,Daylight,,Not Raining
2017-652-8/11/2018,2,0,0,2,2: MI,Unknown,1,,60,Right Angle,Cross Road,Daylight,,Not Raining
2017-653-8/11/2018,1,0,0,1,2: MI,Full,1,,60,Hit Pedestrian,Cross Road,Daylight,,Not Raining
2017-654-8/11/2018,1,0,0,1,2: MI,Full,1,Y,50,Hit Fixed Object,T-Junction,Daylight,Y,Not Raining
2017-655-8/11/2018,1,0,1,0,3: SI,,,,60,Side Swipe,Divided Road,Daylight,Y,Not Raining
2017-656-8/11/2018,5,0,0,5,2: MI,Learners,1,,110,Right Angle,T-Junction,Daylight,,Not Raining
2017-657-8/11/2018,0,0,0,0,1: PDO,,,,50,Hit Fixed Object,Not Divided,Night,,Not Raining
2017-658-8/11/2018,0,0,0,0,1: PDO,Unlicenced,1,,60,Side Swipe,Divided Road,Night,,Not Raining
2017-659-8/11/2018,0,0,0,0,1: PDO,Full,1,,60,Hit Parked Vehicle,Divided Road,Night,,Not Raining
2017-660-8/11/2018,2,0,2,0,3: SI,Full,1,Y,80,Roll Over,Not Divided,Night,Y,Not Raining
2017-661-8/11/2018,0,0,0,0,1: PDO,Full,2,,80,Right Angle,Cross Road,Daylight,,Not Raining
2017-662-8/11/2018,1,0,0,1,2: MI,Full,1,,80,Hit Fixed Object,Not Divided,Daylight,,Not Raining
2017-663-8/11/2018,0,0,0,0,1: PDO,,,,50,Hit Fixed Object,Not Divided,Daylight,,Not Raining
2017-664-8/11/2018,0,0,0,0,1: PDO,Full,3,,60,Rear End,T-Junction,Daylight,,Not Raining
2017-665-8/11/2018,0,0,0,0,1: PDO,Full,1,,50,Hit Parked Vehicle,Not Divided,Daylight,,Not Raining
2017-666-8/11/2018,1,0,0,1,2: MI,Full,1,,100,Hit Fixed Object,Not Divided,Daylight,,Not Raining
2017-667-8/11/2018,0,0,0,0,1: PDO,Full,1,,60,Right Angle,Cross Road,Night,,Raining