REPORT_ID,Total Cas,Total Fats,Total SI,Total MI,CSEF Severity,Licence Type,Number Occupants,Drugs Involved,Area Speed,Crash Type,Position Type,DayNight,DUI Involved,Weather Cond
2017-668-8/11/2018,0,0,0,0,1: PDO,Unknown,2,,110,Rear End,Freeway,Daylight,,Not Raining
2017-669-8/11/2018,0,0,0,0,1: PDO,,,,60,Roll Over,Divided Road,Daylight,,Not Raining
2017-670-8/11/2018,1,0,0,1,2: MI,Full,1,,60,Right Angle,Cross Road,Night,,Not Raining
2017-671-8/11/2018,1,0,0,1,2: MI,,,,80,Right Angle,Not Divided,Daylight,,Not Raining
2017-672-8/11/2018,0,0,0,0,1: PDO,,0,,60,Hit Fixed Object,T-Junction,Daylight,,Not Raining
2017-673-8/11/2018,0,0,0,0,1: PDO,Full,1,,50,Rear End,Divided Road,Daylight,,Not Raining
2017-674-8/11/2018,0,0,0,0,1: PDO,Full,2,,60,Hit Object on Road,Divided Road,Daylight,,Not Raining
2017-675-8/11/2018,0,0,0,0,1: PDO,Full,1,,60,Right Angle,T-Junction,Daylight,,Not Raining
2017-676-8/11/2018,0,0,0,0,1: PDO,Full,2,,100,Hit Fixed Object,Not Divided,Daylight,,Not Raining
2017-677-8/11/2018,0,0,0,0,1: PDO,Full,1,,60,Hit Parked Vehicle,Not Divided,Daylight,,Not Raining
2017-678-8/11/2018,0,0,0,0,1: PDO,Full,1,,60,Side Swipe,Divided Road,Daylight,,Not Raining
2017-679-8/11/2018,1,0,0,1,2: MI,Full,1,,100,Hit Fixed Object,Not Divided,Daylight,,Not Raining
2017-680-8/11/2018,0,0,0,0,1: PDO,Unlicenced,1,,80,Side Swipe,Freeway,Daylight,,Not Raining
2017-681-8/11/2018,0,0,0,0,1: PDO,Full,1,,60,Rear End,Cross Road,Daylight,,Not Raining
2017-682-8/11/2018,1,0,0,1,2: MI,Full,2,,60,Rear End,Divided Road,Daylight,,Not Raining
2017-683-8/11/2018,1,0,0,1,2: MI,,,,60,Side Swipe,Cross Road,Daylight,,Not Raining
2017-684-8/11/2018,2,0,0,2,2: MI,Full,1,,50,Right Angle,Cross Road,Night,,Not Raining
2017-685-8/11/2018,0,0,0,0,1: PDO,Unknown,1,,40,Right Turn,Not Divided,Daylight,,Not Raining
2017-686-8/11/2018,0,0,0,0,1: PDO,Full,1,,60,Side Swipe,Cross Road,Daylight,,Not Raining
2017-687-8/11/2018,1,0,0,1,2: MI,,,,50,Right Angle,Not Divided,Daylight,,Not Raining
2017-688-8/11/2018,0,0,0,0,1: PDO,Unlicenced,1,,60,Hit Fixed Object,Divided Road,Daylight,,Not Raining
2017-689-8/11/2018,0,0,0,0,1: PDO,,,,100,Hit Fixed Object,Not Divided,Night,,Not Raining
2017-690-8/11/2018,1,0,0,1,2: MI,Full,1,,100,Hit Fixed Object,T-Junction,Daylight,,Not Raining
2017-691-8/11/2018,0,0,0,0,1: PDO,Full,1,,60,Right Turn,Cross Road,Daylight,,Not Raining
2017-692-8/11/2018,0,0,0,0,1: PDO,Unknown,1,,60,Right Angle,T-Junction,Daylight,,Not Raining
2017-693-8/11/2018,0,0,0,0,1: PDO,Full,2,,60,Right Angle,T-Junction,Daylight,,Raining
2017-694-8/11/2018,1,0,0,1,2: MI,Full,1,,50,Side Swipe,Not Divided,Daylight,,Not Raining
2017-695-8/11/2018,1,0,0,1,2: MI,Full,1,,50,Side Swipe,Not Divided,Daylight,,Not Raining
2017-696-8/11/2018,0,0,0,0,1: PDO,Full,1,,60,Right Angle,T-Junction,Daylight,,Not Raining
2017-697-8/11/2018,1,0,0,1,2: MI,Full,1,,60,Rear End,Cross Road,Daylight,,Raining
2017-698-8/11/2018,1,0,0,1,2: MI,Full,1,,50,Right Angle,Divided Road,Daylight,,Raining
2017-699-8/11/2018,0,0,0,0,1: PDO,Full,1,,50,Hit Fixed Object,T-Junction,Daylight,,Not Raining
2017-700-8/11/2018,1,0,0,1,2: MI,Full,1,,100,Side Swipe,Freeway,Daylight,,Not Raining
2017-701-8/11/2018,0,0,0,0,1: PDO,Unknown,2,,110,Hit Fixed Object,Not Divided,Daylight,,Not Raining
2017-702-8/11/2018,0,0,0,0,1: PDO,Full,1,,60,Right Angle,T-Junction,Daylight,,Not Raining
2017-703-8/11/2018,0,0,0,0,1: PDO,,0,,90,Hit Fixed Object,Not Divided,Daylight,,Raining
2017-704-8/11/2018,1,0,0,1,2: MI,Unknown,1,,50,Right Angle,Cross Road,Daylight,,Raining
2017-705-8/11/2018,0,0,0,0,1: PDO,Unknown,1,,60,Right Angle,T-Junction,Daylight,,Raining
2017-706-8/11/2018,0,0,0,0,1: PDO,,,,60,Rear End,Divided Road,Daylight,,Raining
2017-707-8/11/2018,0,0,0,0,1: PDO,,,,60,Hit Fixed Object,T-Junction,Daylight,,Raining
2017-708-8/11/2018,1,0,0,1,2: MI,Unknown,2,,60,Rear End,Divided Road,Daylight,,Not Raining
2017-709-8/11/2018,1,0,0,1,2: MI,Unknown,1,,80,Roll Over,Not Divided,Daylight,Y,Not Raining
2017-710-8/11/2018,1,0,0,1,2: MI,Unlicenced,1,,60,Rear End,Divided Road,Daylight,,Not Raining
2017-711-8/11/2018,2,0,0,2,2: MI,Full,1,,50,Hit Fixed Object,Not Divided,Daylight,,Raining
2017-712-8/11/2018,0,0,0,0,1: PDO,Full,1,,60,Rear End,Divided Road,Daylight,,Raining
2017-713-8/11/2018,2,0,0,2,2: MI,,,,100,Side Swipe,Not Divided,Daylight,,Raining
2017-714-8/11/2018,0,0,0,0,1: PDO,Full,1,,60,Hit Fixed Object,T-Junction,Night,,Raining
2017-715-8/11/2018,0,0,0,0,1: PDO,Full,1,,50,Hit Fixed Object,Divided Road,Daylight,,Not Raining
2017-716-8/11/2018,1,0,0,1,2: MI,Unknown,4,,80,Head On,Not Divided,Daylight,,Raining
2017-717-8/11/2018,1,0,0,1,2: MI,,,,60,Right Angle,Cross Road,Daylight,,Not Raining
2017-718-8/11/2018,3,0,0,3,2: MI,Full,1,,80,Right Angle,Cross Road,Daylight,,Raining
2017-719-8/11/2018,1,0,0,1,2: MI,,,,60,Rear End,T-Junction,Daylight,,Not Raining
2017-720-8/11/2018,0,0,0,0,1: PDO,Full,1,,50,Hit Parked Vehicle,Not Divided,Daylight,,Not Raining
2017-721-8/11/2018,0,0,0,0,1: PDO,,,,50,Right Angle,Not Divided,Daylight,,Not Raining
2017-722-8/11/2018,0,0,0,0,1: PDO,Full,1,,60,Right Angle,Cross Road,Daylight,,Not Raining
2017-723-8/11/2018,1,0,0,1,2: MI,Full,1,,60,Rear End,Divided Road,Daylight,,Not Raining
2017-724-8/11/2018,0,0,0,0,1: PDO,Full,1,,60,Side Swipe,Cross Road,Daylight,,Not Raining
2017-725-8/11/2018,1,0,0,1,2: MI,Full,2,,80,Roll Over,Not Divided,Daylight,,Not Raining
2017-726-8/11/2018,2,0,1,1,3: SI,Full,1,Y,60,Right Angle,Cross Road,Daylight,,Not Raining
2017-727-8/11/2018,0,0,0,0,1: PDO,Full,1,,60,Rear End,T-Junction,Daylight,,Not Raining
2017-728-8/11/2018,1,0,1,0,3: SI,Provisional 2,1,Y,110,Hit Fixed Object,Not Divided,Daylight,,Not Raining
2017-729-8/11/2018,1,0,0,1,2: MI,Full,3,,100,Hit Fixed Object,Not Divided,Daylight,,Not Raining
2017-730-8/11/2018,0,0,0,0,1: PDO,Unknown,2,,60,Side Swipe,Divided Road,Daylight,,Not Raining
2017-731-8/11/2018,0,0,0,0,1: PDO,,,,50,Right Turn,Cross Road,Daylight,,Not Raining
2017-732-8/11/2018,0,0,0,0,1: PDO,Unknown,1,,50,Right Angle,Cross Road,Daylight,,Not Raining
2017-733-8/11/2018,1,0,0,1,2: MI,,,,60,Right Angle,Cross Road,Daylight,,Not Raining
2017-734-8/11/2018,1,0,0,1,2: MI,,,,60,Hit Pedestrian,Cross Road,Daylight,,Not Raining
2017-735-8/11/2018,2,0,0,2,2: MI,Full,1,,90,Rear End,Freeway,Daylight,,Not Raining
2017-736-8/11/2018,1,0,0,1,2: MI,Full,4,,60,Rear End,Cross Road,Daylight,,Not Raining
2017-737-8/11/2018,0,0,0,0,1: PDO,Full,1,,60,Side Swipe,T-Junction,Daylight,,Not Raining
2017-738-8/11/2018,1,0,0,1,2: MI,,,,60,Rear End,Not Divided,Daylight,,Not Raining
2017-739-8/11/2018,0,0,0,0,1: PDO,Full,1,,60,Head On,Not Divided,Daylight,,Raining
2017-740-8/11/2018,1,0,0,1,2: MI,Unknown,1,,90,Rear End,T-Junction,Daylight,,Not Raining
2017-741-8/11/2018,0,0,0,0,1: PDO,Full,1,,60,Right Angle,Divided Road,Daylight,,Not Raining
2017-742-8/11/2018,0,0,0,0,1: PDO,Full,1,,60,Rear End,Divided Road,Daylight,,Not Raining
2017-743-8/11/2018,1,0,0,1,2: MI,Full,1,,60,Rear End,Divided Road,Daylight,,Not Raining
2017-744-8/11/2018,0,0,0,0,1: PDO,Unknown,1,,70,Right Angle,Cross Road,Daylight,,Not Raining
2017-745-8/11/2018,1,0,0,1,2: MI,Unknown,2,,50,Hit Fixed Object,Not Divided,Daylight,Y,Not Raining
2017-746-8/11/2018,1,0,0,1,2: MI,,0,,100,Hit Fixed Object,Not Divided,Daylight,,Not Raining
2017-747-8/11/2018,1,0,0,1,2: MI,Full,1,,50,Right Angle,Cross Road,Night,,Not Raining
2017-748-8/11/2018,0,0,0,0,1: PDO,Unknown,1,,50,Hit Parked Vehicle,Not Divided,Night,Y,Not Raining
2017-749-8/11/2018,0,0,0,0,1: PDO,Full,2,,60,Hit Fixed Object,T-Junction,Night,,Not Raining
2017-750-8/11/2018,0,0,0,0,1: PDO,Unknown,1,,60,Hit Fixed Object,Not Divided,Night,,Not Raining
2017-751-8/11/2018,0,0,0,0,1: PDO,Full,1,,50,Hit Fixed Object,Not Divided,Night,,Not Raining
2017-752-8/11/2018,1,0,0,1,2: MI,Provisional 1 ,3,Y,50,Right Turn,T-Junction,Night,,Not Raining
2017-753-8/11/2018,0,0,0,0,1: PDO,Full,1,,100,Rear End,Not Divided,Daylight,,Not Raining
2017-754-8/11/2018,0,0,0,0,1: PDO,Full,1,,50,Hit Parked Vehicle,Not Divided,Daylight,,Not Raining
2017-755-8/11/2018,1,0,0,1,2: MI,Full,1,,60,Rear End,Cross Road,Daylight,,Not Raining
2017-756-8/11/2018,0,0,0,0,1: PDO,Unknown,1,,60,Right Turn,T-Junction,Daylight,,Not Raining
2017-757-8/11/2018,0,0,0,0,1: PDO,Full,1,,60,Side Swipe,T-Junction,Daylight,,Not Raining
2017-758-8/11/2018,1,0,0,1,2: MI,Full,1,,100,Left Road - Out of Control,Cross Road,Daylight,,Not Raining
2017-759-8/11/2018,1,0,0,1,2: MI,Full,1,,70,Rear End,Divided Road,Daylight,,Not Raining
2017-760-8/11/2018,0,0,0,0,1: PDO,Full,3,,60,Right Turn,T-Junction,Daylight,,Not Raining
2017-761-8/11/2018,1,0,0,1,2: MI,Full,2,,60,Rear End,T-Junction,Daylight,,Not Raining
2017-762-8/11/2018,0,0,0,0,1: PDO,Full,1,,60,Rear End,Not Divided,Daylight,,Not Raining
2017-763-8/11/2018,0,0,0,0,1: PDO,Provisional 2,2,,50,Hit Parked Vehicle,Not Divided,Daylight,,Not Raining
2017-764-8/11/2018,1,0,0,1,2: MI,Unknown,1,,80,Side Swipe,Not Divided,Daylight,,Not Raining
2017-765-8/11/2018,1,0,0,1,2: MI,Full,1,,60,Right Angle,T-Junction,Daylight,,Not Raining
2017-766-8/11/2018,0,0,0,0,1: PDO,Full,2,,100,Rear End,Freeway,Daylight,,Not Raining
2017-767-8/11/2018,1,0,0,1,2: MI,Full,1,,90,Right Angle,T-Junction,Daylight,,Not Raining
2017-768-8/11/2018,0,0,0,0,1: PDO,Full,1,,50,Right Angle,Cross Road,Daylight,,Not Raining
2017-769-8/11/2018,1,0,0,1,2: MI,Unknown,1,,100,Hit Fixed Object,Not Divided,Daylight,,Not Raining
2017-770-8/11/2018,0,0,0,0,1: PDO,Unknown,1,,50,Side Swipe,T-Junction,Daylight,,Not Raining
2017-771-8/11/2018,0,0,0,0,1: PDO,Full,1,,80,Hit Fixed Object,Not Divided,Night,,Not Raining
2017-772-8/11/2018,0,0,0,0,1: PDO,Unknown,1,,50,Hit Parked Vehicle,Not Divided,Daylight,,Not Raining
2017-773-8/11/2018,1,0,0,1,2: MI,Full,1,,60,Rear End,Cross Road,Night,,Not Raining
2017-774-8/11/2018,0,0,0,0,1: PDO,Full,1,,60,Right Angle,Divided Road,Daylight,,Not Raining
2017-775-8/11/2018,0,0,0,0,1: PDO,Full,1,,50,Rear End,Not Divided,Daylight,,Not Raining
2017-776-8/11/2018,0,0,0,0,1: PDO,Full,2,,60,Hit Parked Vehicle,Divided Road,Daylight,,Not Raining
2017-777-8/11/2018,0,0,0,0,1: PDO,Full,1,,50,Side Swipe,Cross Road,Daylight,,Not Raining
2017-778-8/11/2018,1,0,0,1,2: MI,Full,1,,60,Rear End,Freeway,Daylight,,Not Raining
2017-779-8/11/2018,1,0,0,1,2: MI,Full,1,,60,Side Swipe,Divided Road,Daylight,,Not Raining
2017-780-8/11/2018,1,0,0,1,2: MI,Full,1,,80,Left Road - Out of Control,Not Divided,Daylight,,Not Raining
2017-781-8/11/2018,0,0,0,0,1: PDO,Unknown,1,,50,Rear End,Not Divided,Daylight,,Not Raining
2017-782-8/11/2018,0,0,0,0,1: PDO,Full,1,,60,Rear End,T-Junction,Daylight,,Not Raining
2017-783-8/11/2018,1,0,0,1,2: MI,Full,4,,50,Right Angle,T-Junction,Daylight,,Not Raining
2017-784-8/11/2018,0,0,0,0,1: PDO,Full,2,,60,Side Swipe,Divided Road,Daylight,,Not Raining
2017-785-8/11/2018,1,0,0,1,2: MI,Provisional 1 ,1,,80,Rear End,Divided Road,Daylight,,Not Raining
2017-786-8/11/2018,0,0,0,0,1: PDO,,,,60,Right Angle,T-Junction,Night,,Not Raining
2017-787-8/11/2018,0,0,0,0,1: PDO,,0,,60,Right Turn,Not Divided,Daylight,,Not Raining
2017-788-8/11/2018,0,0,0,0,1: PDO,Unknown,1,,60,Rear End,Divided Road,Daylight,,Not Raining
2017-789-8/11/2018,1,0,0,1,2: MI,Full,3,,60,Right Turn,Cross Road,Daylight,,Not Raining
2017-790-8/11/2018,1,0,0,1,2: MI,Full,1,,90,Rear End,Freeway,Daylight,,Not Raining
2017-791-8/11/2018,0,0,0,0,1: PDO,Provisional 2,4,,50,Hit Fixed Object,T-Junction,Night,,Not Raining
2017-792-8/11/2018,0,0,0,0,1: PDO,Learners,1,,80,Hit Fixed Object,Not Divided,Night,,Not Raining
2017-793-8/11/2018,1,0,1,0,3: SI,,,Y,50,Roll Over,Cross Road,Night,,Not Raining
2017-794-8/11/2018,0,0,0,0,1: PDO,Full,1,,80,Hit Fixed Object,Not Divided,Night,,Not Raining
2017-795-8/11/2018,0,0,0,0,1: PDO,,,,60,Hit Fixed Object,Not Divided,Night,,Not Raining
2017-796-8/11/2018,1,0,0,1,2: MI,,,,50,Roll Over,Not Divided,Daylight,,Not Raining
2017-797-8/11/2018,0,0,0,0,1: PDO,Full,1,,60,Right Angle,T-Junction,Daylight,,Not Raining
2017-798-8/11/2018,1,0,0,1,2: MI,,,,60,Rear End,Divided Road,Daylight,,Not Raining
2017-799-8/11/2018,1,0,0,1,2: MI,Full,1,,60,Right Angle,T-Junction,Daylight,,Not Raining
2017-800-8/11/2018,0,0,0,0,1: PDO,Full,1,,50,Rear End,Cross Road,Daylight,,Not Raining
2017-801-8/11/2018,2,0,0,2,2: MI,Full,1,,100,Rear End,Freeway,Daylight,,Not Raining
2017-802-8/11/2018,1,0,0,1,2: MI,,0,,60,Rear End,Not Divided,Daylight,,Not Raining
2017-803-8/11/2018,0,0,0,0,1: PDO,,0,,60,Head On,Not Divided,Daylight,,Not Raining
2017-804-8/11/2018,1,0,0,1,2: MI,,,,60,Right Angle,Divided Road,Daylight,,Not Raining
2017-805-8/11/2018,0,0,0,0,1: PDO,Full,1,,60,Hit Parked Vehicle,Divided Road,Daylight,,Not Raining
2017-806-8/11/2018,0,0,0,0,1: PDO,Unknown,1,,60,Roll Over,Not Divided,Night,,Not Raining
2017-807-8/11/2018,0,0,0,0,1: PDO,Full,2,,60,Right Angle,T-Junction,Daylight,,Not Raining
2017-808-8/11/2018,0,0,0,0,1: PDO,Full,2,,100,Hit Animal,Not Divided,Daylight,,Not Raining
2017-809-8/11/2018,0,0,0,0,1: PDO,Full,1,,90,Right Angle,T-Junction,Daylight,,Not Raining
2017-810-8/11/2018,1,0,0,1,2: MI,Unknown,2,,60,Rear End,Cross Road,Daylight,,Not Raining
2017-811-8/11/2018,1,0,0,1,2: MI,Full,1,,60,Rear End,Not Divided,Daylight,,Not Raining
2017-812-8/11/2018,0,0,0,0,1: PDO,Full,1,,50,Hit Parked Vehicle,Not Divided,Daylight,,Not Raining
2017-813-8/11/2018,0,0,0,0,1: PDO,Full,1,,50,Hit Parked Vehicle,Not Divided,Daylight,,Not Raining
2017-814-8/11/2018,1,0,0,1,2: MI,Full,1,,90,Right Angle,Cross Road,Daylight,,Not Raining
2017-815-8/11/2018,1,0,0,1,2: MI,Full,2,,10,Other,Other,Daylight,,Not Raining
2017-816-8/11/2018,1,0,0,1,2: MI,Full,1,,60,Rear End,T-Junction,Night,Y,Not Raining
2017-817-8/11/2018,0,0,0,0,1: PDO,,1,,40,Right Angle,Cross Road,Night,Y,Not Raining
2017-818-8/11/2018,0,0,0,0,1: PDO,Full,1,,60,Hit Fixed Object,Divided Road,Daylight,,Not Raining
2017-819-8/11/2018,1,0,0,1,2: MI,Full,4,,50,Hit Fixed Object,Not Divided,Daylight,,Not Raining
2017-820-8/11/2018,0,0,0,0,1: PDO,Learners,2,,50,Side Swipe,Not Divided,Daylight,,Not Raining
2017-821-8/11/2018,0,0,0,0,1: PDO,Probationary,1,,60,Rear End,Divided Road,Daylight,,Not Raining
2017-822-8/11/2018,0,0,0,0,1: PDO,Provisional 2,1,,110,Hit Fixed Object,T-Junction,Night,Y,Not Raining
2017-823-8/11/2018,0,0,0,0,1: PDO,Full,2,,50,Side Swipe,Cross Road,Daylight,,Not Raining
2017-824-8/11/2018,0,0,0,0,1: PDO,Full,3,,50,Hit Parked Vehicle,Not Divided,Daylight,,Not Raining
2017-825-8/11/2018,0,0,0,0,1: PDO,Full,1,,50,Hit Fixed Object,T-Junction,Daylight,,Not Raining
2017-826-8/11/2018,1,0,0,1,2: MI,Full,1,,110,Hit Fixed Object,Divided Road,Daylight,,Not Raining
2017-827-8/11/2018,0,0,0,0,1: PDO,Full,5,,50,Rear End,Not Divided,Daylight,,Not Raining
2017-828-8/11/2018,0,0,0,0,1: PDO,Unlicenced,1,,50,Right Angle,T-Junction,Daylight,,Not Raining
2017-829-8/11/2018,1,0,0,1,2: MI,,,,80,Hit Fixed Object,Not Divided,Daylight,,Not Raining
2017-830-8/11/2018,0,0,0,0,1: PDO,Provisional 2,2,,60,Hit Fixed Object,T-Junction,Daylight,Y,Not Raining
2017-831-8/11/2018,0,0,0,0,1: PDO,Full,3,,40,Right Angle,T-Junction,Daylight,,Not Raining
2017-832-8/11/2018,0,0,0,0,1: PDO,Full,3,,50,Hit Fixed Object,Not Divided,Night,,Not Raining
2017-833-8/11/2018,0,0,0,0,1: PDO,Full,1,,60,Hit Parked Vehicle,Divided Road,Daylight,,Not Raining
2017-834-8/11/2018,0,0,0,0,1: PDO,Full,1,,50,Right Angle,T-Junction,Daylight,,Not Raining
2017-835-8/11/2018,0,0,0,0,1: PDO,,0,,50,Rear End,Cross Road,Daylight,,Not Raining
2017-836-8/11/2018,1,0,0,1,2: MI,,,,80,Hit Object on Road,Not Divided,Daylight,,Not Raining
2017-837-8/11/2018,0,0,0,0,1: PDO,Unknown,1,,50,Rear End,Not Divided,Daylight,,Not Raining
2017-838-8/11/2018,0,0,0,0,1: PDO,,0,,60,Hit Parked Vehicle,Divided Road,Daylight,,Not Raining
2017-839-8/11/2018,2,0,0,2,2: MI,,0,,60,Rear End,T-Junction,Daylight,,Not Raining
2017-840-8/11/2018,0,0,0,0,1: PDO,Unknown,1,,60,Right Turn,T-Junction,Daylight,,Not Raining
2017-841-8/11/2018,1,0,1,0,3: SI,Unknown,1,,100,Hit Fixed Object,Not Divided,Daylight,,Not Raining
2017-842-8/11/2018,1,0,0,1,2: MI,Full,1,,50,Right Angle,T-Junction,Daylight,,Not Raining
2017-843-8/11/2018,0,0,0,0,1: PDO,,,,60,Right Angle,T-Junction,Daylight,,Not Raining
2017-844-8/11/2018,1,0,0,1,2: MI,Full,1,,70,Right Turn,T-Junction,Daylight,,Not Raining
2017-845-8/11/2018,1,0,0,1,2: MI,Provisional 2,1,,60,Rear End,Cross Road,Daylight,,Not Raining
2017-846-8/11/2018,0,0,0,0,1: PDO,Full,1,,60,Right Angle,T-Junction,Daylight,,Not Raining
2017-847-8/11/2018,1,0,1,0,3: SI,Probationary,1,,50,Right Angle,T-Junction,Daylight,,Not Raining
2017-848-8/11/2018,0,0,0,0,1: PDO,Full,1,,60,Hit Fixed Object,Cross Road,Daylight,Y,Not Raining
2017-849-8/11/2018,1,0,0,1,2: MI,,,,90,Hit Fixed Object,Cross Road,Daylight,,Not Raining
2017-850-8/11/2018,0,0,0,0,1: PDO,Full,2,,110,Other,Freeway,Daylight,,Not Raining
2017-851-8/11/2018,3,2,1,0,4: Fatal,Provisional 2,1,,90,Right Angle,T-Junction,Daylight,,Not Raining
2017-852-8/11/2018,0,0,0,0,1: PDO,Full,1,,60,Right Angle,Cross Road,Night,,Not Raining
2017-853-8/11/2018,0,0,0,0,1: PDO,Unknown,1,,50,Hit Fixed Object,Not Divided,Night,,Not Raining
2017-854-8/11/2018,0,0,0,0,1: PDO,Full,1,,60,Hit Fixed Object,Not Divided,Night,,Not Raining
2017-855-8/11/2018,0,0,0,0,1: PDO,Full,1,,50,Hit Parked Vehicle,Not Divided,Night,,Not Raining
2017-856-8/11/2018,0,0,0,0,1: PDO,,,,50,Hit Fixed Object,T-Junction,Night,Y,Not Raining
2017-857-8/11/2018,0,0,0,0,1: PDO,Unknown,1,,50,Hit Fixed Object,Not Divided,Night,,Not Raining
2017-858-8/11/2018,2,0,0,2,2: MI,Full,1,,60,Right Angle,Divided Road,Daylight,,Not Raining
2017-859-8/11/2018,0,0,0,0,1: PDO,Full,2,,50,Hit Parked Vehicle,Not Divided,Night,,Not Raining
2017-860-8/11/2018,0,0,0,0,1: PDO,Full,1,,60,Right Turn,T-Junction,Daylight,,Not Raining
2017-861-8/11/2018,0,0,0,0,1: PDO,Full,2,,60,Hit Fixed Object,Not Divided,Daylight,,Not Raining
2017-862-8/11/2018,0,0,0,0,1: PDO,Full,1,,40,Right Angle,Cross Road,Daylight,,Not Raining
2017-863-8/11/2018,1,0,0,1,2: MI,Full,1,,60,Right Turn,T-Junction,Daylight,,Not Raining
2017-864-8/11/2018,0,0,0,0,1: PDO,Full,1,,50,Right Angle,T-Junction,Daylight,,Not Raining
2017-865-8/11/2018,0,0,0,0,1: PDO,Full,1,,110,Roll Over,Not Divided,Daylight,,Not Raining
2017-866-8/11/2018,2,0,0,2,2: MI,Full,1,,60,Hit Fixed Object,T-Junction,Night,Y,Not Raining
2017-867-8/11/2018,4,0,0,4,2: MI,,,,80,Head On,Not Divided,Daylight,,Not Raining
2017-868-8/11/2018,0,0,0,0,1: PDO,,1,,50,Right Turn,T-Junction,Daylight,,Not Raining
2017-869-8/11/2018,0,0,0,0,1: PDO,Provisional 2,2,,60,Hit Fixed Object,Not Divided,Daylight,,Not Raining
2017-870-8/11/2018,0,0,0,0,1: PDO,,0,,60,Side Swipe,Divided Road,Daylight,,Not Raining
2017-871-8/11/2018,1,0,0,1,2: MI,,0,,60,Hit Fixed Object,Divided Road,Daylight,,Not Raining
2017-872-8/11/2018,0,0,0,0,1: PDO,Provisional 1 ,1,,40,Hit Parked Vehicle,Not Divided,Daylight,,Not Raining
2017-873-8/11/2018,0,0,0,0,1: PDO,Provisional 1 ,1,,100,Hit Fixed Object,Not Divided,Daylight,,Not Raining
2017-874-8/11/2018,0,0,0,0,1: PDO,Disqualified,2,,60,Rear End,Cross Road,Daylight,,Not Raining
2017-875-8/11/2018,0,0,0,0,1: PDO,,,,50,Hit Fixed Object,Not Divided,Daylight,Y,Not Raining
2017-876-8/11/2018,1,0,0,1,2: MI,,0,,50,Hit Fixed Object,Divided Road,Night,Y,Not Raining
2017-877-8/11/2018,1,0,0,1,2: MI,Full,1,,60,Rear End,Divided Road,Daylight,,Not Raining
2017-878-8/11/2018,0,0,0,0,1: PDO,,1,,100,Hit Object on Road,Not Divided,Night,,Not Raining
2017-879-8/11/2018,1,0,0,1,2: MI,Full,1,,60,Right Turn,T-Junction,Daylight,,Not Raining
2017-880-8/11/2018,0,0,0,0,1: PDO,Full,2,,50,Hit Parked Vehicle,Not Divided,Daylight,,Not Raining
2017-881-8/11/2018,0,0,0,0,1: PDO,Full,2,,80,Rear End,Not Divided,Daylight,,Not Raining
2017-882-8/11/2018,1,0,0,1,2: MI,Full,1,,60,Right Angle,T-Junction,Daylight,,Not Raining
2017-883-8/11/2018,0,0,0,0,1: PDO,Provisional 2,1,,60,Right Angle,Not Divided,Daylight,,Not Raining
2017-884-8/11/2018,0,0,0,0,1: PDO,Full,4,,60,Rear End,Divided Road,Daylight,,Not Raining
2017-885-8/11/2018,0,0,0,0,1: PDO,,0,,60,Rear End,T-Junction,Daylight,,Not Raining
2017-886-8/11/2018,0,0,0,0,1: PDO,Full,1,,60,Hit Parked Vehicle,Not Divided,Night,,Not Raining
2017-887-8/11/2018,1,0,0,1,2: MI,,0,,80,Rear End,T-Junction,Daylight,,Not Raining
2017-888-8/11/2018,1,0,0,1,2: MI,Full,4,,60,Right Angle,Not Divided,Daylight,,Not Raining