REPORT_ID,Total Cas,Total Fats,Total SI,Total MI,CSEF Severity,Licence Type,Number Occupants,Drugs Involved,Area Speed,Crash Type,Position Type,DayNight,DUI Involved,Weather Cond
2017-889-8/11/2018,1,0,0,1,2: MI,Unknown,1,,60,Right Angle,T-Junction,Daylight,,Not Raining
2017-890-8/11/2018,0,0,0,0,1: PDO,Full,2,,80,Hit Fixed Object,Not Divided,Daylight,Y,Not Raining
2017-891-8/11/2018,2,0,0,2,2: MI,Full,1,,60,Right Turn,Cross Road,Daylight,,Not Raining
2017-892-8/11/2018,0,0,0,0,1: PDO,Full,5,,50,Right Angle,Cross Road,Daylight,,Not Raining
2017-893-8/11/2018,2,0,0,2,2: MI,Full,3,,60,Rear End,Divided Road,Daylight,,Not Raining
2017-894-8/11/2018,0,0,0,0,1: PDO,Full,3,,60,Right Angle,Divided Road,Daylight,,Not Raining
2017-895-8/11/2018,1,0,0,1,2: MI,,1,,50,Right Turn,Not Divided,Daylight,,Not Raining
2017-896-8/11/2018,0,0,0,0,1: PDO,,,,60,Right Angle,Cross Road,Daylight,,Not Raining
2017-897-8/11/2018,0,0,0,0,1: PDO,Unknown,1,Y,60,Hit Fixed Object,Not Divided,Night,,Not Raining
2017-898-8/11/2018,0,0,0,0,1: PDO,Full,1,Y,50,Hit Fixed Object,Not Divided,Night,,Not Raining
2017-899-8/11/2018,0,0,0,0,1: PDO,,0,,60,Right Angle,Cross Road,Night,,Not Raining
2017-900-8/11/2018,0,0,0,0,1: PDO,,0,,50,Right Angle,T-Junction,Daylight,,Not Raining
2017-901-8/11/2018,1,0,0,1,2: MI,Provisional 2,2,,60,Rear End,Multiple,Daylight,,Not Raining
2017-902-8/11/2018,0,0,0,0,1: PDO,Provisional 2,1,,50,Hit Parked Vehicle,Not Divided,Daylight,,Not Raining
2017-903-8/11/2018,2,0,0,2,2: MI,Full,1,,60,Right Turn,Cross Road,Daylight,,Not Raining
2017-904-8/11/2018,1,0,0,1,2: MI,,1,,50,Rear End,Not Divided,Daylight,,Not Raining
2017-905-8/11/2018,1,0,0,1,2: MI,Full,1,,50,Hit Pedestrian,T-Junction,Daylight,,Not Raining
2017-906-8/11/2018,1,0,0,1,2: MI,Provisional 1 ,1,,80,Hit Fixed Object,Not Divided,Night,,Not Raining
2017-907-8/11/2018,0,0,0,0,1: PDO,,0,,60,Rear End,Cross Road,Daylight,,Not Raining
2017-908-8/11/2018,0,0,0,0,1: PDO,Full,3,,80,Roll Over,Not Divided,Daylight,,Not Raining
2017-909-8/11/2018,0,0,0,0,1: PDO,,1,,60,Right Angle,T-Junction,Daylight,,Not Raining
2017-910-8/11/2018,0,0,0,0,1: PDO,Full,1,,60,Right Angle,T-Junction,Daylight,,Not Raining
2017-911-8/11/2018,1,0,0,1,2: MI,Full,1,,110,Hit Fixed Object,Not Divided,Daylight,,Not Raining
2017-912-8/11/2018,0,0,0,0,1: PDO,,0,,60,Rear End,Divided Road,Daylight,,Not Raining
2017-913-8/11/2018,1,0,0,1,2: MI,Unknown,1,,60,Right Angle,Cross Road,Daylight,,Not Raining
2017-914-8/11/2018,0,0,0,0,1: PDO,Full,1,,100,Hit Animal,Not Divided,Daylight,,Not Raining
2017-915-8/11/2018,0,0,0,0,1: PDO,Full,1,,60,Hit Parked Vehicle,Divided Road,Daylight,,Not Raining
2017-916-8/11/2018,0,0,0,0,1: PDO,Provisional 2,1,,50,Hit Parked Vehicle,Not Divided,Daylight,,Not Raining
2017-917-8/11/2018,0,0,0,0,1: PDO,Probationary,1,,80,Hit Fixed Object,Not Divided,Daylight,,Raining
2017-918-8/11/2018,1,0,0,1,2: MI,Full,1,,80,Rear End,Cross Road,Daylight,,Not Raining
2017-919-8/11/2018,0,0,0,0,1: PDO,Unknown,1,,80,Rear End,Divided Road,Daylight,,Unknown
2017-920-8/11/2018,0,0,0,0,1: PDO,Full,1,,60,Right Angle,Cross Road,Daylight,,Not Raining
2017-921-8/11/2018,1,0,0,1,2: MI,Full,1,,60,Rear End,Cross Road,Daylight,,Not Raining
2017-922-8/11/2018,1,0,0,1,2: MI,,,,60,Right Angle,T-Junction,Daylight,,Not Raining
2017-923-8/11/2018,0,0,0,0,1: PDO,,,,60,Right Angle,T-Junction,Daylight,,Not Raining
2017-924-8/11/2018,0,0,0,0,1: PDO,Unlicenced,1,,60,Right Turn,T-Junction,Daylight,,Not Raining
2017-925-8/11/2018,0,0,0,0,1: PDO,Full,3,,50,Right Angle,Not Divided,Daylight,,Not Raining
2017-926-8/11/2018,0,0,0,0,1: PDO,Provisional 1 ,1,,50,Hit Parked Vehicle,Not Divided,Daylight,,Not Raining
2017-927-8/11/2018,0,0,0,0,1: PDO,Full,1,,60,Head On,Not Divided,Night,,Not Raining
2017-928-8/11/2018,1,0,0,1,2: MI,Full,1,,60,Rear End,Cross Road,Daylight,,Not Raining
2017-929-8/11/2018,1,0,0,1,2: MI,,,,110,Hit Object on Road,Not Divided,Daylight,,Not Raining
2017-930-8/11/2018,0,0,0,0,1: PDO,Full,3,,70,Right Angle,Cross Road,Daylight,,Not Raining
2017-931-8/11/2018,1,0,0,1,2: MI,Full,1,,60,Right Angle,Multiple,Daylight,,Not Raining
2017-932-8/11/2018,1,0,0,1,2: MI,Full,4,,100,Rear End,T-Junction,Daylight,,Not Raining
2017-933-8/11/2018,0,0,0,0,1: PDO,,,,60,Rear End,Cross Road,Night,,Not Raining
2017-934-8/11/2018,0,0,0,0,1: PDO,Full,1,,50,Hit Parked Vehicle,Not Divided,Daylight,,Not Raining
2017-935-8/11/2018,0,0,0,0,1: PDO,Full,1,,40,Rear End,Not Divided,Daylight,,Not Raining
2017-936-8/11/2018,0,0,0,0,1: PDO,Full,2,,50,Right Angle,T-Junction,Daylight,,Not Raining
2017-937-8/11/2018,1,0,0,1,2: MI,Full,1,,60,Rear End,T-Junction,Daylight,,Not Raining
2017-938-8/11/2018,1,0,0,1,2: MI,Full,4,,60,Rear End,Divided Road,Daylight,,Not Raining
2017-939-8/11/2018,1,0,0,1,2: MI,,1,,50,Rear End,Cross Road,Daylight,,Not Raining
2017-940-8/11/2018,0,0,0,0,1: PDO,Unknown,1,,60,Side Swipe,Not Divided,Daylight,,Not Raining
2017-941-8/11/2018,0,0,0,0,1: PDO,Provisional 2,1,,60,Hit Fixed Object,Divided Road,Daylight,,Not Raining
2017-942-8/11/2018,0,0,0,0,1: PDO,Full,2,,80,Side Swipe,Divided Road,Daylight,,Not Raining
2017-943-8/11/2018,0,0,0,0,1: PDO,Full,1,,50,Side Swipe,Not Divided,Daylight,,Not Raining
2017-944-8/11/2018,1,0,0,1,2: MI,Unknown,1,,60,Rear End,Not Divided,Daylight,,Not Raining
2017-945-8/11/2018,0,0,0,0,1: PDO,,1,,50,Side Swipe,Divided Road,Daylight,,Not Raining
2017-946-8/11/2018,0,0,0,0,1: PDO,Full,3,,60,Right Turn,T-Junction,Night,,Not Raining
2017-947-8/11/2018,0,0,0,0,1: PDO,Full,1,,60,Rear End,Divided Road,Daylight,,Not Raining
2017-948-8/11/2018,0,0,0,0,1: PDO,Provisional 2,3,,60,Right Turn,Cross Road,Daylight,,Not Raining
2017-949-8/11/2018,0,0,0,0,1: PDO,Full,1,,50,Rear End,Cross Road,Daylight,,Not Raining
2017-950-8/11/2018,0,0,0,0,1: PDO,Full,1,,50,Right Angle,Cross Road,Daylight,,Not Raining
2017-951-8/11/2018,2,0,0,2,2: MI,Provisional 2,1,,60,Rear End,Divided Road,Daylight,,Not Raining
2017-952-8/11/2018,1,0,0,1,2: MI,Full,1,,60,Rear End,Cross Road,Daylight,,Not Raining
2017-953-8/11/2018,1,0,0,1,2: MI,Full,1,,60,Rear End,Divided Road,Daylight,,Not Raining
2017-954-8/11/2018,1,0,0,1,2: MI,,,Y,90,Rear End,Divided Road,Daylight,,Not Raining
2017-955-8/11/2018,0,0,0,0,1: PDO,Full,4,,60,Right Turn,T-Junction,Daylight,,Not Raining
2017-956-8/11/2018,0,0,0,0,1: PDO,Full,1,,60,Rear End,Divided Road,Daylight,,Not Raining
2017-957-8/11/2018,0,0,0,0,1: PDO,Provisional 1 ,2,,50,Right Angle,T-Junction,Daylight,,Not Raining
2017-958-8/11/2018,0,0,0,0,1: PDO,,,,110,Hit Animal,Not Divided,Night,,Not Raining
2017-959-8/11/2018,0,0,0,0,1: PDO,Full,1,,100,Hit Object on Road,Not Divided,Night,,Not Raining
2017-960-8/11/2018,1,0,0,1,2: MI,Full,1,,60,Right Angle,Cross Road,Night,,Not Raining
2017-961-8/11/2018,0,0,0,0,1: PDO,Full,1,,50,Rear End,Not Divided,Daylight,,Not Raining
2017-962-8/11/2018,0,0,0,0,1: PDO,Full,2,,50,Rear End,Not Divided,Daylight,,Not Raining
2017-963-8/11/2018,0,0,0,0,1: PDO,Unknown,1,,50,Hit Fixed Object,Not Divided,Daylight,,Not Raining
2017-964-8/11/2018,0,0,0,0,1: PDO,Unknown,1,,50,Right Angle,Cross Road,Daylight,,Not Raining
2017-965-8/11/2018,0,0,0,0,1: PDO,Full,1,,50,Hit Fixed Object,T-Junction,Daylight,,Not Raining
2017-966-8/11/2018,0,0,0,0,1: PDO,Unknown,1,,50,Hit Fixed Object,Not Divided,Daylight,,Not Raining
2017-967-8/11/2018,0,0,0,0,1: PDO,Full,1,,60,Rear End,Cross Road,Daylight,,Not Raining
2017-968-8/11/2018,1,0,0,1,2: MI,Full,1,,60,Rear End,T-Junction,Daylight,,Not Raining
2017-969-8/11/2018,0,0,0,0,1: PDO,Full,1,,80,Right Angle,Cross Road,Daylight,,Not Raining
2017-970-8/11/2018,1,0,0,1,2: MI,Full,1,,60,Rear End,T-Junction,Daylight,,Not Raining
2017-971-8/11/2018,0,0,0,0,1: PDO,Unknown,1,,110,Roll Over,Not Divided,Daylight,,Not Raining
2017-972-8/11/2018,0,0,0,0,1: PDO,Full,1,,60,Right Angle,T-Junction,Daylight,,Not Raining
2017-973-8/11/2018,0,0,0,0,1: PDO,,0,,60,Side Swipe,Cross Road,Daylight,,Not Raining
2017-974-8/11/2018,1,0,0,1,2: MI,Full,2,,50,Side Swipe,Not Divided,Daylight,,Not Raining
2017-975-8/11/2018,0,0,0,0,1: PDO,Unknown,1,,60,Right Angle,T-Junction,Daylight,,Not Raining
2017-976-8/11/2018,0,0,0,0,1: PDO,,,,60,Rear End,Cross Road,Daylight,,Not Raining
2017-977-8/11/2018,1,0,0,1,2: MI,,,,80,Right Angle,Cross Road,Daylight,,Not Raining
2017-978-8/11/2018,3,0,2,1,3: SI,Full,5,,100,Roll Over,Not Divided,Daylight,,Not Raining
2017-979-8/11/2018,1,0,0,1,2: MI,Full,2,,60,Rear End,Rail Xing,Daylight,,Not Raining
2017-980-8/11/2018,0,0,0,0,1: PDO,Full,1,,70,Hit Parked Vehicle,Divided Road,Daylight,,Not Raining
2017-981-8/11/2018,2,0,0,2,2: MI,Full,1,,90,Rear End,Divided Road,Daylight,,Not Raining
2017-982-8/11/2018,1,0,0,1,2: MI,Full,1,,80,Right Angle,T-Junction,Daylight,,Not Raining
2017-983-8/11/2018,0,0,0,0,1: PDO,Unknown,1,,60,Right Angle,T-Junction,Daylight,,Not Raining
2017-984-8/11/2018,0,0,0,0,1: PDO,Unknown,1,,80,Right Angle,Divided Road,Daylight,,Not Raining
2017-985-8/11/2018,0,0,0,0,1: PDO,Unknown,3,,50,Hit Fixed Object,T-Junction,Daylight,,Not Raining
2017-986-8/11/2018,1,0,0,1,2: MI,Unknown,1,,90,Rear End,Divided Road,Daylight,,Not Raining
2017-987-8/11/2018,2,0,0,2,2: MI,Unknown,6,,60,Right Angle,Cross Road,Daylight,,Not Raining
2017-988-8/11/2018,0,0,0,0,1: PDO,Unknown,1,,60,Rear End,Divided Road,Daylight,,Not Raining
2017-989-8/11/2018,1,0,0,1,2: MI,,,,50,Right Angle,Not Divided,Daylight,,Not Raining
2017-990-8/11/2018,0,0,0,0,1: PDO,Full,2,,60,Rear End,Pedestrian Crossing,Daylight,,Not Raining
2017-991-8/11/2018,1,0,0,1,2: MI,,,,110,Hit Fixed Object,Not Divided,Night,,Not Raining
2017-992-8/11/2018,1,0,0,1,2: MI,Full,1,,60,Rear End,Cross Road,Daylight,,Not Raining
2017-993-8/11/2018,0,0,0,0,1: PDO,Unknown,1,,50,Hit Fixed Object,Not Divided,Night,,Not Raining
2017-994-8/11/2018,0,0,0,0,1: PDO,Full,1,,50,Hit Fixed Object,Not Divided,Night,,Not Raining
2017-995-8/11/2018,0,0,0,0,1: PDO,Full,1,,60,Hit Fixed Object,Divided Road,Night,,Not Raining
2017-996-8/11/2018,1,0,0,1,2: MI,Full,1,,50,Hit Pedestrian,Cross Road,Daylight,,Not Raining
2017-997-8/11/2018,0,0,0,0,1: PDO,,0,,50,Hit Parked Vehicle,Not Divided,Daylight,,Not Raining
2017-998-8/11/2018,0,0,0,0,1: PDO,,0,,60,Rear End,Cross Road,Daylight,,Not Raining
2017-999-8/11/2018,0,0,0,0,1: PDO,Full,1,,60,Right Angle,Cross Road,Night,,Not Raining
2017-1000-8/11/2018,2,0,0,2,2: MI,Full,1,Y,110,Rear End,Freeway,Daylight,,Not Raining
2017-1001-8/11/2018,1,0,0,1,2: MI,Unknown,1,,80,Rear End,Divided Road,Daylight,,Not Raining
2017-1002-8/11/2018,1,0,0,1,2: MI,Full,1,,60,Right Angle,T-Junction,Daylight,,Not Raining
2017-1003-8/11/2018,0,0,0,0,1: PDO,Full,1,,60,Rear End,Divided Road,Daylight,,Not Raining
2017-1004-8/11/2018,2,0,0,2,2: MI,Full,1,,110,Right Angle,T-Junction,Daylight,,Not Raining
2017-1005-8/11/2018,0,0,0,0,1: PDO,Provisional 2,1,,60,Right Turn,T-Junction,Daylight,,Not Raining
2017-1006-8/11/2018,0,0,0,0,1: PDO,,,,50,Side Swipe,Divided Road,Daylight,,Not Raining
2017-1007-8/11/2018,0,0,0,0,1: PDO,Unknown,1,,60,Right Turn,Divided Road,Daylight,,Not Raining
2017-1008-8/11/2018,1,0,0,1,2: MI,Full,1,,100,Hit Fixed Object,Freeway,Night,,Not Raining
2017-1009-8/11/2018,0,0,0,0,1: PDO,Full,1,,110,Hit Object on Road,Not Divided,Daylight,,Not Raining
2017-1010-8/11/2018,0,0,0,0,1: PDO,Full,1,,50,Rear End,Not Divided,Daylight,,Not Raining
2017-1011-8/11/2018,2,0,0,2,2: MI,Full,1,,110,Right Turn,T-Junction,Daylight,,Not Raining
2017-1012-8/11/2018,0,0,0,0,1: PDO,Full,1,,60,Roll Over,T-Junction,Daylight,,Not Raining
2017-1013-8/11/2018,2,0,0,2,2: MI,Full,1,,60,Rear End,Not Divided,Daylight,,Not Raining
2017-1014-8/11/2018,1,0,0,1,2: MI,Full,1,,80,Rear End,Cross Road,Daylight,,Not Raining
2017-1015-8/11/2018,0,0,0,0,1: PDO,Full,1,,80,Rear End,Divided Road,Daylight,,Not Raining
2017-1016-8/11/2018,0,0,0,0,1: PDO,Full,1,,50,Rear End,Not Divided,Night,,Not Raining
2017-1017-8/11/2018,1,0,0,1,2: MI,Full,2,,50,Hit Pedestrian,Divided Road,Daylight,,Not Raining
2017-1018-8/11/2018,1,0,1,0,3: SI,Provisional 1 ,2,,60,Right Angle,T-Junction,Daylight,,Not Raining
2017-1019-8/11/2018,0,0,0,0,1: PDO,Unknown,1,,50,Side Swipe,T-Junction,Daylight,,Not Raining
2017-1020-8/11/2018,1,0,0,1,2: MI,Unknown,1,,60,Hit Pedestrian,Not Divided,Daylight,,Not Raining
2017-1021-8/11/2018,1,0,0,1,2: MI,Unknown,1,,50,Hit Pedestrian,Not Divided,Daylight,,Not Raining
2017-1022-8/11/2018,0,0,0,0,1: PDO,Unknown,3,,60,Hit Fixed Object,Pedestrian Crossing,Daylight,,Not Raining
2017-1023-8/11/2018,0,0,0,0,1: PDO,Full,1,,50,Right Turn,Not Divided,Daylight,,Not Raining
2017-1024-8/11/2018,0,0,0,0,1: PDO,Unknown,1,,60,Rear End,Not Divided,Daylight,,Not Raining
2017-1025-8/11/2018,0,0,0,0,1: PDO,Full,1,,60,Rear End,Divided Road,Daylight,,Not Raining
2017-1026-8/11/2018,0,0,0,0,1: PDO,Unknown,1,,60,Side Swipe,T-Junction,Daylight,,Not Raining
2017-1027-8/11/2018,0,0,0,0,1: PDO,Unknown,1,,60,Rear End,Cross Road,Daylight,,Not Raining
2017-1028-8/11/2018,0,0,0,0,1: PDO,Provisional 1 ,2,,50,Right Angle,T-Junction,Daylight,,Not Raining
2017-1029-8/11/2018,0,0,0,0,1: PDO,Unknown,1,,50,Side Swipe,Not Divided,Daylight,,Not Raining
2017-1030-8/11/2018,0,0,0,0,1: PDO,,1,,50,Hit Fixed Object,Not Divided,Daylight,,Not Raining
2017-1031-8/11/2018,0,0,0,0,1: PDO,Unknown,1,,60,Side Swipe,Divided Road,Daylight,,Not Raining
2017-1032-8/11/2018,1,0,0,1,2: MI,,0,,60,Right Turn,Divided Road,Daylight,,Not Raining
2017-1033-8/11/2018,0,0,0,0,1: PDO,Unknown,1,,60,Hit Parked Vehicle,T-Junction,Daylight,,Not Raining
2017-1034-8/11/2018,0,0,0,0,1: PDO,Provisional 2,1,,60,Side Swipe,Cross Road,Daylight,,Not Raining
2017-1035-8/11/2018,1,0,0,1,2: MI,,,,80,Rear End,T-Junction,Daylight,,Not Raining
2017-1036-8/11/2018,0,0,0,0,1: PDO,Full,1,,60,Right Turn,T-Junction,Daylight,,Not Raining
2017-1037-8/11/2018,0,0,0,0,1: PDO,,,,60,Right Turn,T-Junction,Night,,Not Raining
2017-1038-8/11/2018,0,0,0,0,1: PDO,Full,1,,50,Hit Parked Vehicle,Not Divided,Night,,Not Raining
2017-1039-8/11/2018,0,0,0,0,1: PDO,Full,1,,60,Right Angle,T-Junction,Daylight,,Not Raining
2017-1040-8/11/2018,0,0,0,0,1: PDO,Full,2,,90,Rear End,Divided Road,Daylight,,Not Raining
2017-1041-8/11/2018,0,0,0,0,1: PDO,Full,1,,60,Right Angle,Cross Road,Daylight,,Not Raining
2017-1042-8/11/2018,0,0,0,0,1: PDO,,,,60,Side Swipe,Multiple,Daylight,,Not Raining
2017-1043-8/11/2018,0,0,0,0,1: PDO,,1,,60,Right Angle,Cross Road,Daylight,,Not Raining
2017-1044-8/11/2018,2,0,0,2,2: MI,Full,1,,60,Right Turn,Cross Road,Daylight,,Not Raining
2017-1045-8/11/2018,0,0,0,0,1: PDO,Full,2,,50,Right Angle,Cross Road,Daylight,,Not Raining
2017-1046-8/11/2018,0,0,0,0,1: PDO,,,,25,Rear End,Divided Road,Daylight,,Not Raining
2017-1047-8/11/2018,0,0,0,0,1: PDO,Full,1,,60,Right Angle,Cross Road,Daylight,,Not Raining
2017-1048-8/11/2018,1,0,0,1,2: MI,Unknown,1,Y,90,Roll Over,Freeway,Daylight,,Not Raining
2017-1049-8/11/2018,1,0,0,1,2: MI,,,,50,Right Angle,Cross Road,Daylight,,Not Raining
2017-1050-8/11/2018,1,0,0,1,2: MI,Full,2,,60,Rear End,Pedestrian Crossing,Daylight,,Not Raining
2017-1051-8/11/2018,1,0,0,1,2: MI,Unknown,1,,60,Hit Fixed Object,Not Divided,Daylight,,Not Raining
2017-1052-8/11/2018,0,0,0,0,1: PDO,Full,2,,60,Side Swipe,Divided Road,Daylight,,Not Raining
2017-1053-8/11/2018,0,0,0,0,1: PDO,Full,1,,110,Roll Over,Not Divided,Daylight,,Unknown
2017-1054-8/11/2018,2,0,0,2,2: MI,Full,1,,60,Rear End,Cross Road,Daylight,,Not Raining
2017-1055-8/11/2018,1,0,0,1,2: MI,Provisional 2,1,,70,Hit Parked Vehicle,Divided Road,Daylight,,Not Raining
2017-1056-8/11/2018,0,0,0,0,1: PDO,,,,50,Right Angle,Cross Road,Daylight,,Not Raining
2017-1057-8/11/2018,0,0,0,0,1: PDO,,,,60,Right Turn,T-Junction,Daylight,,Not Raining
2017-1058-8/11/2018,1,0,0,1,2: MI,,1,,90,Rear End,Divided Road,Daylight,,Not Raining
2017-1059-8/11/2018,1,0,0,1,2: MI,Unknown,1,,60,Rear End,Cross Road,Daylight,,Not Raining
2017-1060-8/11/2018,0,0,0,0,1: PDO,Provisional 2,2,,60,Right Angle,Cross Road,Daylight,,Not Raining
2017-1061-8/11/2018,0,0,0,0,1: PDO,Unknown,1,,90,Rear End,Freeway,Daylight,,Not Raining
2017-1062-8/11/2018,2,0,0,2,2: MI,Full,1,,60,Rear End,T-Junction,Daylight,,Not Raining
2017-1063-8/11/2018,1,0,0,1,2: MI,Unknown,1,,60,Rear End,Not Divided,Daylight,,Not Raining
2017-1064-8/11/2018,1,0,0,1,2: MI,Full,1,Y,100,Hit Fixed Object,Not Divided,Night,,Not Raining
2017-1065-8/11/2018,1,0,0,1,2: MI,Full,1,,50,Right Turn,Cross Road,Daylight,,Not Raining
2017-1066-8/11/2018,1,0,0,1,2: MI,Full,2,,50,Hit Fixed Object,Not Divided,Daylight,,Not Raining
2017-1067-8/11/2018,1,0,0,1,2: MI,,,,60,Hit Parked Vehicle,Not Divided,Daylight,,Not Raining
2017-1068-8/11/2018,1,0,0,1,2: MI,Full,1,,110,Hit Fixed Object,Not Divided,Daylight,,Not Raining
2017-1069-8/11/2018,1,0,0,1,2: MI,Full,1,,50,Rear End,Divided Road,Daylight,,Not Raining
2017-1070-8/11/2018,1,0,0,1,2: MI,Full,2,,60,Rear End,Divided Road,Daylight,,Not Raining
2017-1071-8/11/2018,2,0,0,2,2: MI,Full,1,,60,Right Angle,Cross Road,Daylight,Y,Not Raining
2017-1072-8/11/2018,1,0,0,1,2: MI,Full,1,,50,Right Turn,Not Divided,Daylight,,Not Raining
2017-1073-8/11/2018,1,0,1,0,3: SI,Unknown,1,,100,Hit Fixed Object,Not Divided,Daylight,,Not Raining
2017-1074-8/11/2018,0,0,0,0,1: PDO,Full,3,,110,Rear End,Freeway,Daylight,,Not Raining
2017-1075-8/11/2018,1,0,1,0,3: SI,,,,100,Hit Fixed Object,T-Junction,Daylight,,Not Raining
2017-1076-8/11/2018,1,0,0,1,2: MI,Full,1,,100,Rear End,T-Junction,Daylight,,Not Raining
2017-1077-8/11/2018,1,0,0,1,2: MI,Full,1,,110,Roll Over,Not Divided,Daylight,,Not Raining
2017-1078-8/11/2018,0,0,0,0,1: PDO,Full,1,,25,Rear End,Cross Road,Night,Y,Not Raining
2017-1079-8/11/2018,1,0,0,1,2: MI,Full,1,,60,Right Turn,T-Junction,Night,,Not Raining
2017-1080-8/11/2018,0,0,0,0,1: PDO,Unknown,1,,80,Side Swipe,Divided Road,Daylight,,Not Raining
2017-1081-8/11/2018,0,0,0,0,1: PDO,Full,1,,60,Right Angle,Cross Road,Daylight,,Not Raining
2017-1082-8/11/2018,1,0,0,1,2: MI,Provisional 1 ,2,,60,Roll Over,Divided Road,Daylight,,Not Raining
2017-1083-8/11/2018,1,0,0,1,2: MI,Unknown,6,,60,Rear End,T-Junction,Daylight,,Not Raining
2017-1084-8/11/2018,1,0,0,1,2: MI,Full,1,Y,60,Side Swipe,Cross Road,Daylight,,Not Raining
2017-1085-8/11/2018,1,0,0,1,2: MI,Full,1,,50,Roll Over,T-Junction,Daylight,,Not Raining
2017-1086-8/11/2018,0,0,0,0,1: PDO,Full,1,,50,Right Angle,Not Divided,Daylight,,Not Raining
2017-1087-8/11/2018,0,0,0,0,1: PDO,Full,1,,80,Side Swipe,Divided Road,Daylight,,Not Raining
2017-1088-8/11/2018,0,0,0,0,1: PDO,Full,1,,60,Side Swipe,Divided Road,Daylight,,Not Raining
2017-1089-8/11/2018,0,0,0,0,1: PDO,Full,1,,60,Right Angle,Cross Road,Daylight,,Not Raining
2017-1090-8/11/2018,0,0,0,0,1: PDO,Full,1,,50,Right Angle,Cross Road,Daylight,,Not Raining
2017-1091-8/11/2018,6,0,0,6,2: MI,Unknown,1,,90,Rear End,Freeway,Daylight,,Not Raining
2017-1092-8/11/2018,0,0,0,0,1: PDO,Full,1,,60,Rear End,Cross Road,Daylight,,Not Raining
2017-1093-8/11/2018,0,0,0,0,1: PDO,Full,1,,50,Hit Fixed Object,T-Junction,Daylight,,Not Raining
2017-1094-8/11/2018,1,0,0,1,2: MI,Full,1,,50,Right Angle,T-Junction,Daylight,,Not Raining
2017-1095-8/11/2018,0,0,0,0,1: PDO,,1,,80,Rear End,Not Divided,Daylight,,Not Raining
2017-1096-8/11/2018,0,0,0,0,1: PDO,Full,1,,60,Right Angle,Divided Road,Daylight,,Not Raining
2017-1097-8/11/2018,0,0,0,0,1: PDO,Provisional 1 ,1,,60,Right Angle,Cross Road,Daylight,,Not Raining
2017-1098-8/11/2018,0,0,0,0,1: PDO,Full,2,,60,Rear End,Not Divided,Daylight,Y,Not Raining
2017-1099-8/11/2018,1,0,0,1,2: MI,Full,1,,60,Right Angle,Cross Road,Daylight,,Not Raining
2017-1100-8/11/2018,0,0,0,0,1: PDO,Full,1,,50,Hit Parked Vehicle,T-Junction,Daylight,,Not Raining
2017-1101-8/11/2018,0,0,0,0,1: PDO,Full,4,,80,Roll Over,Not Divided,Daylight,,Raining
2017-1102-8/11/2018,5,0,0,5,2: MI,Full,1,,50,Right Angle,Cross Road,Daylight,,Raining
2017-1103-8/11/2018,1,0,0,1,2: MI,Full,1,,60,Rear End,T-Junction,Night,,Not Raining
2017-1104-8/11/2018,1,0,0,1,2: MI,Full,1,,60,Hit Fixed Object,Divided Road,Daylight,,Not Raining
2017-1105-8/11/2018,1,0,0,1,2: MI,Full,1,,60,Right Angle,Divided Road,Daylight,,Not Raining
2017-1106-8/11/2018,1,0,0,1,2: MI,Provisional 2,1,,60,Right Angle,T-Junction,Daylight,,Raining
2017-1107-8/11/2018,0,0,0,0,1: PDO,Full,1,,50,Right Angle,Not Divided,Daylight,,Not Raining
2017-1108-8/11/2018,0,0,0,0,1: PDO,Unknown,1,,50,Roll Over,Not Divided,Daylight,,Raining
2017-1109-8/11/2018,1,0,1,0,3: SI,Unknown,1,,110,Roll Over,Not Divided,Daylight,,Raining