REPORT_ID,Total Cas,Total Fats,Total SI,Total MI,CSEF Severity,Licence Type,Number Occupants,Drugs Involved,Area Speed,Crash Type,Position Type,DayNight,DUI Involved,Weather Cond
2017-1110-8/11/2018,0,0,0,0,1: PDO,Full,1,,50,Right Turn,Not Divided,Daylight,,Not Raining
2017-1111-8/11/2018,2,0,0,2,2: MI,Provisional 2,1,,100,Hit Fixed Object,Not Divided,Daylight,,Not Raining
2017-1112-8/11/2018,1,0,1,0,3: SI,Full,1,,100,Head On,Not Divided,Daylight,,Not Raining
2017-1113-8/11/2018,4,0,0,4,2: MI,Full,1,,60,Right Turn,T-Junction,Daylight,,Raining
2017-1114-8/11/2018,2,0,0,2,2: MI,Full,2,,50,Right Angle,Cross Road,Night,,Not Raining
2017-1115-8/11/2018,1,0,1,0,3: SI,Learners,2,,50,Hit Object on Road,Not Divided,Night,,Not Raining
2017-1116-8/11/2018,1,0,1,0,3: SI,,,,80,Side Swipe,Not Divided,Daylight,,Not Raining
2017-1117-8/11/2018,0,0,0,0,1: PDO,Full,1,,60,Right Angle,T-Junction,Daylight,,Not Raining
2017-1118-8/11/2018,0,0,0,0,1: PDO,,,,50,Roll Over,Not Divided,Daylight,,Not Raining
2017-1119-8/11/2018,0,0,0,0,1: PDO,Full,1,,80,Hit Object on Road,Not Divided,Daylight,,Not Raining
2017-1120-8/11/2018,0,0,0,0,1: PDO,,,,70,Rear End,Cross Road,Daylight,,Raining
2017-1121-8/11/2018,0,0,0,0,1: PDO,Provisional 2,1,,50,Hit Fixed Object,T-Junction,Daylight,,Raining
2017-1122-8/11/2018,1,0,0,1,2: MI,,,,100,Roll Over,Not Divided,Daylight,,Not Raining
2017-1123-8/11/2018,1,0,1,0,3: SI,,,,100,Hit Fixed Object,Not Divided,Daylight,,Not Raining
2017-1124-8/11/2018,0,0,0,0,1: PDO,Full,1,,60,Right Angle,T-Junction,Daylight,,Raining
2017-1125-8/11/2018,1,0,0,1,2: MI,Full,1,,110,Hit Fixed Object,T-Junction,Night,Y,Not Raining
2017-1126-8/11/2018,0,0,0,0,1: PDO,,,,60,Rear End,Cross Road,Daylight,,Not Raining
2017-1127-8/11/2018,0,0,0,0,1: PDO,Provisional 2,1,,100,Hit Fixed Object,Rail Crossing,Daylight,,Raining
2017-1128-8/11/2018,0,0,0,0,1: PDO,Full,3,,110,Right Angle,Multiple,Daylight,,Not Raining
2017-1129-8/11/2018,2,0,0,2,2: MI,Provisional 2,1,,60,Hit Parked Vehicle,T-Junction,Daylight,,Raining
2017-1130-8/11/2018,1,0,0,1,2: MI,Full,1,,60,Right Angle,Cross Road,Daylight,,Raining
2017-1131-8/11/2018,0,0,0,0,1: PDO,Full,1,,60,Right Turn,T-Junction,Night,,Not Raining
2017-1132-8/11/2018,0,0,0,0,1: PDO,,,,60,Right Angle,T-Junction,Daylight,,Raining
2017-1133-8/11/2018,0,0,0,0,1: PDO,Full,1,,60,Right Turn,Cross Road,Daylight,,Not Raining
2017-1134-8/11/2018,0,0,0,0,1: PDO,Full,1,,60,Right Angle,Not Divided,Daylight,,Not Raining
2017-1135-8/11/2018,0,0,0,0,1: PDO,Full,1,,70,Right Angle,Cross Road,Daylight,,Raining
2017-1136-8/11/2018,0,0,0,0,1: PDO,Full,1,,50,Hit Fixed Object,Not Divided,Daylight,,Not Raining
2017-1137-8/11/2018,0,0,0,0,1: PDO,Full,1,,100,Side Swipe,T-Junction,Daylight,,Not Raining
2017-1138-8/11/2018,0,0,0,0,1: PDO,Full,1,,50,Hit Parked Vehicle,Not Divided,Daylight,,Raining
2017-1139-8/11/2018,1,0,0,1,2: MI,Full,1,,70,Hit Fixed Object,Divided Road,Daylight,,Not Raining
2017-1140-8/11/2018,0,0,0,0,1: PDO,Full,1,,50,Right Angle,Cross Road,Daylight,,Raining
2017-1141-8/11/2018,0,0,0,0,1: PDO,Full,1,,100,Hit Fixed Object,Not Divided,Daylight,,Raining
2017-1142-8/11/2018,1,0,0,1,2: MI,Full,1,,60,Rear End,Not Divided,Daylight,,Raining
2017-1143-8/11/2018,0,0,0,0,1: PDO,,1,,60,Right Angle,T-Junction,Daylight,,Not Raining
2017-1144-8/11/2018,0,0,0,0,1: PDO,Full,2,,110,Hit Fixed Object,T-Junction,Night,,Not Raining
2017-1145-8/11/2018,0,0,0,0,1: PDO,Learners,1,,60,Hit Fixed Object,Not Divided,Daylight,,Raining
2017-1146-8/11/2018,0,0,0,0,1: PDO,Full,1,,100,Hit Fixed Object,Not Divided,Daylight,,Raining
2017-1147-8/11/2018,0,0,0,0,1: PDO,Full,1,,80,Hit Fixed Object,T-Junction,Daylight,,Raining
2017-1148-8/11/2018,0,0,0,0,1: PDO,,,,50,Hit Fixed Object,T-Junction,Night,,Raining
2017-1149-8/11/2018,0,0,0,0,1: PDO,,0,,60,Hit Fixed Object,Divided Road,Night,,Raining
2017-1150-8/11/2018,0,0,0,0,1: PDO,Unknown,1,,60,Right Angle,Cross Road,Night,,Raining
2017-1151-8/11/2018,0,0,0,0,1: PDO,,1,,50,Hit Fixed Object,Divided Road,Night,,Raining
2017-1152-8/11/2018,0,0,0,0,1: PDO,Full,1,,60,Hit Fixed Object,Divided Road,Night,,Raining
2017-1153-8/11/2018,1,0,0,1,2: MI,Full,1,,60,Right Angle,Divided Road,Night,,Raining
2017-1154-8/11/2018,0,0,0,0,1: PDO,,,,60,Rear End,T-Junction,Night,,Raining
2017-1155-8/11/2018,0,0,0,0,1: PDO,Full,2,,80,Hit Fixed Object,Not Divided,Night,,Raining
2017-1156-8/11/2018,0,0,0,0,1: PDO,Full,1,,60,Rear End,T-Junction,Daylight,,Not Raining
2017-1157-8/11/2018,1,0,0,1,2: MI,,0,,60,Right Turn,Cross Road,Daylight,,Raining
2017-1158-8/11/2018,0,0,0,0,1: PDO,Full,1,,50,Right Turn,T-Junction,Daylight,,Raining
2017-1159-8/11/2018,0,0,0,0,1: PDO,Full,2,,60,Head On,Divided Road,Daylight,,Raining
2017-1160-8/11/2018,0,0,0,0,1: PDO,Full,1,,60,Rear End,Divided Road,Daylight,,Raining
2017-1161-8/11/2018,0,0,0,0,1: PDO,Full,1,,50,Head On,Not Divided,Daylight,,Raining
2017-1162-8/11/2018,0,0,0,0,1: PDO,Unknown,2,,50,Right Angle,Not Divided,Daylight,,Raining
2017-1163-8/11/2018,0,0,0,0,1: PDO,Unknown,1,,100,Rear End,Divided Road,Daylight,,Raining
2017-1164-8/11/2018,1,0,0,1,2: MI,Unknown,2,,80,Rear End,Divided Road,Daylight,,Not Raining
2017-1165-8/11/2018,1,0,0,1,2: MI,Full,2,,60,Rear End,Not Divided,Daylight,,Not Raining
2017-1166-8/11/2018,1,0,0,1,2: MI,,,,50,Right Angle,T-Junction,Daylight,,Not Raining
2017-1167-8/11/2018,0,0,0,0,1: PDO,,,,100,Hit Fixed Object,Not Divided,Daylight,,Raining
2017-1168-8/11/2018,0,0,0,0,1: PDO,Full,1,,80,Hit Fixed Object,Divided Road,Night,,Raining
2017-1169-8/11/2018,1,0,0,1,2: MI,Unknown,1,,60,Rear End,Divided Road,Daylight,,Not Raining
2017-1170-8/11/2018,0,0,0,0,1: PDO,Full,1,,50,Hit Parked Vehicle,Not Divided,Daylight,,Not Raining
2017-1171-8/11/2018,1,0,0,1,2: MI,Full,3,,80,Hit Object on Road,Divided Road,Night,,Not Raining
2017-1172-8/11/2018,0,0,0,0,1: PDO,Unknown,1,,50,Rear End,Not Divided,Daylight,,Raining
2017-1173-8/11/2018,0,0,0,0,1: PDO,Full,2,,50,Rear End,Cross Road,Daylight,,Not Raining
2017-1174-8/11/2018,1,0,1,0,3: SI,,,Y,110,Hit Fixed Object,Divided Road,Daylight,,Not Raining
2017-1175-8/11/2018,1,0,0,1,2: MI,Full,1,,50,Hit Pedestrian,Not Divided,Daylight,,Not Raining
2017-1176-8/11/2018,2,0,2,0,3: SI,Unknown,1,,100,Hit Fixed Object,Not Divided,Daylight,,Not Raining
2017-1177-8/11/2018,0,0,0,0,1: PDO,Unknown,2,,60,Side Swipe,Divided Road,Daylight,,Not Raining
2017-1178-8/11/2018,1,0,0,1,2: MI,,,,60,Hit Fixed Object,Divided Road,Night,,Raining
2017-1179-8/11/2018,0,0,0,0,1: PDO,,1,,60,Hit Fixed Object,Not Divided,Daylight,,Not Raining
2017-1180-8/11/2018,1,0,0,1,2: MI,Full,1,,30,Hit Fixed Object,T-Junction,Daylight,,Not Raining
2017-1181-8/11/2018,0,0,0,0,1: PDO,Full,1,,50,Rear End,Cross Road,Daylight,,Not Raining
2017-1182-8/11/2018,1,0,0,1,2: MI,Full,1,,60,Rear End,Divided Road,Daylight,,Not Raining
2017-1183-8/11/2018,0,0,0,0,1: PDO,Full,1,,60,Hit Fixed Object,Not Divided,Daylight,,Not Raining
2017-1184-8/11/2018,1,0,0,1,2: MI,Full,1,,110,Hit Fixed Object,Not Divided,Daylight,,Not Raining
2017-1185-8/11/2018,0,0,0,0,1: PDO,,,,50,Hit Fixed Object,Not Divided,Daylight,,Not Raining
2017-1186-8/11/2018,0,0,0,0,1: PDO,,1,,80,Rear End,Not Divided,Daylight,,Not Raining
2017-1187-8/11/2018,1,0,0,1,2: MI,Unknown,1,,110,Left Road - Out of Control,Freeway,Daylight,,Not Raining
2017-1188-8/11/2018,1,0,0,1,2: MI,Full,1,,60,Rear End,Cross Road,Night,,Not Raining
2017-1189-8/11/2018,0,0,0,0,1: PDO,Full,2,,50,Hit Fixed Object,Not Divided,Night,,Not Raining
2017-1190-8/11/2018,1,0,0,1,2: MI,Full,1,,110,Roll Over,Not Divided,Daylight,Y,Not Raining
2017-1191-8/11/2018,2,1,0,1,4: Fatal,,,,100,Roll Over,Not Divided,Night,Y,Not Raining
2017-1192-8/11/2018,1,0,0,1,2: MI,Learners,1,,60,Right Turn,Cross Road,Night,,Not Raining
2017-1193-8/11/2018,0,0,0,0,1: PDO,,,,50,Right Angle,Cross Road,Night,,Not Raining
2017-1194-8/11/2018,1,0,0,1,2: MI,Full,1,,80,Hit Fixed Object,Not Divided,Daylight,,Raining
2017-1195-8/11/2018,1,0,0,1,2: MI,Full,1,,60,Hit Pedestrian,Divided Road,Night,,Not Raining
2017-1196-8/11/2018,0,0,0,0,1: PDO,Full,1,,60,Side Swipe,Not Divided,Daylight,,Not Raining
2017-1197-8/11/2018,0,0,0,0,1: PDO,Full,1,,80,Hit Fixed Object,Not Divided,Daylight,,Not Raining
2017-1198-8/11/2018,1,0,0,1,2: MI,Full,1,,60,Right Turn,Cross Road,Night,,Not Raining
2017-1199-8/11/2018,0,0,0,0,1: PDO,,1,,60,Rear End,Divided Road,Daylight,,Not Raining
2017-1200-8/11/2018,1,0,0,1,2: MI,Unknown,1,,60,Rear End,Cross Road,Daylight,,Not Raining
2017-1201-8/11/2018,0,0,0,0,1: PDO,Full,1,,60,Rear End,T-Junction,Daylight,,Not Raining
2017-1202-8/11/2018,0,0,0,0,1: PDO,Full,1,,60,Rear End,Not Divided,Daylight,,Not Raining
2017-1203-8/11/2018,1,0,0,1,2: MI,Full,1,,60,Rear End,Not Divided,Daylight,,Not Raining
2017-1204-8/11/2018,0,0,0,0,1: PDO,Full,1,,60,Side Swipe,Not Divided,Daylight,,Not Raining
2017-1205-8/11/2018,1,0,0,1,2: MI,Full,1,,100,Hit Fixed Object,Not Divided,Daylight,Y,Not Raining
2017-1206-8/11/2018,0,0,0,0,1: PDO,Full,3,,60,Rear End,T-Junction,Daylight,,Not Raining
2017-1207-8/11/2018,0,0,0,0,1: PDO,Full,1,,50,Right Angle,Cross Road,Daylight,,Not Raining
2017-1208-8/11/2018,1,0,0,1,2: MI,Full,2,,60,Hit Parked Vehicle,T-Junction,Daylight,,Not Raining
2017-1209-8/11/2018,0,0,0,0,1: PDO,Full,2,,50,Hit Fixed Object,T-Junction,Daylight,,Not Raining
2017-1210-8/11/2018,0,0,0,0,1: PDO,Full,1,,60,Rear End,Not Divided,Daylight,,Not Raining
2017-1211-8/11/2018,1,0,0,1,2: MI,Full,2,,50,Right Angle,Cross Road,Daylight,,Not Raining
2017-1212-8/11/2018,0,0,0,0,1: PDO,,,,100,Head On,Not Divided,Daylight,,Not Raining
2017-1213-8/11/2018,0,0,0,0,1: PDO,Full,1,,60,Rear End,Cross Road,Daylight,,Not Raining
2017-1214-8/11/2018,0,0,0,0,1: PDO,Full,1,,50,Hit Parked Vehicle,Divided Road,Daylight,,Not Raining
2017-1215-8/11/2018,0,0,0,0,1: PDO,Provisional 2,2,,50,Head On,Not Divided,Daylight,,Not Raining
2017-1216-8/11/2018,0,0,0,0,1: PDO,Full,2,,50,Hit Fixed Object,T-Junction,Daylight,,Not Raining
2017-1217-8/11/2018,0,0,0,0,1: PDO,Provisional 1 ,1,,110,Hit Animal,Not Divided,Daylight,,Not Raining
2017-1218-8/11/2018,0,0,0,0,1: PDO,Provisional 2,1,,60,Rear End,Rail Crossing,Daylight,,Not Raining
2017-1219-8/11/2018,0,0,0,0,1: PDO,,0,,70,Rear End,Divided Road,Daylight,,Not Raining
2017-1220-8/11/2018,1,0,0,1,2: MI,Full,1,,50,Right Angle,Cross Road,Daylight,,Not Raining
2017-1221-8/11/2018,0,0,0,0,1: PDO,Full,2,,50,Hit Parked Vehicle,Not Divided,Daylight,,Not Raining
2017-1222-8/11/2018,1,0,0,1,2: MI,Full,1,,60,Right Angle,T-Junction,Daylight,,Not Raining
2017-1223-8/11/2018,0,0,0,0,1: PDO,Unlicenced,1,,50,Roll Over,T-Junction,Daylight,,Not Raining
2017-1224-8/11/2018,1,0,0,1,2: MI,Full,1,,60,Head On,Not Divided,Daylight,,Not Raining
2017-1225-8/11/2018,0,0,0,0,1: PDO,,1,,70,Right Angle,T-Junction,Daylight,,Not Raining
2017-1226-8/11/2018,0,0,0,0,1: PDO,,1,,60,Rear End,T-Junction,Daylight,,Not Raining
2017-1227-8/11/2018,2,0,0,2,2: MI,,1,,70,Rear End,Cross Road,Daylight,,Not Raining
2017-1228-8/11/2018,1,0,1,0,3: SI,Full,1,,60,Rear End,Not Divided,Daylight,,Not Raining
2017-1229-8/11/2018,1,0,0,1,2: MI,,,,60,Roll Over,Divided Road,Daylight,,Not Raining
2017-1230-8/11/2018,1,0,0,1,2: MI,Full,1,,50,Right Turn,Not Divided,Daylight,,Not Raining
2017-1231-8/11/2018,1,0,0,1,2: MI,,,,50,Rear End,Cross Road,Daylight,,Not Raining
2017-1232-8/11/2018,0,0,0,0,1: PDO,Full,1,,50,Hit Parked Vehicle,Not Divided,Daylight,,Not Raining
2017-1233-8/11/2018,0,0,0,0,1: PDO,Full,1,,100,Roll Over,Not Divided,Daylight,,Not Raining
2017-1234-8/11/2018,0,0,0,0,1: PDO,Full,2,,50,Hit Parked Vehicle,Not Divided,Daylight,,Not Raining
2017-1235-8/11/2018,0,0,0,0,1: PDO,,1,,40,Right Angle,T-Junction,Daylight,,Not Raining
2017-1236-8/11/2018,0,0,0,0,1: PDO,Full,1,,40,Hit Fixed Object,Cross Road,Daylight,Y,Not Raining
2017-1237-8/11/2018,0,0,0,0,1: PDO,Full,1,,60,Rear End,Cross Road,Daylight,,Not Raining
2017-1238-8/11/2018,0,0,0,0,1: PDO,Full,2,,60,Side Swipe,Divided Road,Daylight,,Not Raining
2017-1239-8/11/2018,0,0,0,0,1: PDO,Unknown,2,,60,Hit Parked Vehicle,Divided Road,Daylight,,Not Raining
2017-1240-8/11/2018,1,0,0,1,2: MI,Unknown,1,,60,Right Turn,T-Junction,Night,,Not Raining
2017-1241-8/11/2018,0,0,0,0,1: PDO,Unknown,1,,110,Roll Over,Divided Road,Daylight,,Not Raining
2017-1242-8/11/2018,1,1,0,0,4: Fatal,Full,2,,10,Hit Fixed Object,Other,Daylight,,Not Raining
2017-1243-8/11/2018,0,0,0,0,1: PDO,Full,1,,60,Right Turn,Cross Road,Daylight,,Not Raining
2017-1244-8/11/2018,0,0,0,0,1: PDO,Full,1,,100,Hit Fixed Object,Not Divided,Daylight,,Not Raining
2017-1245-8/11/2018,1,0,0,1,2: MI,Full,1,,50,Hit Parked Vehicle,Not Divided,Daylight,,Not Raining
2017-1246-8/11/2018,1,0,0,1,2: MI,Full,2,,90,Right Angle,T-Junction,Daylight,,Not Raining
2017-1247-8/11/2018,0,0,0,0,1: PDO,Full,1,,60,Side Swipe,Cross Road,Daylight,,Not Raining
2017-1248-8/11/2018,0,0,0,0,1: PDO,Full,2,,60,Rear End,Cross Road,Daylight,,Not Raining
2017-1249-8/11/2018,0,0,0,0,1: PDO,Full,1,,50,Right Angle,T-Junction,Daylight,,Not Raining
2017-1250-8/11/2018,1,0,0,1,2: MI,Full,2,,100,Roll Over,Not Divided,Daylight,,Not Raining
2017-1251-8/11/2018,0,0,0,0,1: PDO,Full,1,,60,Side Swipe,T-Junction,Daylight,,Not Raining
2017-1252-8/11/2018,0,0,0,0,1: PDO,Full,1,,50,Hit Fixed Object,Not Divided,Daylight,,Not Raining
2017-1253-8/11/2018,0,0,0,0,1: PDO,Full,1,,80,Rear End,Divided Road,Daylight,,Not Raining
2017-1254-8/11/2018,0,0,0,0,1: PDO,Full,1,,60,Right Turn,T-Junction,Daylight,,Not Raining
2017-1255-8/11/2018,1,0,1,0,3: SI,Full,1,,100,Hit Fixed Object,Not Divided,Daylight,,Not Raining
2017-1256-8/11/2018,1,0,1,0,3: SI,Full,2,,60,Hit Fixed Object,Divided Road,Daylight,,Not Raining
2017-1257-8/11/2018,0,0,0,0,1: PDO,Full,1,,50,Side Swipe,Not Divided,Daylight,,Not Raining
2017-1258-8/11/2018,0,0,0,0,1: PDO,Unknown,1,,60,Rear End,Divided Road,Daylight,,Not Raining
2017-1259-8/11/2018,0,0,0,0,1: PDO,Provisional 2,1,,80,Rear End,Divided Road,Daylight,,Not Raining
2017-1260-8/11/2018,0,0,0,0,1: PDO,Full,1,,50,Right Angle,Cross Road,Daylight,,Not Raining
2017-1261-8/11/2018,1,0,0,1,2: MI,Full,1,,80,Side Swipe,Divided Road,Daylight,,Not Raining
2017-1262-8/11/2018,0,0,0,0,1: PDO,Unknown,1,,50,Right Angle,Not Divided,Daylight,,Not Raining
2017-1263-8/11/2018,1,0,0,1,2: MI,Full,1,,60,Rear End,T-Junction,Daylight,,Not Raining
2017-1264-8/11/2018,0,0,0,0,1: PDO,,,,60,Rear End,T-Junction,Daylight,,Not Raining
2017-1265-8/11/2018,0,0,0,0,1: PDO,Full,3,,60,Right Angle,Cross Road,Daylight,,Not Raining
2017-1266-8/11/2018,0,0,0,0,1: PDO,Full,1,,50,Hit Parked Vehicle,Not Divided,Daylight,,Not Raining
2017-1267-8/11/2018,1,0,0,1,2: MI,Full,1,Y,100,Hit Fixed Object,Not Divided,Daylight,,Not Raining
2017-1268-8/11/2018,0,0,0,0,1: PDO,Full,1,,60,Right Angle,Cross Road,Daylight,,Not Raining
2017-1269-8/11/2018,1,0,0,1,2: MI,Full,1,,60,Hit Parked Vehicle,Divided Road,Daylight,,Not Raining
2017-1270-8/11/2018,1,0,0,1,2: MI,Full,1,,50,Right Angle,T-Junction,Night,,Not Raining
2017-1271-8/11/2018,5,0,0,5,2: MI,Full,2,,100,Roll Over,Not Divided,Night,,Not Raining
2017-1272-8/11/2018,0,0,0,0,1: PDO,Full,1,,60,Side Swipe,T-Junction,Daylight,,Not Raining
2017-1273-8/11/2018,1,0,0,1,2: MI,Full,2,,80,Rear End,Cross Road,Daylight,,Not Raining
2017-1274-8/11/2018,1,0,0,1,2: MI,Disqualified,4,,60,Side Swipe,Cross Road,Daylight,,Not Raining
2017-1275-8/11/2018,0,0,0,0,1: PDO,,,,50,Hit Fixed Object,Not Divided,Daylight,,Not Raining
2017-1276-8/11/2018,1,0,0,1,2: MI,Provisional 2,1,,50,Rear End,Not Divided,Daylight,,Not Raining
2017-1277-8/11/2018,0,0,0,0,1: PDO,,,,80,Rear End,Not Divided,Daylight,,Not Raining
2017-1278-8/11/2018,1,0,0,1,2: MI,,0,,50,Rear End,Cross Road,Daylight,,Not Raining
2017-1279-8/11/2018,0,0,0,0,1: PDO,Probationary,1,,90,Side Swipe,Divided Road,Daylight,,Not Raining
2017-1280-8/11/2018,0,0,0,0,1: PDO,Full,1,,60,Right Turn,Not Divided,Night,,Not Raining
2017-1281-8/11/2018,0,0,0,0,1: PDO,,1,,80,Hit Animal,Not Divided,Night,,Not Raining
2017-1282-8/11/2018,0,0,0,0,1: PDO,Full,2,,60,Rear End,Not Divided,Daylight,,Not Raining
2017-1283-8/11/2018,0,0,0,0,1: PDO,Full,2,,80,Right Turn,Not Divided,Daylight,,Not Raining
2017-1284-8/11/2018,0,0,0,0,1: PDO,Full,1,,50,Hit Parked Vehicle,Not Divided,Daylight,,Not Raining
2017-1285-8/11/2018,1,0,0,1,2: MI,,,,100,Side Swipe,Freeway,Daylight,,Not Raining
2017-1286-8/11/2018,0,0,0,0,1: PDO,,1,,60,Side Swipe,Divided Road,Daylight,,Not Raining
2017-1287-8/11/2018,2,0,0,2,2: MI,Unlicenced,1,Y,100,Right Angle,Not Divided,Daylight,,Not Raining
2017-1288-8/11/2018,1,0,0,1,2: MI,Full,5,,60,Right Turn,Not Divided,Daylight,,Not Raining
2017-1289-8/11/2018,0,0,0,0,1: PDO,Full,2,,60,Rear End,T-Junction,Daylight,,Not Raining
2017-1290-8/11/2018,0,0,0,0,1: PDO,Full,1,,60,Hit Parked Vehicle,Not Divided,Daylight,,Not Raining
2017-1291-8/11/2018,1,0,1,0,3: SI,Full,1,,50,Hit Fixed Object,Cross Road,Daylight,,Not Raining
2017-1292-8/11/2018,0,0,0,0,1: PDO,Full,1,,60,Rear End,T-Junction,Daylight,,Not Raining
2017-1293-8/11/2018,1,0,0,1,2: MI,Full,1,,60,Rear End,T-Junction,Daylight,,Not Raining
2017-1294-8/11/2018,0,0,0,0,1: PDO,Unlicenced,2,,60,Rear End,Cross Road,Daylight,,Not Raining
2017-1295-8/11/2018,0,0,0,0,1: PDO,Full,1,,60,Rear End,Not Divided,Daylight,,Not Raining
2017-1296-8/11/2018,0,0,0,0,1: PDO,Unknown,1,,90,Right Angle,Divided Road,Daylight,,Not Raining
2017-1297-8/11/2018,0,0,0,0,1: PDO,Full,1,,40,Head On,Cross Road,Daylight,,Not Raining
2017-1298-8/11/2018,1,0,0,1,2: MI,Full,1,,80,Side Swipe,Divided Road,Daylight,,Not Raining
2017-1299-8/11/2018,0,0,0,0,1: PDO,Full,1,,50,Hit Fixed Object,Not Divided,Daylight,,Not Raining
2017-1300-8/11/2018,1,0,0,1,2: MI,Full,2,,50,Rear End,T-Junction,Daylight,,Not Raining
2017-1301-8/11/2018,0,0,0,0,1: PDO,Full,1,,60,Hit Fixed Object,Not Divided,Night,,Not Raining
2017-1302-8/11/2018,0,0,0,0,1: PDO,Full,1,,60,Rear End,Divided Road,Daylight,,Not Raining
2017-1303-8/11/2018,1,0,0,1,2: MI,Provisional 2,1,,100,Hit Fixed Object,Not Divided,Daylight,,Not Raining
2017-1304-8/11/2018,2,0,0,2,2: MI,Probationary,1,,50,Hit Pedestrian,T-Junction,Daylight,,Not Raining
2017-1305-8/11/2018,0,0,0,0,1: PDO,Full,1,,50,Side Swipe,Not Divided,Daylight,,Not Raining
2017-1306-8/11/2018,0,0,0,0,1: PDO,,0,,80,Right Turn,Cross Road,Night,,Not Raining
2017-1307-8/11/2018,1,0,0,1,2: MI,Full,1,,50,Hit Parked Vehicle,Not Divided,Daylight,,Not Raining
2017-1308-8/11/2018,0,0,0,0,1: PDO,Learners,1,,50,Right Angle,Not Divided,Daylight,,Not Raining
2017-1309-8/11/2018,0,0,0,0,1: PDO,Full,1,,70,Side Swipe,Divided Road,Daylight,,Not Raining
2017-1310-8/11/2018,0,0,0,0,1: PDO,Unknown,1,,60,Rear End,Cross Road,Daylight,,Not Raining
2017-1311-8/11/2018,0,0,0,0,1: PDO,Full,1,,50,Rear End,Cross Road,Daylight,,Not Raining
2017-1312-8/11/2018,1,0,0,1,2: MI,Full,1,,50,Right Angle,Cross Road,Daylight,,Not Raining
2017-1313-8/11/2018,0,0,0,0,1: PDO,Provisional 1 ,2,,50,Right Angle,Cross Road,Daylight,,Not Raining
2017-1314-8/11/2018,0,0,0,0,1: PDO,Full,1,,60,Rear End,Divided Road,Daylight,,Not Raining
2017-1315-8/11/2018,0,0,0,0,1: PDO,Unknown,2,,100,Rear End,T-Junction,Daylight,,Not Raining
2017-1316-8/11/2018,0,0,0,0,1: PDO,Full,1,,80,Other,Divided Road,Daylight,,Not Raining
2017-1317-8/11/2018,0,0,0,0,1: PDO,Full,1,,50,Right Turn,Cross Road,Daylight,,Not Raining
2017-1318-8/11/2018,0,0,0,0,1: PDO,Provisional 1 ,2,,40,Rear End,Cross Road,Daylight,,Not Raining
2017-1319-8/11/2018,1,0,0,1,2: MI,Full,5,,60,Rear End,Cross Road,Daylight,,Raining
2017-1320-8/11/2018,1,0,1,0,3: SI,Full,1,,100,Roll Over,Not Divided,Daylight,,Not Raining
2017-1321-8/11/2018,1,0,0,1,2: MI,Full,1,,60,Hit Fixed Object,Divided Road,Daylight,,Not Raining
2017-1322-8/11/2018,1,0,0,1,2: MI,Full,1,,60,Rear End,Not Divided,Daylight,,Not Raining
2017-1323-8/11/2018,0,0,0,0,1: PDO,Full,3,,50,Hit Parked Vehicle,Not Divided,Daylight,,Not Raining
2017-1324-8/11/2018,1,0,0,1,2: MI,,1,,50,Right Angle,T-Junction,Daylight,,Not Raining
2017-1325-8/11/2018,0,0,0,0,1: PDO,Full,1,,60,Hit Parked Vehicle,Divided Road,Night,,Not Raining
2017-1326-8/11/2018,0,0,0,0,1: PDO,,,,90,Right Angle,T-Junction,Daylight,,Not Raining
2017-1327-8/11/2018,0,0,0,0,1: PDO,Full,1,,110,Roll Over,Not Divided,Daylight,,Not Raining
2017-1328-8/11/2018,0,0,0,0,1: PDO,Full,1,,60,Rear End,Divided Road,Daylight,,Not Raining
2017-1329-8/11/2018,0,0,0,0,1: PDO,Full,1,,50,Right Angle,Not Divided,Daylight,,Unknown