REPORT_ID,Total Cas,Total Fats,Total SI,Total MI,CSEF Severity,Licence Type,Number Occupants,Drugs Involved,Area Speed,Crash Type,Position Type,DayNight,DUI Involved,Weather Cond
2017-1330-8/11/2018,0,0,0,0,1: PDO,Full,1,,60,Rear End,Cross Road,Daylight,,Not Raining
2017-1331-8/11/2018,0,0,0,0,1: PDO,Full,4,,60,Rear End,T-Junction,Night,,Not Raining
2017-1332-8/11/2018,1,0,0,1,2: MI,Full,1,,60,Rear End,Divided Road,Daylight,,Not Raining
2017-1333-8/11/2018,0,0,0,0,1: PDO,Full,1,,60,Side Swipe,Divided Road,Daylight,,Not Raining
2017-1334-8/11/2018,0,0,0,0,1: PDO,Unknown,1,,60,Rear End,Not Divided,Daylight,,Not Raining
2017-1335-8/11/2018,1,0,0,1,2: MI,Unknown,1,,60,Rear End,Divided Road,Daylight,,Not Raining
2017-1336-8/11/2018,0,0,0,0,1: PDO,Full,1,,80,Rear End,Divided Road,Daylight,,Not Raining
2017-1337-8/11/2018,0,0,0,0,1: PDO,Full,1,,110,Roll Over,Not Divided,Daylight,,Not Raining
2017-1338-8/11/2018,1,0,0,1,2: MI,Unknown,1,,60,Right Turn,T-Junction,Daylight,,Not Raining
2017-1339-8/11/2018,1,0,0,1,2: MI,Full,1,,50,Hit Parked Vehicle,Not Divided,Daylight,,Not Raining
2017-1340-8/11/2018,0,0,0,0,1: PDO,Full,1,,110,Hit Fixed Object,Ramp Off,Daylight,Y,Not Raining
2017-1341-8/11/2018,1,0,0,1,2: MI,Full,2,,70,Rear End,Divided Road,Daylight,Y,Not Raining
2017-1342-8/11/2018,0,0,0,0,1: PDO,Learners,2,,100,Rear End,Cross Road,Night,,Not Raining
2017-1343-8/11/2018,2,1,1,0,4: Fatal,Full,2,,110,Head On,Not Divided,Daylight,Y,Not Raining
2017-1344-8/11/2018,0,0,0,0,1: PDO,Full,1,,50,Hit Fixed Object,Not Divided,Night,Y,Not Raining
2017-1345-8/11/2018,1,0,0,1,2: MI,Full,1,,80,Hit Fixed Object,Not Divided,Night,,Not Raining
2017-1346-8/11/2018,1,0,0,1,2: MI,Full,1,,60,Rear End,T-Junction,Daylight,,Not Raining
2017-1347-8/11/2018,1,0,0,1,2: MI,Provisional 2,1,,25,Hit Pedestrian,Divided Road,Daylight,,Not Raining
2017-1348-8/11/2018,0,0,0,0,1: PDO,,,,50,Hit Parked Vehicle,Not Divided,Daylight,,Not Raining
2017-1349-8/11/2018,1,0,0,1,2: MI,Full,1,,40,Hit Parked Vehicle,Not Divided,Daylight,,Not Raining
2017-1350-8/11/2018,1,0,0,1,2: MI,Full,1,,60,Rear End,Cross Road,Night,,Not Raining
2017-1351-8/11/2018,0,0,0,0,1: PDO,Provisional 2,1,,60,Hit Parked Vehicle,Not Divided,Daylight,,Not Raining
2017-1352-8/11/2018,0,0,0,0,1: PDO,Full,1,,110,Roll Over,Not Divided,Daylight,,Not Raining
2017-1353-8/11/2018,1,0,0,1,2: MI,Full,1,,80,Roll Over,Not Divided,Daylight,,Not Raining
2017-1354-8/11/2018,1,0,0,1,2: MI,,1,,50,Side Swipe,Not Divided,Daylight,,Not Raining
2017-1355-8/11/2018,0,0,0,0,1: PDO,Learners,1,,60,Rear End,Not Divided,Daylight,,Not Raining
2017-1356-8/11/2018,1,0,0,1,2: MI,Full,1,,50,Hit Pedestrian,Not Divided,Daylight,,Not Raining
2017-1357-8/11/2018,1,0,0,1,2: MI,Full,1,Y,50,Hit Fixed Object,Not Divided,Daylight,,Not Raining
2017-1358-8/11/2018,0,0,0,0,1: PDO,,,,60,Side Swipe,Divided Road,Daylight,,Not Raining
2017-1359-8/11/2018,2,0,1,1,3: SI,Full,1,,60,Side Swipe,Not Divided,Daylight,,Not Raining
2017-1360-8/11/2018,0,0,0,0,1: PDO,,1,,50,Rear End,Not Divided,Daylight,,Not Raining
2017-1361-8/11/2018,0,0,0,0,1: PDO,Unlicenced,1,,60,Hit Fixed Object,Divided Road,Night,,Not Raining
2017-1362-8/11/2018,0,0,0,0,1: PDO,,0,,110,Roll Over,Not Divided,Night,,Not Raining
2017-1363-8/11/2018,0,0,0,0,1: PDO,Full,1,,50,Right Angle,Cross Road,Daylight,,Not Raining
2017-1364-8/11/2018,1,0,1,0,3: SI,Unknown,1,,50,Hit Pedestrian,Not Divided,Daylight,,Not Raining
2017-1365-8/11/2018,1,0,0,1,2: MI,Full,1,,50,Rear End,Cross Road,Daylight,,Not Raining
2017-1366-8/11/2018,1,0,1,0,3: SI,Full,1,,50,Right Angle,Cross Road,Daylight,,Not Raining
2017-1367-8/11/2018,1,0,0,1,2: MI,Full,1,Y,50,Hit Fixed Object,T-Junction,Night,,Not Raining
2017-1368-8/11/2018,1,0,0,1,2: MI,Provisional 2,2,,110,Left Road - Out of Control,Not Divided,Daylight,,Not Raining
2017-1369-8/11/2018,0,0,0,0,1: PDO,,,,50,Hit Fixed Object,Not Divided,Daylight,,Not Raining
2017-1370-8/11/2018,0,0,0,0,1: PDO,Full,1,,60,Hit Fixed Object,Divided Road,Daylight,,Not Raining
2017-1371-8/11/2018,1,0,0,1,2: MI,Unknown,1,,100,Hit Fixed Object,Not Divided,Daylight,,Not Raining
2017-1372-8/11/2018,0,0,0,0,1: PDO,Full,1,,40,Right Angle,Cross Road,Daylight,,Not Raining
2017-1373-8/11/2018,1,0,0,1,2: MI,,,,60,Rear End,Cross Road,Daylight,,Not Raining
2017-1374-8/11/2018,0,0,0,0,1: PDO,,1,,50,Hit Fixed Object,Not Divided,Daylight,,Not Raining
2017-1375-8/11/2018,1,0,0,1,2: MI,,1,,60,Roll Over,T-Junction,Daylight,,Not Raining
2017-1376-8/11/2018,1,0,0,1,2: MI,Unlicenced,1,,60,Rear End,Divided Road,Night,,Not Raining
2017-1377-8/11/2018,1,0,0,1,2: MI,Full,1,,60,Roll Over,Divided Road,Daylight,,Not Raining
2017-1378-8/11/2018,1,0,1,0,3: SI,,1,,50,Side Swipe,Not Divided,Daylight,,Not Raining
2017-1379-8/11/2018,0,0,0,0,1: PDO,Full,1,,50,Right Angle,Cross Road,Daylight,,Not Raining
2017-1380-8/11/2018,0,0,0,0,1: PDO,Full,3,,60,Right Angle,T-Junction,Daylight,,Not Raining
2017-1381-8/11/2018,1,0,0,1,2: MI,Provisional 2,1,,50,Hit Parked Vehicle,Not Divided,Daylight,,Not Raining
2017-1382-8/11/2018,0,0,0,0,1: PDO,Full,1,,50,Side Swipe,Divided Road,Night,,Not Raining
2017-1383-8/11/2018,1,0,0,1,2: MI,Full,1,,60,Right Angle,Cross Road,Daylight,,Not Raining
2017-1384-8/11/2018,1,0,0,1,2: MI,,,,80,Rear End,Cross Road,Daylight,,Not Raining
2017-1385-8/11/2018,0,0,0,0,1: PDO,Unlicenced,1,,70,Roll Over,Not Divided,Daylight,,Not Raining
2017-1386-8/11/2018,1,0,0,1,2: MI,,,,100,Hit Fixed Object,Not Divided,Night,,Not Raining
2017-1387-8/11/2018,2,0,0,2,2: MI,Full,1,,60,Head On,Not Divided,Daylight,,Not Raining
2017-1388-8/11/2018,0,0,0,0,1: PDO,,1,,50,Right Turn,Not Divided,Daylight,,Not Raining
2017-1389-8/11/2018,0,0,0,0,1: PDO,Full,5,,50,Right Angle,Not Divided,Daylight,,Not Raining
2017-1390-8/11/2018,1,0,0,1,2: MI,Full,5,,50,Head On,T-Junction,Daylight,,Not Raining
2017-1391-8/11/2018,1,0,0,1,2: MI,Full,1,,60,Rear End,Cross Road,Daylight,,Not Raining
2017-1392-8/11/2018,0,0,0,0,1: PDO,,,,100,Roll Over,Not Divided,Daylight,,Not Raining
2017-1393-8/11/2018,1,0,0,1,2: MI,Full,1,,50,Hit Fixed Object,Multiple,Night,Y,Not Raining
2017-1394-8/11/2018,0,0,0,0,1: PDO,Full,2,,50,Right Angle,Not Divided,Night,,Not Raining
2017-1395-8/11/2018,1,1,0,0,4: Fatal,Full,1,,50,Hit Pedestrian,Not Divided,Daylight,,Not Raining
2017-1396-8/11/2018,0,0,0,0,1: PDO,,0,,50,Right Angle,Cross Road,Night,,Not Raining
2017-1397-8/11/2018,0,0,0,0,1: PDO,Full,2,Y,60,Hit Fixed Object,Not Divided,Night,,Not Raining
2017-1398-8/11/2018,1,0,0,1,2: MI,Full,1,,50,Hit Parked Vehicle,Not Divided,Daylight,,Not Raining
2017-1399-8/11/2018,0,0,0,0,1: PDO,Full,2,,110,Hit Animal,Not Divided,Daylight,,Not Raining
2017-1400-8/11/2018,1,0,0,1,2: MI,Full,1,,60,Rear End,Divided Road,Daylight,,Not Raining
2017-1401-8/11/2018,3,0,0,3,2: MI,,,,50,Rear End,T-Junction,Daylight,,Not Raining
2017-1402-8/11/2018,0,0,0,0,1: PDO,Unknown,1,,60,Rear End,Cross Road,Daylight,,Not Raining
2017-1403-8/11/2018,0,0,0,0,1: PDO,,,,60,Right Angle,Cross Road,Daylight,,Not Raining
2017-1404-8/11/2018,1,0,0,1,2: MI,Unlicenced,1,,90,Rear End,Divided Road,Daylight,,Not Raining
2017-1405-8/11/2018,0,0,0,0,1: PDO,Learners,1,,50,Right Turn,Cross Road,Daylight,,Not Raining
2017-1406-8/11/2018,0,0,0,0,1: PDO,Full,2,,50,Hit Parked Vehicle,Not Divided,Daylight,,Not Raining
2017-1407-8/11/2018,0,0,0,0,1: PDO,Full,1,,60,Right Angle,T-Junction,Daylight,,Not Raining
2017-1408-8/11/2018,2,0,1,1,3: SI,,0,,60,Right Angle,Divided Road,Daylight,Y,Not Raining
2017-1409-8/11/2018,0,0,0,0,1: PDO,Full,1,,60,Rear End,T-Junction,Daylight,,Not Raining
2017-1410-8/11/2018,0,0,0,0,1: PDO,,,,50,Rear End,Cross Road,Daylight,,Not Raining
2017-1411-8/11/2018,0,0,0,0,1: PDO,Full,1,,50,Hit Fixed Object,Not Divided,Daylight,,Not Raining
2017-1412-8/11/2018,0,0,0,0,1: PDO,Full,1,,60,Right Angle,Cross Road,Daylight,,Not Raining
2017-1413-8/11/2018,1,0,0,1,2: MI,Full,4,,50,Rear End,Not Divided,Daylight,,Not Raining
2017-1414-8/11/2018,0,0,0,0,1: PDO,Full,1,,60,Hit Fixed Object,T-Junction,Daylight,,Not Raining
2017-1415-8/11/2018,0,0,0,0,1: PDO,,1,,90,Rear End,Divided Road,Daylight,,Not Raining
2017-1416-8/11/2018,0,0,0,0,1: PDO,Full,2,,60,Rear End,Divided Road,Daylight,,Not Raining
2017-1417-8/11/2018,1,0,0,1,2: MI,Provisional 1 ,1,,50,Side Swipe,Not Divided,Daylight,,Not Raining
2017-1418-8/11/2018,0,0,0,0,1: PDO,Full,3,,60,Right Angle,T-Junction,Daylight,,Not Raining
2017-1419-8/11/2018,0,0,0,0,1: PDO,Full,1,,50,Hit Fixed Object,T-Junction,Daylight,Y,Not Raining
2017-1420-8/11/2018,0,0,0,0,1: PDO,Provisional 2,1,,50,Right Angle,T-Junction,Daylight,,Not Raining
2017-1421-8/11/2018,0,0,0,0,1: PDO,,,,60,Right Angle,T-Junction,Night,,Not Raining
2017-1422-8/11/2018,0,0,0,0,1: PDO,Full,1,,60,Rear End,Divided Road,Daylight,,Not Raining
2017-1423-8/11/2018,1,0,0,1,2: MI,,1,,50,Side Swipe,Not Divided,Daylight,,Not Raining
2017-1424-8/11/2018,1,0,0,1,2: MI,Full,3,,60,Right Angle,Cross Road,Daylight,,Not Raining
2017-1425-8/11/2018,0,0,0,0,1: PDO,,,,5,Hit Parked Vehicle,Not Divided,Daylight,,Not Raining
2017-1426-8/11/2018,1,0,0,1,2: MI,Full,1,,50,Hit Parked Vehicle,Not Divided,Daylight,,Not Raining
2017-1427-8/11/2018,1,0,0,1,2: MI,Full,1,,60,Right Angle,T-Junction,Daylight,,Not Raining
2017-1428-8/11/2018,0,0,0,0,1: PDO,Full,1,,60,Side Swipe,Divided Road,Daylight,,Not Raining
2017-1429-8/11/2018,0,0,0,0,1: PDO,,,,80,Rear End,Divided Road,Daylight,,Not Raining
2017-1430-8/11/2018,0,0,0,0,1: PDO,,,,60,Right Angle,T-Junction,Daylight,,Not Raining
2017-1431-8/11/2018,1,0,0,1,2: MI,Full,2,,60,Rear End,Divided Road,Daylight,,Not Raining
2017-1432-8/11/2018,0,0,0,0,1: PDO,,0,,50,Side Swipe,Not Divided,Daylight,,Not Raining
2017-1433-8/11/2018,1,0,0,1,2: MI,Full,2,,25,Hit Fixed Object,Divided Road,Daylight,,Not Raining
2017-1434-8/11/2018,1,0,0,1,2: MI,Full,2,,50,Hit Pedestrian,Not Divided,Daylight,,Not Raining
2017-1435-8/11/2018,1,0,0,1,2: MI,Full,1,,60,Right Turn,Cross Road,Daylight,,Not Raining
2017-1436-8/11/2018,0,0,0,0,1: PDO,,,,100,Hit Animal,Not Divided,Daylight,,Not Raining
2017-1437-8/11/2018,1,0,0,1,2: MI,Full,1,,60,Right Angle,T-Junction,Daylight,,Not Raining
2017-1438-8/11/2018,1,0,0,1,2: MI,Full,1,,50,Hit Pedestrian,Not Divided,Daylight,,Not Raining
2017-1439-8/11/2018,0,0,0,0,1: PDO,Full,1,,60,Rear End,T-Junction,Daylight,,Not Raining
2017-1440-8/11/2018,0,0,0,0,1: PDO,Full,1,,60,Right Angle,T-Junction,Daylight,,Not Raining
2017-1441-8/11/2018,0,0,0,0,1: PDO,Full,1,,60,Right Angle,Not Divided,Daylight,,Not Raining
2017-1442-8/11/2018,0,0,0,0,1: PDO,Full,1,,50,Hit Fixed Object,T-Junction,Daylight,,Not Raining
2017-1443-8/11/2018,0,0,0,0,1: PDO,Unknown,1,,60,Right Turn,Divided Road,Daylight,,Not Raining
2017-1444-8/11/2018,0,0,0,0,1: PDO,Full,2,,60,Rear End,Not Divided,Daylight,,Not Raining
2017-1445-8/11/2018,0,0,0,0,1: PDO,Provisional 2,1,,60,Side Swipe,Cross Road,Daylight,,Not Raining
2017-1446-8/11/2018,0,0,0,0,1: PDO,Unknown,1,,50,Right Angle,Cross Road,Night,,Not Raining
2017-1447-8/11/2018,0,0,0,0,1: PDO,Provisional 1 ,1,,60,Rear End,Divided Road,Daylight,,Not Raining
2017-1448-8/11/2018,0,0,0,0,1: PDO,Full,2,,70,Head On,Not Divided,Daylight,,Not Raining
2017-1449-8/11/2018,1,0,0,1,2: MI,Full,1,,60,Right Angle,Cross Road,Daylight,,Not Raining
2017-1450-8/11/2018,1,0,0,1,2: MI,Full,1,,50,Hit Fixed Object,Divided Road,Daylight,,Not Raining
2017-1451-8/11/2018,1,0,0,1,2: MI,Full,1,,60,Rear End,Divided Road,Daylight,,Not Raining
2017-1452-8/11/2018,1,0,1,0,3: SI,Full,1,,60,Rear End,T-Junction,Daylight,,Not Raining
2017-1453-8/11/2018,2,0,0,2,2: MI,Full,1,,60,Rear End,T-Junction,Daylight,,Not Raining
2017-1454-8/11/2018,1,0,0,1,2: MI,,1,,60,Rear End,T-Junction,Daylight,,Not Raining
2017-1455-8/11/2018,0,0,0,0,1: PDO,Full,1,,50,Rear End,Not Divided,Daylight,,Not Raining
2017-1456-8/11/2018,0,0,0,0,1: PDO,,,,60,Rear End,Not Divided,Daylight,,Not Raining
2017-1457-8/11/2018,0,0,0,0,1: PDO,Full,1,,60,Hit Fixed Object,T-Junction,Night,,Not Raining
2017-1458-8/11/2018,0,0,0,0,1: PDO,,,,70,Rear End,Divided Road,Daylight,,Not Raining
2017-1459-8/11/2018,0,0,0,0,1: PDO,Unlicenced,1,,60,Right Turn,Cross Road,Daylight,,Not Raining
2017-1460-8/11/2018,0,0,0,0,1: PDO,,,,60,Rear End,T-Junction,Daylight,,Not Raining
2017-1461-8/11/2018,1,0,0,1,2: MI,Full,1,,50,Right Angle,Cross Road,Daylight,,Not Raining
2017-1462-8/11/2018,1,0,0,1,2: MI,Full,1,,60,Rear End,Cross Road,Daylight,,Not Raining
2017-1463-8/11/2018,0,0,0,0,1: PDO,Full,1,,60,Rear End,Divided Road,Daylight,,Not Raining
2017-1464-8/11/2018,0,0,0,0,1: PDO,Full,1,,110,Roll Over,T-Junction,Daylight,,Not Raining
2017-1465-8/11/2018,1,0,0,1,2: MI,Full,1,,100,Roll Over,Not Divided,Daylight,,Not Raining
2017-1466-8/11/2018,0,0,0,0,1: PDO,,1,Y,80,Hit Fixed Object,Cross Road,Night,,Not Raining
2017-1467-8/11/2018,1,0,0,1,2: MI,Full,2,,50,Right Angle,Cross Road,Daylight,,Not Raining
2017-1468-8/11/2018,1,0,0,1,2: MI,Full,1,,50,Right Angle,Cross Road,Daylight,,Not Raining
2017-1469-8/11/2018,0,0,0,0,1: PDO,Full,1,,60,Rear End,Cross Road,Daylight,,Not Raining
2017-1470-8/11/2018,3,0,0,3,2: MI,Learners,1,Y,80,Right Angle,Cross Road,Daylight,,Not Raining
2017-1471-8/11/2018,1,0,0,1,2: MI,Full,1,,70,Right Turn,T-Junction,Daylight,,Not Raining
2017-1472-8/11/2018,1,0,0,1,2: MI,Full,2,,50,Right Angle,Cross Road,Daylight,,Not Raining
2017-1473-8/11/2018,1,0,0,1,2: MI,Full,2,,60,Rear End,Cross Road,Daylight,,Not Raining
2017-1474-8/11/2018,1,0,0,1,2: MI,Full,1,,60,Rear End,Divided Road,Daylight,,Not Raining
2017-1475-8/11/2018,1,0,0,1,2: MI,Full,2,,60,Rear End,Cross Road,Daylight,,Not Raining
2017-1476-8/11/2018,0,0,0,0,1: PDO,Full,1,,25,Hit Parked Vehicle,Not Divided,Daylight,,Not Raining
2017-1477-8/11/2018,0,0,0,0,1: PDO,Full,1,,60,Rear End,Divided Road,Daylight,,Not Raining
2017-1478-8/11/2018,0,0,0,0,1: PDO,,,,60,Side Swipe,T-Junction,Daylight,,Not Raining
2017-1479-8/11/2018,1,0,0,1,2: MI,Full,1,,50,Right Angle,Divided Road,Daylight,,Not Raining
2017-1480-8/11/2018,0,0,0,0,1: PDO,Full,1,,50,Rear End,T-Junction,Daylight,,Not Raining
2017-1481-8/11/2018,0,0,0,0,1: PDO,,,,60,Rear End,T-Junction,Daylight,,Not Raining
2017-1482-8/11/2018,1,0,0,1,2: MI,Full,1,,60,Rear End,Divided Road,Daylight,,Not Raining
2017-1483-8/11/2018,0,0,0,0,1: PDO,,,,60,Right Turn,Not Divided,Daylight,,Not Raining
2017-1484-8/11/2018,1,0,0,1,2: MI,Full,1,Y,60,Right Angle,Cross Road,Daylight,,Not Raining
2017-1485-8/11/2018,1,0,0,1,2: MI,Full,1,,100,Right Turn,T-Junction,Daylight,,Not Raining
2017-1486-8/11/2018,1,0,0,1,2: MI,Full,2,,25,Rear End,Divided Road,Daylight,,Not Raining
2017-1487-8/11/2018,1,0,1,0,3: SI,,,,110,Roll Over,Not Divided,Daylight,,Not Raining
2017-1488-8/11/2018,1,0,1,0,3: SI,Unknown,4,,60,Right Angle,T-Junction,Daylight,,Not Raining
2017-1489-8/11/2018,1,0,0,1,2: MI,Unknown,2,,60,Side Swipe,Not Divided,Daylight,,Not Raining
2017-1490-8/11/2018,0,0,0,0,1: PDO,Full,1,,60,Rear End,Cross Road,Daylight,,Not Raining
2017-1491-8/11/2018,0,0,0,0,1: PDO,Unknown,1,,100,Hit Fixed Object,Not Divided,Night,,Not Raining
2017-1492-8/11/2018,1,0,0,1,2: MI,Full,1,,60,Rear End,T-Junction,Daylight,,Not Raining
2017-1493-8/11/2018,0,0,0,0,1: PDO,Full,2,,50,Right Turn,T-Junction,Daylight,,Not Raining
2017-1494-8/11/2018,4,0,0,4,2: MI,Full,1,,60,Rear End,T-Junction,Daylight,,Not Raining
2017-1495-8/11/2018,0,0,0,0,1: PDO,Full,1,,60,Side Swipe,Cross Road,Daylight,,Not Raining
2017-1496-8/11/2018,1,0,0,1,2: MI,Full,1,,50,Rear End,T-Junction,Daylight,Y,Not Raining
2017-1497-8/11/2018,0,0,0,0,1: PDO,Full,1,,110,Hit Fixed Object,Not Divided,Daylight,,Not Raining
2017-1498-8/11/2018,0,0,0,0,1: PDO,Provisional 2,1,,50,Rear End,Cross Road,Daylight,,Not Raining
2017-1499-8/11/2018,0,0,0,0,1: PDO,,,,60,Right Angle,Cross Road,Night,,Not Raining
2017-1500-8/11/2018,0,0,0,0,1: PDO,Full,1,,60,Rear End,Divided Road,Daylight,,Not Raining
2017-1501-8/11/2018,1,0,0,1,2: MI,Full,1,,50,Other,Divided Road,Daylight,,Not Raining
2017-1502-8/11/2018,1,0,0,1,2: MI,Full,1,,50,Hit Pedestrian,T-Junction,Daylight,,Not Raining
2017-1503-8/11/2018,1,0,0,1,2: MI,Unlicenced,4,,50,Right Angle,Not Divided,Daylight,,Not Raining
2017-1504-8/11/2018,1,0,0,1,2: MI,Full,1,,60,Right Angle,Cross Road,Daylight,,Not Raining
2017-1505-8/11/2018,1,0,0,1,2: MI,Unknown,1,,60,Rear End,T-Junction,Daylight,,Not Raining
2017-1506-8/11/2018,1,0,0,1,2: MI,Unknown,1,,60,Rear End,Divided Road,Daylight,,Not Raining
2017-1507-8/11/2018,0,0,0,0,1: PDO,Unknown,1,,50,Hit Parked Vehicle,Not Divided,Daylight,,Not Raining
2017-1508-8/11/2018,1,0,0,1,2: MI,Full,2,,90,Rear End,T-Junction,Daylight,,Not Raining
2017-1509-8/11/2018,0,0,0,0,1: PDO,,,,80,Hit Fixed Object,T-Junction,Daylight,,Not Raining
2017-1510-8/11/2018,3,0,0,3,2: MI,Unknown,1,,60,Head On,Divided Road,Daylight,,Not Raining
2017-1511-8/11/2018,0,0,0,0,1: PDO,Unknown,1,,50,Roll Over,Not Divided,Night,,Not Raining
2017-1512-8/11/2018,0,0,0,0,1: PDO,Provisional 1 ,1,,50,Right Angle,Cross Road,Daylight,,Not Raining
2017-1513-8/11/2018,0,0,0,0,1: PDO,Full,2,,70,Rear End,Divided Road,Daylight,,Not Raining
2017-1514-8/11/2018,1,0,0,1,2: MI,Provisional 1 ,2,,60,Rear End,T-Junction,Daylight,,Not Raining
2017-1515-8/11/2018,0,0,0,0,1: PDO,,,,60,Right Angle,Not Divided,Daylight,,Not Raining
2017-1516-8/11/2018,0,0,0,0,1: PDO,Full,1,,60,Right Turn,T-Junction,Daylight,,Not Raining
2017-1517-8/11/2018,0,0,0,0,1: PDO,,,,70,Side Swipe,Divided Road,Daylight,,Not Raining
2017-1518-8/11/2018,0,0,0,0,1: PDO,Full,2,,50,Right Turn,Cross Road,Daylight,,Not Raining
2017-1519-8/11/2018,0,0,0,0,1: PDO,,1,,50,Side Swipe,Cross Road,Daylight,,Not Raining
2017-1520-8/11/2018,0,0,0,0,1: PDO,Full,1,,60,Right Turn,Cross Road,Daylight,,Not Raining
2017-1521-8/11/2018,0,0,0,0,1: PDO,Full,2,,50,Hit Fixed Object,Not Divided,Daylight,,Not Raining
2017-1522-8/11/2018,1,0,0,1,2: MI,Full,3,,60,Hit Fixed Object,T-Junction,Daylight,,Not Raining
2017-1523-8/11/2018,0,0,0,0,1: PDO,Full,1,,50,Hit Parked Vehicle,Divided Road,Daylight,,Not Raining
2017-1524-8/11/2018,2,0,0,2,2: MI,Full,1,Y,60,Rear End,Cross Road,Daylight,Y,Not Raining
2017-1525-8/11/2018,0,0,0,0,1: PDO,Unknown,1,,60,Right Angle,Divided Road,Daylight,,Not Raining
2017-1526-8/11/2018,1,0,0,1,2: MI,Unknown,1,,50,Right Angle,T-Junction,Daylight,,Not Raining
2017-1527-8/11/2018,1,0,0,1,2: MI,Unknown,1,,60,Rear End,Divided Road,Daylight,,Not Raining
2017-1528-8/11/2018,0,0,0,0,1: PDO,Full,1,,50,Hit Parked Vehicle,Not Divided,Daylight,,Not Raining
2017-1529-8/11/2018,0,0,0,0,1: PDO,Full,2,,60,Hit Parked Vehicle,Divided Road,Daylight,,Not Raining
2017-1530-8/11/2018,1,0,0,1,2: MI,Full,1,,50,Hit Fixed Object,Not Divided,Daylight,,Not Raining
2017-1531-8/11/2018,0,0,0,0,1: PDO,Full,1,,60,Rear End,T-Junction,Daylight,,Not Raining
2017-1532-8/11/2018,0,0,0,0,1: PDO,Provisional 2,2,,60,Rear End,T-Junction,Daylight,,Not Raining
2017-1533-8/11/2018,1,0,0,1,2: MI,Full,5,,60,Rear End,Divided Road,Daylight,,Not Raining
2017-1534-8/11/2018,0,0,0,0,1: PDO,Provisional 2,2,,50,Hit Parked Vehicle,T-Junction,Daylight,,Not Raining
2017-1535-8/11/2018,0,0,0,0,1: PDO,Full,1,,60,Right Turn,Cross Road,Daylight,,Not Raining
2017-1536-8/11/2018,1,0,0,1,2: MI,Full,1,,60,Right Turn,Cross Road,Daylight,,Not Raining
2017-1537-8/11/2018,0,0,0,0,1: PDO,Provisional 1 ,1,,60,Rear End,Divided Road,Daylight,,Not Raining
2017-1538-8/11/2018,0,0,0,0,1: PDO,Unlicenced,2,,60,Rear End,Not Divided,Daylight,,Not Raining
2017-1539-8/11/2018,0,0,0,0,1: PDO,Provisional 2,1,,50,Right Angle,Cross Road,Daylight,Y,Not Raining
2017-1540-8/11/2018,0,0,0,0,1: PDO,,0,,60,Right Angle,T-Junction,Daylight,,Not Raining
2017-1541-8/11/2018,0,0,0,0,1: PDO,Full,1,,100,Hit Fixed Object,Not Divided,Daylight,,Not Raining
2017-1542-8/11/2018,1,0,0,1,2: MI,Unknown,1,,60,Rear End,Cross Road,Daylight,,Not Raining
2017-1543-8/11/2018,0,0,0,0,1: PDO,Disqualified,1,,60,Side Swipe,Cross Road,Daylight,,Not Raining
2017-1544-8/11/2018,2,0,0,2,2: MI,,,,80,Hit Fixed Object,Not Divided,Daylight,,Not Raining
2017-1545-8/11/2018,0,0,0,0,1: PDO,Full,1,,60,Side Swipe,Cross Road,Daylight,,Not Raining
2017-1546-8/11/2018,0,0,0,0,1: PDO,,,,60,Rear End,Cross Road,Night,,Not Raining
2017-1547-8/11/2018,0,0,0,0,1: PDO,Full,2,,100,Roll Over,T-Junction,Daylight,,Not Raining
2017-1548-8/11/2018,0,0,0,0,1: PDO,Full,1,,50,Rear End,Divided Road,Daylight,,Not Raining
2017-1549-8/11/2018,0,0,0,0,1: PDO,Provisional 2,1,,60,Right Angle,T-Junction,Daylight,,Not Raining