REPORT_ID,Total Cas,Total Fats,Total SI,Total MI,CSEF Severity,Licence Type,Number Occupants,Drugs Involved,Area Speed,Crash Type,Position Type,DayNight,DUI Involved,Weather Cond
2017-1550-8/11/2018,1,0,0,1,2: MI,Full,1,,50,Roll Over,Not Divided,Daylight,,Not Raining
2017-1551-8/11/2018,2,0,0,2,2: MI,Full,2,,60,Rear End,Divided Road,Night,,Not Raining
2017-1552-8/11/2018,0,0,0,0,1: PDO,Provisional 2,1,,100,Hit Animal,Not Divided,Daylight,,Not Raining
2017-1553-8/11/2018,0,0,0,0,1: PDO,Probationary,2,,40,Hit Pedestrian,T-Junction,Daylight,,Not Raining
2017-1554-8/11/2018,0,0,0,0,1: PDO,Full,1,,60,Right Angle,T-Junction,Daylight,,Not Raining
2017-1555-8/11/2018,1,0,0,1,2: MI,Full,1,,50,Right Angle,Not Divided,Daylight,,Raining
2017-1556-8/11/2018,0,0,0,0,1: PDO,,,,80,Side Swipe,Divided Road,Daylight,,Not Raining
2017-1557-8/11/2018,1,0,0,1,2: MI,Provisional 1 ,2,,60,Hit Fixed Object,Not Divided,Daylight,,Not Raining
2017-1558-8/11/2018,0,0,0,0,1: PDO,Unknown,1,,60,Hit Fixed Object,Cross Road,Night,,Not Raining
2017-1559-8/11/2018,1,0,0,1,2: MI,Full,2,,60,Right Angle,T-Junction,Daylight,,Not Raining
2017-1560-8/11/2018,0,0,0,0,1: PDO,Full,1,,60,Rear End,Cross Road,Daylight,,Not Raining
2017-1561-8/11/2018,1,0,0,1,2: MI,Full,1,,50,Right Angle,Cross Road,Daylight,,Not Raining
2017-1562-8/11/2018,0,0,0,0,1: PDO,Full,1,,60,Rear End,Cross Road,Daylight,,Not Raining
2017-1563-8/11/2018,0,0,0,0,1: PDO,Full,1,,60,Hit Parked Vehicle,Not Divided,Daylight,,Not Raining
2017-1564-8/11/2018,0,0,0,0,1: PDO,Full,1,,60,Side Swipe,Cross Road,Daylight,,Not Raining
2017-1565-8/11/2018,2,0,0,2,2: MI,Full,3,,110,Right Turn,T-Junction,Daylight,,Not Raining
2017-1566-8/11/2018,0,0,0,0,1: PDO,Provisional 1 ,2,,60,Rear End,T-Junction,Daylight,,Not Raining
2017-1567-8/11/2018,0,0,0,0,1: PDO,Provisional 2,1,,60,Side Swipe,T-Junction,Daylight,,Not Raining
2017-1568-8/11/2018,2,0,0,2,2: MI,Full,1,,60,Rear End,T-Junction,Daylight,,Not Raining
2017-1569-8/11/2018,0,0,0,0,1: PDO,Unknown,1,,60,Side Swipe,Divided Road,Daylight,,Not Raining
2017-1570-8/11/2018,1,0,0,1,2: MI,Full,1,,60,Rear End,Cross Road,Daylight,,Not Raining
2017-1571-8/11/2018,0,0,0,0,1: PDO,Full,1,,60,Hit Object on Road,Divided Road,Daylight,,Not Raining
2017-1572-8/11/2018,0,0,0,0,1: PDO,Full,3,,60,Right Turn,T-Junction,Daylight,,Not Raining
2017-1573-8/11/2018,0,0,0,0,1: PDO,Full,1,,50,Right Angle,T-Junction,Daylight,,Not Raining
2017-1574-8/11/2018,0,0,0,0,1: PDO,Full,1,,110,Left Road - Out of Control,Divided Road,Night,,Not Raining
2017-1575-8/11/2018,0,0,0,0,1: PDO,Provisional 1 ,1,,100,Hit Fixed Object,Not Divided,Daylight,,Not Raining
2017-1576-8/11/2018,0,0,0,0,1: PDO,Full,2,,60,Right Angle,Cross Road,Daylight,,Not Raining
2017-1577-8/11/2018,1,0,1,0,3: SI,Full,1,,110,Side Swipe,Divided Road,Daylight,,Not Raining
2017-1578-8/11/2018,0,0,0,0,1: PDO,Provisional 2,1,,100,Right Angle,Not Divided,Daylight,,Not Raining
2017-1579-8/11/2018,0,0,0,0,1: PDO,,,,60,Rear End,Not Divided,Daylight,,Not Raining
2017-1580-8/11/2018,0,0,0,0,1: PDO,Provisional 2,1,,50,Right Angle,T-Junction,Daylight,,Not Raining
2017-1581-8/11/2018,0,0,0,0,1: PDO,,,,60,Right Angle,Divided Road,Daylight,,Not Raining
2017-1582-8/11/2018,0,0,0,0,1: PDO,Unknown,1,,50,Right Angle,Cross Road,Daylight,,Not Raining
2017-1583-8/11/2018,0,0,0,0,1: PDO,Unknown,1,,60,Rear End,T-Junction,Daylight,,Not Raining
2017-1584-8/11/2018,2,0,1,1,3: SI,Full,2,,60,Right Angle,T-Junction,Daylight,,Not Raining
2017-1585-8/11/2018,0,0,0,0,1: PDO,,0,,60,Right Angle,T-Junction,Daylight,,Not Raining
2017-1586-8/11/2018,1,0,0,1,2: MI,Provisional 2,1,,60,Right Turn,T-Junction,Daylight,,Not Raining
2017-1587-8/11/2018,1,0,0,1,2: MI,,,,50,Hit Fixed Object,Not Divided,Daylight,,Not Raining
2017-1588-8/11/2018,0,0,0,0,1: PDO,,,,80,Rear End,Not Divided,Night,,Not Raining
2017-1589-8/11/2018,0,0,0,0,1: PDO,Full,1,,60,Hit Parked Vehicle,Not Divided,Night,,Not Raining
2017-1590-8/11/2018,0,0,0,0,1: PDO,,,,50,Hit Parked Vehicle,Not Divided,Night,,Not Raining
2017-1591-8/11/2018,0,0,0,0,1: PDO,Unknown,1,,50,Hit Fixed Object,Not Divided,Night,Y,Not Raining
2017-1592-8/11/2018,0,0,0,0,1: PDO,,,,50,Hit Parked Vehicle,Not Divided,Daylight,,Not Raining
2017-1593-8/11/2018,0,0,0,0,1: PDO,Full,1,,100,Hit Fixed Object,Not Divided,Daylight,,Not Raining
2017-1594-8/11/2018,1,0,0,1,2: MI,Full,1,,60,Hit Fixed Object,Not Divided,Daylight,,Not Raining
2017-1595-8/11/2018,1,0,0,1,2: MI,Full,2,,60,Rear End,T-Junction,Daylight,,Not Raining
2017-1596-8/11/2018,0,0,0,0,1: PDO,Provisional 1 ,2,,60,Side Swipe,T-Junction,Daylight,,Not Raining
2017-1597-8/11/2018,0,0,0,0,1: PDO,Full,1,,50,Right Angle,Cross Road,Daylight,,Not Raining
2017-1598-8/11/2018,0,0,0,0,1: PDO,,0,,60,Rear End,Divided Road,Daylight,,Not Raining
2017-1599-8/11/2018,0,0,0,0,1: PDO,Full,1,,60,Side Swipe,Divided Road,Daylight,,Not Raining
2017-1600-8/11/2018,0,0,0,0,1: PDO,Full,1,,60,Right Angle,T-Junction,Daylight,,Not Raining
2017-1601-8/11/2018,0,0,0,0,1: PDO,Full,1,,50,Roll Over,Not Divided,Daylight,,Not Raining
2017-1602-8/11/2018,1,0,0,1,2: MI,Unknown,1,,50,Right Angle,Not Divided,Daylight,,Not Raining
2017-1603-8/11/2018,0,0,0,0,1: PDO,Unknown,1,,60,Right Angle,T-Junction,Daylight,,Not Raining
2017-1604-8/11/2018,1,0,0,1,2: MI,Full,1,,50,Hit Parked Vehicle,Not Divided,Daylight,,Not Raining
2017-1605-8/11/2018,1,0,0,1,2: MI,Full,1,,60,Side Swipe,Cross Road,Daylight,,Not Raining
2017-1606-8/11/2018,0,0,0,0,1: PDO,Full,1,,50,Hit Parked Vehicle,Not Divided,Daylight,,Not Raining
2017-1607-8/11/2018,1,0,0,1,2: MI,Full,1,,60,Right Turn,Divided Road,Daylight,,Not Raining
2017-1608-8/11/2018,2,0,0,2,2: MI,Full,1,,60,Rear End,Cross Road,Night,,Not Raining
2017-1609-8/11/2018,1,0,0,1,2: MI,Full,1,,60,Rear End,T-Junction,Daylight,,Not Raining
2017-1610-8/11/2018,0,0,0,0,1: PDO,Full,1,,60,Right Angle,Divided Road,Daylight,,Not Raining
2017-1611-8/11/2018,0,0,0,0,1: PDO,Unknown,1,,60,Hit Fixed Object,T-Junction,Daylight,,Not Raining
2017-1612-8/11/2018,1,0,0,1,2: MI,Full,1,Y,50,Hit Parked Vehicle,Not Divided,Daylight,Y,Not Raining
2017-1613-8/11/2018,4,0,0,4,2: MI,Full,1,,50,Right Turn,Cross Road,Daylight,,Not Raining
2017-1614-8/11/2018,0,0,0,0,1: PDO,,0,,60,Rear End,Cross Road,Daylight,,Not Raining
2017-1615-8/11/2018,1,0,0,1,2: MI,Unknown,1,,60,Right Angle,T-Junction,Daylight,,Not Raining
2017-1616-8/11/2018,0,0,0,0,1: PDO,Full,2,,60,Hit Fixed Object,Divided Road,Night,,Not Raining
2017-1617-8/11/2018,1,0,1,0,3: SI,Full,1,,110,Other,Divided Road,Night,,Not Raining
2017-1618-8/11/2018,0,0,0,0,1: PDO,Full,1,,50,Hit Parked Vehicle,Not Divided,Night,,Not Raining
2017-1619-8/11/2018,0,0,0,0,1: PDO,Full,1,,50,Side Swipe,T-Junction,Night,,Not Raining
2017-1620-8/11/2018,0,0,0,0,1: PDO,Provisional 2,1,,60,Hit Parked Vehicle,Not Divided,Daylight,,Not Raining
2017-1621-8/11/2018,0,0,0,0,1: PDO,Full,1,,50,Side Swipe,T-Junction,Daylight,,Not Raining
2017-1622-8/11/2018,0,0,0,0,1: PDO,Full,3,,80,Head On,Not Divided,Daylight,,Not Raining
2017-1623-8/11/2018,0,0,0,0,1: PDO,Full,1,,50,Rear End,Divided Road,Daylight,,Not Raining
2017-1624-8/11/2018,0,0,0,0,1: PDO,Full,1,,60,Rear End,T-Junction,Daylight,,Raining
2017-1625-8/11/2018,0,0,0,0,1: PDO,Full,1,,50,Hit Parked Vehicle,Not Divided,Daylight,,Not Raining
2017-1626-8/11/2018,0,0,0,0,1: PDO,Full,1,,40,Hit Fixed Object,Not Divided,Night,,Raining
2017-1627-8/11/2018,1,0,0,1,2: MI,,,,60,Right Turn,T-Junction,Daylight,,Raining
2017-1628-8/11/2018,0,0,0,0,1: PDO,Full,1,,100,Hit Fixed Object,Not Divided,Night,,Not Raining
2017-1629-8/11/2018,0,0,0,0,1: PDO,Full,1,,100,Roll Over,Not Divided,Daylight,,Not Raining
2017-1630-8/11/2018,0,0,0,0,1: PDO,Full,2,,60,Hit Fixed Object,Pedestrian Crossing,Daylight,,Not Raining
2017-1631-8/11/2018,1,0,0,1,2: MI,Unlicenced,2,,50,Right Angle,Cross Road,Daylight,,Not Raining
2017-1632-8/11/2018,1,0,0,1,2: MI,,,,60,Rear End,Divided Road,Daylight,,Not Raining
2017-1633-8/11/2018,0,0,0,0,1: PDO,Full,1,,50,Hit Parked Vehicle,Not Divided,Night,,Not Raining
2017-1634-8/11/2018,1,0,0,1,2: MI,,0,,60,Right Turn,Divided Road,Daylight,,Not Raining
2017-1635-8/11/2018,0,0,0,0,1: PDO,Full,1,,100,Hit Fixed Object,Not Divided,Daylight,,Not Raining
2017-1636-8/11/2018,0,0,0,0,1: PDO,Full,1,,60,Rear End,Divided Road,Daylight,,Raining
2017-1637-8/11/2018,1,0,0,1,2: MI,Full,1,,60,Rear End,Divided Road,Daylight,,Not Raining
2017-1638-8/11/2018,0,0,0,0,1: PDO,Unknown,1,,60,Hit Fixed Object,Divided Road,Night,Y,Not Raining
2017-1639-8/11/2018,3,0,0,3,2: MI,Full,1,,60,Right Turn,Not Divided,Daylight,,Not Raining
2017-1640-8/11/2018,0,0,0,0,1: PDO,Full,1,,50,Hit Fixed Object,Not Divided,Daylight,,Not Raining
2017-1641-8/11/2018,1,0,0,1,2: MI,Full,2,,60,Rear End,Cross Road,Daylight,,Not Raining
2017-1642-8/11/2018,1,0,0,1,2: MI,Full,1,,60,Hit Fixed Object,Not Divided,Night,,Not Raining
2017-1643-8/11/2018,1,0,0,1,2: MI,Full,1,,50,Hit Fixed Object,Cross Road,Daylight,,Not Raining
2017-1644-8/11/2018,0,0,0,0,1: PDO,Unknown,1,,50,Right Angle,Cross Road,Daylight,,Not Raining
2017-1645-8/11/2018,0,0,0,0,1: PDO,Provisional 2,1,,60,Right Angle,Divided Road,Daylight,,Not Raining
2017-1646-8/11/2018,2,0,0,2,2: MI,Full,1,,100,Roll Over,Not Divided,Daylight,,Not Raining
2017-1647-8/11/2018,0,0,0,0,1: PDO,Full,1,,60,Hit Parked Vehicle,Divided Road,Night,,Not Raining
2017-1648-8/11/2018,1,0,0,1,2: MI,Full,1,,50,Right Angle,Divided Road,Daylight,,Not Raining
2017-1649-8/11/2018,1,0,0,1,2: MI,Full,2,,60,Right Angle,T-Junction,Daylight,,Not Raining
2017-1650-8/11/2018,0,0,0,0,1: PDO,Full,1,,50,Hit Parked Vehicle,Not Divided,Daylight,,Not Raining
2017-1651-8/11/2018,1,0,0,1,2: MI,Provisional 1 ,1,,60,Rear End,T-Junction,Daylight,,Not Raining
2017-1652-8/11/2018,2,0,0,2,2: MI,Unknown,1,Y,60,Right Angle,T-Junction,Daylight,,Not Raining
2017-1653-8/11/2018,0,0,0,0,1: PDO,Probationary,2,,60,Right Turn,Cross Road,Daylight,,Not Raining
2017-1654-8/11/2018,1,0,0,1,2: MI,Full,1,,50,Right Angle,Not Divided,Daylight,,Not Raining
2017-1655-8/11/2018,0,0,0,0,1: PDO,Unknown,1,,80,Side Swipe,T-Junction,Daylight,,Not Raining
2017-1656-8/11/2018,1,0,0,1,2: MI,Unknown,1,,100,Hit Fixed Object,Not Divided,Night,Y,Not Raining
2017-1657-8/11/2018,0,0,0,0,1: PDO,Unknown,1,,80,Hit Fixed Object,Not Divided,Daylight,,Not Raining
2017-1658-8/11/2018,0,0,0,0,1: PDO,Unknown,1,,60,Side Swipe,Cross Road,Daylight,,Not Raining
2017-1659-8/11/2018,0,0,0,0,1: PDO,Full,1,,60,Rear End,Cross Road,Daylight,,Not Raining
2017-1660-8/11/2018,0,0,0,0,1: PDO,,1,,60,Right Turn,Multiple,Daylight,,Not Raining
2017-1661-8/11/2018,0,0,0,0,1: PDO,Full,1,,60,Side Swipe,Not Divided,Daylight,,Not Raining
2017-1662-8/11/2018,1,0,0,1,2: MI,Full,1,,60,Rear End,Cross Road,Daylight,,Not Raining
2017-1663-8/11/2018,0,0,0,0,1: PDO,Full,1,,80,Rear End,Divided Road,Daylight,,Not Raining
2017-1664-8/11/2018,0,0,0,0,1: PDO,Full,1,,70,Rear End,T-Junction,Daylight,,Not Raining
2017-1665-8/11/2018,0,0,0,0,1: PDO,Full,2,,50,Hit Parked Vehicle,Not Divided,Daylight,,Not Raining
2017-1666-8/11/2018,0,0,0,0,1: PDO,Full,1,,70,Rear End,T-Junction,Daylight,,Not Raining
2017-1667-8/11/2018,0,0,0,0,1: PDO,,1,,50,Hit Parked Vehicle,Not Divided,Daylight,,Not Raining
2017-1668-8/11/2018,0,0,0,0,1: PDO,Full,1,,60,Hit Parked Vehicle,Divided Road,Daylight,,Not Raining
2017-1669-8/11/2018,0,0,0,0,1: PDO,Full,3,,60,Rear End,Divided Road,Daylight,,Not Raining
2017-1670-8/11/2018,1,0,0,1,2: MI,Full,1,,50,Hit Fixed Object,Not Divided,Daylight,,Raining
2017-1671-8/11/2018,1,0,0,1,2: MI,Full,1,,80,Right Turn,Cross Road,Daylight,,Not Raining
2017-1672-8/11/2018,1,0,0,1,2: MI,Learners,2,,50,Hit Pedestrian,Divided Road,Daylight,,Not Raining
2017-1673-8/11/2018,0,0,0,0,1: PDO,Full,2,,50,Hit Fixed Object,T-Junction,Night,,Not Raining
2017-1674-8/11/2018,0,0,0,0,1: PDO,Provisional 2,2,,110,Hit Fixed Object,Freeway,Daylight,Y,Not Raining
2017-1675-8/11/2018,0,0,0,0,1: PDO,Provisional 2,1,,50,Side Swipe,Not Divided,Daylight,,Not Raining
2017-1676-8/11/2018,0,0,0,0,1: PDO,Full,1,,50,Hit Parked Vehicle,Not Divided,Daylight,,Not Raining
2017-1677-8/11/2018,0,0,0,0,1: PDO,Unknown,1,,50,Side Swipe,Not Divided,Daylight,,Not Raining
2017-1678-8/11/2018,0,0,0,0,1: PDO,,,,100,Hit Fixed Object,Not Divided,Daylight,,Not Raining
2017-1679-8/11/2018,0,0,0,0,1: PDO,,,,50,Hit Fixed Object,T-Junction,Daylight,,Not Raining
2017-1680-8/11/2018,1,0,0,1,2: MI,Unknown,2,,50,Side Swipe,Not Divided,Daylight,,Not Raining
2017-1681-8/11/2018,0,0,0,0,1: PDO,,,,50,Right Angle,Cross Road,Daylight,,Not Raining
2017-1682-8/11/2018,0,0,0,0,1: PDO,Unlicenced,1,,60,Rear End,Divided Road,Daylight,,Not Raining
2017-1683-8/11/2018,0,0,0,0,1: PDO,Provisional 2,1,,60,Hit Pedestrian,Divided Road,Daylight,,Not Raining
2017-1684-8/11/2018,1,0,1,0,3: SI,,,,110,Hit Animal,Not Divided,Night,,Not Raining
2017-1685-8/11/2018,1,0,0,1,2: MI,Provisional 1 ,1,,60,Hit Fixed Object,Not Divided,Night,,Not Raining
2017-1686-8/11/2018,0,0,0,0,1: PDO,,,,80,Hit Fixed Object,T-Junction,Night,,Not Raining
2017-1687-8/11/2018,0,0,0,0,1: PDO,Full,1,,60,Right Turn,Cross Road,Night,,Not Raining
2017-1688-8/11/2018,0,0,0,0,1: PDO,Full,1,,60,Rear End,Divided Road,Night,,Not Raining
2017-1689-8/11/2018,0,0,0,0,1: PDO,Provisional 2,1,,110,Hit Fixed Object,Not Divided,Daylight,,Not Raining
2017-1690-8/11/2018,1,0,0,1,2: MI,Provisional 1 ,1,,50,Right Turn,T-Junction,Daylight,,Not Raining
2017-1691-8/11/2018,1,0,0,1,2: MI,Full,1,,60,Rear End,T-Junction,Daylight,,Not Raining
2017-1692-8/11/2018,1,0,0,1,2: MI,Full,1,,60,Right Turn,Cross Road,Daylight,,Not Raining
2017-1693-8/11/2018,0,0,0,0,1: PDO,Provisional 2,1,,60,Side Swipe,Cross Road,Night,,Not Raining
2017-1694-8/11/2018,2,0,0,2,2: MI,Full,2,,60,Rear End,Not Divided,Daylight,,Not Raining
2017-1695-8/11/2018,0,0,0,0,1: PDO,Full,1,,110,Side Swipe,Not Divided,Night,,Not Raining
2017-1696-8/11/2018,1,0,0,1,2: MI,Full,1,,60,Rear End,T-Junction,Daylight,,Not Raining
2017-1697-8/11/2018,0,0,0,0,1: PDO,Full,1,,60,Right Turn,T-Junction,Daylight,,Not Raining
2017-1698-8/11/2018,0,0,0,0,1: PDO,Full,3,,40,Hit Pedestrian,One Way,Daylight,,Not Raining
2017-1699-8/11/2018,0,0,0,0,1: PDO,Learners,1,,100,Left Road - Out of Control,T-Junction,Night,,Raining
2017-1700-8/11/2018,0,0,0,0,1: PDO,Full,1,,60,Side Swipe,Divided Road,Daylight,,Not Raining
2017-1701-8/11/2018,1,0,0,1,2: MI,Full,1,,60,Rear End,Divided Road,Daylight,,Not Raining
2017-1702-8/11/2018,0,0,0,0,1: PDO,Full,2,,60,Side Swipe,Divided Road,Daylight,,Not Raining
2017-1703-8/11/2018,0,0,0,0,1: PDO,Full,2,,60,Hit Parked Vehicle,Divided Road,Daylight,,Not Raining
2017-1704-8/11/2018,0,0,0,0,1: PDO,Unknown,1,,60,Side Swipe,Cross Road,Daylight,,Not Raining
2017-1705-8/11/2018,0,0,0,0,1: PDO,,0,,50,Right Angle,Cross Road,Daylight,,Not Raining
2017-1706-8/11/2018,0,0,0,0,1: PDO,Full,12,,60,Right Turn,Cross Road,Daylight,,Not Raining
2017-1707-8/11/2018,0,0,0,0,1: PDO,Full,1,,60,Right Angle,T-Junction,Daylight,,Not Raining
2017-1708-8/11/2018,0,0,0,0,1: PDO,Unknown,5,,50,Hit Fixed Object,T-Junction,Daylight,,Not Raining
2017-1709-8/11/2018,0,0,0,0,1: PDO,Unknown,3,,60,Hit Pedestrian,Not Divided,Night,,Not Raining
2017-1710-8/11/2018,0,0,0,0,1: PDO,Full,1,,50,Hit Parked Vehicle,Not Divided,Daylight,,Not Raining
2017-1711-8/11/2018,0,0,0,0,1: PDO,,,,60,Side Swipe,Divided Road,Daylight,,Not Raining
2017-1712-8/11/2018,0,0,0,0,1: PDO,Full,1,,60,Right Angle,T-Junction,Daylight,,Not Raining
2017-1713-8/11/2018,0,0,0,0,1: PDO,Full,4,,50,Rear End,Cross Road,Daylight,,Not Raining
2017-1714-8/11/2018,2,0,0,2,2: MI,Full,2,,60,Right Angle,T-Junction,Daylight,,Not Raining
2017-1715-8/11/2018,0,0,0,0,1: PDO,Full,1,,40,Hit Fixed Object,Not Divided,Daylight,,Not Raining
2017-1716-8/11/2018,1,0,0,1,2: MI,Full,2,,60,Rear End,Divided Road,Daylight,,Not Raining
2017-1717-8/11/2018,1,0,0,1,2: MI,Full,1,,60,Rear End,T-Junction,Daylight,,Not Raining
2017-1718-8/11/2018,0,0,0,0,1: PDO,Full,1,,90,Rear End,Freeway,Daylight,,Not Raining
2017-1719-8/11/2018,0,0,0,0,1: PDO,Unknown,1,,60,Side Swipe,Divided Road,Daylight,,Not Raining
2017-1720-8/11/2018,1,0,0,1,2: MI,Unknown,1,,60,Side Swipe,Cross Road,Daylight,,Not Raining
2017-1721-8/11/2018,0,0,0,0,1: PDO,,0,,60,Right Angle,Divided Road,Daylight,,Not Raining
2017-1722-8/11/2018,0,0,0,0,1: PDO,Unknown,1,,60,Right Angle,T-Junction,Daylight,,Not Raining
2017-1723-8/11/2018,2,0,0,2,2: MI,Full,1,,50,Right Turn,Not Divided,Daylight,,Not Raining
2017-1724-8/11/2018,0,0,0,0,1: PDO,Full,1,,60,Right Angle,Cross Road,Daylight,,Not Raining
2017-1725-8/11/2018,1,0,0,1,2: MI,Full,2,,50,Right Angle,T-Junction,Daylight,,Not Raining
2017-1726-8/11/2018,1,0,0,1,2: MI,Unknown,1,,60,Rear End,Divided Road,Daylight,,Not Raining
2017-1727-8/11/2018,1,0,0,1,2: MI,Full,2,,60,Rear End,Cross Road,Daylight,,Not Raining
2017-1728-8/11/2018,0,0,0,0,1: PDO,Unlicenced,1,,60,Hit Fixed Object,T-Junction,Night,,Not Raining
2017-1729-8/11/2018,0,0,0,0,1: PDO,Unlicenced,1,,15,Hit Fixed Object,One Way,Night,Y,Not Raining
2017-1730-8/11/2018,1,0,0,1,2: MI,Full,1,,50,Side Swipe,Not Divided,Daylight,,Not Raining
2017-1731-8/11/2018,0,0,0,0,1: PDO,,,,60,Side Swipe,Divided Road,Daylight,,Not Raining
2017-1732-8/11/2018,0,0,0,0,1: PDO,Full,1,,60,Rear End,Cross Road,Daylight,,Not Raining
2017-1733-8/11/2018,1,0,0,1,2: MI,,,,70,Rear End,Divided Road,Daylight,,Not Raining
2017-1734-8/11/2018,0,0,0,0,1: PDO,Unknown,2,,60,Right Turn,Cross Road,Daylight,,Not Raining
2017-1735-8/11/2018,0,0,0,0,1: PDO,Full,2,,110,Other,Not Divided,Daylight,,Not Raining
2017-1736-8/11/2018,1,0,0,1,2: MI,Full,1,,60,Hit Pedestrian,Not Divided,Daylight,,Not Raining
2017-1737-8/11/2018,1,0,0,1,2: MI,Unknown,1,,100,Hit Fixed Object,Not Divided,Night,Y,Not Raining
2017-1738-8/11/2018,0,0,0,0,1: PDO,Provisional 2,2,,60,Right Turn,T-Junction,Daylight,,Not Raining
2017-1739-8/11/2018,0,0,0,0,1: PDO,,,,70,Rear End,Not Divided,Daylight,,Not Raining
2017-1740-8/11/2018,0,0,0,0,1: PDO,Full,50,,70,Rear End,Not Divided,Daylight,,Not Raining
2017-1741-8/11/2018,0,0,0,0,1: PDO,Full,4,,60,Side Swipe,Divided Road,Daylight,,Not Raining
2017-1742-8/11/2018,0,0,0,0,1: PDO,,0,,110,Roll Over,Not Divided,Daylight,,Unknown
2017-1743-8/11/2018,0,0,0,0,1: PDO,Unknown,1,,60,Right Turn,Cross Road,Night,,Not Raining
2017-1744-8/11/2018,1,0,0,1,2: MI,Provisional 2,2,,50,Rear End,Cross Road,Daylight,,Not Raining
2017-1745-8/11/2018,1,0,0,1,2: MI,,,,60,Hit Pedestrian,Cross Road,Daylight,,Not Raining
2017-1746-8/11/2018,0,0,0,0,1: PDO,Full,1,,40,Side Swipe,Not Divided,Daylight,,Not Raining
2017-1747-8/11/2018,0,0,0,0,1: PDO,,,,60,Side Swipe,Cross Road,Daylight,,Not Raining
2017-1748-8/11/2018,0,0,0,0,1: PDO,Full,1,,50,Right Angle,T-Junction,Daylight,,Not Raining
2017-1749-8/11/2018,1,0,0,1,2: MI,Full,1,,60,Rear End,Cross Road,Daylight,,Not Raining
2017-1750-8/11/2018,0,0,0,0,1: PDO,Unknown,1,,110,Roll Over,T-Junction,Daylight,,Not Raining
2017-1751-8/11/2018,1,0,0,1,2: MI,,1,,80,Hit Fixed Object,Not Divided,Night,,Not Raining
2017-1752-8/11/2018,0,0,0,0,1: PDO,Full,1,,60,Right Turn,T-Junction,Daylight,,Not Raining
2017-1753-8/11/2018,0,0,0,0,1: PDO,,,,50,Rear End,Not Divided,Daylight,,Not Raining
2017-1754-8/11/2018,0,0,0,0,1: PDO,Full,1,,90,Rear End,Divided Road,Daylight,,Not Raining
2017-1755-8/11/2018,0,0,0,0,1: PDO,,,,50,Hit Parked Vehicle,Not Divided,Daylight,,Not Raining
2017-1756-8/11/2018,0,0,0,0,1: PDO,Full,1,,60,Rear End,Divided Road,Daylight,,Not Raining
2017-1757-8/11/2018,0,0,0,0,1: PDO,Full,1,,50,Right Angle,T-Junction,Night,Y,Not Raining
2017-1758-8/11/2018,0,0,0,0,1: PDO,Full,1,,70,Right Angle,T-Junction,Daylight,,Not Raining
2017-1759-8/11/2018,0,0,0,0,1: PDO,,,,70,Rear End,Divided Road,Daylight,,Not Raining
2017-1760-8/11/2018,2,0,0,2,2: MI,Full,1,,110,Roll Over,Not Divided,Daylight,,Not Raining
2017-1761-8/11/2018,0,0,0,0,1: PDO,Unknown,1,,100,Right Angle,Not Divided,Daylight,,Not Raining
2017-1762-8/11/2018,0,0,0,0,1: PDO,Full,1,,60,Right Angle,T-Junction,Daylight,,Not Raining
2017-1763-8/11/2018,1,0,0,1,2: MI,Unknown,1,,80,Hit Fixed Object,Not Divided,Daylight,,Not Raining
2017-1764-8/11/2018,0,0,0,0,1: PDO,Full,1,,50,Hit Parked Vehicle,Not Divided,Daylight,,Not Raining
2017-1765-8/11/2018,0,0,0,0,1: PDO,Full,1,,70,Rear End,Divided Road,Daylight,,Not Raining
2017-1766-8/11/2018,1,0,0,1,2: MI,Full,1,,60,Rear End,T-Junction,Daylight,,Not Raining