REPORT_ID,Total Cas,Total Fats,Total SI,Total MI,CSEF Severity,Licence Type,Number Occupants,Drugs Involved,Area Speed,Crash Type,Position Type,DayNight,DUI Involved,Weather Cond
2017-1767-8/11/2018,2,0,0,2,2: MI,,,,100,Roll Over,Not Divided,Daylight,,Not Raining
2017-1768-8/11/2018,0,0,0,0,1: PDO,,,,60,Head On,Not Divided,Night,,Not Raining
2017-1769-8/11/2018,0,0,0,0,1: PDO,Full,2,,60,Hit Parked Vehicle,Divided Road,Night,,Not Raining
2017-1770-8/11/2018,4,0,0,4,2: MI,Full,2,,110,Head On,Not Divided,Night,,Not Raining
2017-1771-8/11/2018,1,0,0,1,2: MI,Full,1,,60,Hit Object on Road,Not Divided,Daylight,,Not Raining
2017-1772-8/11/2018,2,0,0,2,2: MI,Unknown,1,,50,Rear End,Divided Road,Daylight,,Not Raining
2017-1773-8/11/2018,0,0,0,0,1: PDO,Full,1,,60,Rear End,Divided Road,Daylight,,Not Raining
2017-1774-8/11/2018,1,0,0,1,2: MI,Full,1,,60,Hit Pedestrian,Cross Road,Daylight,,Not Raining
2017-1775-8/11/2018,0,0,0,0,1: PDO,Full,1,,60,Right Angle,T-Junction,Daylight,,Not Raining
2017-1776-8/11/2018,0,0,0,0,1: PDO,Provisional 2,1,,50,Side Swipe,Cross Road,Night,,Not Raining
2017-1777-8/11/2018,0,0,0,0,1: PDO,Full,1,,60,Rear End,T-Junction,Daylight,,Not Raining
2017-1778-8/11/2018,1,0,0,1,2: MI,Full,1,,50,Hit Parked Vehicle,Not Divided,Daylight,,Not Raining
2017-1779-8/11/2018,0,0,0,0,1: PDO,Full,1,,60,Side Swipe,Not Divided,Night,,Not Raining
2017-1780-8/11/2018,1,0,0,1,2: MI,,,,50,Hit Fixed Object,Not Divided,Night,,Not Raining
2017-1781-8/11/2018,0,0,0,0,1: PDO,Full,1,,60,Side Swipe,T-Junction,Daylight,,Not Raining
2017-1782-8/11/2018,0,0,0,0,1: PDO,Full,2,,60,Side Swipe,T-Junction,Daylight,,Not Raining
2017-1783-8/11/2018,0,0,0,0,1: PDO,Full,1,,50,Hit Fixed Object,Not Divided,Night,,Not Raining
2017-1784-8/11/2018,0,0,0,0,1: PDO,Full,1,,80,Rear End,Divided Road,Daylight,,Not Raining
2017-1785-8/11/2018,0,0,0,0,1: PDO,Full,1,,50,Right Turn,Divided Road,Daylight,,Not Raining
2017-1786-8/11/2018,0,0,0,0,1: PDO,Full,1,,50,Rear End,Not Divided,Daylight,,Not Raining
2017-1787-8/11/2018,0,0,0,0,1: PDO,Full,1,,60,Side Swipe,Divided Road,Daylight,,Not Raining
2017-1788-8/11/2018,1,0,0,1,2: MI,Unknown,1,,60,Rear End,Divided Road,Daylight,,Not Raining
2017-1789-8/11/2018,0,0,0,0,1: PDO,Learners,2,,60,Side Swipe,Divided Road,Daylight,,Not Raining
2017-1790-8/11/2018,0,0,0,0,1: PDO,Full,1,,60,Rear End,Divided Road,Daylight,,Not Raining
2017-1791-8/11/2018,1,0,0,1,2: MI,Full,1,,100,Right Angle,T-Junction,Daylight,,Not Raining
2017-1792-8/11/2018,3,0,0,3,2: MI,,1,,50,Right Angle,Not Divided,Daylight,,Not Raining
2017-1793-8/11/2018,0,0,0,0,1: PDO,Provisional 2,2,,110,Hit Fixed Object,Not Divided,Daylight,,Not Raining
2017-1794-8/11/2018,2,0,0,2,2: MI,,,,50,Hit Pedestrian,T-Junction,Daylight,,Not Raining
2017-1795-8/11/2018,0,0,0,0,1: PDO,Provisional 2,1,,110,Other,Not Divided,Daylight,,Not Raining
2017-1796-8/11/2018,0,0,0,0,1: PDO,,,,60,Right Turn,Cross Road,Daylight,,Not Raining
2017-1797-8/11/2018,0,0,0,0,1: PDO,,,,50,Rear End,Not Divided,Daylight,,Not Raining
2017-1798-8/11/2018,0,0,0,0,1: PDO,,,,50,Hit Fixed Object,Not Divided,Daylight,,Not Raining
2017-1799-8/11/2018,1,0,0,1,2: MI,Full,1,,60,Rear End,Cross Road,Daylight,,Not Raining
2017-1800-8/11/2018,0,0,0,0,1: PDO,Full,1,,60,Hit Fixed Object,Divided Road,Daylight,,Not Raining
2017-1801-8/11/2018,0,0,0,0,1: PDO,,,,60,Side Swipe,T-Junction,Daylight,,Not Raining
2017-1802-8/11/2018,0,0,0,0,1: PDO,Full,3,,70,Rear End,Divided Road,Daylight,,Not Raining
2017-1803-8/11/2018,0,0,0,0,1: PDO,Full,1,,60,Rear End,Cross Road,Daylight,,Not Raining
2017-1804-8/11/2018,0,0,0,0,1: PDO,Provisional 2,1,,50,Hit Parked Vehicle,Not Divided,Daylight,,Not Raining
2017-1805-8/11/2018,0,0,0,0,1: PDO,Full,1,,60,Rear End,Divided Road,Daylight,,Not Raining
2017-1806-8/11/2018,0,0,0,0,1: PDO,Provisional 2,1,,60,Hit Fixed Object,Divided Road,Daylight,,Not Raining
2017-1807-8/11/2018,1,0,0,1,2: MI,,,,50,Right Angle,T-Junction,Daylight,,Not Raining
2017-1808-8/11/2018,0,0,0,0,1: PDO,Full,1,Y,50,Hit Fixed Object,Not Divided,Daylight,,Not Raining
2017-1809-8/11/2018,0,0,0,0,1: PDO,,,,110,Hit Fixed Object,Not Divided,Night,,Not Raining
2017-1810-8/11/2018,1,0,0,1,2: MI,Full,1,,40,Hit Parked Vehicle,Not Divided,Daylight,,Not Raining
2017-1811-8/11/2018,1,0,0,1,2: MI,,0,,50,Right Turn,Cross Road,Night,,Not Raining
2017-1812-8/11/2018,0,0,0,0,1: PDO,Full,1,,60,Hit Parked Vehicle,Not Divided,Daylight,,Not Raining
2017-1813-8/11/2018,0,0,0,0,1: PDO,,,,60,Right Angle,Not Divided,Daylight,,Not Raining
2017-1814-8/11/2018,0,0,0,0,1: PDO,Unknown,1,,60,Right Turn,T-Junction,Daylight,,Not Raining
2017-1815-8/11/2018,0,0,0,0,1: PDO,,,,60,Right Angle,T-Junction,Daylight,,Not Raining
2017-1816-8/11/2018,1,0,0,1,2: MI,Full,2,,50,Rear End,T-Junction,Daylight,,Not Raining
2017-1817-8/11/2018,1,0,0,1,2: MI,Full,2,,60,Side Swipe,Not Divided,Daylight,,Not Raining
2017-1818-8/11/2018,0,0,0,0,1: PDO,Provisional 2,1,,60,Right Turn,T-Junction,Daylight,,Not Raining
2017-1819-8/11/2018,1,0,0,1,2: MI,,0,,50,Right Turn,T-Junction,Daylight,,Not Raining
2017-1820-8/11/2018,1,0,0,1,2: MI,Provisional 2,2,,60,Right Angle,Cross Road,Daylight,,Not Raining
2017-1821-8/11/2018,1,0,0,1,2: MI,Unknown,1,,50,Right Angle,Cross Road,Daylight,,Not Raining
2017-1822-8/11/2018,0,0,0,0,1: PDO,Provisional 1 ,1,,60,Right Angle,T-Junction,Daylight,,Not Raining
2017-1823-8/11/2018,0,0,0,0,1: PDO,,,,50,Hit Parked Vehicle,Not Divided,Daylight,,Not Raining
2017-1824-8/11/2018,0,0,0,0,1: PDO,Full,1,,60,Hit Fixed Object,Divided Road,Daylight,,Not Raining
2017-1825-8/11/2018,0,0,0,0,1: PDO,Provisional 2,2,,60,Rear End,Divided Road,Daylight,,Not Raining
2017-1826-8/11/2018,1,0,1,0,3: SI,Learners,1,,110,Rear End,Interchange,Daylight,,Raining
2017-1827-8/11/2018,0,0,0,0,1: PDO,Full,1,,80,Rear End,T-Junction,Daylight,,Not Raining
2017-1828-8/11/2018,1,0,0,1,2: MI,Full,2,,100,Roll Over,Not Divided,Daylight,,Not Raining
2017-1829-8/11/2018,1,0,0,1,2: MI,Full,1,,110,Hit Fixed Object,Not Divided,Daylight,,Not Raining
2017-1830-8/11/2018,0,0,0,0,1: PDO,Full,2,,60,Right Angle,Divided Road,Daylight,,Not Raining
2017-1831-8/11/2018,1,0,0,1,2: MI,Provisional 1 ,3,,50,Hit Pedestrian,Not Divided,Daylight,,Not Raining
2017-1832-8/11/2018,0,0,0,0,1: PDO,,,,60,Rear End,Divided Road,Daylight,,Not Raining
2017-1833-8/11/2018,0,0,0,0,1: PDO,Full,2,,60,Rear End,Divided Road,Daylight,,Not Raining
2017-1834-8/11/2018,1,0,0,1,2: MI,Full,3,,60,Side Swipe,Cross Road,Daylight,,Not Raining
2017-1835-8/11/2018,0,0,0,0,1: PDO,Full,3,,60,Rear End,Divided Road,Daylight,,Not Raining
2017-1836-8/11/2018,0,0,0,0,1: PDO,Full,2,,60,Right Angle,Y-Junction,Daylight,,Not Raining
2017-1837-8/11/2018,0,0,0,0,1: PDO,Full,1,,60,Rear End,T-Junction,Daylight,,Not Raining
2017-1838-8/11/2018,0,0,0,0,1: PDO,,,,50,Right Angle,Cross Road,Daylight,,Not Raining
2017-1839-8/11/2018,0,0,0,0,1: PDO,Full,8,,100,Hit Fixed Object,Not Divided,Daylight,,Not Raining
2017-1840-8/11/2018,1,0,0,1,2: MI,Unknown,1,,60,Rear End,T-Junction,Daylight,,Not Raining
2017-1841-8/11/2018,0,0,0,0,1: PDO,Full,1,,60,Rear End,T-Junction,Daylight,,Not Raining
2017-1842-8/11/2018,0,0,0,0,1: PDO,,,,50,Rear End,T-Junction,Daylight,,Not Raining
2017-1843-8/11/2018,0,0,0,0,1: PDO,,0,,60,Rear End,Cross Road,Daylight,,Not Raining
2017-1844-8/11/2018,2,0,0,2,2: MI,,0,,60,Rear End,Divided Road,Daylight,,Not Raining
2017-1845-8/11/2018,1,0,0,1,2: MI,Full,30,,50,Rear End,Divided Road,Daylight,,Not Raining
2017-1846-8/11/2018,2,0,0,2,2: MI,Full,2,,60,Right Turn,T-Junction,Night,,Not Raining
2017-1847-8/11/2018,0,0,0,0,1: PDO,Full,2,,100,Right Angle,Cross Road,Night,,Not Raining
2017-1848-8/11/2018,0,0,0,0,1: PDO,,,,70,Hit Fixed Object,Divided Road,Night,,Not Raining
2017-1849-8/11/2018,0,0,0,0,1: PDO,Unlicenced,1,,60,Right Angle,Cross Road,Daylight,,Not Raining
2017-1850-8/11/2018,0,0,0,0,1: PDO,Full,3,,70,Rear End,Divided Road,Daylight,,Not Raining
2017-1851-8/11/2018,0,0,0,0,1: PDO,Full,2,,60,Rear End,Not Divided,Night,,Not Raining
2017-1852-8/11/2018,1,0,0,1,2: MI,Provisional 2,2,,60,Right Turn,Cross Road,Daylight,,Not Raining
2017-1853-8/11/2018,0,0,0,0,1: PDO,,,,60,Hit Parked Vehicle,Divided Road,Daylight,,Not Raining
2017-1854-8/11/2018,1,0,0,1,2: MI,Full,1,,50,Rear End,T-Junction,Daylight,,Not Raining
2017-1855-8/11/2018,0,0,0,0,1: PDO,,,,60,Side Swipe,Divided Road,Daylight,,Not Raining
2017-1856-8/11/2018,0,0,0,0,1: PDO,Full,1,,60,Right Angle,Cross Road,Daylight,,Not Raining
2017-1857-8/11/2018,0,0,0,0,1: PDO,Full,4,,110,Hit Fixed Object,T-Junction,Daylight,,Not Raining
2017-1858-8/11/2018,0,0,0,0,1: PDO,Full,1,,60,Right Turn,Divided Road,Night,,Not Raining
2017-1859-8/11/2018,1,0,0,1,2: MI,Full,1,,60,Rear End,T-Junction,Daylight,,Not Raining
2017-1860-8/11/2018,0,0,0,0,1: PDO,,,,60,Right Turn,T-Junction,Daylight,,Not Raining
2017-1861-8/11/2018,0,0,0,0,1: PDO,,1,,50,Right Turn,T-Junction,Daylight,,Not Raining
2017-1862-8/11/2018,1,0,0,1,2: MI,Unknown,1,,50,Roll Over,Not Divided,Daylight,Y,Not Raining
2017-1863-8/11/2018,1,0,0,1,2: MI,,0,,60,Right Turn,T-Junction,Daylight,,Not Raining
2017-1864-8/11/2018,0,0,0,0,1: PDO,Full,1,,60,Hit Fixed Object,Not Divided,Night,,Not Raining
2017-1865-8/11/2018,0,0,0,0,1: PDO,Full,1,,60,Rear End,Cross Road,Daylight,,Not Raining
2017-1866-8/11/2018,1,0,0,1,2: MI,Unknown,1,,100,Roll Over,Not Divided,Daylight,,Not Raining
2017-1867-8/11/2018,0,0,0,0,1: PDO,Unknown,1,,60,Right Angle,Cross Road,Daylight,,Not Raining
2017-1868-8/11/2018,1,0,0,1,2: MI,Full,3,,60,Rear End,T-Junction,Daylight,,Not Raining
2017-1869-8/11/2018,1,0,0,1,2: MI,Full,4,,60,Right Turn,Cross Road,Daylight,,Not Raining
2017-1870-8/11/2018,2,0,0,2,2: MI,Full,1,,100,Roll Over,Not Divided,Daylight,,Not Raining
2017-1871-8/11/2018,0,0,0,0,1: PDO,Full,2,,80,Rear End,Divided Road,Daylight,,Not Raining
2017-1872-8/11/2018,2,0,0,2,2: MI,Full,1,,60,Rear End,T-Junction,Night,,Not Raining
2017-1873-8/11/2018,1,0,1,0,3: SI,Full,3,,50,Hit Fixed Object,Not Divided,Daylight,,Not Raining
2017-1874-8/11/2018,1,0,0,1,2: MI,Full,1,,80,Hit Fixed Object,Not Divided,Daylight,,Not Raining
2017-1875-8/11/2018,0,0,0,0,1: PDO,Full,2,,100,Hit Fixed Object,Not Divided,Daylight,,Not Raining
2017-1876-8/11/2018,0,0,0,0,1: PDO,Full,1,,50,Hit Fixed Object,Not Divided,Night,,Not Raining
2017-1877-8/11/2018,0,0,0,0,1: PDO,,0,,60,Right Angle,Cross Road,Night,Y,Not Raining
2017-1878-8/11/2018,0,0,0,0,1: PDO,Full,1,,80,Hit Parked Vehicle,Not Divided,Night,,Not Raining
2017-1879-8/11/2018,1,0,1,0,3: SI,,,,80,Roll Over,Not Divided,Daylight,,Not Raining
2017-1880-8/11/2018,0,0,0,0,1: PDO,Full,1,,60,Right Angle,Not Divided,Daylight,,Not Raining
2017-1881-8/11/2018,0,0,0,0,1: PDO,Full,1,,50,Hit Object on Road,Not Divided,Daylight,,Not Raining
2017-1882-8/11/2018,1,0,0,1,2: MI,Provisional 2,2,,50,Right Turn,Cross Road,Night,,Not Raining
2017-1883-8/11/2018,0,0,0,0,1: PDO,Full,1,,60,Rear End,T-Junction,Night,,Not Raining
2017-1884-8/11/2018,0,0,0,0,1: PDO,,1,,60,Rear End,T-Junction,Night,,Not Raining
2017-1885-8/11/2018,0,0,0,0,1: PDO,,,,60,Side Swipe,Not Divided,Daylight,,Not Raining
2017-1886-8/11/2018,3,0,0,3,2: MI,Full,1,,60,Rear End,Divided Road,Daylight,,Not Raining
2017-1887-8/11/2018,1,0,0,1,2: MI,Full,1,,80,Roll Over,Not Divided,Daylight,,Not Raining
2017-1888-8/11/2018,0,0,0,0,1: PDO,Unlicenced,1,,80,Side Swipe,Cross Road,Night,,Not Raining
2017-1889-8/11/2018,1,0,0,1,2: MI,,,,60,Right Angle,Cross Road,Daylight,,Not Raining
2017-1890-8/11/2018,0,0,0,0,1: PDO,Full,1,,80,Hit Fixed Object,Divided Road,Daylight,,Not Raining
2017-1891-8/11/2018,1,0,0,1,2: MI,Provisional 2,1,,50,Right Angle,Cross Road,Daylight,,Not Raining
2017-1892-8/11/2018,0,0,0,0,1: PDO,Full,1,,50,Side Swipe,Cross Road,Daylight,,Not Raining
2017-1893-8/11/2018,0,0,0,0,1: PDO,Full,2,,60,Right Angle,T-Junction,Daylight,,Not Raining
2017-1894-8/11/2018,0,0,0,0,1: PDO,Full,2,,50,Roll Over,Not Divided,Daylight,,Not Raining
2017-1895-8/11/2018,0,0,0,0,1: PDO,Full,1,,50,Hit Parked Vehicle,Not Divided,Daylight,,Not Raining
2017-1896-8/11/2018,0,0,0,0,1: PDO,Full,3,,60,Side Swipe,Divided Road,Daylight,,Not Raining
2017-1897-8/11/2018,0,0,0,0,1: PDO,Full,1,Y,110,Hit Fixed Object,Not Divided,Daylight,,Not Raining
2017-1898-8/11/2018,0,0,0,0,1: PDO,Full,1,,60,Rear End,Divided Road,Daylight,,Not Raining
2017-1899-8/11/2018,0,0,0,0,1: PDO,Full,2,,60,Side Swipe,Not Divided,Daylight,,Not Raining
2017-1900-8/11/2018,1,0,0,1,2: MI,Full,1,,50,Hit Pedestrian,Not Divided,Daylight,,Not Raining
2017-1901-8/11/2018,0,0,0,0,1: PDO,Full,1,,90,Hit Pedestrian,Freeway,Daylight,,Not Raining
2017-1902-8/11/2018,1,0,0,1,2: MI,Full,1,,60,Rear End,Divided Road,Daylight,,Not Raining
2017-1903-8/11/2018,0,0,0,0,1: PDO,,1,,50,Hit Fixed Object,T-Junction,Daylight,,Not Raining
2017-1904-8/11/2018,0,0,0,0,1: PDO,Full,1,,60,Right Angle,T-Junction,Daylight,,Not Raining
2017-1905-8/11/2018,1,0,0,1,2: MI,,,,60,Rear End,T-Junction,Daylight,,Not Raining
2017-1906-8/11/2018,0,0,0,0,1: PDO,Unlicenced,1,,80,Right Angle,T-Junction,Daylight,,Not Raining
2017-1907-8/11/2018,1,0,0,1,2: MI,,,,50,Right Angle,T-Junction,Daylight,,Not Raining
2017-1908-8/11/2018,1,0,0,1,2: MI,Unknown,1,,110,Roll Over,Not Divided,Daylight,,Not Raining
2017-1909-8/11/2018,2,0,0,2,2: MI,Unknown,2,,60,Rear End,Cross Road,Daylight,Y,Not Raining
2017-1910-8/11/2018,1,0,0,1,2: MI,Full,2,,50,Right Turn,Cross Road,Daylight,,Not Raining
2017-1911-8/11/2018,1,0,0,1,2: MI,Full,1,,110,Rear End,Freeway,Night,,Not Raining
2017-1912-8/11/2018,0,0,0,0,1: PDO,Full,1,,60,Side Swipe,Divided Road,Night,,Not Raining
2017-1913-8/11/2018,0,0,0,0,1: PDO,Full,1,,60,Hit Fixed Object,Not Divided,Night,,Not Raining
2017-1914-8/11/2018,0,0,0,0,1: PDO,Unlicenced,1,,60,Hit Fixed Object,Divided Road,Night,Y,Not Raining
2017-1915-8/11/2018,1,0,0,1,2: MI,,0,,60,Hit Parked Vehicle,Divided Road,Night,,Not Raining
2017-1916-8/11/2018,0,0,0,0,1: PDO,Full,4,,60,Hit Fixed Object,Divided Road,Night,,Not Raining
2017-1917-8/11/2018,0,0,0,0,1: PDO,Provisional 2,1,,60,Rear End,T-Junction,Night,,Not Raining
2017-1918-8/11/2018,0,0,0,0,1: PDO,Full,1,,60,Hit Fixed Object,Divided Road,Daylight,,Not Raining
2017-1919-8/11/2018,1,0,0,1,2: MI,Provisional 2,1,,70,Hit Fixed Object,Not Divided,Night,,Not Raining
2017-1920-8/11/2018,1,0,0,1,2: MI,Full,1,,80,Hit Parked Vehicle,Not Divided,Night,,Not Raining
2017-1921-8/11/2018,0,0,0,0,1: PDO,Full,3,,80,Hit Parked Vehicle,Not Divided,Daylight,,Not Raining
2017-1922-8/11/2018,3,0,0,3,2: MI,,,,60,Hit Parked Vehicle,Divided Road,Daylight,,Not Raining
2017-1923-8/11/2018,1,0,0,1,2: MI,Provisional 2,1,,60,Side Swipe,Divided Road,Daylight,,Not Raining
2017-1924-8/11/2018,1,0,0,1,2: MI,,,,60,Right Angle,T-Junction,Night,,Not Raining
2017-1925-8/11/2018,0,0,0,0,1: PDO,Learners,2,,60,Rear End,Divided Road,Daylight,,Not Raining
2017-1926-8/11/2018,0,0,0,0,1: PDO,Full,2,,60,Side Swipe,T-Junction,Daylight,,Not Raining
2017-1927-8/11/2018,1,0,0,1,2: MI,Full,1,,60,Right Angle,Cross Road,Daylight,,Not Raining
2017-1928-8/11/2018,0,0,0,0,1: PDO,Full,1,,50,Hit Parked Vehicle,Not Divided,Night,,Not Raining
2017-1929-8/11/2018,1,0,0,1,2: MI,Full,3,,50,Rear End,T-Junction,Daylight,,Not Raining
2017-1930-8/11/2018,0,0,0,0,1: PDO,,1,,60,Rear End,Divided Road,Daylight,,Not Raining
2017-1931-8/11/2018,0,0,0,0,1: PDO,Unknown,1,,60,Right Turn,T-Junction,Daylight,,Not Raining
2017-1932-8/11/2018,0,0,0,0,1: PDO,Full,1,,60,Side Swipe,Divided Road,Night,,Not Raining
2017-1933-8/11/2018,0,0,0,0,1: PDO,,,,60,Side Swipe,Divided Road,Daylight,,Not Raining
2017-1934-8/11/2018,0,0,0,0,1: PDO,Full,2,,50,Hit Parked Vehicle,Not Divided,Daylight,,Not Raining
2017-1935-8/11/2018,1,0,0,1,2: MI,Full,1,,60,Right Angle,Divided Road,Daylight,,Not Raining
2017-1936-8/11/2018,0,0,0,0,1: PDO,Provisional 2,1,,60,Side Swipe,T-Junction,Daylight,,Not Raining
2017-1937-8/11/2018,1,0,0,1,2: MI,Provisional 2,2,,110,Hit Fixed Object,Not Divided,Night,,Not Raining
2017-1938-8/11/2018,2,0,1,1,3: SI,Full,1,,60,Right Turn,T-Junction,Daylight,,Not Raining
2017-1939-8/11/2018,1,0,0,1,2: MI,,,,60,Rear End,T-Junction,Daylight,,Not Raining
2017-1940-8/11/2018,0,0,0,0,1: PDO,,0,,60,Right Angle,T-Junction,Daylight,,Not Raining
2017-1941-8/11/2018,0,0,0,0,1: PDO,Unknown,1,,50,Hit Parked Vehicle,Not Divided,Daylight,,Not Raining
2017-1942-8/11/2018,1,0,0,1,2: MI,,0,,50,Rear End,Not Divided,Daylight,,Not Raining
2017-1943-8/11/2018,0,0,0,0,1: PDO,Unknown,1,,80,Right Angle,Cross Road,Daylight,,Not Raining
2017-1944-8/11/2018,1,0,0,1,2: MI,Full,1,,60,Rear End,Divided Road,Daylight,,Not Raining
2017-1945-8/11/2018,0,0,0,0,1: PDO,,,,60,Rear End,Cross Road,Daylight,,Not Raining
2017-1946-8/11/2018,1,0,0,1,2: MI,Full,1,,60,Rear End,Divided Road,Daylight,,Not Raining
2017-1947-8/11/2018,0,0,0,0,1: PDO,Full,1,,50,Right Turn,Cross Road,Daylight,,Not Raining
2017-1948-8/11/2018,0,0,0,0,1: PDO,Provisional 1 ,1,,60,Side Swipe,T-Junction,Daylight,,Not Raining
2017-1949-8/11/2018,1,0,0,1,2: MI,Full,1,,50,Right Angle,Not Divided,Daylight,,Not Raining
2017-1950-8/11/2018,1,0,0,1,2: MI,Full,1,,60,Rear End,Not Divided,Daylight,,Not Raining
2017-1951-8/11/2018,0,0,0,0,1: PDO,Full,1,,50,Hit Fixed Object,Not Divided,Daylight,,Not Raining
2017-1952-8/11/2018,0,0,0,0,1: PDO,Full,1,,50,Right Angle,Cross Road,Daylight,,Not Raining
2017-1953-8/11/2018,0,0,0,0,1: PDO,Full,1,,60,Rear End,Not Divided,Daylight,,Not Raining
2017-1954-8/11/2018,0,0,0,0,1: PDO,Provisional 1 ,2,,100,Hit Fixed Object,Not Divided,Daylight,,Not Raining
2017-1955-8/11/2018,0,0,0,0,1: PDO,Full,3,,60,Hit Parked Vehicle,Not Divided,Daylight,,Not Raining
2017-1956-8/11/2018,1,0,0,1,2: MI,Full,2,,50,Right Angle,Multiple,Daylight,,Not Raining
2017-1957-8/11/2018,0,0,0,0,1: PDO,Full,1,,80,Hit Fixed Object,Divided Road,Night,,Not Raining
2017-1958-8/11/2018,1,0,0,1,2: MI,Full,1,,50,Rear End,Cross Road,Daylight,,Not Raining
2017-1959-8/11/2018,0,0,0,0,1: PDO,Full,1,,50,Hit Pedestrian,T-Junction,Daylight,,Not Raining
2017-1960-8/11/2018,0,0,0,0,1: PDO,Provisional 2,2,,60,Right Turn,T-Junction,Daylight,,Not Raining
2017-1961-8/11/2018,1,0,0,1,2: MI,Full,1,,60,Right Turn,Divided Road,Daylight,,Not Raining
2017-1962-8/11/2018,0,0,0,0,1: PDO,Full,1,,50,Side Swipe,Not Divided,Daylight,,Not Raining
2017-1963-8/11/2018,0,0,0,0,1: PDO,,0,,60,Right Angle,T-Junction,Daylight,,Not Raining
2017-1964-8/11/2018,0,0,0,0,1: PDO,Provisional 2,1,,110,Hit Fixed Object,Divided Road,Daylight,,Not Raining
2017-1965-8/11/2018,1,0,0,1,2: MI,,0,,60,Rear End,Cross Road,Daylight,,Not Raining
2017-1966-8/11/2018,1,0,0,1,2: MI,,0,,50,Rear End,Not Divided,Daylight,,Not Raining
2017-1967-8/11/2018,2,0,0,2,2: MI,Provisional 2,1,,60,Rear End,Not Divided,Night,,Not Raining
2017-1968-8/11/2018,0,0,0,0,1: PDO,Provisional 2,1,,70,Rear End,T-Junction,Daylight,,Not Raining
2017-1969-8/11/2018,0,0,0,0,1: PDO,Full,1,,60,Side Swipe,Divided Road,Daylight,,Not Raining
2017-1970-8/11/2018,0,0,0,0,1: PDO,Unlicenced,1,,50,Hit Fixed Object,T-Junction,Daylight,,Not Raining
2017-1971-8/11/2018,2,0,0,2,2: MI,Full,2,,90,Rear End,T-Junction,Daylight,,Not Raining
2017-1972-8/11/2018,0,0,0,0,1: PDO,,,,60,Hit Fixed Object,Divided Road,Daylight,,Not Raining
2017-1973-8/11/2018,0,0,0,0,1: PDO,Full,1,,60,Side Swipe,T-Junction,Daylight,,Not Raining
2017-1974-8/11/2018,1,0,1,0,3: SI,Full,1,Y,100,Right Angle,Not Divided,Daylight,,Not Raining
2017-1975-8/11/2018,1,0,0,1,2: MI,Full,1,,60,Right Angle,Divided Road,Daylight,,Not Raining
2017-1976-8/11/2018,1,0,0,1,2: MI,Full,1,,80,Rear End,Divided Road,Daylight,,Not Raining
2017-1977-8/11/2018,1,0,0,1,2: MI,Full,2,,60,Roll Over,Not Divided,Daylight,,Not Raining
2017-1978-8/11/2018,0,0,0,0,1: PDO,Full,1,,100,Hit Fixed Object,Divided Road,Daylight,,Not Raining
2017-1979-8/11/2018,1,0,1,0,3: SI,Full,1,,60,Hit Pedestrian,Cross Road,Daylight,,Not Raining
2017-1980-8/11/2018,1,0,0,1,2: MI,Full,2,,50,Hit Pedestrian,Divided Road,Daylight,,Not Raining
2017-1981-8/11/2018,0,0,0,0,1: PDO,Full,1,,50,Right Angle,Not Divided,Daylight,,Not Raining
2017-1982-8/11/2018,0,0,0,0,1: PDO,Full,1,,60,Side Swipe,Cross Road,Daylight,,Not Raining
2017-1983-8/11/2018,1,0,1,0,3: SI,,0,,50,Hit Parked Vehicle,Not Divided,Night,,Not Raining
2017-1984-8/11/2018,0,0,0,0,1: PDO,Full,1,,110,Left Road - Out of Control,Not Divided,Night,,Not Raining
2017-1985-8/11/2018,0,0,0,0,1: PDO,Full,2,,50,Right Angle,Cross Road,Night,,Not Raining