REPORT_ID,Total Cas,Total Fats,Total SI,Total MI,CSEF Severity,Licence Type,Number Occupants,Drugs Involved,Area Speed,Crash Type,Position Type,DayNight,DUI Involved,Weather Cond
2017-1986-8/11/2018,1,0,0,1,2: MI,Full,1,,50,Hit Fixed Object,Not Divided,Daylight,,Not Raining
2017-1987-8/11/2018,0,0,0,0,1: PDO,Full,1,,80,Rear End,Cross Road,Daylight,,Not Raining
2017-1988-8/11/2018,0,0,0,0,1: PDO,Full,1,,50,Right Angle,T-Junction,Daylight,,Not Raining
2017-1989-8/11/2018,1,0,0,1,2: MI,Full,1,,60,Roll Over,Not Divided,Daylight,,Not Raining
2017-1990-8/11/2018,0,0,0,0,1: PDO,Unknown,1,,50,Hit Pedestrian,Not Divided,Daylight,,Not Raining
2017-1991-8/11/2018,0,0,0,0,1: PDO,Full,1,,80,Rear End,Divided Road,Daylight,,Not Raining
2017-1992-8/11/2018,0,0,0,0,1: PDO,Full,2,,50,Hit Fixed Object,Not Divided,Daylight,,Not Raining
2017-1993-8/11/2018,0,0,0,0,1: PDO,Full,1,,60,Right Angle,T-Junction,Daylight,,Not Raining
2017-1994-8/11/2018,0,0,0,0,1: PDO,Full,1,,80,Rear End,T-Junction,Daylight,,Not Raining
2017-1995-8/11/2018,0,0,0,0,1: PDO,Unknown,1,,60,Rear End,Divided Road,Daylight,,Not Raining
2017-1996-8/11/2018,0,0,0,0,1: PDO,Full,1,,60,Rear End,Not Divided,Daylight,,Not Raining
2017-1997-8/11/2018,0,0,0,0,1: PDO,Unknown,1,Y,60,Rear End,Divided Road,Daylight,,Not Raining
2017-1998-8/11/2018,1,0,0,1,2: MI,Full,1,,60,Rear End,Not Divided,Daylight,,Not Raining
2017-1999-8/11/2018,1,0,1,0,3: SI,,,,110,Hit Fixed Object,Not Divided,Daylight,,Not Raining
2017-2000-8/11/2018,1,0,0,1,2: MI,Full,1,,110,Rear End,Not Divided,Daylight,,Not Raining
2017-2001-8/11/2018,0,0,0,0,1: PDO,Full,1,,110,Hit Animal,Not Divided,Night,,Not Raining
2017-2002-8/11/2018,0,0,0,0,1: PDO,Full,1,,60,Right Turn,T-Junction,Daylight,,Not Raining
2017-2003-8/11/2018,0,0,0,0,1: PDO,Unknown,1,,60,Rear End,Divided Road,Daylight,,Not Raining
2017-2004-8/11/2018,1,0,0,1,2: MI,Full,1,,60,Right Turn,T-Junction,Night,,Not Raining
2017-2005-8/11/2018,0,0,0,0,1: PDO,Unknown,1,,80,Hit Fixed Object,Not Divided,Night,,Not Raining
2017-2006-8/11/2018,0,0,0,0,1: PDO,Unknown,1,,50,Side Swipe,T-Junction,Daylight,,Not Raining
2017-2007-8/11/2018,1,0,0,1,2: MI,Unknown,1,,80,Rear End,Cross Road,Daylight,,Not Raining
2017-2008-8/11/2018,1,0,0,1,2: MI,Full,4,,50,Right Turn,Cross Road,Daylight,,Not Raining
2017-2009-8/11/2018,1,0,0,1,2: MI,Full,2,,60,Right Angle,Not Divided,Daylight,,Not Raining
2017-2010-8/11/2018,0,0,0,0,1: PDO,Full,2,,60,Side Swipe,Multiple,Daylight,,Not Raining
2017-2011-8/11/2018,0,0,0,0,1: PDO,Full,2,,60,Right Angle,Cross Road,Daylight,,Not Raining
2017-2012-8/11/2018,1,0,0,1,2: MI,Full,2,Y,60,Rear End,Divided Road,Daylight,,Not Raining
2017-2013-8/11/2018,1,0,0,1,2: MI,Full,1,,50,Hit Parked Vehicle,Not Divided,Daylight,,Not Raining
2017-2014-8/11/2018,1,0,0,1,2: MI,Full,2,,60,Right Angle,Cross Road,Daylight,,Not Raining
2017-2015-8/11/2018,1,0,0,1,2: MI,Full,1,,80,Hit Animal,Not Divided,Night,,Not Raining
2017-2016-8/11/2018,0,0,0,0,1: PDO,Full,1,,50,Side Swipe,Divided Road,Daylight,,Not Raining
2017-2017-8/11/2018,1,1,0,0,4: Fatal,Full,1,,70,Hit Fixed Object,Divided Road,Daylight,,Not Raining
2017-2018-8/11/2018,1,0,0,1,2: MI,Full,3,,60,Right Turn,Cross Road,Daylight,,Not Raining
2017-2019-8/11/2018,0,0,0,0,1: PDO,Unlicenced,1,,60,Rear End,Cross Road,Daylight,,Not Raining
2017-2020-8/11/2018,0,0,0,0,1: PDO,Full,1,,60,Right Angle,T-Junction,Daylight,,Not Raining
2017-2021-8/11/2018,1,0,0,1,2: MI,Full,1,,60,Right Angle,T-Junction,Daylight,,Not Raining
2017-2022-8/11/2018,1,0,0,1,2: MI,Unknown,1,,60,Rear End,Not Divided,Daylight,,Not Raining
2017-2023-8/11/2018,0,0,0,0,1: PDO,Full,1,,60,Side Swipe,Divided Road,Daylight,,Not Raining
2017-2024-8/11/2018,0,0,0,0,1: PDO,Full,1,,80,Left Road - Out of Control,Not Divided,Daylight,,Not Raining
2017-2025-8/11/2018,1,0,0,1,2: MI,Full,1,,60,Rear End,Not Divided,Daylight,,Not Raining
2017-2026-8/11/2018,0,0,0,0,1: PDO,Full,1,,80,Roll Over,Not Divided,Night,,Not Raining
2017-2027-8/11/2018,0,0,0,0,1: PDO,Full,2,,60,Side Swipe,Divided Road,Daylight,,Not Raining
2017-2028-8/11/2018,1,0,0,1,2: MI,Full,2,,100,Hit Fixed Object,Pedestrian Crossing,Daylight,,Not Raining
2017-2029-8/11/2018,0,0,0,0,1: PDO,Full,1,,60,Hit Parked Vehicle,Not Divided,Night,,Not Raining
2017-2030-8/11/2018,0,0,0,0,1: PDO,Provisional 1 ,1,,100,Hit Animal,Not Divided,Night,,Not Raining
2017-2031-8/11/2018,0,0,0,0,1: PDO,Full,1,,60,Side Swipe,T-Junction,Daylight,,Not Raining
2017-2032-8/11/2018,0,0,0,0,1: PDO,Full,1,,60,Rear End,Cross Road,Daylight,,Not Raining
2017-2033-8/11/2018,0,0,0,0,1: PDO,Full,2,,50,Rear End,Rail Crossing,Daylight,,Not Raining
2017-2034-8/11/2018,0,0,0,0,1: PDO,,,,60,Rear End,Divided Road,Daylight,,Not Raining
2017-2035-8/11/2018,1,0,0,1,2: MI,Unknown,1,,60,Rear End,Cross Road,Daylight,,Not Raining
2017-2036-8/11/2018,0,0,0,0,1: PDO,,,,60,Side Swipe,T-Junction,Daylight,,Not Raining
2017-2037-8/11/2018,0,0,0,0,1: PDO,Full,1,,60,Right Angle,Multiple,Night,,Not Raining
2017-2038-8/11/2018,0,0,0,0,1: PDO,Unknown,1,,50,Side Swipe,Cross Road,Daylight,,Not Raining
2017-2039-8/11/2018,0,0,0,0,1: PDO,Full,1,,60,Rear End,Not Divided,Daylight,,Not Raining
2017-2040-8/11/2018,0,0,0,0,1: PDO,Provisional 2,2,,50,Right Angle,Not Divided,Daylight,,Not Raining
2017-2041-8/11/2018,0,0,0,0,1: PDO,Full,2,,50,Hit Fixed Object,T-Junction,Night,,Not Raining
2017-2042-8/11/2018,0,0,0,0,1: PDO,Full,1,,60,Right Angle,T-Junction,Night,,Not Raining
2017-2043-8/11/2018,1,1,0,0,4: Fatal,Full,1,,40,Hit Parked Vehicle,Not Divided,Night,,Not Raining
2017-2044-8/11/2018,1,0,0,1,2: MI,Full,1,Y,50,Roll Over,Divided Road,Night,,Not Raining
2017-2045-8/11/2018,0,0,0,0,1: PDO,,0,,80,Hit Animal,Not Divided,Night,,Not Raining
2017-2046-8/11/2018,0,0,0,0,1: PDO,Full,1,,60,Hit Fixed Object,Divided Road,Night,,Not Raining
2017-2047-8/11/2018,0,0,0,0,1: PDO,,,,60,Right Turn,Cross Road,Night,,Not Raining
2017-2048-8/11/2018,0,0,0,0,1: PDO,Full,1,,80,Right Angle,T-Junction,Daylight,,Not Raining
2017-2049-8/11/2018,1,0,0,1,2: MI,Full,1,,50,Roll Over,Divided Road,Daylight,,Not Raining
2017-2050-8/11/2018,1,0,0,1,2: MI,Full,1,,50,Right Angle,Cross Road,Daylight,,Not Raining
2017-2051-8/11/2018,1,0,0,1,2: MI,,,,60,Rear End,Divided Road,Daylight,,Not Raining
2017-2052-8/11/2018,0,0,0,0,1: PDO,Unlicenced,1,,60,Side Swipe,Divided Road,Daylight,,Not Raining
2017-2053-8/11/2018,0,0,0,0,1: PDO,,,,60,Side Swipe,Cross Road,Daylight,,Not Raining
2017-2054-8/11/2018,0,0,0,0,1: PDO,,,,100,Other,Not Divided,Daylight,,Not Raining
2017-2055-8/11/2018,0,0,0,0,1: PDO,Provisional 2,1,,50,Right Angle,Cross Road,Daylight,,Not Raining
2017-2056-8/11/2018,1,0,0,1,2: MI,Unknown,1,Y,50,Hit Fixed Object,Not Divided,Daylight,,Not Raining
2017-2057-8/11/2018,1,0,0,1,2: MI,Full,1,,100,Hit Fixed Object,Not Divided,Daylight,,Not Raining
2017-2058-8/11/2018,0,0,0,0,1: PDO,Full,1,,60,Right Angle,Pedestrian Crossing,Daylight,,Not Raining
2017-2059-8/11/2018,0,0,0,0,1: PDO,Full,2,,60,Rear End,Divided Road,Daylight,,Not Raining
2017-2060-8/11/2018,1,0,0,1,2: MI,Full,2,,50,Hit Pedestrian,Not Divided,Daylight,,Not Raining
2017-2061-8/11/2018,1,0,0,1,2: MI,Full,4,,50,Hit Parked Vehicle,Not Divided,Daylight,,Not Raining
2017-2062-8/11/2018,0,0,0,0,1: PDO,Full,1,,100,Right Angle,T-Junction,Daylight,,Not Raining
2017-2063-8/11/2018,0,0,0,0,1: PDO,Full,1,,50,Hit Fixed Object,T-Junction,Daylight,,Not Raining
2017-2064-8/11/2018,0,0,0,0,1: PDO,Full,1,,60,Rear End,Divided Road,Daylight,,Not Raining
2017-2065-8/11/2018,0,0,0,0,1: PDO,Full,1,,100,Roll Over,Not Divided,Night,,Not Raining
2017-2066-8/11/2018,0,0,0,0,1: PDO,Full,1,,60,Side Swipe,T-Junction,Daylight,,Not Raining
2017-2067-8/11/2018,1,0,0,1,2: MI,Unknown,1,,50,Hit Fixed Object,T-Junction,Daylight,,Not Raining
2017-2068-8/11/2018,0,0,0,0,1: PDO,Full,1,,60,Side Swipe,Divided Road,Daylight,,Not Raining
2017-2069-8/11/2018,1,0,1,0,3: SI,Unknown,1,,60,Roll Over,Ramp Off,Daylight,,Not Raining
2017-2070-8/11/2018,0,0,0,0,1: PDO,Full,1,,60,Rear End,T-Junction,Daylight,,Not Raining
2017-2071-8/11/2018,0,0,0,0,1: PDO,Unknown,1,,50,Rear End,Not Divided,Daylight,,Not Raining
2017-2072-8/11/2018,0,0,0,0,1: PDO,Full,3,,100,Rear End,Freeway,Daylight,,Not Raining
2017-2073-8/11/2018,0,0,0,0,1: PDO,Unlicenced,1,,60,Right Angle,T-Junction,Daylight,,Not Raining
2017-2074-8/11/2018,0,0,0,0,1: PDO,Full,1,,50,Right Angle,Cross Road,Daylight,,Not Raining
2017-2075-8/11/2018,1,0,0,1,2: MI,Full,1,,60,Rear End,Cross Road,Daylight,,Not Raining
2017-2076-8/11/2018,0,0,0,0,1: PDO,Unknown,3,,50,Right Angle,T-Junction,Daylight,,Not Raining
2017-2077-8/11/2018,1,0,0,1,2: MI,Learners,2,,100,Roll Over,T-Junction,Night,,Not Raining
2017-2078-8/11/2018,0,0,0,0,1: PDO,Unknown,1,,60,Rear End,Divided Road,Daylight,,Not Raining
2017-2079-8/11/2018,0,0,0,0,1: PDO,Full,1,,50,Hit Pedestrian,Not Divided,Daylight,,Not Raining
2017-2080-8/11/2018,1,0,1,0,3: SI,Full,1,,50,Hit Fixed Object,Not Divided,Daylight,,Not Raining
2017-2081-8/11/2018,0,0,0,0,1: PDO,Full,1,,50,Hit Parked Vehicle,Not Divided,Daylight,,Not Raining
2017-2082-8/11/2018,1,0,0,1,2: MI,Full,2,,60,Rear End,Cross Road,Daylight,,Not Raining
2017-2083-8/11/2018,0,0,0,0,1: PDO,Full,1,,60,Right Angle,T-Junction,Daylight,,Not Raining
2017-2084-8/11/2018,0,0,0,0,1: PDO,Full,1,,60,Rear End,T-Junction,Daylight,,Not Raining
2017-2085-8/11/2018,0,0,0,0,1: PDO,Unlicenced,3,,60,Right Angle,T-Junction,Daylight,,Not Raining
2017-2086-8/11/2018,1,0,0,1,2: MI,Full,2,,80,Rear End,Divided Road,Daylight,,Not Raining
2017-2087-8/11/2018,0,0,0,0,1: PDO,Full,2,,50,Hit Parked Vehicle,Not Divided,Night,Y,Not Raining
2017-2088-8/11/2018,0,0,0,0,1: PDO,Full,1,,60,Right Angle,T-Junction,Daylight,,Not Raining
2017-2089-8/11/2018,0,0,0,0,1: PDO,Unknown,3,,100,Rear End,Freeway,Daylight,,Not Raining
2017-2090-8/11/2018,1,0,0,1,2: MI,Unknown,4,,60,Right Turn,Cross Road,Daylight,,Not Raining
2017-2091-8/11/2018,0,0,0,0,1: PDO,,,,60,Roll Over,Not Divided,Daylight,,Not Raining
2017-2092-8/11/2018,0,0,0,0,1: PDO,Full,1,,60,Right Angle,Cross Road,Daylight,,Not Raining
2017-2093-8/11/2018,1,0,0,1,2: MI,Full,2,,60,Side Swipe,Divided Road,Daylight,,Not Raining
2017-2094-8/11/2018,1,0,1,0,3: SI,Probationary,1,,100,Roll Over,Not Divided,Daylight,,Not Raining
2017-2095-8/11/2018,0,0,0,0,1: PDO,Full,2,,60,Right Turn,T-Junction,Daylight,,Not Raining
2017-2096-8/11/2018,0,0,0,0,1: PDO,Full,1,,60,Rear End,T-Junction,Daylight,,Not Raining
2017-2097-8/11/2018,1,0,0,1,2: MI,Full,3,,90,Rear End,Freeway,Night,,Not Raining
2017-2098-8/11/2018,0,0,0,0,1: PDO,Full,1,,50,Hit Pedestrian,T-Junction,Night,,Not Raining
2017-2099-8/11/2018,1,0,0,1,2: MI,Provisional 2,2,,50,Other,Not Divided,Daylight,,Not Raining
2017-2100-8/11/2018,1,0,0,1,2: MI,,1,,100,Hit Fixed Object,Not Divided,Night,,Not Raining
2017-2101-8/11/2018,0,0,0,0,1: PDO,Unknown,1,,50,Hit Fixed Object,T-Junction,Night,,Not Raining
2017-2102-8/11/2018,2,0,1,1,3: SI,Full,2,,60,Right Angle,T-Junction,Night,,Not Raining
2017-2103-8/11/2018,0,0,0,0,1: PDO,Full,1,,60,Rear End,Divided Road,Daylight,,Not Raining
2017-2104-8/11/2018,0,0,0,0,1: PDO,,,,60,Side Swipe,Not Divided,Daylight,,Not Raining
2017-2105-8/11/2018,1,0,0,1,2: MI,Full,1,,50,Side Swipe,Not Divided,Daylight,,Not Raining
2017-2106-8/11/2018,1,0,0,1,2: MI,,,,50,Right Turn,T-Junction,Daylight,,Not Raining
2017-2107-8/11/2018,0,0,0,0,1: PDO,Full,1,,100,Other,Not Divided,Daylight,,Not Raining
2017-2108-8/11/2018,1,0,0,1,2: MI,Unknown,1,,60,Hit Pedestrian,Divided Road,Daylight,,Not Raining
2017-2109-8/11/2018,0,0,0,0,1: PDO,Unknown,1,,60,Right Angle,T-Junction,Night,,Not Raining
2017-2110-8/11/2018,1,0,0,1,2: MI,,,,60,Hit Pedestrian,Divided Road,Daylight,,Not Raining
2017-2111-8/11/2018,0,0,0,0,1: PDO,,,,60,Right Angle,Cross Road,Daylight,,Not Raining
2017-2112-8/11/2018,1,0,0,1,2: MI,Full,1,,50,Side Swipe,Cross Road,Daylight,,Not Raining
2017-2113-8/11/2018,1,0,1,0,3: SI,,,,60,Hit Fixed Object,Cross Road,Daylight,,Not Raining
2017-2114-8/11/2018,0,0,0,0,1: PDO,Unknown,1,,50,Hit Parked Vehicle,Not Divided,Daylight,,Not Raining
2017-2115-8/11/2018,0,0,0,0,1: PDO,,,,60,Right Angle,T-Junction,Daylight,,Not Raining
2017-2116-8/11/2018,1,0,0,1,2: MI,Full,2,,50,Rear End,Not Divided,Daylight,,Not Raining
2017-2117-8/11/2018,0,0,0,0,1: PDO,,,,80,Hit Fixed Object,Not Divided,Night,,Not Raining
2017-2118-8/11/2018,1,0,0,1,2: MI,Full,1,,60,Right Turn,Cross Road,Daylight,,Not Raining
2017-2119-8/11/2018,0,0,0,0,1: PDO,,0,,50,Side Swipe,Not Divided,Daylight,,Not Raining
2017-2120-8/11/2018,0,0,0,0,1: PDO,Full,1,,50,Right Angle,Cross Road,Daylight,,Not Raining
2017-2121-8/11/2018,0,0,0,0,1: PDO,Full,1,,60,Hit Parked Vehicle,Divided Road,Daylight,,Not Raining
2017-2122-8/11/2018,1,0,0,1,2: MI,Full,1,,60,Hit Parked Vehicle,Not Divided,Daylight,,Not Raining
2017-2123-8/11/2018,0,0,0,0,1: PDO,Full,1,,60,Hit Parked Vehicle,Not Divided,Daylight,,Not Raining
2017-2124-8/11/2018,0,0,0,0,1: PDO,Unknown,1,,40,Hit Parked Vehicle,Not Divided,Night,,Not Raining
2017-2125-8/11/2018,1,0,0,1,2: MI,Full,1,,60,Rear End,Cross Road,Daylight,,Not Raining
2017-2126-8/11/2018,1,0,0,1,2: MI,Full,1,,50,Rear End,Cross Road,Daylight,,Not Raining
2017-2127-8/11/2018,1,0,0,1,2: MI,Unknown,1,,60,Rear End,Divided Road,Daylight,,Not Raining
2017-2128-8/11/2018,0,0,0,0,1: PDO,,,,80,Head On,Not Divided,Daylight,,Not Raining
2017-2129-8/11/2018,1,0,0,1,2: MI,Full,1,,50,Roll Over,Cross Road,Daylight,,Not Raining
2017-2130-8/11/2018,1,0,0,1,2: MI,Full,1,,50,Rear End,Cross Road,Daylight,,Not Raining
2017-2131-8/11/2018,0,0,0,0,1: PDO,Unknown,1,,60,Rear End,Cross Road,Daylight,,Not Raining
2017-2132-8/11/2018,0,0,0,0,1: PDO,Full,1,,60,Right Angle,Cross Road,Daylight,,Not Raining
2017-2133-8/11/2018,0,0,0,0,1: PDO,Full,1,,60,Right Angle,Cross Road,Daylight,,Not Raining
2017-2134-8/11/2018,1,0,0,1,2: MI,Full,1,,50,Rear End,Cross Road,Daylight,,Not Raining
2017-2135-8/11/2018,1,0,0,1,2: MI,Provisional 1 ,2,,60,Rear End,Divided Road,Daylight,,Not Raining
2017-2136-8/11/2018,1,0,1,0,3: SI,Full,20,,60,Roll Over,Freeway,Daylight,,Not Raining
2017-2137-8/11/2018,0,0,0,0,1: PDO,Provisional 1 ,2,,60,Right Turn,T-Junction,Daylight,,Not Raining
2017-2138-8/11/2018,1,0,0,1,2: MI,Full,1,,60,Rear End,Divided Road,Daylight,,Not Raining
2017-2139-8/11/2018,1,0,0,1,2: MI,Full,1,,60,Rear End,Cross Road,Daylight,,Not Raining
2017-2140-8/11/2018,0,0,0,0,1: PDO,Full,1,,60,Right Angle,Not Divided,Daylight,,Not Raining
2017-2141-8/11/2018,1,0,0,1,2: MI,Full,2,,50,Rear End,T-Junction,Daylight,,Not Raining
2017-2142-8/11/2018,0,0,0,0,1: PDO,Full,1,,50,Right Angle,T-Junction,Night,,Not Raining
2017-2143-8/11/2018,1,0,1,0,3: SI,Full,1,,60,Rear End,Cross Road,Night,,Not Raining
2017-2144-8/11/2018,0,0,0,0,1: PDO,Full,1,,60,Hit Parked Vehicle,Not Divided,Night,,Not Raining
2017-2145-8/11/2018,0,0,0,0,1: PDO,Full,1,,60,Right Angle,Cross Road,Night,,Not Raining
2017-2146-8/11/2018,1,0,0,1,2: MI,Full,1,,50,Right Angle,Cross Road,Daylight,,Not Raining
2017-2147-8/11/2018,0,0,0,0,1: PDO,Full,1,,60,Rear End,T-Junction,Daylight,,Not Raining
2017-2148-8/11/2018,0,0,0,0,1: PDO,,,,110,Roll Over,Freeway,Daylight,,Not Raining
2017-2149-8/11/2018,1,1,0,0,4: Fatal,Full,2,,50,Hit Pedestrian,Not Divided,Night,Y,Not Raining
2017-2150-8/11/2018,1,0,0,1,2: MI,,,,50,Right Angle,Cross Road,Daylight,,Not Raining
2017-2151-8/11/2018,0,0,0,0,1: PDO,Full,1,,60,Right Turn,Cross Road,Daylight,,Not Raining
2017-2152-8/11/2018,0,0,0,0,1: PDO,Unknown,1,,60,Right Angle,T-Junction,Daylight,,Not Raining
2017-2153-8/11/2018,1,0,0,1,2: MI,Full,1,,50,Right Angle,Cross Road,Daylight,,Not Raining
2017-2154-8/11/2018,1,0,0,1,2: MI,Full,1,,60,Right Angle,Cross Road,Daylight,,Not Raining
2017-2155-8/11/2018,0,0,0,0,1: PDO,Full,1,,110,Roll Over,Divided Road,Night,,Not Raining
2017-2156-8/11/2018,0,0,0,0,1: PDO,Full,1,,90,Rear End,Divided Road,Daylight,,Not Raining
2017-2157-8/11/2018,0,0,0,0,1: PDO,Full,2,,60,Side Swipe,T-Junction,Daylight,,Not Raining
2017-2158-8/11/2018,0,0,0,0,1: PDO,Full,1,,60,Hit Parked Vehicle,Divided Road,Night,Y,Not Raining
2017-2159-8/11/2018,0,0,0,0,1: PDO,Full,1,,60,Right Turn,T-Junction,Daylight,,Not Raining
2017-2160-8/11/2018,0,0,0,0,1: PDO,Full,1,,50,Hit Fixed Object,Not Divided,Night,Y,Not Raining
2017-2161-8/11/2018,0,0,0,0,1: PDO,Full,1,,60,Rear End,Not Divided,Daylight,,Not Raining
2017-2162-8/11/2018,1,0,0,1,2: MI,Full,1,,60,Hit Pedestrian,Divided Road,Daylight,,Not Raining
2017-2163-8/11/2018,0,0,0,0,1: PDO,Full,1,,60,Side Swipe,Divided Road,Daylight,,Not Raining
2017-2164-8/11/2018,1,0,0,1,2: MI,Full,2,,60,Right Turn,Cross Road,Daylight,,Not Raining
2017-2165-8/11/2018,0,0,0,0,1: PDO,Full,1,,60,Hit Parked Vehicle,Divided Road,Night,,Not Raining
2017-2166-8/11/2018,0,0,0,0,1: PDO,Full,2,,60,Right Angle,T-Junction,Night,,Not Raining
2017-2167-8/11/2018,0,0,0,0,1: PDO,,,,50,Right Angle,Cross Road,Daylight,,Not Raining
2017-2168-8/11/2018,0,0,0,0,1: PDO,Unknown,1,,50,Side Swipe,Not Divided,Night,,Not Raining
2017-2169-8/11/2018,0,0,0,0,1: PDO,Full,1,,80,Rear End,Cross Road,Night,Y,Not Raining
2017-2170-8/11/2018,4,0,0,4,2: MI,Full,1,,80,Head On,Not Divided,Night,,Not Raining
2017-2171-8/11/2018,0,0,0,0,1: PDO,Full,3,,60,Hit Fixed Object,Divided Road,Night,,Not Raining
2017-2172-8/11/2018,0,0,0,0,1: PDO,Unknown,1,,50,Right Turn,Cross Road,Night,Y,Not Raining
2017-2173-8/11/2018,0,0,0,0,1: PDO,Full,1,,50,Hit Fixed Object,T-Junction,Daylight,,Not Raining
2017-2174-8/11/2018,1,0,0,1,2: MI,,,,60,Side Swipe,Not Divided,Daylight,,Not Raining
2017-2175-8/11/2018,0,0,0,0,1: PDO,Full,1,,60,Hit Fixed Object,T-Junction,Daylight,,Not Raining
2017-2176-8/11/2018,2,0,1,1,3: SI,,,Y,60,Hit Fixed Object,T-Junction,Night,,Not Raining
2017-2177-8/11/2018,0,0,0,0,1: PDO,Full,1,,90,Hit Fixed Object,Divided Road,Daylight,,Not Raining
2017-2178-8/11/2018,1,0,0,1,2: MI,,,,50,Roll Over,Not Divided,Daylight,,Not Raining
2017-2179-8/11/2018,1,0,0,1,2: MI,Full,2,,50,Hit Parked Vehicle,Not Divided,Daylight,,Not Raining
2017-2180-8/11/2018,0,0,0,0,1: PDO,Provisional 1 ,2,,60,Rear End,Divided Road,Daylight,,Not Raining
2017-2181-8/11/2018,0,0,0,0,1: PDO,Full,1,,60,Right Turn,Cross Road,Daylight,,Not Raining
2017-2182-8/11/2018,0,0,0,0,1: PDO,Unknown,1,,50,Hit Fixed Object,Not Divided,Daylight,,Not Raining
2017-2183-8/11/2018,1,0,0,1,2: MI,Full,1,,80,Hit Fixed Object,Not Divided,Daylight,,Not Raining
2017-2184-8/11/2018,0,0,0,0,1: PDO,Full,1,,60,Side Swipe,Cross Road,Daylight,,Not Raining
2017-2185-8/11/2018,3,0,0,3,2: MI,Unknown,1,,70,Right Angle,T-Junction,Night,,Not Raining
2017-2186-8/11/2018,2,0,2,0,3: SI,,,,50,Hit Fixed Object,Not Divided,Night,Y,Not Raining
2017-2187-8/11/2018,0,0,0,0,1: PDO,Unknown,2,,60,Other,Not Divided,Daylight,,Not Raining
2017-2188-8/11/2018,0,0,0,0,1: PDO,Full,2,,50,Right Angle,Cross Road,Daylight,,Not Raining
2017-2189-8/11/2018,2,0,0,2,2: MI,Full,1,,60,Right Angle,Cross Road,Daylight,,Not Raining
2017-2190-8/11/2018,1,0,0,1,2: MI,Full,1,,70,Hit Fixed Object,Not Divided,Daylight,,Not Raining
2017-2191-8/11/2018,1,0,0,1,2: MI,Provisional 1 ,2,,100,Hit Fixed Object,Not Divided,Daylight,,Not Raining
2017-2192-8/11/2018,0,0,0,0,1: PDO,Full,1,,110,Left Road - Out of Control,Not Divided,Daylight,,Not Raining
2017-2193-8/11/2018,0,0,0,0,1: PDO,Full,1,,60,Roll Over,Not Divided,Daylight,,Not Raining
2017-2194-8/11/2018,1,0,0,1,2: MI,Unknown,1,,90,Rear End,Divided Road,Daylight,,Not Raining
2017-2195-8/11/2018,1,0,1,0,3: SI,Full,1,,60,Hit Pedestrian,Divided Road,Daylight,,Not Raining
2017-2196-8/11/2018,1,0,0,1,2: MI,,,,70,Right Angle,T-Junction,Daylight,Y,Not Raining
2017-2197-8/11/2018,0,0,0,0,1: PDO,Unknown,1,,60,Hit Fixed Object,Not Divided,Night,,Not Raining
2017-2198-8/11/2018,0,0,0,0,1: PDO,Unknown,1,,100,Hit Fixed Object,Not Divided,Night,,Not Raining
2017-2199-8/11/2018,0,0,0,0,1: PDO,Full,2,,60,Hit Fixed Object,Not Divided,Night,,Not Raining
2017-2200-8/11/2018,1,0,0,1,2: MI,Full,1,,50,Side Swipe,Not Divided,Daylight,,Not Raining
2017-2201-8/11/2018,3,0,0,3,2: MI,Full,1,,90,Right Turn,Cross Road,Daylight,,Not Raining
2017-2202-8/11/2018,0,0,0,0,1: PDO,,0,,70,Hit Fixed Object,Freeway,Daylight,,Not Raining
2017-2203-8/11/2018,0,0,0,0,1: PDO,,,,60,Right Angle,T-Junction,Daylight,,Not Raining
2017-2204-8/11/2018,1,0,0,1,2: MI,Full,2,,60,Rear End,Divided Road,Daylight,,Not Raining
2017-2205-8/11/2018,0,0,0,0,1: PDO,Unknown,1,,60,Rear End,T-Junction,Daylight,,Not Raining