REPORT_ID,Total Cas,Total Fats,Total SI,Total MI,CSEF Severity,Licence Type,Number Occupants,Drugs Involved,Area Speed,Crash Type,Position Type,DayNight,DUI Involved,Weather Cond
2017-2206-8/11/2018,1,0,0,1,2: MI,Full,1,,60,Rear End,Cross Road,Daylight,,Not Raining
2017-2207-8/11/2018,2,0,1,1,3: SI,Full,1,,90,Hit Animal,Not Divided,Daylight,,Not Raining
2017-2208-8/11/2018,0,0,0,0,1: PDO,Full,1,,60,Hit Parked Vehicle,Not Divided,Daylight,,Not Raining
2017-2209-8/11/2018,1,0,0,1,2: MI,Full,1,,110,Roll Over,Not Divided,Daylight,,Not Raining
2017-2210-8/11/2018,2,0,0,2,2: MI,Full,2,,60,Rear End,Divided Road,Daylight,,Not Raining
2017-2211-8/11/2018,1,0,0,1,2: MI,Full,1,,60,Right Turn,T-Junction,Daylight,,Not Raining
2017-2212-8/11/2018,1,0,0,1,2: MI,,0,,60,Rear End,Cross Road,Daylight,,Not Raining
2017-2213-8/11/2018,0,0,0,0,1: PDO,Unknown,1,,50,Hit Fixed Object,Not Divided,Daylight,,Not Raining
2017-2214-8/11/2018,1,0,0,1,2: MI,Unknown,1,,80,Hit Fixed Object,Not Divided,Daylight,,Not Raining
2017-2215-8/11/2018,0,0,0,0,1: PDO,Unknown,1,,60,Rear End,Divided Road,Daylight,,Not Raining
2017-2216-8/11/2018,1,0,0,1,2: MI,Full,1,,60,Rear End,Cross Road,Daylight,,Not Raining
2017-2217-8/11/2018,1,0,0,1,2: MI,Provisional 2,1,,50,Right Angle,T-Junction,Daylight,,Not Raining
2017-2218-8/11/2018,0,0,0,0,1: PDO,Full,1,,90,Rear End,Divided Road,Daylight,,Not Raining
2017-2219-8/11/2018,1,0,0,1,2: MI,Full,1,,60,Rear End,Not Divided,Daylight,,Not Raining
2017-2220-8/11/2018,1,0,0,1,2: MI,Full,1,,60,Right Angle,T-Junction,Daylight,,Not Raining
2017-2221-8/11/2018,0,0,0,0,1: PDO,Full,1,,40,Hit Fixed Object,Not Divided,Daylight,,Not Raining
2017-2222-8/11/2018,1,0,0,1,2: MI,Full,1,,50,Side Swipe,Not Divided,Daylight,,Not Raining
2017-2223-8/11/2018,0,0,0,0,1: PDO,Unknown,1,,60,Hit Fixed Object,Divided Road,Daylight,,Not Raining
2017-2224-8/11/2018,0,0,0,0,1: PDO,Full,1,,60,Side Swipe,T-Junction,Daylight,,Not Raining
2017-2225-8/11/2018,0,0,0,0,1: PDO,,1,,60,Rear End,Divided Road,Daylight,,Not Raining
2017-2226-8/11/2018,0,0,0,0,1: PDO,Full,1,,50,Hit Parked Vehicle,Not Divided,Daylight,,Not Raining
2017-2227-8/11/2018,1,0,0,1,2: MI,Probationary,1,,110,Head On,Divided Road,Daylight,,Not Raining
2017-2228-8/11/2018,0,0,0,0,1: PDO,Full,1,,100,Left Road - Out of Control,Not Divided,Daylight,,Not Raining
2017-2229-8/11/2018,0,0,0,0,1: PDO,Unlicenced,3,,80,Hit Fixed Object,Not Divided,Daylight,,Not Raining
2017-2230-8/11/2018,0,0,0,0,1: PDO,Full,1,,50,Roll Over,T-Junction,Daylight,,Not Raining
2017-2231-8/11/2018,0,0,0,0,1: PDO,Full,1,,60,Hit Fixed Object,Not Divided,Night,,Not Raining
2017-2232-8/11/2018,0,0,0,0,1: PDO,Unknown,1,,60,Rear End,Divided Road,Daylight,,Not Raining
2017-2233-8/11/2018,0,0,0,0,1: PDO,Full,2,,60,Rear End,Divided Road,Daylight,,Not Raining
2017-2234-8/11/2018,0,0,0,0,1: PDO,Full,1,,70,Right Angle,Cross Road,Daylight,,Not Raining
2017-2235-8/11/2018,1,0,0,1,2: MI,Full,1,,60,Rear End,Divided Road,Daylight,,Not Raining
2017-2236-8/11/2018,0,0,0,0,1: PDO,,1,,80,Hit Fixed Object,Not Divided,Daylight,,Not Raining
2017-2237-8/11/2018,0,0,0,0,1: PDO,Full,1,,60,Rear End,Cross Road,Daylight,,Not Raining
2017-2238-8/11/2018,1,0,1,0,3: SI,Unknown,1,,60,Side Swipe,T-Junction,Daylight,,Not Raining
2017-2239-8/11/2018,1,0,0,1,2: MI,Full,2,,60,Rear End,T-Junction,Daylight,,Not Raining
2017-2240-8/11/2018,1,0,0,1,2: MI,Full,1,,60,Rear End,Divided Road,Daylight,,Not Raining
2017-2241-8/11/2018,1,0,0,1,2: MI,Full,1,,60,Right Turn,Divided Road,Daylight,,Not Raining
2017-2242-8/11/2018,0,0,0,0,1: PDO,,,,50,Right Turn,Cross Road,Daylight,,Not Raining
2017-2243-8/11/2018,0,0,0,0,1: PDO,Full,1,,60,Right Angle,T-Junction,Daylight,,Not Raining
2017-2244-8/11/2018,0,0,0,0,1: PDO,Full,1,,60,Side Swipe,Not Divided,Daylight,,Not Raining
2017-2245-8/11/2018,1,0,0,1,2: MI,Full,1,,60,Right Turn,T-Junction,Daylight,,Not Raining
2017-2246-8/11/2018,1,0,0,1,2: MI,Full,1,,50,Right Turn,T-Junction,Daylight,,Not Raining
2017-2247-8/11/2018,0,0,0,0,1: PDO,Full,1,,60,Side Swipe,T-Junction,Daylight,,Not Raining
2017-2248-8/11/2018,1,0,0,1,2: MI,Full,1,,60,Rear End,Divided Road,Daylight,,Not Raining
2017-2249-8/11/2018,1,0,0,1,2: MI,,0,,50,Hit Parked Vehicle,Not Divided,Daylight,,Not Raining
2017-2250-8/11/2018,0,0,0,0,1: PDO,Full,1,,60,Rear End,Cross Road,Daylight,,Not Raining
2017-2251-8/11/2018,1,0,0,1,2: MI,Full,1,,50,Hit Pedestrian,Divided Road,Daylight,,Not Raining
2017-2252-8/11/2018,1,0,0,1,2: MI,Full,1,,60,Side Swipe,Not Divided,Daylight,,Not Raining
2017-2253-8/11/2018,1,0,0,1,2: MI,Full,1,,60,Hit Fixed Object,T-Junction,Daylight,,Not Raining
2017-2254-8/11/2018,0,0,0,0,1: PDO,Full,1,,50,Hit Parked Vehicle,Not Divided,Daylight,,Not Raining
2017-2255-8/11/2018,1,0,0,1,2: MI,Unknown,1,,50,Right Turn,T-Junction,Daylight,,Not Raining
2017-2256-8/11/2018,0,0,0,0,1: PDO,Unlicenced,1,,60,Side Swipe,Divided Road,Daylight,,Not Raining
2017-2257-8/11/2018,0,0,0,0,1: PDO,Unknown,1,,60,Side Swipe,Divided Road,Daylight,,Not Raining
2017-2258-8/11/2018,0,0,0,0,1: PDO,Full,1,,60,Rear End,T-Junction,Daylight,,Not Raining
2017-2259-8/11/2018,0,0,0,0,1: PDO,Full,4,,60,Right Angle,T-Junction,Daylight,,Not Raining
2017-2260-8/11/2018,0,0,0,0,1: PDO,Unknown,1,,50,Side Swipe,Cross Road,Daylight,,Not Raining
2017-2261-8/11/2018,0,0,0,0,1: PDO,Full,1,,60,Hit Fixed Object,T-Junction,Daylight,,Not Raining
2017-2262-8/11/2018,1,0,0,1,2: MI,Full,1,,60,Right Turn,T-Junction,Daylight,,Not Raining
2017-2263-8/11/2018,0,0,0,0,1: PDO,Full,1,,50,Right Angle,T-Junction,Daylight,,Not Raining
2017-2264-8/11/2018,0,0,0,0,1: PDO,Full,1,,90,Side Swipe,Not Divided,Daylight,,Not Raining
2017-2265-8/11/2018,1,0,0,1,2: MI,Provisional 1 ,1,,80,Rear End,Cross Road,Daylight,,Not Raining
2017-2266-8/11/2018,1,0,0,1,2: MI,Full,2,,50,Roll Over,Not Divided,Night,,Not Raining
2017-2267-8/11/2018,0,0,0,0,1: PDO,Full,1,,50,Right Angle,Not Divided,Daylight,,Not Raining
2017-2268-8/11/2018,0,0,0,0,1: PDO,Provisional 2,1,,60,Right Turn,Cross Road,Daylight,,Not Raining
2017-2269-8/11/2018,0,0,0,0,1: PDO,Full,1,,100,Roll Over,Not Divided,Daylight,,Not Raining
2017-2270-8/11/2018,0,0,0,0,1: PDO,Unlicenced,1,,50,Hit Pedestrian,Not Divided,Daylight,,Not Raining
2017-2271-8/11/2018,4,0,0,4,2: MI,,,,60,Right Turn,T-Junction,Daylight,,Not Raining
2017-2272-8/11/2018,0,0,0,0,1: PDO,Full,1,,60,Right Angle,T-Junction,Daylight,,Not Raining
2017-2273-8/11/2018,1,0,0,1,2: MI,Full,1,,60,Right Angle,Cross Road,Daylight,,Not Raining
2017-2274-8/11/2018,0,0,0,0,1: PDO,Full,1,,60,Right Angle,T-Junction,Daylight,,Not Raining
2017-2275-8/11/2018,1,0,0,1,2: MI,,,,60,Right Turn,Multiple,Daylight,,Not Raining
2017-2276-8/11/2018,1,0,1,0,3: SI,Full,1,,50,Hit Pedestrian,T-Junction,Daylight,,Not Raining
2017-2277-8/11/2018,1,0,0,1,2: MI,Full,1,,50,Right Angle,T-Junction,Night,,Not Raining
2017-2278-8/11/2018,0,0,0,0,1: PDO,Full,1,,60,Right Angle,T-Junction,Daylight,,Not Raining
2017-2279-8/11/2018,0,0,0,0,1: PDO,,,,80,Hit Fixed Object,Divided Road,Daylight,,Not Raining
2017-2280-8/11/2018,1,0,1,0,3: SI,,,,100,Side Swipe,Cross Road,Night,,Not Raining
2017-2281-8/11/2018,1,0,0,1,2: MI,Full,17,,100,Hit Fixed Object,Not Divided,Night,,Not Raining
2017-2282-8/11/2018,1,0,0,1,2: MI,,1,,50,Hit Fixed Object,Not Divided,Night,Y,Not Raining
2017-2283-8/11/2018,1,0,0,1,2: MI,Full,1,,80,Hit Fixed Object,Not Divided,Daylight,,Not Raining
2017-2284-8/11/2018,2,0,2,0,3: SI,Full,4,,60,Rear End,T-Junction,Daylight,,Not Raining
2017-2285-8/11/2018,0,0,0,0,1: PDO,Full,1,,50,Right Angle,Divided Road,Night,,Not Raining
2017-2286-8/11/2018,0,0,0,0,1: PDO,Full,1,,50,Hit Fixed Object,Not Divided,Night,,Not Raining
2017-2287-8/11/2018,1,0,0,1,2: MI,Full,2,,60,Right Angle,T-Junction,Night,,Not Raining
2017-2288-8/11/2018,0,0,0,0,1: PDO,Full,1,,80,Rear End,Not Divided,Night,,Not Raining
2017-2289-8/11/2018,1,0,0,1,2: MI,Full,1,Y,60,Right Angle,Cross Road,Daylight,,Not Raining
2017-2290-8/11/2018,0,0,0,0,1: PDO,Full,1,,60,Right Turn,Cross Road,Daylight,,Not Raining
2017-2291-8/11/2018,0,0,0,0,1: PDO,,,,80,Side Swipe,T-Junction,Daylight,,Not Raining
2017-2292-8/11/2018,0,0,0,0,1: PDO,Full,1,,50,Side Swipe,Cross Road,Daylight,,Not Raining
2017-2293-8/11/2018,1,0,1,0,3: SI,Full,1,,50,Hit Pedestrian,Divided Road,Daylight,,Not Raining
2017-2294-8/11/2018,0,0,0,0,1: PDO,Unlicenced,1,,60,Head On,Not Divided,Daylight,,Not Raining
2017-2295-8/11/2018,0,0,0,0,1: PDO,,,,60,Rear End,Divided Road,Daylight,,Not Raining
2017-2296-8/11/2018,1,0,0,1,2: MI,Full,1,,50,Right Angle,Cross Road,Daylight,,Not Raining
2017-2297-8/11/2018,2,0,0,2,2: MI,Unknown,3,,60,Right Turn,Cross Road,Daylight,,Not Raining
2017-2298-8/11/2018,0,0,0,0,1: PDO,Full,1,,70,Rear End,Divided Road,Daylight,,Not Raining
2017-2299-8/11/2018,0,0,0,0,1: PDO,Provisional 2,1,,50,Side Swipe,T-Junction,Daylight,,Not Raining
2017-2300-8/11/2018,1,0,1,0,3: SI,Full,1,,100,Right Turn,Not Divided,Daylight,,Not Raining
2017-2301-8/11/2018,0,0,0,0,1: PDO,Provisional 2,1,,60,Hit Parked Vehicle,Divided Road,Daylight,,Not Raining
2017-2302-8/11/2018,0,0,0,0,1: PDO,Unknown,1,,70,Roll Over,T-Junction,Night,,Not Raining
2017-2303-8/11/2018,1,0,0,1,2: MI,Provisional 2,2,,60,Right Angle,Cross Road,Daylight,,Not Raining
2017-2304-8/11/2018,0,0,0,0,1: PDO,Unknown,1,,90,Rear End,T-Junction,Daylight,,Not Raining
2017-2305-8/11/2018,0,0,0,0,1: PDO,,,,100,Hit Fixed Object,T-Junction,Daylight,,Not Raining
2017-2306-8/11/2018,0,0,0,0,1: PDO,Provisional 2,2,,60,Right Turn,Cross Road,Night,,Not Raining
2017-2307-8/11/2018,0,0,0,0,1: PDO,Full,1,,60,Side Swipe,Divided Road,Daylight,,Not Raining
2017-2308-8/11/2018,0,0,0,0,1: PDO,,1,,60,Right Angle,T-Junction,Daylight,,Not Raining
2017-2309-8/11/2018,0,0,0,0,1: PDO,Full,1,,110,Right Angle,T-Junction,Daylight,,Not Raining
2017-2310-8/11/2018,0,0,0,0,1: PDO,Full,1,,60,Right Angle,Cross Road,Daylight,,Not Raining
2017-2311-8/11/2018,0,0,0,0,1: PDO,Full,1,,50,Right Turn,T-Junction,Daylight,,Not Raining
2017-2312-8/11/2018,0,0,0,0,1: PDO,Full,1,,100,Roll Over,Not Divided,Daylight,,Not Raining
2017-2313-8/11/2018,2,0,0,2,2: MI,,,,60,Right Turn,T-Junction,Daylight,,Not Raining
2017-2314-8/11/2018,1,0,0,1,2: MI,,1,,40,Right Angle,Cross Road,Daylight,,Not Raining
2017-2315-8/11/2018,1,0,0,1,2: MI,Full,1,,100,Rear End,T-Junction,Daylight,,Not Raining
2017-2316-8/11/2018,3,0,0,3,2: MI,Full,4,,50,Rear End,Cross Road,Daylight,,Not Raining
2017-2317-8/11/2018,0,0,0,0,1: PDO,Full,2,,60,Rear End,T-Junction,Daylight,,Not Raining
2017-2318-8/11/2018,0,0,0,0,1: PDO,Full,1,,60,Rear End,Cross Road,Daylight,,Not Raining
2017-2319-8/11/2018,1,0,0,1,2: MI,Provisional 2,1,,50,Roll Over,T-Junction,Daylight,,Not Raining
2017-2320-8/11/2018,0,0,0,0,1: PDO,Full,3,,80,Roll Over,Not Divided,Daylight,,Not Raining
2017-2321-8/11/2018,0,0,0,0,1: PDO,Full,1,,60,Right Turn,Cross Road,Daylight,,Not Raining
2017-2322-8/11/2018,0,0,0,0,1: PDO,Full,2,,50,Right Turn,T-Junction,Daylight,,Not Raining
2017-2323-8/11/2018,1,0,0,1,2: MI,Full,2,,15,Hit Fixed Object,Not Divided,Daylight,,Not Raining
2017-2324-8/11/2018,0,0,0,0,1: PDO,Full,1,,80,Hit Fixed Object,Not Divided,Daylight,Y,Not Raining
2017-2325-8/11/2018,0,0,0,0,1: PDO,Full,1,,50,Rear End,Multiple,Daylight,,Not Raining
2017-2326-8/11/2018,0,0,0,0,1: PDO,Full,2,,60,Right Angle,Divided Road,Daylight,,Not Raining
2017-2327-8/11/2018,0,0,0,0,1: PDO,Full,4,,90,Right Angle,Cross Road,Daylight,,Not Raining
2017-2328-8/11/2018,1,0,0,1,2: MI,Full,1,,80,Rear End,Cross Road,Daylight,,Not Raining
2017-2329-8/11/2018,1,0,0,1,2: MI,Unknown,1,,60,Right Turn,Cross Road,Daylight,,Not Raining
2017-2330-8/11/2018,0,0,0,0,1: PDO,Unknown,1,,60,Right Angle,T-Junction,Daylight,,Not Raining
2017-2331-8/11/2018,0,0,0,0,1: PDO,,,,70,Rear End,Not Divided,Daylight,,Not Raining
2017-2332-8/11/2018,0,0,0,0,1: PDO,Full,1,,50,Hit Parked Vehicle,Not Divided,Daylight,,Not Raining
2017-2333-8/11/2018,1,0,0,1,2: MI,Full,1,,60,Rear End,Multiple,Daylight,,Not Raining
2017-2334-8/11/2018,0,0,0,0,1: PDO,Full,1,,50,Rear End,Not Divided,Daylight,,Not Raining
2017-2335-8/11/2018,0,0,0,0,1: PDO,Unknown,1,,110,Hit Fixed Object,Not Divided,Night,,Not Raining
2017-2336-8/11/2018,0,0,0,0,1: PDO,Full,1,,60,Side Swipe,Divided Road,Daylight,,Not Raining
2017-2337-8/11/2018,1,0,0,1,2: MI,Full,1,,60,Right Turn,T-Junction,Daylight,,Not Raining
2017-2338-8/11/2018,1,0,0,1,2: MI,Full,1,,60,Right Angle,T-Junction,Daylight,,Not Raining
2017-2339-8/11/2018,1,0,0,1,2: MI,Provisional 2,1,,60,Rear End,Divided Road,Daylight,,Not Raining
2017-2340-8/11/2018,0,0,0,0,1: PDO,Full,4,,50,Hit Parked Vehicle,Not Divided,Daylight,,Not Raining
2017-2341-8/11/2018,0,0,0,0,1: PDO,Full,1,,50,Side Swipe,Divided Road,Daylight,,Not Raining
2017-2342-8/11/2018,3,0,2,1,3: SI,Full,1,,60,Right Turn,Multiple,Daylight,,Not Raining
2017-2343-8/11/2018,2,0,0,2,2: MI,,,,60,Rear End,T-Junction,Daylight,,Not Raining
2017-2344-8/11/2018,0,0,0,0,1: PDO,Full,1,,60,Right Angle,T-Junction,Daylight,,Not Raining
2017-2345-8/11/2018,0,0,0,0,1: PDO,Full,1,,60,Rear End,Divided Road,Daylight,,Not Raining
2017-2346-8/11/2018,0,0,0,0,1: PDO,Unlicenced,1,,60,Hit Parked Vehicle,Divided Road,Night,,Not Raining
2017-2347-8/11/2018,1,0,1,0,3: SI,,0,,60,Right Turn,T-Junction,Daylight,,Not Raining
2017-2348-8/11/2018,1,0,0,1,2: MI,Full,1,,60,Rear End,Cross Road,Daylight,,Not Raining
2017-2349-8/11/2018,1,1,0,0,4: Fatal,Full,5,,60,Roll Over,Cross Road,Daylight,,Not Raining
2017-2350-8/11/2018,0,0,0,0,1: PDO,Full,1,,40,Hit Parked Vehicle,Not Divided,Daylight,,Not Raining
2017-2351-8/11/2018,0,0,0,0,1: PDO,Full,1,,60,Hit Parked Vehicle,Divided Road,Daylight,,Not Raining
2017-2352-8/11/2018,0,0,0,0,1: PDO,Full,1,,50,Right Angle,T-Junction,Night,,Not Raining
2017-2353-8/11/2018,0,0,0,0,1: PDO,Full,3,,80,Rear End,Divided Road,Daylight,,Not Raining
2017-2354-8/11/2018,0,0,0,0,1: PDO,Provisional 1 ,5,,70,Other,Divided Road,Daylight,,Not Raining
2017-2355-8/11/2018,1,0,0,1,2: MI,,,,40,Rear End,Freeway,Daylight,,Not Raining
2017-2356-8/11/2018,0,0,0,0,1: PDO,Full,3,,60,Side Swipe,Divided Road,Daylight,,Not Raining
2017-2357-8/11/2018,1,0,0,1,2: MI,Full,1,,60,Right Angle,T-Junction,Daylight,,Not Raining
2017-2358-8/11/2018,1,0,1,0,3: SI,Full,3,,50,Hit Fixed Object,T-Junction,Daylight,,Not Raining
2017-2359-8/11/2018,1,0,0,1,2: MI,Full,1,,60,Right Angle,T-Junction,Daylight,,Not Raining
2017-2360-8/11/2018,0,0,0,0,1: PDO,Full,1,,60,Side Swipe,Cross Road,Daylight,,Not Raining
2017-2361-8/11/2018,0,0,0,0,1: PDO,Provisional 1 ,1,,60,Rear End,Divided Road,Daylight,,Not Raining
2017-2362-8/11/2018,0,0,0,0,1: PDO,Provisional 1 ,3,,60,Rear End,Cross Road,Daylight,,Not Raining
2017-2363-8/11/2018,0,0,0,0,1: PDO,Full,1,,60,Rear End,Divided Road,Daylight,,Not Raining
2017-2364-8/11/2018,0,0,0,0,1: PDO,,,,50,Hit Parked Vehicle,Not Divided,Daylight,,Not Raining
2017-2365-8/11/2018,0,0,0,0,1: PDO,Full,1,,50,Hit Fixed Object,T-Junction,Daylight,,Not Raining
2017-2366-8/11/2018,0,0,0,0,1: PDO,Unknown,1,,60,Side Swipe,Cross Road,Daylight,,Not Raining
2017-2367-8/11/2018,0,0,0,0,1: PDO,Provisional 1 ,2,,60,Rear End,T-Junction,Daylight,,Not Raining
2017-2368-8/11/2018,0,0,0,0,1: PDO,,,,50,Hit Parked Vehicle,Not Divided,Night,,Not Raining
2017-2369-8/11/2018,1,0,0,1,2: MI,Full,2,,80,Hit Fixed Object,Not Divided,Daylight,,Not Raining
2017-2370-8/11/2018,1,0,0,1,2: MI,Full,1,,50,Hit Fixed Object,Not Divided,Daylight,,Not Raining
2017-2371-8/11/2018,0,0,0,0,1: PDO,Full,4,,60,Other,Cross Road,Night,,Not Raining
2017-2372-8/11/2018,1,0,0,1,2: MI,Full,2,,50,Hit Parked Vehicle,Not Divided,Night,Y,Not Raining
2017-2373-8/11/2018,1,0,1,0,3: SI,,,,60,Side Swipe,Not Divided,Night,,Not Raining
2017-2374-8/11/2018,0,0,0,0,1: PDO,Full,1,,60,Hit Fixed Object,Not Divided,Night,Y,Not Raining
2017-2375-8/11/2018,0,0,0,0,1: PDO,Full,3,,60,Hit Fixed Object,Not Divided,Night,,Not Raining
2017-2376-8/11/2018,0,0,0,0,1: PDO,Full,1,,80,Rear End,Cross Road,Daylight,,Not Raining
2017-2377-8/11/2018,0,0,0,0,1: PDO,,,,60,Rear End,Divided Road,Night,,Not Raining
2017-2378-8/11/2018,0,0,0,0,1: PDO,,1,,50,Right Angle,T-Junction,Night,,Not Raining
2017-2379-8/11/2018,0,0,0,0,1: PDO,Full,1,,60,Side Swipe,Not Divided,Daylight,,Not Raining
2017-2380-8/11/2018,0,0,0,0,1: PDO,Full,1,,100,Roll Over,Not Divided,Daylight,,Not Raining
2017-2381-8/11/2018,0,0,0,0,1: PDO,Full,3,,50,Side Swipe,Cross Road,Night,,Not Raining
2017-2382-8/11/2018,5,0,0,5,2: MI,Full,1,,60,Right Angle,T-Junction,Daylight,,Not Raining
2017-2383-8/11/2018,0,0,0,0,1: PDO,Full,1,Y,100,Right Turn,Multiple,Night,,Not Raining
2017-2384-8/11/2018,0,0,0,0,1: PDO,,,,60,Side Swipe,T-Junction,Daylight,,Not Raining
2017-2385-8/11/2018,1,0,0,1,2: MI,Full,2,,50,Right Turn,T-Junction,Daylight,,Not Raining
2017-2386-8/11/2018,0,0,0,0,1: PDO,Full,1,,60,Side Swipe,Not Divided,Daylight,,Not Raining
2017-2387-8/11/2018,1,0,1,0,3: SI,Provisional 1 ,2,,100,Head On,Not Divided,Daylight,,Not Raining
2017-2388-8/11/2018,0,0,0,0,1: PDO,,,,60,Rear End,Divided Road,Daylight,,Not Raining
2017-2389-8/11/2018,0,0,0,0,1: PDO,Provisional 1 ,2,,60,Side Swipe,Divided Road,Daylight,,Not Raining
2017-2390-8/11/2018,0,0,0,0,1: PDO,Full,1,,60,Side Swipe,Divided Road,Night,,Not Raining
2017-2391-8/11/2018,1,0,1,0,3: SI,,,,50,Rear End,Not Divided,Daylight,,Not Raining
2017-2392-8/11/2018,0,0,0,0,1: PDO,Full,2,,40,Right Turn,Cross Road,Daylight,,Not Raining
2017-2393-8/11/2018,1,0,1,0,3: SI,Full,1,,60,Hit Fixed Object,Not Divided,Daylight,,Not Raining
2017-2394-8/11/2018,0,0,0,0,1: PDO,Full,2,,60,Right Angle,Cross Road,Daylight,,Not Raining
2017-2395-8/11/2018,1,0,0,1,2: MI,,,,70,Rear End,Cross Road,Daylight,,Not Raining
2017-2396-8/11/2018,2,0,0,2,2: MI,Full,5,,60,Right Angle,T-Junction,Daylight,,Not Raining
2017-2397-8/11/2018,0,0,0,0,1: PDO,Full,1,,60,Side Swipe,Not Divided,Daylight,,Not Raining
2017-2398-8/11/2018,0,0,0,0,1: PDO,Unknown,1,,60,Right Angle,T-Junction,Night,,Not Raining
2017-2399-8/11/2018,1,0,0,1,2: MI,,,,60,Right Angle,T-Junction,Daylight,,Not Raining
2017-2400-8/11/2018,1,0,0,1,2: MI,Full,1,,40,Hit Parked Vehicle,Not Divided,Daylight,,Not Raining
2017-2401-8/11/2018,1,0,0,1,2: MI,Learners,3,,60,Hit Pedestrian,Divided Road,Daylight,,Not Raining
2017-2402-8/11/2018,0,0,0,0,1: PDO,Unknown,1,,60,Rear End,Divided Road,Daylight,,Not Raining
2017-2403-8/11/2018,2,0,0,2,2: MI,,0,,60,Right Angle,T-Junction,Daylight,,Not Raining
2017-2404-8/11/2018,0,0,0,0,1: PDO,Full,2,,60,Side Swipe,Cross Road,Daylight,,Not Raining
2017-2405-8/11/2018,0,0,0,0,1: PDO,Unknown,2,,60,Hit Fixed Object,Divided Road,Daylight,,Not Raining
2017-2406-8/11/2018,0,0,0,0,1: PDO,Full,1,,60,Rear End,Divided Road,Daylight,,Not Raining
2017-2407-8/11/2018,1,0,0,1,2: MI,Full,1,,110,Other,Divided Road,Daylight,,Not Raining
2017-2408-8/11/2018,0,0,0,0,1: PDO,Provisional 2,1,,60,Right Turn,T-Junction,Daylight,,Not Raining
2017-2409-8/11/2018,0,0,0,0,1: PDO,Unknown,3,,90,Rear End,Divided Road,Daylight,,Not Raining
2017-2410-8/11/2018,0,0,0,0,1: PDO,Unknown,2,,50,Hit Parked Vehicle,Not Divided,Daylight,,Not Raining
2017-2411-8/11/2018,0,0,0,0,1: PDO,Provisional 2,1,,60,Rear End,Freeway,Daylight,,Not Raining
2017-2412-8/11/2018,0,0,0,0,1: PDO,Full,1,,80,Right Angle,T-Junction,Night,,Not Raining
2017-2413-8/11/2018,1,0,1,0,3: SI,Full,1,,50,Hit Fixed Object,Not Divided,Daylight,,Not Raining
2017-2414-8/11/2018,0,0,0,0,1: PDO,Provisional 2,1,,50,Right Turn,T-Junction,Daylight,,Not Raining
2017-2415-8/11/2018,0,0,0,0,1: PDO,Provisional 2,2,,100,Hit Object on Road,Not Divided,Daylight,,Not Raining
2017-2416-8/11/2018,0,0,0,0,1: PDO,Unlicenced,1,,100,Rear End,Not Divided,Daylight,,Not Raining
2017-2417-8/11/2018,1,0,0,1,2: MI,Full,1,,50,Hit Fixed Object,Not Divided,Night,Y,Not Raining
2017-2418-8/11/2018,0,0,0,0,1: PDO,Full,1,,80,Hit Fixed Object,Not Divided,Night,,Not Raining
2017-2419-8/11/2018,1,0,0,1,2: MI,Full,1,,60,Right Turn,Divided Road,Night,,Not Raining
2017-2420-8/11/2018,2,1,0,1,4: Fatal,Full,1,,110,Roll Over,Not Divided,Night,Y,Not Raining
2017-2421-8/11/2018,0,0,0,0,1: PDO,Full,1,,80,Hit Fixed Object,Not Divided,Night,,Not Raining
2017-2422-8/11/2018,0,0,0,0,1: PDO,,,,60,Rear End,Not Divided,Daylight,,Not Raining
2017-2423-8/11/2018,0,0,0,0,1: PDO,Full,1,,60,Rear End,T-Junction,Daylight,,Not Raining
2017-2424-8/11/2018,0,0,0,0,1: PDO,Full,1,,60,Rear End,Divided Road,Daylight,,Not Raining