REPORT_ID,Total Cas,Total Fats,Total SI,Total MI,CSEF Severity,Licence Type,Number Occupants,Drugs Involved,Area Speed,Crash Type,Position Type,DayNight,DUI Involved,Weather Cond
2017-2425-8/11/2018,0,0,0,0,1: PDO,Full,1,,50,Right Angle,Cross Road,Daylight,,Not Raining
2017-2426-8/11/2018,1,0,0,1,2: MI,Full,1,,50,Roll Over,Not Divided,Daylight,,Not Raining
2017-2427-8/11/2018,0,0,0,0,1: PDO,Full,1,,110,Roll Over,Not Divided,Daylight,,Not Raining
2017-2428-8/11/2018,1,0,0,1,2: MI,Full,1,,50,Right Angle,Cross Road,Daylight,,Not Raining
2017-2429-8/11/2018,0,0,0,0,1: PDO,,,,50,Hit Parked Vehicle,Divided Road,Daylight,,Not Raining
2017-2430-8/11/2018,1,0,0,1,2: MI,Provisional 2,1,,60,Rear End,Divided Road,Daylight,,Not Raining
2017-2431-8/11/2018,1,0,0,1,2: MI,Full,1,,60,Hit Object on Road,Not Divided,Daylight,,Not Raining
2017-2432-8/11/2018,0,0,0,0,1: PDO,Full,2,,60,Rear End,Divided Road,Daylight,,Not Raining
2017-2433-8/11/2018,0,0,0,0,1: PDO,Unknown,2,,100,Roll Over,Not Divided,Daylight,,Not Raining
2017-2434-8/11/2018,1,0,0,1,2: MI,,,,50,Rear End,Not Divided,Daylight,,Unknown
2017-2435-8/11/2018,0,0,0,0,1: PDO,Full,1,,60,Right Angle,T-Junction,Daylight,,Not Raining
2017-2436-8/11/2018,0,0,0,0,1: PDO,Provisional 2,2,,80,Hit Fixed Object,Not Divided,Night,,Raining
2017-2437-8/11/2018,0,0,0,0,1: PDO,Full,1,,100,Hit Animal,Not Divided,Night,,Not Raining
2017-2438-8/11/2018,0,0,0,0,1: PDO,Full,3,,90,Hit Fixed Object,Divided Road,Night,Y,Raining
2017-2439-8/11/2018,0,0,0,0,1: PDO,Full,1,,60,Hit Fixed Object,Divided Road,Night,,Unknown
2017-2440-8/11/2018,0,0,0,0,1: PDO,,,,60,Right Turn,Cross Road,Daylight,,Not Raining
2017-2441-8/11/2018,0,0,0,0,1: PDO,Full,2,,60,Right Turn,T-Junction,Daylight,,Not Raining
2017-2442-8/11/2018,0,0,0,0,1: PDO,,,,50,Hit Parked Vehicle,Not Divided,Daylight,,Not Raining
2017-2443-8/11/2018,0,0,0,0,1: PDO,Full,5,,60,Hit Fixed Object,Cross Road,Daylight,,Raining
2017-2444-8/11/2018,0,0,0,0,1: PDO,,,,50,Hit Fixed Object,Divided Road,Daylight,,Raining
2017-2445-8/11/2018,0,0,0,0,1: PDO,Full,4,,100,Hit Fixed Object,Not Divided,Daylight,,Unknown
2017-2446-8/11/2018,0,0,0,0,1: PDO,,,,50,Side Swipe,Not Divided,Daylight,,Raining
2017-2447-8/11/2018,0,0,0,0,1: PDO,Provisional 1 ,1,,80,Side Swipe,Divided Road,Daylight,,Not Raining
2017-2448-8/11/2018,0,0,0,0,1: PDO,,,,60,Rear End,Cross Road,Daylight,,Not Raining
2017-2449-8/11/2018,0,0,0,0,1: PDO,Full,1,,60,Roll Over,T-Junction,Daylight,,Raining
2017-2450-8/11/2018,0,0,0,0,1: PDO,,,,60,Hit Fixed Object,Cross Road,Night,,Raining
2017-2451-8/11/2018,0,0,0,0,1: PDO,Full,1,,60,Head On,Not Divided,Daylight,,Raining
2017-2452-8/11/2018,0,0,0,0,1: PDO,Full,1,,60,Right Turn,Cross Road,Daylight,,Raining
2017-2453-8/11/2018,0,0,0,0,1: PDO,Full,1,,100,Roll Over,Not Divided,Daylight,,Not Raining
2017-2454-8/11/2018,1,0,1,0,3: SI,,,,70,Right Angle,T-Junction,Daylight,,Raining
2017-2455-8/11/2018,0,0,0,0,1: PDO,Full,1,,60,Hit Fixed Object,T-Junction,Night,,Raining
2017-2456-8/11/2018,0,0,0,0,1: PDO,,,,50,Roll Over,Not Divided,Night,,Not Raining
2017-2457-8/11/2018,0,0,0,0,1: PDO,Full,1,,50,Right Angle,Cross Road,Daylight,,Not Raining
2017-2458-8/11/2018,2,0,1,1,3: SI,Full,1,,50,Hit Parked Vehicle,Not Divided,Daylight,,Not Raining
2017-2459-8/11/2018,1,0,0,1,2: MI,Full,1,,60,Rear End,T-Junction,Daylight,,Raining
2017-2460-8/11/2018,0,0,0,0,1: PDO,Full,1,,50,Hit Fixed Object,Not Divided,Night,,Not Raining
2017-2461-8/11/2018,4,0,0,4,2: MI,Provisional 2,3,,50,Rear End,T-Junction,Daylight,,Raining
2017-2462-8/11/2018,0,0,0,0,1: PDO,,,,60,Hit Fixed Object,Cross Road,Night,,Not Raining
2017-2463-8/11/2018,0,0,0,0,1: PDO,Provisional 2,1,,110,Hit Fixed Object,Not Divided,Daylight,Y,Not Raining
2017-2464-8/11/2018,1,0,0,1,2: MI,Full,1,,40,Right Angle,Cross Road,Night,,Not Raining
2017-2465-8/11/2018,0,0,0,0,1: PDO,Unknown,1,,50,Hit Fixed Object,Not Divided,Night,,Not Raining
2017-2466-8/11/2018,0,0,0,0,1: PDO,Provisional 2,1,,60,Rear End,Pedestrian Crossing,Daylight,,Raining
2017-2467-8/11/2018,1,0,0,1,2: MI,Full,1,,60,Right Turn,T-Junction,Daylight,,Not Raining
2017-2468-8/11/2018,1,0,1,0,3: SI,Full,1,Y,60,Hit Fixed Object,Divided Road,Daylight,,Not Raining
2017-2469-8/11/2018,0,0,0,0,1: PDO,Unknown,1,,50,Roll Over,Not Divided,Daylight,,Raining
2017-2470-8/11/2018,0,0,0,0,1: PDO,Full,1,,80,Roll Over,Not Divided,Night,,Not Raining
2017-2471-8/11/2018,1,0,0,1,2: MI,Full,1,,50,Hit Fixed Object,T-Junction,Daylight,,Not Raining
2017-2472-8/11/2018,0,0,0,0,1: PDO,Unknown,1,,90,Side Swipe,Divided Road,Daylight,,Not Raining
2017-2473-8/11/2018,0,0,0,0,1: PDO,Full,1,,60,Right Turn,Cross Road,Daylight,,Not Raining
2017-2474-8/11/2018,0,0,0,0,1: PDO,Unknown,1,,60,Rear End,Divided Road,Daylight,,Not Raining
2017-2475-8/11/2018,0,0,0,0,1: PDO,Unknown,1,,60,Right Turn,Cross Road,Daylight,,Not Raining
2017-2476-8/11/2018,1,0,0,1,2: MI,Unknown,1,,60,Right Angle,T-Junction,Daylight,,Not Raining
2017-2477-8/11/2018,0,0,0,0,1: PDO,Full,1,,60,Side Swipe,Divided Road,Daylight,,Not Raining
2017-2478-8/11/2018,0,0,0,0,1: PDO,Full,3,,60,Rear End,T-Junction,Daylight,,Raining
2017-2479-8/11/2018,1,0,0,1,2: MI,Full,1,,60,Rear End,Cross Road,Daylight,,Not Raining
2017-2480-8/11/2018,0,0,0,0,1: PDO,Unknown,1,,50,Hit Fixed Object,Not Divided,Daylight,,Not Raining
2017-2481-8/11/2018,0,0,0,0,1: PDO,Unknown,1,,50,Right Turn,T-Junction,Daylight,,Not Raining
2017-2482-8/11/2018,0,0,0,0,1: PDO,Full,1,,80,Rear End,Cross Road,Daylight,,Not Raining
2017-2483-8/11/2018,0,0,0,0,1: PDO,Full,1,,40,Right Angle,Cross Road,Daylight,,Not Raining
2017-2484-8/11/2018,0,0,0,0,1: PDO,Full,1,,80,Right Angle,Not Divided,Daylight,,Not Raining
2017-2485-8/11/2018,0,0,0,0,1: PDO,Full,2,,60,Right Turn,Cross Road,Daylight,,Not Raining
2017-2486-8/11/2018,0,0,0,0,1: PDO,Provisional 2,1,,60,Hit Fixed Object,Divided Road,Daylight,,Not Raining
2017-2487-8/11/2018,6,0,2,4,3: SI,Full,1,Y,90,Right Angle,T-Junction,Daylight,,Not Raining
2017-2488-8/11/2018,0,0,0,0,1: PDO,Full,1,,60,Hit Parked Vehicle,Not Divided,Night,,Not Raining
2017-2489-8/11/2018,0,0,0,0,1: PDO,Full,1,,60,Right Turn,Cross Road,Night,,Not Raining
2017-2490-8/11/2018,0,0,0,0,1: PDO,Full,1,,60,Rear End,T-Junction,Night,,Not Raining
2017-2491-8/11/2018,1,0,0,1,2: MI,,,,60,Hit Fixed Object,Not Divided,Night,,Not Raining
2017-2492-8/11/2018,2,0,0,2,2: MI,Full,1,,110,Hit Fixed Object,Not Divided,Night,,Not Raining
2017-2493-8/11/2018,2,0,0,2,2: MI,,,,50,Right Angle,T-Junction,Daylight,,Not Raining
2017-2494-8/11/2018,0,0,0,0,1: PDO,Full,1,,60,Roll Over,Divided Road,Daylight,,Not Raining
2017-2495-8/11/2018,0,0,0,0,1: PDO,Provisional 2,1,,50,Hit Pedestrian,Divided Road,Daylight,,Not Raining
2017-2496-8/11/2018,1,0,0,1,2: MI,Full,1,,50,Right Angle,T-Junction,Night,,Not Raining
2017-2497-8/11/2018,1,0,0,1,2: MI,Full,1,,50,Hit Fixed Object,T-Junction,Daylight,,Not Raining
2017-2498-8/11/2018,1,0,0,1,2: MI,,0,,60,Rear End,Divided Road,Daylight,,Not Raining
2017-2499-8/11/2018,0,0,0,0,1: PDO,Full,1,,50,Hit Pedestrian,T-Junction,Daylight,,Not Raining
2017-2500-8/11/2018,2,0,0,2,2: MI,,,Y,60,Right Turn,T-Junction,Daylight,,Not Raining
2017-2501-8/11/2018,0,0,0,0,1: PDO,Unknown,2,,50,Right Angle,T-Junction,Daylight,,Not Raining
2017-2502-8/11/2018,0,0,0,0,1: PDO,Unknown,1,,60,Rear End,Multiple,Daylight,,Not Raining
2017-2503-8/11/2018,2,0,0,2,2: MI,,1,,50,Right Angle,T-Junction,Daylight,,Not Raining
2017-2504-8/11/2018,3,0,0,3,2: MI,Unknown,1,,40,Hit Fixed Object,T-Junction,Daylight,,Not Raining
2017-2505-8/11/2018,1,0,0,1,2: MI,Full,1,,60,Other,T-Junction,Daylight,,Not Raining
2017-2506-8/11/2018,1,0,0,1,2: MI,,,,50,Hit Fixed Object,Not Divided,Daylight,,Not Raining
2017-2507-8/11/2018,1,0,0,1,2: MI,Full,2,,50,Roll Over,Cross Road,Daylight,,Not Raining
2017-2508-8/11/2018,0,0,0,0,1: PDO,,,,60,Right Turn,T-Junction,Daylight,,Not Raining
2017-2509-8/11/2018,0,0,0,0,1: PDO,Full,3,,90,Rear End,Divided Road,Daylight,,Not Raining
2017-2510-8/11/2018,0,0,0,0,1: PDO,,,,50,Side Swipe,Cross Road,Daylight,,Not Raining
2017-2511-8/11/2018,0,0,0,0,1: PDO,Full,1,,60,Rear End,Cross Road,Daylight,,Not Raining
2017-2512-8/11/2018,0,0,0,0,1: PDO,Unknown,3,,60,Right Angle,T-Junction,Daylight,,Not Raining
2017-2513-8/11/2018,2,0,0,2,2: MI,Full,2,,60,Right Turn,Cross Road,Daylight,,Not Raining
2017-2514-8/11/2018,0,0,0,0,1: PDO,,,,50,Hit Parked Vehicle,Not Divided,Daylight,,Not Raining
2017-2515-8/11/2018,0,0,0,0,1: PDO,Unknown,1,,60,Right Angle,T-Junction,Daylight,,Not Raining
2017-2516-8/11/2018,1,0,0,1,2: MI,,,,60,Rear End,Cross Road,Night,,Not Raining
2017-2517-8/11/2018,0,0,0,0,1: PDO,Provisional 1 ,1,,70,Right Angle,T-Junction,Daylight,,Not Raining
2017-2518-8/11/2018,1,0,0,1,2: MI,,,,50,Right Angle,Not Divided,Daylight,,Not Raining
2017-2519-8/11/2018,0,0,0,0,1: PDO,Full,1,,50,Hit Parked Vehicle,Not Divided,Daylight,,Not Raining
2017-2520-8/11/2018,0,0,0,0,1: PDO,Unlicenced,1,,60,Right Angle,T-Junction,Daylight,,Not Raining
2017-2521-8/11/2018,0,0,0,0,1: PDO,Unknown,1,,50,Hit Parked Vehicle,Not Divided,Daylight,,Not Raining
2017-2522-8/11/2018,1,0,0,1,2: MI,Full,1,,60,Side Swipe,Divided Road,Daylight,,Not Raining
2017-2523-8/11/2018,1,0,0,1,2: MI,Full,1,,50,Rear End,T-Junction,Daylight,,Not Raining
2017-2524-8/11/2018,1,0,0,1,2: MI,Full,1,,50,Hit Parked Vehicle,Not Divided,Daylight,,Not Raining
2017-2525-8/11/2018,1,0,0,1,2: MI,,,,60,Right Angle,T-Junction,Daylight,,Not Raining
2017-2526-8/11/2018,1,0,0,1,2: MI,Full,1,,50,Right Angle,Not Divided,Daylight,,Not Raining
2017-2527-8/11/2018,0,0,0,0,1: PDO,,,,90,Rear End,T-Junction,Daylight,,Unknown
2017-2528-8/11/2018,0,0,0,0,1: PDO,Full,2,,50,Right Angle,T-Junction,Daylight,,Not Raining
2017-2529-8/11/2018,1,0,0,1,2: MI,,,,80,Rear End,Cross Road,Daylight,,Raining
2017-2530-8/11/2018,0,0,0,0,1: PDO,Provisional 2,1,,60,Side Swipe,Divided Road,Daylight,,Not Raining
2017-2531-8/11/2018,0,0,0,0,1: PDO,Full,2,,60,Right Angle,T-Junction,Daylight,,Not Raining
2017-2532-8/11/2018,0,0,0,0,1: PDO,Full,2,,60,Side Swipe,Divided Road,Daylight,,Not Raining
2017-2533-8/11/2018,0,0,0,0,1: PDO,Full,1,,60,Rear End,T-Junction,Daylight,,Not Raining
2017-2534-8/11/2018,1,0,0,1,2: MI,Full,4,,60,Hit Fixed Object,Divided Road,Daylight,,Not Raining
2017-2535-8/11/2018,0,0,0,0,1: PDO,Provisional 1 ,1,,80,Rear End,Divided Road,Daylight,,Not Raining
2017-2536-8/11/2018,1,0,0,1,2: MI,,,,50,Hit Parked Vehicle,Not Divided,Daylight,,Not Raining
2017-2537-8/11/2018,0,0,0,0,1: PDO,,,,50,Right Angle,Cross Road,Daylight,Y,Not Raining
2017-2538-8/11/2018,2,0,0,2,2: MI,Unknown,1,,60,Right Angle,Not Divided,Daylight,,Not Raining
2017-2539-8/11/2018,1,0,0,1,2: MI,Full,2,,60,Rear End,Cross Road,Night,,Not Raining
2017-2540-8/11/2018,0,0,0,0,1: PDO,Full,1,,50,Hit Parked Vehicle,Not Divided,Daylight,,Not Raining
2017-2541-8/11/2018,0,0,0,0,1: PDO,Full,2,,50,Right Turn,T-Junction,Daylight,,Not Raining
2017-2542-8/11/2018,2,0,0,2,2: MI,Full,1,,60,Rear End,Divided Road,Night,,Not Raining
2017-2543-8/11/2018,0,0,0,0,1: PDO,Full,1,,60,Rear End,Divided Road,Daylight,,Not Raining
2017-2544-8/11/2018,1,0,0,1,2: MI,Full,1,,80,Rear End,Cross Road,Daylight,,Not Raining
2017-2545-8/11/2018,0,0,0,0,1: PDO,,,,60,Right Angle,Cross Road,Daylight,,Not Raining
2017-2546-8/11/2018,0,0,0,0,1: PDO,,,,80,Right Turn,T-Junction,Daylight,,Not Raining
2017-2547-8/11/2018,0,0,0,0,1: PDO,Unknown,1,,60,Right Turn,Cross Road,Daylight,,Not Raining
2017-2548-8/11/2018,0,0,0,0,1: PDO,Full,1,,60,Hit Parked Vehicle,Not Divided,Daylight,,Not Raining
2017-2549-8/11/2018,1,0,1,0,3: SI,Full,3,,80,Roll Over,Not Divided,Daylight,,Not Raining
2017-2550-8/11/2018,2,0,0,2,2: MI,Full,1,,50,Right Angle,T-Junction,Daylight,,Not Raining
2017-2551-8/11/2018,1,0,0,1,2: MI,,,,60,Rear End,Cross Road,Daylight,,Not Raining
2017-2552-8/11/2018,1,0,0,1,2: MI,Provisional 2,1,,60,Rear End,Cross Road,Daylight,,Not Raining
2017-2553-8/11/2018,1,0,0,1,2: MI,Provisional 1 ,1,,60,Right Angle,T-Junction,Daylight,,Not Raining
2017-2554-8/11/2018,0,0,0,0,1: PDO,Unknown,1,,50,Hit Fixed Object,Not Divided,Daylight,,Not Raining
2017-2555-8/11/2018,1,0,0,1,2: MI,Unknown,1,,50,Hit Fixed Object,T-Junction,Daylight,,Not Raining
2017-2556-8/11/2018,2,0,0,2,2: MI,Learners,1,,80,Rear End,Cross Road,Daylight,,Not Raining
2017-2557-8/11/2018,0,0,0,0,1: PDO,Unknown,1,,60,Right Angle,Cross Road,Daylight,,Not Raining
2017-2558-8/11/2018,0,0,0,0,1: PDO,Unknown,1,,60,Hit Parked Vehicle,Not Divided,Daylight,,Not Raining
2017-2559-8/11/2018,0,0,0,0,1: PDO,Full,1,,50,Right Turn,Cross Road,Daylight,,Not Raining
2017-2560-8/11/2018,0,0,0,0,1: PDO,Full,2,,60,Hit Parked Vehicle,Not Divided,Daylight,,Not Raining
2017-2561-8/11/2018,0,0,0,0,1: PDO,Unknown,2,,60,Right Angle,T-Junction,Daylight,,Not Raining
2017-2562-8/11/2018,1,0,0,1,2: MI,Unknown,1,,60,Rear End,T-Junction,Daylight,,Not Raining
2017-2563-8/11/2018,0,0,0,0,1: PDO,Full,1,,50,Hit Fixed Object,T-Junction,Night,,Not Raining
2017-2564-8/11/2018,0,0,0,0,1: PDO,Full,1,,80,Rear End,T-Junction,Daylight,,Not Raining
2017-2565-8/11/2018,1,0,1,0,3: SI,Full,2,,60,Hit Fixed Object,Divided Road,Daylight,Y,Not Raining
2017-2566-8/11/2018,0,0,0,0,1: PDO,Full,2,,60,Right Angle,T-Junction,Daylight,,Not Raining
2017-2567-8/11/2018,1,0,0,1,2: MI,Unlicenced,1,,60,Right Angle,Cross Road,Daylight,,Not Raining
2017-2568-8/11/2018,0,0,0,0,1: PDO,,,,50,Head On,Not Divided,Daylight,,Not Raining
2017-2569-8/11/2018,0,0,0,0,1: PDO,Full,1,,50,Right Turn,Not Divided,Daylight,,Not Raining
2017-2570-8/11/2018,1,0,0,1,2: MI,Full,1,,60,Rear End,T-Junction,Daylight,,Not Raining
2017-2571-8/11/2018,0,0,0,0,1: PDO,Full,1,,90,Side Swipe,Freeway,Night,,Not Raining
2017-2572-8/11/2018,0,0,0,0,1: PDO,Full,1,,60,Rear End,T-Junction,Daylight,,Not Raining
2017-2573-8/11/2018,0,0,0,0,1: PDO,Full,1,,60,Right Turn,T-Junction,Daylight,,Not Raining
2017-2574-8/11/2018,1,0,0,1,2: MI,Full,1,,50,Rear End,Cross Road,Daylight,,Not Raining
2017-2575-8/11/2018,0,0,0,0,1: PDO,Full,1,,50,Rear End,Cross Road,Daylight,,Not Raining
2017-2576-8/11/2018,1,0,0,1,2: MI,Provisional 1 ,1,Y,100,Hit Fixed Object,Not Divided,Daylight,,Not Raining
2017-2577-8/11/2018,1,0,0,1,2: MI,,,Y,90,Right Angle,Cross Road,Night,,Not Raining
2017-2578-8/11/2018,0,0,0,0,1: PDO,Full,1,,80,Hit Fixed Object,Not Divided,Night,,Not Raining
2017-2579-8/11/2018,0,0,0,0,1: PDO,Full,2,,50,Hit Fixed Object,Not Divided,Night,Y,Not Raining
2017-2580-8/11/2018,1,0,0,1,2: MI,Full,1,,50,Hit Parked Vehicle,Not Divided,Night,Y,Not Raining
2017-2581-8/11/2018,1,0,0,1,2: MI,Unknown,1,,80,Roll Over,T-Junction,Daylight,,Not Raining
2017-2582-8/11/2018,0,0,0,0,1: PDO,Full,2,,80,Hit Fixed Object,T-Junction,Night,Y,Not Raining
2017-2583-8/11/2018,0,0,0,0,1: PDO,Full,2,,60,Right Angle,T-Junction,Daylight,,Not Raining
2017-2584-8/11/2018,1,0,0,1,2: MI,Full,1,,60,Right Turn,T-Junction,Daylight,,Not Raining
2017-2585-8/11/2018,0,0,0,0,1: PDO,Full,1,,80,Rear End,T-Junction,Daylight,,Not Raining
2017-2586-8/11/2018,1,0,0,1,2: MI,,0,,60,Rear End,Cross Road,Daylight,,Not Raining
2017-2587-8/11/2018,0,0,0,0,1: PDO,Unknown,1,,60,Right Angle,T-Junction,Night,,Not Raining
2017-2588-8/11/2018,0,0,0,0,1: PDO,Full,4,,100,Left Road - Out of Control,Not Divided,Night,,Not Raining
2017-2589-8/11/2018,1,0,0,1,2: MI,Unknown,1,,100,Hit Animal,Not Divided,Daylight,,Not Raining
2017-2590-8/11/2018,0,0,0,0,1: PDO,Full,1,,60,Rear End,Divided Road,Night,,Not Raining
2017-2591-8/11/2018,0,0,0,0,1: PDO,,,,60,Right Turn,Cross Road,Daylight,,Not Raining
2017-2592-8/11/2018,1,0,0,1,2: MI,Full,1,Y,50,Roll Over,Divided Road,Daylight,,Raining
2017-2593-8/11/2018,1,0,1,0,3: SI,Unknown,2,,100,Roll Over,Not Divided,Daylight,,Not Raining
2017-2594-8/11/2018,1,0,1,0,3: SI,,,,110,Hit Fixed Object,Not Divided,Daylight,,Not Raining
2017-2595-8/11/2018,1,0,0,1,2: MI,Full,1,,50,Right Angle,T-Junction,Daylight,,Not Raining
2017-2596-8/11/2018,0,0,0,0,1: PDO,Full,1,,50,Right Turn,Cross Road,Daylight,,Not Raining
2017-2597-8/11/2018,1,0,0,1,2: MI,Full,1,,60,Rear End,Divided Road,Daylight,,Not Raining
2017-2598-8/11/2018,0,0,0,0,1: PDO,Full,4,,60,Right Angle,T-Junction,Daylight,,Not Raining
2017-2599-8/11/2018,0,0,0,0,1: PDO,Full,1,,60,Rear End,Divided Road,Daylight,,Not Raining
2017-2600-8/11/2018,0,0,0,0,1: PDO,Full,1,,50,Right Angle,Cross Road,Daylight,,Not Raining
2017-2601-8/11/2018,0,0,0,0,1: PDO,Learners,3,,50,Hit Parked Vehicle,Not Divided,Daylight,,Not Raining
2017-2602-8/11/2018,0,0,0,0,1: PDO,,0,,60,Rear End,Cross Road,Daylight,,Not Raining
2017-2603-8/11/2018,0,0,0,0,1: PDO,Provisional 2,1,,50,Right Angle,Cross Road,Daylight,,Not Raining
2017-2604-8/11/2018,0,0,0,0,1: PDO,Provisional 2,1,,50,Rear End,Cross Road,Daylight,,Not Raining
2017-2605-8/11/2018,0,0,0,0,1: PDO,,1,,60,Rear End,Cross Road,Daylight,,Not Raining
2017-2606-8/11/2018,0,0,0,0,1: PDO,Full,2,,60,Right Angle,T-Junction,Daylight,,Not Raining
2017-2607-8/11/2018,2,0,0,2,2: MI,,1,,60,Rear End,Cross Road,Daylight,,Not Raining
2017-2608-8/11/2018,1,0,1,0,3: SI,Provisional 2,1,,50,Side Swipe,Not Divided,Daylight,,Not Raining
2017-2609-8/11/2018,0,0,0,0,1: PDO,Unknown,1,,50,Hit Pedestrian,Not Divided,Daylight,,Not Raining
2017-2610-8/11/2018,1,0,0,1,2: MI,Full,1,,60,Rear End,Not Divided,Daylight,,Not Raining
2017-2611-8/11/2018,0,0,0,0,1: PDO,Full,1,,60,Right Turn,T-Junction,Daylight,,Not Raining
2017-2612-8/11/2018,0,0,0,0,1: PDO,Full,3,,50,Right Angle,Cross Road,Daylight,,Not Raining
2017-2613-8/11/2018,0,0,0,0,1: PDO,Full,1,,100,Rear End,Freeway,Daylight,,Not Raining
2017-2614-8/11/2018,0,0,0,0,1: PDO,Full,2,,50,Hit Parked Vehicle,Not Divided,Daylight,,Not Raining
2017-2615-8/11/2018,0,0,0,0,1: PDO,Full,3,,50,Rear End,Cross Road,Daylight,,Not Raining
2017-2616-8/11/2018,1,0,0,1,2: MI,Full,1,,60,Right Angle,T-Junction,Daylight,,Not Raining
2017-2617-8/11/2018,0,0,0,0,1: PDO,Learners,1,,60,Rear End,Divided Road,Daylight,,Not Raining
2017-2618-8/11/2018,1,0,0,1,2: MI,,,,50,Hit Pedestrian,Not Divided,Daylight,,Not Raining
2017-2619-8/11/2018,0,0,0,0,1: PDO,Full,1,Y,60,Hit Parked Vehicle,Divided Road,Night,,Not Raining
2017-2620-8/11/2018,3,0,0,3,2: MI,Unknown,1,Y,80,Hit Fixed Object,Divided Road,Night,Y,Not Raining
2017-2621-8/11/2018,0,0,0,0,1: PDO,Full,2,,60,Hit Fixed Object,Divided Road,Daylight,,Not Raining
2017-2622-8/11/2018,0,0,0,0,1: PDO,Unknown,1,,60,Right Angle,T-Junction,Night,,Not Raining
2017-2623-8/11/2018,1,0,0,1,2: MI,Full,1,,60,Right Turn,Cross Road,Daylight,,Not Raining
2017-2624-8/11/2018,1,0,0,1,2: MI,Unknown,1,,60,Rear End,Divided Road,Daylight,,Not Raining
2017-2625-8/11/2018,0,0,0,0,1: PDO,Unknown,1,,60,Rear End,Cross Road,Daylight,,Not Raining
2017-2626-8/11/2018,1,0,0,1,2: MI,,,,60,Rear End,T-Junction,Daylight,,Not Raining
2017-2627-8/11/2018,0,0,0,0,1: PDO,,0,,60,Side Swipe,T-Junction,Daylight,,Not Raining
2017-2628-8/11/2018,0,0,0,0,1: PDO,Unknown,1,,60,Rear End,Not Divided,Daylight,,Not Raining
2017-2629-8/11/2018,2,0,0,2,2: MI,Full,1,,80,Hit Fixed Object,T-Junction,Daylight,,Not Raining
2017-2630-8/11/2018,0,0,0,0,1: PDO,Unknown,1,,70,Rear End,Divided Road,Night,,Not Raining
2017-2631-8/11/2018,0,0,0,0,1: PDO,Full,1,,60,Side Swipe,Cross Road,Daylight,,Not Raining
2017-2632-8/11/2018,0,0,0,0,1: PDO,,,,50,Head On,Divided Road,Daylight,,Not Raining
2017-2633-8/11/2018,0,0,0,0,1: PDO,Provisional 2,2,,100,Hit Fixed Object,Divided Road,Daylight,,Not Raining
2017-2634-8/11/2018,1,0,0,1,2: MI,Unknown,1,,60,Right Turn,T-Junction,Daylight,,Not Raining
2017-2635-8/11/2018,0,0,0,0,1: PDO,Provisional 2,2,,90,Rear End,Divided Road,Daylight,,Not Raining
2017-2636-8/11/2018,1,0,0,1,2: MI,Unknown,1,,60,Hit Fixed Object,T-Junction,Daylight,,Not Raining
2017-2637-8/11/2018,0,0,0,0,1: PDO,Full,1,,60,Right Angle,T-Junction,Daylight,,Not Raining
2017-2638-8/11/2018,1,0,0,1,2: MI,Probationary,1,,60,Rear End,Divided Road,Daylight,,Not Raining
2017-2639-8/11/2018,0,0,0,0,1: PDO,,1,,50,Hit Fixed Object,Not Divided,Night,,Not Raining
2017-2640-8/11/2018,1,0,0,1,2: MI,Full,2,,60,Side Swipe,Not Divided,Daylight,,Not Raining
2017-2641-8/11/2018,0,0,0,0,1: PDO,Full,2,,70,Right Angle,Not Divided,Daylight,,Not Raining
2017-2642-8/11/2018,0,0,0,0,1: PDO,Full,1,,50,Hit Parked Vehicle,Not Divided,Daylight,,Not Raining
2017-2643-8/11/2018,0,0,0,0,1: PDO,,,,60,Side Swipe,Divided Road,Daylight,,Not Raining