REPORT_ID,Total Cas,Total Fats,Total SI,Total MI,CSEF Severity,Licence Type,Number Occupants,Drugs Involved,Area Speed,Crash Type,Position Type,DayNight,DUI Involved,Weather Cond
2017-2644-8/11/2018,0,0,0,0,1: PDO,Full,2,,60,Right Angle,Cross Road,Daylight,,Not Raining
2017-2645-8/11/2018,0,0,0,0,1: PDO,Full,1,,60,Rear End,Divided Road,Daylight,,Not Raining
2017-2646-8/11/2018,0,0,0,0,1: PDO,Full,1,,70,Rear End,Divided Road,Daylight,,Not Raining
2017-2647-8/11/2018,0,0,0,0,1: PDO,,,,60,Right Turn,T-Junction,Daylight,,Not Raining
2017-2648-8/11/2018,0,0,0,0,1: PDO,Full,1,,50,Side Swipe,Divided Road,Daylight,,Not Raining
2017-2649-8/11/2018,0,0,0,0,1: PDO,,0,,50,Rear End,Not Divided,Daylight,,Not Raining
2017-2650-8/11/2018,0,0,0,0,1: PDO,Full,1,,60,Rear End,Divided Road,Daylight,,Not Raining
2017-2651-8/11/2018,0,0,0,0,1: PDO,Full,1,,80,Right Angle,Cross Road,Daylight,,Not Raining
2017-2652-8/11/2018,0,0,0,0,1: PDO,Full,2,,60,Right Angle,T-Junction,Daylight,,Not Raining
2017-2653-8/11/2018,0,0,0,0,1: PDO,Probationary,1,,60,Hit Fixed Object,Divided Road,Daylight,,Not Raining
2017-2654-8/11/2018,0,0,0,0,1: PDO,Full,1,,60,Other,Not Divided,Daylight,,Not Raining
2017-2655-8/11/2018,2,0,0,2,2: MI,Full,1,,60,Hit Fixed Object,Cross Road,Daylight,,Not Raining
2017-2656-8/11/2018,1,0,0,1,2: MI,Provisional 2,1,,60,Right Angle,T-Junction,Night,,Not Raining
2017-2657-8/11/2018,1,0,0,1,2: MI,Full,1,,60,Right Angle,T-Junction,Daylight,,Not Raining
2017-2658-8/11/2018,0,0,0,0,1: PDO,,1,,40,Right Angle,Cross Road,Night,,Not Raining
2017-2659-8/11/2018,1,0,1,0,3: SI,Unknown,1,,60,Hit Pedestrian,Divided Road,Daylight,,Not Raining
2017-2660-8/11/2018,1,1,0,0,4: Fatal,Full,1,,50,Hit Fixed Object,Not Divided,Daylight,,Not Raining
2017-2661-8/11/2018,0,0,0,0,1: PDO,Unknown,2,,110,Side Swipe,T-Junction,Night,,Not Raining
2017-2662-8/11/2018,0,0,0,0,1: PDO,Full,1,,50,Hit Pedestrian,Not Divided,Night,,Not Raining
2017-2663-8/11/2018,1,0,0,1,2: MI,Full,1,,50,Hit Parked Vehicle,Not Divided,Night,Y,Not Raining
2017-2664-8/11/2018,0,0,0,0,1: PDO,,,,50,Right Angle,Cross Road,Night,,Not Raining
2017-2665-8/11/2018,1,0,0,1,2: MI,Full,1,,60,Hit Fixed Object,Divided Road,Night,,Not Raining
2017-2666-8/11/2018,0,0,0,0,1: PDO,Unknown,1,,100,Hit Fixed Object,Not Divided,Night,,Not Raining
2017-2667-8/11/2018,0,0,0,0,1: PDO,Full,1,,60,Hit Fixed Object,Cross Road,Night,Y,Not Raining
2017-2668-8/11/2018,0,0,0,0,1: PDO,Full,1,,90,Side Swipe,Freeway,Night,,Not Raining
2017-2669-8/11/2018,0,0,0,0,1: PDO,Full,1,,70,Hit Fixed Object,Pedestrian Crossing,Night,,Not Raining
2017-2670-8/11/2018,0,0,0,0,1: PDO,,,,60,Side Swipe,Not Divided,Night,,Not Raining
2017-2671-8/11/2018,1,0,0,1,2: MI,Full,1,,60,Rear End,Divided Road,Daylight,,Not Raining
2017-2672-8/11/2018,0,0,0,0,1: PDO,,,,50,Hit Fixed Object,T-Junction,Daylight,,Not Raining
2017-2673-8/11/2018,0,0,0,0,1: PDO,Full,3,,60,Hit Parked Vehicle,Divided Road,Daylight,,Not Raining
2017-2674-8/11/2018,0,0,0,0,1: PDO,Full,1,,60,Right Turn,T-Junction,Daylight,,Not Raining
2017-2675-8/11/2018,0,0,0,0,1: PDO,Unknown,1,,100,Roll Over,Not Divided,Daylight,,Not Raining
2017-2676-8/11/2018,0,0,0,0,1: PDO,Full,1,,110,Other,Divided Road,Daylight,,Not Raining
2017-2677-8/11/2018,0,0,0,0,1: PDO,Full,1,,60,Rear End,Cross Road,Daylight,,Not Raining
2017-2678-8/11/2018,0,0,0,0,1: PDO,Full,1,,60,Hit Fixed Object,Divided Road,Daylight,,Not Raining
2017-2679-8/11/2018,1,0,0,1,2: MI,Unknown,1,,50,Right Angle,Cross Road,Daylight,,Not Raining
2017-2680-8/11/2018,2,0,0,2,2: MI,Unknown,1,,80,Right Turn,T-Junction,Daylight,,Not Raining
2017-2681-8/11/2018,0,0,0,0,1: PDO,Unknown,1,,60,Rear End,T-Junction,Daylight,,Not Raining
2017-2682-8/11/2018,1,0,0,1,2: MI,Provisional 2,2,,110,Side Swipe,T-Junction,Daylight,,Not Raining
2017-2683-8/11/2018,1,0,0,1,2: MI,Full,1,,60,Right Angle,T-Junction,Daylight,,Not Raining
2017-2684-8/11/2018,1,0,0,1,2: MI,Probationary,3,,50,Right Angle,Multiple,Daylight,,Not Raining
2017-2685-8/11/2018,0,0,0,0,1: PDO,Full,1,,80,Right Angle,Cross Road,Daylight,,Not Raining
2017-2686-8/11/2018,0,0,0,0,1: PDO,Full,1,,60,Rear End,Divided Road,Daylight,,Not Raining
2017-2687-8/11/2018,1,0,0,1,2: MI,Full,1,,80,Rear End,Divided Road,Daylight,,Not Raining
2017-2688-8/11/2018,1,0,0,1,2: MI,Full,2,,60,Right Angle,T-Junction,Daylight,,Not Raining
2017-2689-8/11/2018,0,0,0,0,1: PDO,Full,1,,60,Right Turn,Cross Road,Daylight,,Not Raining
2017-2690-8/11/2018,1,0,0,1,2: MI,Full,2,,60,Right Angle,Not Divided,Daylight,,Not Raining
2017-2691-8/11/2018,0,0,0,0,1: PDO,Full,1,,60,Rear End,Cross Road,Daylight,,Not Raining
2017-2692-8/11/2018,1,0,1,0,3: SI,Full,1,Y,50,Hit Fixed Object,Not Divided,Night,Y,Not Raining
2017-2693-8/11/2018,1,0,0,1,2: MI,Full,2,,60,Hit Fixed Object,Cross Road,Night,Y,Not Raining
2017-2694-8/11/2018,1,0,0,1,2: MI,Full,2,,50,Hit Fixed Object,Not Divided,Night,,Not Raining
2017-2695-8/11/2018,3,0,0,3,2: MI,Full,1,,50,Hit Fixed Object,Not Divided,Night,Y,Not Raining
2017-2696-8/11/2018,1,0,0,1,2: MI,,0,,60,Right Turn,Cross Road,Night,,Not Raining
2017-2697-8/11/2018,0,0,0,0,1: PDO,Provisional 1 ,1,,60,Right Angle,Divided Road,Daylight,,Not Raining
2017-2698-8/11/2018,2,0,0,2,2: MI,,,,110,Roll Over,Not Divided,Daylight,,Not Raining
2017-2699-8/11/2018,1,0,0,1,2: MI,Provisional 2,1,,50,Hit Fixed Object,Divided Road,Night,Y,Not Raining
2017-2700-8/11/2018,0,0,0,0,1: PDO,Unknown,1,,25,Side Swipe,Divided Road,Daylight,,Not Raining
2017-2701-8/11/2018,1,0,0,1,2: MI,,0,,60,Rear End,Cross Road,Daylight,,Not Raining
2017-2702-8/11/2018,0,0,0,0,1: PDO,,1,,60,Right Turn,T-Junction,Daylight,,Not Raining
2017-2703-8/11/2018,0,0,0,0,1: PDO,Full,1,,40,Hit Parked Vehicle,Not Divided,Daylight,,Not Raining
2017-2704-8/11/2018,0,0,0,0,1: PDO,Full,1,,60,Rear End,Divided Road,Daylight,,Not Raining
2017-2705-8/11/2018,0,0,0,0,1: PDO,Full,5,,60,Right Angle,Cross Road,Daylight,,Not Raining
2017-2706-8/11/2018,0,0,0,0,1: PDO,Full,1,,80,Rear End,Divided Road,Night,,Not Raining
2017-2707-8/11/2018,1,0,1,0,3: SI,Full,2,,60,Right Angle,T-Junction,Daylight,,Not Raining
2017-2708-8/11/2018,0,0,0,0,1: PDO,Full,1,,60,Right Turn,T-Junction,Daylight,,Not Raining
2017-2709-8/11/2018,0,0,0,0,1: PDO,Unknown,1,,60,Rear End,Divided Road,Daylight,,Not Raining
2017-2710-8/11/2018,0,0,0,0,1: PDO,Full,1,,60,Rear End,Divided Road,Night,,Not Raining
2017-2711-8/11/2018,1,0,0,1,2: MI,Full,1,,80,Hit Fixed Object,Not Divided,Daylight,Y,Not Raining
2017-2712-8/11/2018,1,0,0,1,2: MI,Full,1,,50,Hit Fixed Object,T-Junction,Night,Y,Not Raining
2017-2713-8/11/2018,0,0,0,0,1: PDO,,,,100,Hit Fixed Object,Freeway,Daylight,,Not Raining
2017-2714-8/11/2018,0,0,0,0,1: PDO,Provisional 2,1,,50,Hit Parked Vehicle,Not Divided,Daylight,,Not Raining
2017-2715-8/11/2018,1,0,0,1,2: MI,Full,1,,100,Roll Over,Not Divided,Daylight,,Not Raining
2017-2716-8/11/2018,3,0,2,1,3: SI,Provisional 1 ,2,,110,Rear End,Not Divided,Daylight,,Not Raining
2017-2717-8/11/2018,0,0,0,0,1: PDO,Full,1,,50,Right Angle,Cross Road,Daylight,,Not Raining
2017-2718-8/11/2018,4,0,0,4,2: MI,Full,4,,80,Right Angle,T-Junction,Daylight,,Not Raining
2017-2719-8/11/2018,1,0,0,1,2: MI,Full,1,,60,Hit Fixed Object,Divided Road,Night,,Not Raining
2017-2720-8/11/2018,0,0,0,0,1: PDO,Full,1,,110,Hit Fixed Object,Freeway,Night,,Not Raining
2017-2721-8/11/2018,0,0,0,0,1: PDO,Full,1,,60,Hit Parked Vehicle,Divided Road,Night,Y,Not Raining
2017-2722-8/11/2018,0,0,0,0,1: PDO,Full,2,,60,Hit Pedestrian,Not Divided,Night,,Not Raining
2017-2723-8/11/2018,0,0,0,0,1: PDO,Unknown,1,,50,Hit Fixed Object,Not Divided,Night,,Not Raining
2017-2724-8/11/2018,1,0,0,1,2: MI,Full,1,,60,Hit Parked Vehicle,Divided Road,Night,Y,Not Raining
2017-2725-8/11/2018,0,0,0,0,1: PDO,Unknown,1,,60,Hit Fixed Object,Divided Road,Night,,Not Raining
2017-2726-8/11/2018,2,0,0,2,2: MI,Full,1,,60,Right Turn,Cross Road,Night,,Not Raining
2017-2727-8/11/2018,0,0,0,0,1: PDO,,,,50,Hit Fixed Object,T-Junction,Night,,Not Raining
2017-2728-8/11/2018,0,0,0,0,1: PDO,Full,1,,110,Roll Over,Not Divided,Daylight,,Not Raining
2017-2729-8/11/2018,2,0,0,2,2: MI,Full,1,,60,Rear End,T-Junction,Night,,Not Raining
2017-2730-8/11/2018,0,0,0,0,1: PDO,Provisional 2,2,,50,Hit Fixed Object,Not Divided,Daylight,Y,Not Raining
2017-2731-8/11/2018,0,0,0,0,1: PDO,Full,1,,60,Rear End,T-Junction,Daylight,,Not Raining
2017-2732-8/11/2018,1,0,0,1,2: MI,Full,1,,50,Right Angle,T-Junction,Daylight,,Not Raining
2017-2733-8/11/2018,0,0,0,0,1: PDO,,0,,60,Rear End,Divided Road,Night,,Not Raining
2017-2734-8/11/2018,0,0,0,0,1: PDO,,0,,50,Hit Parked Vehicle,Not Divided,Daylight,,Not Raining
2017-2735-8/11/2018,0,0,0,0,1: PDO,Full,1,,60,Hit Fixed Object,Divided Road,Night,,Not Raining
2017-2736-8/11/2018,0,0,0,0,1: PDO,Full,2,,60,Rear End,Divided Road,Daylight,,Not Raining
2017-2737-8/11/2018,0,0,0,0,1: PDO,Full,1,,50,Side Swipe,T-Junction,Daylight,,Not Raining
2017-2738-8/11/2018,0,0,0,0,1: PDO,Full,1,,50,Right Angle,Not Divided,Daylight,,Not Raining
2017-2739-8/11/2018,1,0,0,1,2: MI,Unlicenced,1,,40,Right Turn,Cross Road,Daylight,,Not Raining
2017-2740-8/11/2018,0,0,0,0,1: PDO,Full,1,,60,Hit Fixed Object,Divided Road,Daylight,,Not Raining
2017-2741-8/11/2018,2,0,0,2,2: MI,Full,1,,110,Side Swipe,Freeway,Daylight,,Not Raining
2017-2742-8/11/2018,1,0,0,1,2: MI,Full,1,,100,Roll Over,Not Divided,Daylight,,Not Raining
2017-2743-8/11/2018,1,0,0,1,2: MI,Full,1,,60,Right Angle,Cross Road,Daylight,,Not Raining
2017-2744-8/11/2018,0,0,0,0,1: PDO,Unlicenced,1,,100,Hit Fixed Object,T-Junction,Night,,Not Raining
2017-2745-8/11/2018,1,0,0,1,2: MI,Full,1,,60,Right Turn,T-Junction,Daylight,,Not Raining
2017-2746-8/11/2018,0,0,0,0,1: PDO,Probationary,1,,60,Right Angle,Cross Road,Daylight,,Not Raining
2017-2747-8/11/2018,0,0,0,0,1: PDO,,0,,60,Rear End,Cross Road,Daylight,,Not Raining
2017-2748-8/11/2018,0,0,0,0,1: PDO,Unknown,1,,60,Right Angle,T-Junction,Daylight,,Not Raining
2017-2749-8/11/2018,0,0,0,0,1: PDO,Full,1,,60,Hit Parked Vehicle,Divided Road,Daylight,,Not Raining
2017-2750-8/11/2018,0,0,0,0,1: PDO,,,,50,Hit Fixed Object,Not Divided,Daylight,,Not Raining
2017-2751-8/11/2018,1,0,0,1,2: MI,Full,3,,80,Rear End,Divided Road,Daylight,,Not Raining
2017-2752-8/11/2018,0,0,0,0,1: PDO,Unknown,1,,60,Right Angle,T-Junction,Daylight,,Not Raining
2017-2753-8/11/2018,0,0,0,0,1: PDO,Full,1,,50,Rear End,Not Divided,Daylight,,Not Raining
2017-2754-8/11/2018,0,0,0,0,1: PDO,Full,1,,50,Hit Parked Vehicle,Not Divided,Daylight,,Raining
2017-2755-8/11/2018,0,0,0,0,1: PDO,Full,1,,100,Rear End,T-Junction,Daylight,,Not Raining
2017-2756-8/11/2018,0,0,0,0,1: PDO,Full,1,,60,Rear End,Cross Road,Daylight,,Raining
2017-2757-8/11/2018,0,0,0,0,1: PDO,Full,1,,80,Hit Fixed Object,Cross Road,Daylight,,Not Raining
2017-2758-8/11/2018,0,0,0,0,1: PDO,Full,3,,60,Right Angle,T-Junction,Daylight,,Not Raining
2017-2759-8/11/2018,0,0,0,0,1: PDO,Full,4,,50,Right Angle,Cross Road,Daylight,,Raining
2017-2760-8/11/2018,1,0,0,1,2: MI,Full,1,,70,Rear End,T-Junction,Daylight,,Not Raining
2017-2761-8/11/2018,0,0,0,0,1: PDO,Full,1,,60,Rear End,Not Divided,Daylight,,Not Raining
2017-2762-8/11/2018,0,0,0,0,1: PDO,Unknown,1,,60,Right Angle,T-Junction,Daylight,,Raining
2017-2763-8/11/2018,1,0,0,1,2: MI,Full,2,,50,Right Angle,T-Junction,Daylight,,Not Raining
2017-2764-8/11/2018,2,0,0,2,2: MI,Full,1,,60,Right Angle,Cross Road,Daylight,,Raining
2017-2765-8/11/2018,0,0,0,0,1: PDO,Full,1,,60,Hit Parked Vehicle,Divided Road,Daylight,,Not Raining
2017-2766-8/11/2018,0,0,0,0,1: PDO,Provisional 2,1,,100,Hit Fixed Object,Not Divided,Daylight,,Not Raining
2017-2767-8/11/2018,1,0,0,1,2: MI,Unlicenced,3,,60,Rear End,Divided Road,Daylight,,Not Raining
2017-2768-8/11/2018,1,0,1,0,3: SI,,,,50,Hit Fixed Object,T-Junction,Daylight,,Not Raining
2017-2769-8/11/2018,3,0,0,3,2: MI,Full,1,,60,Rear End,T-Junction,Daylight,,Raining
2017-2770-8/11/2018,1,0,0,1,2: MI,Full,2,,80,Rear End,Not Divided,Night,,Not Raining
2017-2771-8/11/2018,1,0,0,1,2: MI,Full,1,,110,Hit Fixed Object,Not Divided,Night,,Raining
2017-2772-8/11/2018,1,0,0,1,2: MI,,,,60,Hit Object on Road,Divided Road,Night,,Not Raining
2017-2773-8/11/2018,1,0,0,1,2: MI,,,,110,Hit Fixed Object,Not Divided,Daylight,,Not Raining
2017-2774-8/11/2018,1,0,0,1,2: MI,Provisional 1 ,2,,60,Right Angle,Cross Road,Daylight,,Raining
2017-2775-8/11/2018,1,0,0,1,2: MI,Unknown,1,,50,Hit Parked Vehicle,Not Divided,Daylight,,Not Raining
2017-2776-8/11/2018,0,0,0,0,1: PDO,Unlicenced,1,,60,Right Angle,Cross Road,Daylight,,Not Raining
2017-2777-8/11/2018,0,0,0,0,1: PDO,,,,40,Hit Parked Vehicle,Not Divided,Night,,Not Raining
2017-2778-8/11/2018,1,0,0,1,2: MI,,,,60,Right Angle,T-Junction,Daylight,,Not Raining
2017-2779-8/11/2018,2,0,0,2,2: MI,Full,2,,60,Rear End,Divided Road,Daylight,,Not Raining
2017-2780-8/11/2018,0,0,0,0,1: PDO,,,,50,Side Swipe,Cross Road,Daylight,,Raining
2017-2781-8/11/2018,2,0,0,2,2: MI,,,,60,Rear End,Divided Road,Daylight,,Not Raining
2017-2782-8/11/2018,0,0,0,0,1: PDO,Full,1,,60,Right Angle,Cross Road,Daylight,,Not Raining
2017-2783-8/11/2018,1,0,0,1,2: MI,Full,1,,60,Right Turn,T-Junction,Daylight,,Not Raining
2017-2784-8/11/2018,1,0,0,1,2: MI,Full,1,Y,80,Right Angle,T-Junction,Daylight,,Not Raining
2017-2785-8/11/2018,0,0,0,0,1: PDO,Full,1,,60,Side Swipe,Divided Road,Daylight,,Not Raining
2017-2786-8/11/2018,0,0,0,0,1: PDO,Full,1,,60,Side Swipe,Cross Road,Night,,Not Raining
2017-2787-8/11/2018,0,0,0,0,1: PDO,,1,,25,Side Swipe,Divided Road,Daylight,,Not Raining
2017-2788-8/11/2018,1,0,0,1,2: MI,Full,1,,90,Rear End,T-Junction,Daylight,,Not Raining
2017-2789-8/11/2018,0,0,0,0,1: PDO,Full,1,,60,Hit Parked Vehicle,Not Divided,Daylight,,Not Raining
2017-2790-8/11/2018,0,0,0,0,1: PDO,Full,1,,70,Rear End,Divided Road,Daylight,,Not Raining
2017-2791-8/11/2018,0,0,0,0,1: PDO,Full,1,,60,Right Turn,Cross Road,Daylight,,Not Raining
2017-2792-8/11/2018,3,0,0,3,2: MI,Full,1,,60,Right Turn,T-Junction,Daylight,,Not Raining
2017-2793-8/11/2018,1,0,0,1,2: MI,Full,1,,60,Rear End,Cross Road,Daylight,,Not Raining
2017-2794-8/11/2018,0,0,0,0,1: PDO,Full,1,,60,Right Angle,Cross Road,Daylight,,Not Raining
2017-2795-8/11/2018,1,0,1,0,3: SI,Unknown,1,,50,Roll Over,Divided Road,Night,,Not Raining
2017-2796-8/11/2018,1,0,0,1,2: MI,Full,1,,50,Hit Fixed Object,Not Divided,Daylight,,Not Raining
2017-2797-8/11/2018,4,0,0,4,2: MI,Full,1,,50,Right Angle,Cross Road,Daylight,,Not Raining
2017-2798-8/11/2018,1,0,0,1,2: MI,Provisional 1 ,1,,50,Hit Pedestrian,Not Divided,Daylight,,Not Raining
2017-2799-8/11/2018,0,0,0,0,1: PDO,Full,1,,80,Rear End,Divided Road,Daylight,,Not Raining
2017-2800-8/11/2018,0,0,0,0,1: PDO,Unknown,1,,50,Side Swipe,Divided Road,Daylight,,Not Raining
2017-2801-8/11/2018,1,0,0,1,2: MI,Unknown,1,,50,Hit Fixed Object,Not Divided,Daylight,Y,Not Raining
2017-2802-8/11/2018,0,0,0,0,1: PDO,Unknown,2,,60,Right Angle,Cross Road,Daylight,,Not Raining
2017-2803-8/11/2018,0,0,0,0,1: PDO,Full,1,,110,Hit Fixed Object,Not Divided,Daylight,,Not Raining
2017-2804-8/11/2018,1,0,0,1,2: MI,Unknown,1,,60,Side Swipe,T-Junction,Daylight,,Not Raining
2017-2805-8/11/2018,0,0,0,0,1: PDO,Unknown,1,,50,Hit Fixed Object,Not Divided,Daylight,,Not Raining
2017-2806-8/11/2018,3,0,0,3,2: MI,,,,80,Head On,Not Divided,Daylight,,Not Raining
2017-2807-8/11/2018,1,0,1,0,3: SI,Full,1,,60,Right Angle,T-Junction,Night,,Not Raining
2017-2808-8/11/2018,0,0,0,0,1: PDO,Full,1,,50,Right Angle,Cross Road,Night,,Not Raining
2017-2809-8/11/2018,2,0,2,0,3: SI,Full,1,,100,Head On,Not Divided,Daylight,,Not Raining
2017-2810-8/11/2018,0,0,0,0,1: PDO,Full,2,,50,Hit Parked Vehicle,Not Divided,Night,,Not Raining
2017-2811-8/11/2018,1,0,0,1,2: MI,Full,1,,50,Hit Fixed Object,Not Divided,Night,,Not Raining
2017-2812-8/11/2018,1,0,0,1,2: MI,Full,4,,100,Hit Fixed Object,Not Divided,Night,,Not Raining
2017-2813-8/11/2018,1,0,0,1,2: MI,Full,1,,50,Rear End,T-Junction,Daylight,,Not Raining
2017-2814-8/11/2018,0,0,0,0,1: PDO,Full,1,,90,Rear End,Divided Road,Night,,Not Raining
2017-2815-8/11/2018,1,0,0,1,2: MI,Full,3,,100,Hit Fixed Object,Not Divided,Daylight,,Not Raining
2017-2816-8/11/2018,0,0,0,0,1: PDO,,,,50,Hit Parked Vehicle,Not Divided,Daylight,,Not Raining
2017-2817-8/11/2018,1,0,0,1,2: MI,,,,50,Rear End,T-Junction,Daylight,,Not Raining
2017-2818-8/11/2018,1,0,0,1,2: MI,Probationary,1,,50,Hit Pedestrian,Not Divided,Daylight,,Not Raining
2017-2819-8/11/2018,1,0,0,1,2: MI,Full,2,,40,Right Angle,Not Divided,Daylight,,Not Raining
2017-2820-8/11/2018,1,0,0,1,2: MI,Full,2,,25,Hit Parked Vehicle,Not Divided,Daylight,,Not Raining
2017-2821-8/11/2018,0,0,0,0,1: PDO,Full,1,,50,Right Angle,T-Junction,Daylight,,Not Raining
2017-2822-8/11/2018,1,0,0,1,2: MI,,1,,100,Roll Over,Not Divided,Daylight,,Not Raining
2017-2823-8/11/2018,0,0,0,0,1: PDO,Unknown,1,,60,Side Swipe,Divided Road,Daylight,,Not Raining
2017-2824-8/11/2018,0,0,0,0,1: PDO,Full,1,,60,Right Angle,Cross Road,Night,,Not Raining
2017-2825-8/11/2018,0,0,0,0,1: PDO,Unknown,1,,50,Right Turn,Cross Road,Daylight,,Not Raining
2017-2826-8/11/2018,0,0,0,0,1: PDO,Full,1,,60,Right Turn,Cross Road,Daylight,,Not Raining
2017-2827-8/11/2018,1,0,0,1,2: MI,,0,,50,Right Turn,Not Divided,Daylight,,Not Raining
2017-2828-8/11/2018,1,0,1,0,3: SI,Full,1,,50,Right Turn,Cross Road,Daylight,,Not Raining
2017-2829-8/11/2018,0,0,0,0,1: PDO,Full,1,,60,Hit Parked Vehicle,Divided Road,Daylight,,Not Raining
2017-2830-8/11/2018,1,0,0,1,2: MI,Unknown,1,,50,Right Angle,T-Junction,Daylight,,Not Raining
2017-2831-8/11/2018,0,0,0,0,1: PDO,Full,1,,60,Side Swipe,Divided Road,Daylight,,Not Raining
2017-2832-8/11/2018,1,0,0,1,2: MI,Full,1,,60,Right Angle,T-Junction,Daylight,,Not Raining
2017-2833-8/11/2018,1,0,0,1,2: MI,Full,2,,60,Rear End,T-Junction,Daylight,,Not Raining
2017-2834-8/11/2018,1,0,0,1,2: MI,Full,1,,50,Side Swipe,Divided Road,Daylight,,Not Raining
2017-2835-8/11/2018,0,0,0,0,1: PDO,Unknown,1,,50,Hit Parked Vehicle,Not Divided,Daylight,,Not Raining
2017-2836-8/11/2018,1,0,0,1,2: MI,Unknown,1,,60,Hit Fixed Object,T-Junction,Daylight,,Raining
2017-2837-8/11/2018,2,0,1,1,3: SI,Full,1,,90,Hit Fixed Object,Multiple,Daylight,,Not Raining
2017-2838-8/11/2018,0,0,0,0,1: PDO,Unknown,1,,80,Hit Fixed Object,T-Junction,Daylight,,Not Raining
2017-2839-8/11/2018,1,0,0,1,2: MI,Full,1,,60,Rear End,Pedestrian Crossing,Daylight,,Not Raining
2017-2840-8/11/2018,0,0,0,0,1: PDO,Full,3,,110,Rear End,Freeway,Night,,Not Raining
2017-2841-8/11/2018,0,0,0,0,1: PDO,Unknown,1,,50,Right Angle,T-Junction,Daylight,,Not Raining
2017-2842-8/11/2018,1,0,1,0,3: SI,Unknown,1,,50,Hit Pedestrian,T-Junction,Daylight,,Not Raining
2017-2843-8/11/2018,1,0,0,1,2: MI,Full,1,,60,Rear End,Divided Road,Daylight,,Not Raining
2017-2844-8/11/2018,1,0,0,1,2: MI,Full,1,,60,Right Angle,T-Junction,Daylight,,Not Raining
2017-2845-8/11/2018,0,0,0,0,1: PDO,Full,1,,50,Hit Parked Vehicle,Not Divided,Daylight,,Not Raining
2017-2846-8/11/2018,1,0,0,1,2: MI,Full,1,,60,Right Angle,T-Junction,Daylight,,Not Raining
2017-2847-8/11/2018,1,0,0,1,2: MI,Probationary,1,,110,Hit Fixed Object,T-Junction,Daylight,,Not Raining
2017-2848-8/11/2018,0,0,0,0,1: PDO,Full,2,,60,Right Angle,Not Divided,Daylight,,Not Raining
2017-2849-8/11/2018,0,0,0,0,1: PDO,Full,1,,60,Rear End,Cross Road,Daylight,,Not Raining
2017-2850-8/11/2018,2,0,0,2,2: MI,Full,2,,60,Hit Fixed Object,T-Junction,Daylight,,Not Raining
2017-2851-8/11/2018,0,0,0,0,1: PDO,Full,1,,50,Hit Parked Vehicle,Not Divided,Daylight,,Not Raining
2017-2852-8/11/2018,1,0,0,1,2: MI,Full,2,,50,Side Swipe,Divided Road,Daylight,,Not Raining
2017-2853-8/11/2018,0,0,0,0,1: PDO,Full,2,,60,Rear End,Divided Road,Daylight,,Not Raining
2017-2854-8/11/2018,1,0,0,1,2: MI,Full,1,,60,Hit Fixed Object,Divided Road,Daylight,,Not Raining
2017-2855-8/11/2018,0,0,0,0,1: PDO,Full,1,,60,Hit Parked Vehicle,Divided Road,Night,,Not Raining
2017-2856-8/11/2018,1,0,0,1,2: MI,Full,1,,60,Side Swipe,T-Junction,Night,,Not Raining
2017-2857-8/11/2018,0,0,0,0,1: PDO,,0,,50,Roll Over,Not Divided,Night,Y,Not Raining
2017-2858-8/11/2018,0,0,0,0,1: PDO,Full,1,,50,Side Swipe,Divided Road,Night,,Not Raining
2017-2859-8/11/2018,0,0,0,0,1: PDO,,,,50,Right Angle,Cross Road,Night,,Not Raining
2017-2860-8/11/2018,1,0,0,1,2: MI,Full,2,,50,Right Angle,T-Junction,Daylight,,Not Raining
2017-2861-8/11/2018,0,0,0,0,1: PDO,Full,1,,60,Right Angle,T-Junction,Daylight,,Not Raining
2017-2862-8/11/2018,0,0,0,0,1: PDO,Full,1,,60,Hit Parked Vehicle,Not Divided,Daylight,,Not Raining