REPORT_ID,Total Cas,Total Fats,Total SI,Total MI,CSEF Severity,Licence Type,Number Occupants,Drugs Involved,Area Speed,Crash Type,Position Type,DayNight,DUI Involved,Weather Cond
2017-2863-8/11/2018,1,0,0,1,2: MI,Full,4,,100,Hit Fixed Object,Divided Road,Night,,Not Raining
2017-2864-8/11/2018,1,0,0,1,2: MI,Full,1,,60,Rear End,Cross Road,Daylight,,Not Raining
2017-2865-8/11/2018,1,0,0,1,2: MI,Full,2,,60,Right Turn,T-Junction,Daylight,,Not Raining
2017-2866-8/11/2018,0,0,0,0,1: PDO,Unlicenced,1,,60,Rear End,Divided Road,Daylight,,Not Raining
2017-2867-8/11/2018,0,0,0,0,1: PDO,Full,1,,80,Rear End,Not Divided,Night,,Not Raining
2017-2868-8/11/2018,1,0,0,1,2: MI,Full,1,,60,Right Angle,T-Junction,Daylight,,Not Raining
2017-2869-8/11/2018,1,0,0,1,2: MI,,,,60,Rear End,Divided Road,Daylight,,Not Raining
2017-2870-8/11/2018,0,0,0,0,1: PDO,,,,60,Side Swipe,Divided Road,Daylight,,Not Raining
2017-2871-8/11/2018,1,0,0,1,2: MI,,,,60,Right Angle,Cross Road,Daylight,,Not Raining
2017-2872-8/11/2018,0,0,0,0,1: PDO,Provisional 1 ,1,,60,Right Angle,Cross Road,Daylight,,Not Raining
2017-2873-8/11/2018,0,0,0,0,1: PDO,,,,60,Rear End,Not Divided,Daylight,,Not Raining
2017-2874-8/11/2018,0,0,0,0,1: PDO,Full,1,,50,Rear End,Cross Road,Daylight,,Not Raining
2017-2875-8/11/2018,0,0,0,0,1: PDO,Full,2,,50,Right Angle,Cross Road,Night,,Not Raining
2017-2876-8/11/2018,0,0,0,0,1: PDO,Full,2,,80,Rear End,Divided Road,Daylight,,Not Raining
2017-2877-8/11/2018,1,0,0,1,2: MI,,,,80,Hit Fixed Object,Not Divided,Daylight,,Not Raining
2017-2878-8/11/2018,0,0,0,0,1: PDO,Full,1,,110,Hit Fixed Object,Divided Road,Daylight,,Not Raining
2017-2879-8/11/2018,0,0,0,0,1: PDO,,0,,60,Side Swipe,Divided Road,Daylight,,Not Raining
2017-2880-8/11/2018,1,0,0,1,2: MI,,0,,50,Right Angle,Cross Road,Daylight,,Not Raining
2017-2881-8/11/2018,0,0,0,0,1: PDO,,1,,90,Side Swipe,Not Divided,Daylight,,Not Raining
2017-2882-8/11/2018,1,0,0,1,2: MI,Full,1,,60,Rear End,T-Junction,Daylight,,Not Raining
2017-2883-8/11/2018,0,0,0,0,1: PDO,Unknown,1,,60,Side Swipe,Cross Road,Daylight,,Not Raining
2017-2884-8/11/2018,0,0,0,0,1: PDO,Provisional 2,1,,50,Side Swipe,Cross Road,Daylight,,Not Raining
2017-2885-8/11/2018,0,0,0,0,1: PDO,,0,,60,Rear End,Not Divided,Daylight,,Not Raining
2017-2886-8/11/2018,0,0,0,0,1: PDO,Full,2,,60,Hit Parked Vehicle,Not Divided,Daylight,,Not Raining
2017-2887-8/11/2018,0,0,0,0,1: PDO,,1,,60,Rear End,Not Divided,Daylight,,Not Raining
2017-2888-8/11/2018,1,0,0,1,2: MI,Full,1,,50,Rear End,Cross Road,Daylight,,Not Raining
2017-2889-8/11/2018,0,0,0,0,1: PDO,Full,1,,50,Hit Fixed Object,T-Junction,Daylight,,Not Raining
2017-2890-8/11/2018,0,0,0,0,1: PDO,,,,60,Right Angle,Divided Road,Daylight,,Not Raining
2017-2891-8/11/2018,1,0,0,1,2: MI,Full,1,,110,Right Angle,Cross Road,Daylight,,Not Raining
2017-2892-8/11/2018,0,0,0,0,1: PDO,Provisional 2,1,,50,Right Angle,Cross Road,Daylight,,Not Raining
2017-2893-8/11/2018,1,0,0,1,2: MI,,0,,60,Right Angle,T-Junction,Daylight,,Not Raining
2017-2894-8/11/2018,3,0,0,3,2: MI,,,,80,Rear End,Cross Road,Daylight,,Not Raining
2017-2895-8/11/2018,1,0,0,1,2: MI,Full,1,,50,Hit Fixed Object,Not Divided,Night,,Not Raining
2017-2896-8/11/2018,0,0,0,0,1: PDO,,,,100,Hit Fixed Object,Not Divided,Daylight,,Not Raining
2017-2897-8/11/2018,1,0,0,1,2: MI,Unknown,1,,60,Right Angle,T-Junction,Daylight,,Not Raining
2017-2898-8/11/2018,0,0,0,0,1: PDO,Full,1,,100,Side Swipe,Interchange,Daylight,,Not Raining
2017-2899-8/11/2018,0,0,0,0,1: PDO,Full,1,,70,Right Angle,T-Junction,Daylight,,Not Raining
2017-2900-8/11/2018,0,0,0,0,1: PDO,Full,2,,60,Rear End,Not Divided,Daylight,,Not Raining
2017-2901-8/11/2018,0,0,0,0,1: PDO,,,,60,Hit Parked Vehicle,Divided Road,Night,,Not Raining
2017-2902-8/11/2018,0,0,0,0,1: PDO,Unknown,1,,60,Rear End,Divided Road,Daylight,,Not Raining
2017-2903-8/11/2018,2,0,0,2,2: MI,Full,1,,100,Hit Fixed Object,Not Divided,Daylight,Y,Not Raining
2017-2904-8/11/2018,1,0,1,0,3: SI,,0,,60,Right Turn,Cross Road,Night,,Not Raining
2017-2905-8/11/2018,1,0,0,1,2: MI,,0,,80,Hit Fixed Object,Not Divided,Daylight,,Not Raining
2017-2906-8/11/2018,1,0,0,1,2: MI,,,,60,Hit Parked Vehicle,Pedestrian Crossing,Night,,Not Raining
2017-2907-8/11/2018,1,0,0,1,2: MI,Full,1,,60,Hit Fixed Object,Not Divided,Night,Y,Not Raining
2017-2908-8/11/2018,0,0,0,0,1: PDO,,,,60,Rear End,Not Divided,Daylight,,Not Raining
2017-2909-8/11/2018,0,0,0,0,1: PDO,Full,1,,100,Side Swipe,T-Junction,Daylight,,Not Raining
2017-2910-8/11/2018,0,0,0,0,1: PDO,Provisional 1 ,1,,60,Right Angle,Cross Road,Daylight,,Not Raining
2017-2911-8/11/2018,1,0,0,1,2: MI,Full,1,,60,Rear End,Divided Road,Daylight,,Not Raining
2017-2912-8/11/2018,1,0,0,1,2: MI,Full,1,,60,Rear End,Divided Road,Daylight,,Not Raining
2017-2913-8/11/2018,0,0,0,0,1: PDO,,,,50,Side Swipe,Not Divided,Daylight,,Not Raining
2017-2914-8/11/2018,0,0,0,0,1: PDO,Full,2,,50,Hit Parked Vehicle,Not Divided,Daylight,,Not Raining
2017-2915-8/11/2018,2,0,0,2,2: MI,Unknown,1,,60,Rear End,T-Junction,Daylight,,Not Raining
2017-2916-8/11/2018,0,0,0,0,1: PDO,Full,1,,60,Rear End,Divided Road,Daylight,,Not Raining
2017-2917-8/11/2018,1,0,0,1,2: MI,Full,2,,60,Rear End,Divided Road,Daylight,,Not Raining
2017-2918-8/11/2018,0,0,0,0,1: PDO,Full,1,,50,Right Angle,T-Junction,Daylight,,Not Raining
2017-2919-8/11/2018,0,0,0,0,1: PDO,,,,60,Right Turn,T-Junction,Daylight,,Not Raining
2017-2920-8/11/2018,0,0,0,0,1: PDO,Unknown,2,,50,Right Angle,Cross Road,Daylight,,Not Raining
2017-2921-8/11/2018,1,0,0,1,2: MI,Full,2,,60,Hit Parked Vehicle,Divided Road,Daylight,,Not Raining
2017-2922-8/11/2018,0,0,0,0,1: PDO,,,,60,Side Swipe,Cross Road,Daylight,,Not Raining
2017-2923-8/11/2018,1,0,0,1,2: MI,,,,60,Right Angle,Divided Road,Daylight,,Not Raining
2017-2924-8/11/2018,0,0,0,0,1: PDO,,,,50,Hit Parked Vehicle,Not Divided,Daylight,,Not Raining
2017-2925-8/11/2018,0,0,0,0,1: PDO,Provisional 2,1,,100,Head On,Not Divided,Daylight,,Not Raining
2017-2926-8/11/2018,4,0,1,3,3: SI,,,,110,Right Angle,Cross Road,Daylight,,Not Raining
2017-2927-8/11/2018,0,0,0,0,1: PDO,Full,1,,50,Hit Parked Vehicle,One Way,Daylight,,Not Raining
2017-2928-8/11/2018,4,0,3,1,3: SI,,,,100,Right Angle,Cross Road,Daylight,,Not Raining
2017-2929-8/11/2018,1,0,0,1,2: MI,Full,1,,50,Side Swipe,Not Divided,Daylight,,Not Raining
2017-2930-8/11/2018,0,0,0,0,1: PDO,,1,,60,Right Angle,T-Junction,Night,,Not Raining
2017-2931-8/11/2018,3,0,0,3,2: MI,Full,2,,60,Rear End,Not Divided,Daylight,,Not Raining
2017-2932-8/11/2018,0,0,0,0,1: PDO,Full,1,,50,Right Angle,T-Junction,Daylight,,Not Raining
2017-2933-8/11/2018,1,0,0,1,2: MI,Unknown,1,,50,Right Angle,Not Divided,Daylight,,Not Raining
2017-2934-8/11/2018,1,0,0,1,2: MI,,,,60,Right Turn,Cross Road,Daylight,,Not Raining
2017-2935-8/11/2018,0,0,0,0,1: PDO,Learners,1,,50,Rear End,Not Divided,Daylight,,Not Raining
2017-2936-8/11/2018,1,0,1,0,3: SI,Full,1,,50,Left Road - Out of Control,Not Divided,Daylight,,Not Raining
2017-2937-8/11/2018,1,0,0,1,2: MI,Full,4,,50,Roll Over,T-Junction,Night,,Not Raining
2017-2938-8/11/2018,0,0,0,0,1: PDO,Full,3,,60,Rear End,T-Junction,Night,,Not Raining
2017-2939-8/11/2018,0,0,0,0,1: PDO,Full,1,,50,Right Angle,T-Junction,Daylight,,Not Raining
2017-2940-8/11/2018,0,0,0,0,1: PDO,,1,,60,Side Swipe,Divided Road,Night,,Not Raining
2017-2941-8/11/2018,1,0,1,0,3: SI,,1,,60,Right Turn,T-Junction,Night,,Not Raining
2017-2942-8/11/2018,0,0,0,0,1: PDO,Full,2,,60,Hit Parked Vehicle,Divided Road,Night,,Not Raining
2017-2943-8/11/2018,0,0,0,0,1: PDO,Full,3,,80,Hit Fixed Object,Not Divided,Night,,Not Raining
2017-2944-8/11/2018,0,0,0,0,1: PDO,Full,2,,80,Right Angle,Cross Road,Night,,Not Raining
2017-2945-8/11/2018,0,0,0,0,1: PDO,Full,1,,80,Hit Fixed Object,Not Divided,Night,,Not Raining
2017-2946-8/11/2018,0,0,0,0,1: PDO,Full,1,,50,Hit Fixed Object,Not Divided,Night,,Not Raining
2017-2947-8/11/2018,1,0,1,0,3: SI,,0,,80,Right Turn,Cross Road,Night,,Not Raining
2017-2948-8/11/2018,0,0,0,0,1: PDO,Full,5,,60,Rear End,T-Junction,Daylight,,Not Raining
2017-2949-8/11/2018,0,0,0,0,1: PDO,Full,10,,50,Hit Parked Vehicle,Not Divided,Night,,Not Raining
2017-2950-8/11/2018,0,0,0,0,1: PDO,Full,1,,60,Hit Fixed Object,Divided Road,Daylight,,Not Raining
2017-2951-8/11/2018,1,0,0,1,2: MI,Full,1,,60,Rear End,Divided Road,Daylight,,Not Raining
2017-2952-8/11/2018,0,0,0,0,1: PDO,Full,1,,60,Side Swipe,Cross Road,Daylight,,Not Raining
2017-2953-8/11/2018,1,0,1,0,3: SI,Unknown,2,,70,Hit Parked Vehicle,Not Divided,Night,Y,Not Raining
2017-2954-8/11/2018,1,0,0,1,2: MI,Full,2,,50,Right Angle,Divided Road,Daylight,,Not Raining
2017-2955-8/11/2018,1,0,0,1,2: MI,Full,2,,60,Hit Pedestrian,Not Divided,Daylight,,Not Raining
2017-2956-8/11/2018,0,0,0,0,1: PDO,,,,60,Side Swipe,Not Divided,Daylight,,Not Raining
2017-2957-8/11/2018,0,0,0,0,1: PDO,Full,1,,60,Rear End,Divided Road,Daylight,,Not Raining
2017-2958-8/11/2018,0,0,0,0,1: PDO,Full,1,,110,Roll Over,Divided Road,Daylight,,Not Raining
2017-2959-8/11/2018,1,0,0,1,2: MI,Provisional 2,1,,60,Hit Fixed Object,T-Junction,Night,Y,Not Raining
2017-2960-8/11/2018,0,0,0,0,1: PDO,Full,4,,60,Rear End,Divided Road,Daylight,,Not Raining
2017-2961-8/11/2018,1,0,0,1,2: MI,Unknown,1,,50,Right Angle,Cross Road,Night,,Not Raining
2017-2962-8/11/2018,0,0,0,0,1: PDO,Full,1,,60,Rear End,Divided Road,Daylight,,Not Raining
2017-2963-8/11/2018,1,0,0,1,2: MI,Provisional 2,1,,60,Right Turn,T-Junction,Daylight,,Not Raining
2017-2964-8/11/2018,1,0,0,1,2: MI,Full,1,,50,Hit Parked Vehicle,Not Divided,Daylight,,Not Raining
2017-2965-8/11/2018,0,0,0,0,1: PDO,Provisional 2,5,,60,Rear End,Cross Road,Daylight,,Not Raining
2017-2966-8/11/2018,0,0,0,0,1: PDO,Full,2,,50,Hit Parked Vehicle,Not Divided,Daylight,,Not Raining
2017-2967-8/11/2018,3,0,0,3,2: MI,Unknown,1,,60,Right Angle,Cross Road,Night,,Not Raining
2017-2968-8/11/2018,0,0,0,0,1: PDO,Full,5,,50,Right Angle,Cross Road,Daylight,,Not Raining
2017-2969-8/11/2018,1,0,0,1,2: MI,Full,1,,60,Rear End,Not Divided,Daylight,,Not Raining
2017-2970-8/11/2018,0,0,0,0,1: PDO,,,,60,Right Turn,Cross Road,Daylight,,Not Raining
2017-2971-8/11/2018,0,0,0,0,1: PDO,Full,2,,50,Rear End,Not Divided,Daylight,,Not Raining
2017-2972-8/11/2018,0,0,0,0,1: PDO,,,,80,Rear End,Divided Road,Daylight,,Not Raining
2017-2973-8/11/2018,2,0,0,2,2: MI,Provisional 2,1,,60,Right Angle,Cross Road,Daylight,,Not Raining
2017-2974-8/11/2018,1,0,0,1,2: MI,Full,1,,50,Roll Over,Not Divided,Daylight,,Not Raining
2017-2975-8/11/2018,0,0,0,0,1: PDO,Full,1,,80,Left Road - Out of Control,Not Divided,Daylight,,Not Raining
2017-2976-8/11/2018,0,0,0,0,1: PDO,,,,50,Hit Fixed Object,Not Divided,Daylight,,Not Raining
2017-2977-8/11/2018,1,0,0,1,2: MI,Provisional 2,1,,50,Rear End,Cross Road,Daylight,,Not Raining
2017-2978-8/11/2018,1,0,1,0,3: SI,Full,1,Y,60,Hit Fixed Object,Not Divided,Daylight,Y,Not Raining
2017-2979-8/11/2018,1,0,1,0,3: SI,,,Y,100,Hit Fixed Object,Not Divided,Night,,Not Raining
2017-2980-8/11/2018,0,0,0,0,1: PDO,Full,1,,100,Hit Object on Road,Not Divided,Night,,Not Raining
2017-2981-8/11/2018,1,0,1,0,3: SI,,,,100,Hit Fixed Object,Not Divided,Night,,Not Raining
2017-2982-8/11/2018,0,0,0,0,1: PDO,Provisional 2,1,,50,Roll Over,Not Divided,Night,Y,Not Raining
2017-2983-8/11/2018,0,0,0,0,1: PDO,,0,,60,Hit Fixed Object,Not Divided,Night,,Not Raining
2017-2984-8/11/2018,0,0,0,0,1: PDO,Full,1,,80,Hit Fixed Object,Cross Road,Night,,Not Raining
2017-2985-8/11/2018,0,0,0,0,1: PDO,,,,110,Hit Fixed Object,Not Divided,Night,,Not Raining
2017-2986-8/11/2018,0,0,0,0,1: PDO,Full,2,,50,Hit Parked Vehicle,Divided Road,Night,,Not Raining
2017-2987-8/11/2018,1,0,0,1,2: MI,Full,1,,60,Rear End,Divided Road,Night,,Not Raining
2017-2988-8/11/2018,0,0,0,0,1: PDO,Full,2,,60,Hit Fixed Object,Divided Road,Night,,Raining
2017-2989-8/11/2018,0,0,0,0,1: PDO,Provisional 1 ,1,,100,Roll Over,Not Divided,Daylight,,Not Raining
2017-2990-8/11/2018,0,0,0,0,1: PDO,Full,1,,60,Rear End,Divided Road,Daylight,,Not Raining
2017-2991-8/11/2018,0,0,0,0,1: PDO,Full,1,,50,Side Swipe,Cross Road,Daylight,,Not Raining
2017-2992-8/11/2018,0,0,0,0,1: PDO,Full,1,,50,Side Swipe,Not Divided,Daylight,,Not Raining
2017-2993-8/11/2018,0,0,0,0,1: PDO,Unknown,1,,60,Rear End,T-Junction,Daylight,Y,Not Raining
2017-2994-8/11/2018,0,0,0,0,1: PDO,Unknown,2,,80,Hit Fixed Object,Divided Road,Daylight,,Not Raining
2017-2995-8/11/2018,0,0,0,0,1: PDO,Full,1,,80,Right Turn,T-Junction,Daylight,,Not Raining
2017-2996-8/11/2018,0,0,0,0,1: PDO,Full,1,,80,Hit Fixed Object,Not Divided,Daylight,,Not Raining
2017-2997-8/11/2018,2,0,0,2,2: MI,Unknown,2,,110,Right Angle,Cross Road,Daylight,,Not Raining
2017-2998-8/11/2018,0,0,0,0,1: PDO,Unknown,1,,80,Hit Fixed Object,Not Divided,Night,,Not Raining
2017-2999-8/11/2018,1,0,0,1,2: MI,,0,,60,Hit Pedestrian,Divided Road,Daylight,,Not Raining
2017-3000-8/11/2018,0,0,0,0,1: PDO,,0,,60,Hit Fixed Object,Cross Road,Daylight,,Not Raining
2017-3001-8/11/2018,1,0,0,1,2: MI,Unknown,5,,60,Right Angle,Cross Road,Daylight,,Not Raining
2017-3002-8/11/2018,2,0,0,2,2: MI,Unknown,4,,80,Rear End,Divided Road,Night,,Not Raining
2017-3003-8/11/2018,1,0,0,1,2: MI,Provisional 2,1,,100,Roll Over,Not Divided,Night,,Not Raining
2017-3004-8/11/2018,1,0,0,1,2: MI,Full,2,,100,Hit Fixed Object,Not Divided,Night,,Not Raining
2017-3005-8/11/2018,1,0,1,0,3: SI,Unknown,1,,80,Hit Fixed Object,Cross Road,Daylight,,Not Raining
2017-3006-8/11/2018,2,0,0,2,2: MI,Unknown,1,,100,Right Angle,T-Junction,Daylight,,Not Raining
2017-3007-8/11/2018,0,0,0,0,1: PDO,Provisional 2,1,,50,Hit Fixed Object,T-Junction,Daylight,,Not Raining
2017-3008-8/11/2018,1,0,0,1,2: MI,Unknown,1,,60,Rear End,Divided Road,Daylight,,Not Raining
2017-3009-8/11/2018,0,0,0,0,1: PDO,Unknown,1,,50,Hit Fixed Object,Not Divided,Night,,Not Raining
2017-3010-8/11/2018,0,0,0,0,1: PDO,,,,110,Roll Over,Not Divided,Night,,Not Raining
2017-3011-8/11/2018,0,0,0,0,1: PDO,Full,2,,60,Right Angle,T-Junction,Daylight,,Not Raining
2017-3012-8/11/2018,0,0,0,0,1: PDO,Unknown,1,,50,Hit Fixed Object,Not Divided,Night,,Not Raining
2017-3013-8/11/2018,0,0,0,0,1: PDO,Full,2,,60,Hit Fixed Object,Divided Road,Night,,Not Raining
2017-3014-8/11/2018,1,0,0,1,2: MI,Unknown,1,,50,Right Angle,Cross Road,Daylight,,Not Raining
2017-3015-8/11/2018,0,0,0,0,1: PDO,Probationary,2,,110,Side Swipe,Not Divided,Daylight,,Not Raining
2017-3016-8/11/2018,1,0,0,1,2: MI,,,,60,Rear End,Divided Road,Daylight,,Not Raining
2017-3017-8/11/2018,0,0,0,0,1: PDO,Full,1,,50,Hit Parked Vehicle,Not Divided,Daylight,,Not Raining
2017-3018-8/11/2018,0,0,0,0,1: PDO,Provisional 2,1,,60,Right Angle,T-Junction,Daylight,,Not Raining
2017-3019-8/11/2018,1,0,0,1,2: MI,Provisional 2,1,,60,Rear End,Divided Road,Night,,Not Raining
2017-3020-8/11/2018,1,0,0,1,2: MI,Full,1,,50,Right Angle,T-Junction,Daylight,,Not Raining
2017-3021-8/11/2018,0,0,0,0,1: PDO,Unknown,1,,60,Right Angle,Cross Road,Daylight,,Not Raining
2017-3022-8/11/2018,2,0,0,2,2: MI,Full,1,,80,Hit Parked Vehicle,Not Divided,Daylight,Y,Raining
2017-3023-8/11/2018,3,0,1,2,3: SI,,1,,100,Head On,Divided Road,Daylight,,Not Raining
2017-3024-8/11/2018,1,0,1,0,3: SI,Full,1,,60,Roll Over,Freeway,Daylight,,Not Raining
2017-3025-8/11/2018,1,0,1,0,3: SI,Full,1,,60,Right Angle,Cross Road,Daylight,,Not Raining
2017-3026-8/11/2018,0,0,0,0,1: PDO,Unlicenced,3,,110,Hit Fixed Object,Not Divided,Daylight,,Not Raining
2017-3027-8/11/2018,0,0,0,0,1: PDO,,,,60,Head On,Not Divided,Daylight,,Not Raining
2017-3028-8/11/2018,1,0,0,1,2: MI,,,,50,Right Angle,Cross Road,Daylight,,Not Raining
2017-3029-8/11/2018,0,0,0,0,1: PDO,Full,1,,60,Rear End,Divided Road,Daylight,,Raining
2017-3030-8/11/2018,0,0,0,0,1: PDO,Full,1,,100,Roll Over,Not Divided,Daylight,,Not Raining
2017-3031-8/11/2018,0,0,0,0,1: PDO,Full,2,,100,Side Swipe,Divided Road,Daylight,,Not Raining
2017-3032-8/11/2018,0,0,0,0,1: PDO,Provisional 2,1,,100,Hit Fixed Object,Not Divided,Daylight,,Not Raining
2017-3033-8/11/2018,1,0,0,1,2: MI,Full,1,,60,Hit Parked Vehicle,T-Junction,Night,Y,Not Raining
2017-3034-8/11/2018,0,0,0,0,1: PDO,Full,1,,60,Rear End,Divided Road,Daylight,,Not Raining
2017-3035-8/11/2018,0,0,0,0,1: PDO,Full,1,,60,Side Swipe,Divided Road,Daylight,,Not Raining
2017-3036-8/11/2018,0,0,0,0,1: PDO,Full,1,,80,Right Angle,T-Junction,Daylight,,Not Raining
2017-3037-8/11/2018,0,0,0,0,1: PDO,Full,1,,60,Rear End,Divided Road,Daylight,,Not Raining
2017-3038-8/11/2018,0,0,0,0,1: PDO,Full,4,,60,Rear End,Cross Road,Daylight,,Not Raining
2017-3039-8/11/2018,1,0,0,1,2: MI,Full,2,,60,Hit Fixed Object,Not Divided,Daylight,,Not Raining
2017-3040-8/11/2018,4,0,0,4,2: MI,Unknown,1,,50,Right Turn,T-Junction,Daylight,,Not Raining
2017-3041-8/11/2018,0,0,0,0,1: PDO,Full,1,,60,Side Swipe,T-Junction,Night,,Not Raining
2017-3042-8/11/2018,1,0,0,1,2: MI,Full,2,,60,Right Angle,Cross Road,Daylight,,Not Raining
2017-3043-8/11/2018,0,0,0,0,1: PDO,Full,1,,50,Hit Parked Vehicle,Not Divided,Daylight,,Not Raining
2017-3044-8/11/2018,1,0,0,1,2: MI,,0,,50,Hit Parked Vehicle,Not Divided,Daylight,,Not Raining
2017-3045-8/11/2018,0,0,0,0,1: PDO,Full,1,,60,Side Swipe,Divided Road,Daylight,,Not Raining
2017-3046-8/11/2018,2,0,0,2,2: MI,Full,1,,70,Right Angle,T-Junction,Daylight,,Not Raining
2017-3047-8/11/2018,0,0,0,0,1: PDO,Full,1,,60,Right Angle,Divided Road,Daylight,,Not Raining
2017-3048-8/11/2018,0,0,0,0,1: PDO,,1,,60,Hit Fixed Object,Divided Road,Daylight,,Not Raining
2017-3049-8/11/2018,1,0,0,1,2: MI,Full,1,,60,Right Angle,T-Junction,Daylight,,Not Raining
2017-3050-8/11/2018,0,0,0,0,1: PDO,Full,1,,110,Roll Over,Not Divided,Daylight,,Not Raining
2017-3051-8/11/2018,1,0,0,1,2: MI,Full,4,,60,Right Angle,Cross Road,Night,,Not Raining
2017-3052-8/11/2018,1,0,0,1,2: MI,Full,2,,50,Hit Fixed Object,Not Divided,Night,Y,Not Raining
2017-3053-8/11/2018,1,0,0,1,2: MI,Full,1,,40,Hit Fixed Object,Not Divided,Night,,Not Raining
2017-3054-8/11/2018,0,0,0,0,1: PDO,Full,1,,50,Hit Parked Vehicle,Not Divided,Night,,Not Raining
2017-3055-8/11/2018,2,0,0,2,2: MI,,1,,50,Head On,Not Divided,Daylight,,Not Raining
2017-3056-8/11/2018,0,0,0,0,1: PDO,Unknown,1,,80,Side Swipe,Divided Road,Daylight,,Not Raining
2017-3057-8/11/2018,0,0,0,0,1: PDO,Full,1,,100,Hit Animal,Not Divided,Night,,Not Raining
2017-3058-8/11/2018,0,0,0,0,1: PDO,,,,50,Hit Parked Vehicle,Not Divided,Daylight,,Not Raining
2017-3059-8/11/2018,1,0,0,1,2: MI,,0,,50,Rear End,Divided Road,Daylight,,Not Raining
2017-3060-8/11/2018,2,0,0,2,2: MI,Full,1,,80,Right Angle,Cross Road,Daylight,,Not Raining
2017-3061-8/11/2018,0,0,0,0,1: PDO,,0,,60,Right Angle,T-Junction,Daylight,,Not Raining
2017-3062-8/11/2018,0,0,0,0,1: PDO,,,,50,Hit Fixed Object,Not Divided,Daylight,,Not Raining
2017-3063-8/11/2018,1,0,0,1,2: MI,,,,60,Side Swipe,Not Divided,Daylight,,Not Raining
2017-3064-8/11/2018,0,0,0,0,1: PDO,Full,1,,100,Right Angle,T-Junction,Daylight,,Not Raining
2017-3065-8/11/2018,0,0,0,0,1: PDO,Full,1,,60,Rear End,Cross Road,Daylight,,Not Raining
2017-3066-8/11/2018,0,0,0,0,1: PDO,Full,1,,60,Hit Fixed Object,Divided Road,Night,,Not Raining
2017-3067-8/11/2018,2,0,0,2,2: MI,,,,60,Rear End,Divided Road,Daylight,,Not Raining
2017-3068-8/11/2018,0,0,0,0,1: PDO,Full,1,,60,Hit Fixed Object,T-Junction,Daylight,,Not Raining
2017-3069-8/11/2018,1,0,0,1,2: MI,,1,,50,Right Turn,T-Junction,Daylight,,Not Raining
2017-3070-8/11/2018,1,0,0,1,2: MI,Full,1,,60,Rear End,Not Divided,Daylight,,Not Raining
2017-3071-8/11/2018,0,0,0,0,1: PDO,,,,40,Hit Fixed Object,T-Junction,Daylight,,Not Raining
2017-3072-8/11/2018,0,0,0,0,1: PDO,Full,2,,50,Rear End,Cross Road,Daylight,,Not Raining
2017-3073-8/11/2018,0,0,0,0,1: PDO,Full,1,,50,Hit Parked Vehicle,Divided Road,Daylight,,Not Raining
2017-3074-8/11/2018,1,0,0,1,2: MI,Full,1,,60,Rear End,Cross Road,Daylight,,Not Raining
2017-3075-8/11/2018,1,0,0,1,2: MI,Unknown,1,,60,Rear End,Divided Road,Daylight,,Not Raining
2017-3076-8/11/2018,0,0,0,0,1: PDO,,1,,60,Rear End,Cross Road,Night,,Not Raining
2017-3077-8/11/2018,3,0,3,0,3: SI,Full,1,,110,Right Turn,T-Junction,Daylight,,Not Raining
2017-3078-8/11/2018,2,0,1,1,3: SI,Unknown,2,,110,Side Swipe,Freeway,Daylight,,Not Raining
2017-3079-8/11/2018,0,0,0,0,1: PDO,,,,60,Right Turn,T-Junction,Daylight,,Not Raining
2017-3080-8/11/2018,0,0,0,0,1: PDO,Full,1,,110,Side Swipe,Not Divided,Daylight,,Not Raining
2017-3081-8/11/2018,1,0,0,1,2: MI,Learners,1,,80,Rear End,Cross Road,Daylight,,Not Raining