REPORT_ID,Total Cas,Total Fats,Total SI,Total MI,CSEF Severity,Licence Type,Number Occupants,Drugs Involved,Area Speed,Crash Type,Position Type,DayNight,DUI Involved,Weather Cond
2017-3082-8/11/2018,1,0,0,1,2: MI,Full,1,,60,Rear End,Divided Road,Daylight,,Not Raining
2017-3083-8/11/2018,2,0,0,2,2: MI,Full,1,,60,Right Angle,T-Junction,Daylight,,Not Raining
2017-3084-8/11/2018,0,0,0,0,1: PDO,Unknown,1,,60,Rear End,Divided Road,Daylight,,Not Raining
2017-3085-8/11/2018,0,0,0,0,1: PDO,Provisional 2,3,,60,Side Swipe,Divided Road,Daylight,,Not Raining
2017-3086-8/11/2018,0,0,0,0,1: PDO,Full,1,,50,Right Angle,T-Junction,Daylight,,Not Raining
2017-3087-8/11/2018,1,0,0,1,2: MI,Full,3,,50,Rear End,T-Junction,Daylight,,Not Raining
2017-3088-8/11/2018,1,0,0,1,2: MI,Provisional 2,1,,60,Side Swipe,Divided Road,Daylight,,Not Raining
2017-3089-8/11/2018,1,0,0,1,2: MI,Full,1,,60,Rear End,Cross Road,Daylight,,Not Raining
2017-3090-8/11/2018,1,0,0,1,2: MI,Full,1,,80,Hit Fixed Object,Not Divided,Daylight,,Not Raining
2017-3091-8/11/2018,0,0,0,0,1: PDO,,0,,60,Right Turn,T-Junction,Daylight,,Not Raining
2017-3092-8/11/2018,1,0,0,1,2: MI,Full,1,,60,Hit Fixed Object,Divided Road,Daylight,,Not Raining
2017-3093-8/11/2018,0,0,0,0,1: PDO,Full,1,,50,Side Swipe,Not Divided,Daylight,,Not Raining
2017-3094-8/11/2018,0,0,0,0,1: PDO,Full,1,,60,Right Turn,T-Junction,Daylight,,Not Raining
2017-3095-8/11/2018,1,0,0,1,2: MI,,,,60,Hit Pedestrian,Divided Road,Daylight,,Not Raining
2017-3096-8/11/2018,2,0,0,2,2: MI,Full,1,,50,Hit Fixed Object,T-Junction,Daylight,,Not Raining
2017-3097-8/11/2018,2,0,0,2,2: MI,Unknown,1,,50,Hit Pedestrian,Not Divided,Night,,Not Raining
2017-3098-8/11/2018,1,0,0,1,2: MI,Unknown,1,,60,Right Angle,T-Junction,Daylight,,Not Raining
2017-3099-8/11/2018,1,0,0,1,2: MI,Unknown,1,,60,Right Angle,T-Junction,Daylight,,Not Raining
2017-3100-8/11/2018,2,1,0,1,4: Fatal,Unknown,1,,110,Side Swipe,Not Divided,Daylight,,Not Raining
2017-3101-8/11/2018,0,0,0,0,1: PDO,Full,3,,60,Side Swipe,Divided Road,Daylight,,Not Raining
2017-3102-8/11/2018,1,0,0,1,2: MI,Unknown,1,,60,Side Swipe,T-Junction,Night,,Not Raining
2017-3103-8/11/2018,0,0,0,0,1: PDO,Full,1,,80,Rear End,Divided Road,Night,,Not Raining
2017-3104-8/11/2018,1,0,0,1,2: MI,Full,1,,70,Right Turn,Divided Road,Night,,Not Raining
2017-3105-8/11/2018,0,0,0,0,1: PDO,Full,1,,60,Right Angle,T-Junction,Daylight,,Not Raining
2017-3106-8/11/2018,1,0,0,1,2: MI,Provisional 2,1,,60,Roll Over,T-Junction,Daylight,,Not Raining
2017-3107-8/11/2018,0,0,0,0,1: PDO,Full,1,,60,Rear End,Not Divided,Daylight,,Not Raining
2017-3108-8/11/2018,1,0,0,1,2: MI,Probationary,1,,110,Right Angle,T-Junction,Daylight,,Not Raining
2017-3109-8/11/2018,1,0,0,1,2: MI,Full,1,,60,Rear End,Cross Road,Night,,Not Raining
2017-3110-8/11/2018,0,0,0,0,1: PDO,Full,2,,60,Side Swipe,Divided Road,Daylight,,Not Raining
2017-3111-8/11/2018,1,0,0,1,2: MI,,,,60,Right Angle,Divided Road,Daylight,,Not Raining
2017-3112-8/11/2018,0,0,0,0,1: PDO,Provisional 1 ,1,,60,Rear End,T-Junction,Daylight,,Not Raining
2017-3113-8/11/2018,1,0,0,1,2: MI,Unknown,1,,50,Hit Pedestrian,T-Junction,Daylight,,Not Raining
2017-3114-8/11/2018,0,0,0,0,1: PDO,Unknown,1,,25,Hit Pedestrian,Pedestrian Crossing,Daylight,,Not Raining
2017-3115-8/11/2018,0,0,0,0,1: PDO,Unknown,1,,60,Right Turn,Cross Road,Daylight,,Not Raining
2017-3116-8/11/2018,0,0,0,0,1: PDO,Provisional 2,2,,90,Rear End,Divided Road,Daylight,,Not Raining
2017-3117-8/11/2018,2,0,0,2,2: MI,Provisional 1 ,2,,50,Hit Fixed Object,Not Divided,Night,,Not Raining
2017-3118-8/11/2018,0,0,0,0,1: PDO,Full,1,,60,Side Swipe,Rail Xing,Daylight,,Raining
2017-3119-8/11/2018,0,0,0,0,1: PDO,Unknown,1,,60,Rear End,Cross Road,Daylight,,Raining
2017-3120-8/11/2018,0,0,0,0,1: PDO,Full,2,,60,Right Turn,T-Junction,Daylight,,Not Raining
2017-3121-8/11/2018,0,0,0,0,1: PDO,Provisional 2,1,,100,Rear End,T-Junction,Daylight,,Not Raining
2017-3122-8/11/2018,0,0,0,0,1: PDO,Unknown,1,,70,Side Swipe,Divided Road,Daylight,,Not Raining
2017-3123-8/11/2018,0,0,0,0,1: PDO,Unknown,1,,60,Hit Parked Vehicle,One Way,Night,,Not Raining
2017-3124-8/11/2018,1,0,0,1,2: MI,Full,1,Y,80,Hit Fixed Object,Not Divided,Daylight,,Not Raining
2017-3125-8/11/2018,0,0,0,0,1: PDO,Full,1,,60,Hit Parked Vehicle,Divided Road,Daylight,,Not Raining
2017-3126-8/11/2018,2,0,2,0,3: SI,Full,1,,60,Right Turn,Cross Road,Daylight,,Not Raining
2017-3127-8/11/2018,1,0,0,1,2: MI,Full,1,,60,Rear End,Divided Road,Daylight,,Raining
2017-3128-8/11/2018,0,0,0,0,1: PDO,,1,,60,Hit Fixed Object,T-Junction,Daylight,,Not Raining
2017-3129-8/11/2018,0,0,0,0,1: PDO,Full,1,,50,Side Swipe,Not Divided,Daylight,,Not Raining
2017-3130-8/11/2018,0,0,0,0,1: PDO,,,,60,Rear End,Divided Road,Daylight,,Not Raining
2017-3131-8/11/2018,0,0,0,0,1: PDO,Full,1,,60,Rear End,Not Divided,Daylight,,Raining
2017-3132-8/11/2018,0,0,0,0,1: PDO,,1,,60,Right Turn,T-Junction,Daylight,,Raining
2017-3133-8/11/2018,1,0,0,1,2: MI,Full,1,,50,Hit Pedestrian,Cross Road,Daylight,,Not Raining
2017-3134-8/11/2018,0,0,0,0,1: PDO,Full,1,,110,Other,Not Divided,Daylight,,Raining
2017-3135-8/11/2018,1,0,0,1,2: MI,Full,1,,60,Hit Pedestrian,Divided Road,Daylight,,Not Raining
2017-3136-8/11/2018,0,0,0,0,1: PDO,,1,,50,Head On,One Way,Daylight,,Not Raining
2017-3137-8/11/2018,0,0,0,0,1: PDO,Full,1,,50,Hit Parked Vehicle,Not Divided,Daylight,,Not Raining
2017-3138-8/11/2018,0,0,0,0,1: PDO,Provisional 2,2,,50,Right Turn,Cross Road,Daylight,,Not Raining
2017-3139-8/11/2018,0,0,0,0,1: PDO,Full,1,,60,Rear End,Cross Road,Daylight,,Not Raining
2017-3140-8/11/2018,1,0,0,1,2: MI,,1,,60,Right Angle,T-Junction,Night,,Raining
2017-3141-8/11/2018,0,0,0,0,1: PDO,Provisional 2,1,,25,Side Swipe,Cross Road,Daylight,,Not Raining
2017-3142-8/11/2018,0,0,0,0,1: PDO,,1,,60,Hit Fixed Object,Not Divided,Night,,Raining
2017-3143-8/11/2018,0,0,0,0,1: PDO,Full,1,,60,Right Angle,T-Junction,Night,,Not Raining
2017-3144-8/11/2018,1,0,0,1,2: MI,Full,2,,60,Rear End,Cross Road,Daylight,,Raining
2017-3145-8/11/2018,1,0,0,1,2: MI,Unknown,1,,80,Rear End,Cross Road,Daylight,,Not Raining
2017-3146-8/11/2018,0,0,0,0,1: PDO,Full,1,,90,Rear End,Not Divided,Daylight,,Not Raining
2017-3147-8/11/2018,1,0,0,1,2: MI,Full,1,,80,Rear End,Divided Road,Night,,Raining
2017-3148-8/11/2018,1,0,0,1,2: MI,Full,1,,50,Rear End,Not Divided,Daylight,,Not Raining
2017-3149-8/11/2018,0,0,0,0,1: PDO,Full,1,,100,Hit Fixed Object,Not Divided,Night,,Raining
2017-3150-8/11/2018,0,0,0,0,1: PDO,Full,2,,100,Rear End,Divided Road,Daylight,,Unknown
2017-3151-8/11/2018,1,0,0,1,2: MI,Full,2,,60,Right Turn,T-Junction,Night,,Not Raining
2017-3152-8/11/2018,0,0,0,0,1: PDO,Full,2,,50,Right Turn,T-Junction,Daylight,,Raining
2017-3153-8/11/2018,1,0,0,1,2: MI,Full,1,,50,Hit Parked Vehicle,Not Divided,Daylight,,Not Raining
2017-3154-8/11/2018,1,0,0,1,2: MI,Unknown,2,,60,Rear End,Cross Road,Daylight,,Not Raining
2017-3155-8/11/2018,0,0,0,0,1: PDO,Unknown,1,,60,Right Turn,Cross Road,Daylight,,Not Raining
2017-3156-8/11/2018,1,0,0,1,2: MI,Unknown,1,,60,Hit Pedestrian,T-Junction,Daylight,,Not Raining
2017-3157-8/11/2018,3,0,0,3,2: MI,Full,2,,50,Hit Parked Vehicle,Not Divided,Daylight,,Not Raining
2017-3158-8/11/2018,1,0,0,1,2: MI,,1,,50,Roll Over,Not Divided,Daylight,,Not Raining
2017-3159-8/11/2018,1,0,0,1,2: MI,Full,1,,60,Roll Over,Divided Road,Daylight,,Not Raining
2017-3160-8/11/2018,1,0,0,1,2: MI,Full,4,,60,Rear End,Cross Road,Daylight,,Raining
2017-3161-8/11/2018,0,0,0,0,1: PDO,Full,1,,60,Hit Pedestrian,Divided Road,Daylight,,Not Raining
2017-3162-8/11/2018,0,0,0,0,1: PDO,Unknown,1,,50,Right Angle,T-Junction,Daylight,,Not Raining
2017-3163-8/11/2018,2,0,0,2,2: MI,Unknown,1,,50,Rear End,Cross Road,Daylight,,Not Raining
2017-3164-8/11/2018,0,0,0,0,1: PDO,Full,1,,60,Side Swipe,Not Divided,Daylight,,Not Raining
2017-3165-8/11/2018,0,0,0,0,1: PDO,Full,1,,100,Roll Over,Not Divided,Daylight,,Not Raining
2017-3166-8/11/2018,1,0,1,0,3: SI,Full,1,,100,Hit Fixed Object,Not Divided,Night,,Not Raining
2017-3167-8/11/2018,0,0,0,0,1: PDO,Full,1,,60,Hit Fixed Object,Divided Road,Daylight,,Raining
2017-3168-8/11/2018,1,0,0,1,2: MI,Unlicenced,1,,110,Roll Over,T-Junction,Daylight,,Not Raining
2017-3169-8/11/2018,1,0,0,1,2: MI,Full,1,Y,80,Hit Fixed Object,Not Divided,Daylight,,Raining
2017-3170-8/11/2018,1,0,1,0,3: SI,Full,1,,60,Right Angle,Cross Road,Daylight,,Not Raining
2017-3171-8/11/2018,0,0,0,0,1: PDO,Full,1,,60,Rear End,Divided Road,Daylight,,Not Raining
2017-3172-8/11/2018,0,0,0,0,1: PDO,Full,1,,50,Rear End,Divided Road,Daylight,,Not Raining
2017-3173-8/11/2018,0,0,0,0,1: PDO,Full,1,,80,Rear End,Divided Road,Daylight,,Not Raining
2017-3174-8/11/2018,0,0,0,0,1: PDO,Unknown,1,,70,Rear End,Cross Road,Daylight,,Not Raining
2017-3175-8/11/2018,1,0,1,0,3: SI,Full,1,,60,Hit Pedestrian,Pedestrian Crossing,Daylight,,Not Raining
2017-3176-8/11/2018,0,0,0,0,1: PDO,Full,1,,60,Right Angle,T-Junction,Daylight,,Not Raining
2017-3177-8/11/2018,1,0,0,1,2: MI,Full,1,,60,Rear End,Cross Road,Daylight,,Not Raining
2017-3178-8/11/2018,0,0,0,0,1: PDO,Full,1,,100,Left Road - Out of Control,Not Divided,Daylight,,Not Raining
2017-3179-8/11/2018,0,0,0,0,1: PDO,,1,,60,Right Turn,T-Junction,Night,,Not Raining
2017-3180-8/11/2018,0,0,0,0,1: PDO,Full,1,,60,Right Turn,Cross Road,Daylight,,Not Raining
2017-3181-8/11/2018,0,0,0,0,1: PDO,Full,1,,50,Rear End,Not Divided,Daylight,,Not Raining
2017-3182-8/11/2018,0,0,0,0,1: PDO,Full,1,,50,Other,Not Divided,Daylight,,Not Raining
2017-3183-8/11/2018,2,0,0,2,2: MI,Unknown,1,,60,Right Angle,T-Junction,Daylight,,Not Raining
2017-3184-8/11/2018,0,0,0,0,1: PDO,,,,50,Rear End,T-Junction,Night,,Not Raining
2017-3185-8/11/2018,0,0,0,0,1: PDO,Unknown,1,,100,Roll Over,Not Divided,Daylight,,Not Raining
2017-3186-8/11/2018,0,0,0,0,1: PDO,Unknown,3,,50,Hit Fixed Object,T-Junction,Night,,Not Raining
2017-3187-8/11/2018,0,0,0,0,1: PDO,,1,,50,Hit Pedestrian,Not Divided,Daylight,,Not Raining
2017-3188-8/11/2018,0,0,0,0,1: PDO,Full,3,,60,Side Swipe,Not Divided,Night,,Not Raining
2017-3189-8/11/2018,0,0,0,0,1: PDO,Full,2,,100,Hit Fixed Object,Not Divided,Night,,Not Raining
2017-3190-8/11/2018,1,0,0,1,2: MI,Full,1,,60,Hit Parked Vehicle,Not Divided,Night,,Not Raining
2017-3191-8/11/2018,1,0,0,1,2: MI,Full,3,,60,Right Angle,Cross Road,Daylight,,Not Raining
2017-3192-8/11/2018,0,0,0,0,1: PDO,Full,1,,110,Rear End,Freeway,Night,,Not Raining
2017-3193-8/11/2018,0,0,0,0,1: PDO,Unknown,1,,60,Rear End,Not Divided,Daylight,,Not Raining
2017-3194-8/11/2018,0,0,0,0,1: PDO,Unknown,1,,60,Hit Fixed Object,Not Divided,Night,,Raining
2017-3195-8/11/2018,0,0,0,0,1: PDO,Full,1,,50,Hit Fixed Object,Divided Road,Daylight,,Not Raining
2017-3196-8/11/2018,2,0,0,2,2: MI,Full,1,,40,Right Angle,Cross Road,Daylight,,Not Raining
2017-3197-8/11/2018,0,0,0,0,1: PDO,Unknown,2,,90,Rear End,Divided Road,Daylight,,Not Raining
2017-3198-8/11/2018,1,0,0,1,2: MI,,,,60,Rear End,Cross Road,Daylight,,Not Raining
2017-3199-8/11/2018,0,0,0,0,1: PDO,Full,1,,60,Side Swipe,Cross Road,Daylight,,Not Raining
2017-3200-8/11/2018,1,0,0,1,2: MI,Full,1,,50,Right Angle,Cross Road,Daylight,,Not Raining
2017-3201-8/11/2018,0,0,0,0,1: PDO,Full,1,,60,Right Angle,T-Junction,Daylight,,Not Raining
2017-3202-8/11/2018,1,0,0,1,2: MI,Full,1,,70,Rear End,T-Junction,Daylight,,Not Raining
2017-3203-8/11/2018,0,0,0,0,1: PDO,Full,1,,60,Side Swipe,T-Junction,Daylight,,Not Raining
2017-3204-8/11/2018,0,0,0,0,1: PDO,Full,1,,25,Rear End,Divided Road,Night,,Not Raining
2017-3205-8/11/2018,1,0,0,1,2: MI,Full,1,,60,Rear End,Cross Road,Daylight,,Not Raining
2017-3206-8/11/2018,0,0,0,0,1: PDO,Full,1,,80,Hit Animal,Not Divided,Daylight,,Not Raining
2017-3207-8/11/2018,0,0,0,0,1: PDO,Full,1,,60,Right Angle,T-Junction,Daylight,,Not Raining
2017-3208-8/11/2018,0,0,0,0,1: PDO,,,,50,Side Swipe,Not Divided,Daylight,,Not Raining
2017-3209-8/11/2018,0,0,0,0,1: PDO,Full,1,,100,Hit Animal,Not Divided,Night,,Not Raining
2017-3210-8/11/2018,0,0,0,0,1: PDO,,1,,50,Right Angle,Cross Road,Daylight,,Not Raining
2017-3211-8/11/2018,0,0,0,0,1: PDO,Full,1,,90,Side Swipe,Divided Road,Daylight,,Not Raining
2017-3212-8/11/2018,0,0,0,0,1: PDO,Full,1,,80,Rear End,Cross Road,Daylight,,Not Raining
2017-3213-8/11/2018,1,0,0,1,2: MI,Full,1,,70,Side Swipe,T-Junction,Daylight,,Not Raining
2017-3214-8/11/2018,0,0,0,0,1: PDO,Unknown,1,,110,Hit Animal,Not Divided,Daylight,,Not Raining
2017-3215-8/11/2018,0,0,0,0,1: PDO,Full,1,,60,Rear End,Divided Road,Daylight,,Not Raining
2017-3216-8/11/2018,0,0,0,0,1: PDO,Full,1,,50,Right Turn,Cross Road,Daylight,,Not Raining
2017-3217-8/11/2018,0,0,0,0,1: PDO,Full,1,,50,Hit Parked Vehicle,Not Divided,Night,,Not Raining
2017-3218-8/11/2018,0,0,0,0,1: PDO,Full,1,,50,Side Swipe,Not Divided,Daylight,,Not Raining
2017-3219-8/11/2018,1,1,0,0,4: Fatal,Full,1,Y,100,Roll Over,Not Divided,Daylight,,Not Raining
2017-3220-8/11/2018,1,0,0,1,2: MI,,0,,60,Hit Pedestrian,T-Junction,Daylight,,Not Raining
2017-3221-8/11/2018,1,0,0,1,2: MI,Full,1,,50,Hit Pedestrian,T-Junction,Daylight,,Not Raining
2017-3222-8/11/2018,0,0,0,0,1: PDO,Full,3,,60,Right Angle,T-Junction,Daylight,,Not Raining
2017-3223-8/11/2018,0,0,0,0,1: PDO,Full,1,,60,Side Swipe,Not Divided,Daylight,,Not Raining
2017-3224-8/11/2018,1,0,0,1,2: MI,Provisional 1 ,2,,60,Rear End,Cross Road,Daylight,,Not Raining
2017-3225-8/11/2018,0,0,0,0,1: PDO,,,,50,Side Swipe,Not Divided,Daylight,,Not Raining
2017-3226-8/11/2018,0,0,0,0,1: PDO,Unknown,1,,60,Right Angle,T-Junction,Daylight,,Not Raining
2017-3227-8/11/2018,0,0,0,0,1: PDO,Unknown,1,,70,Right Turn,T-Junction,Daylight,,Not Raining
2017-3228-8/11/2018,0,0,0,0,1: PDO,Full,1,,60,Right Angle,Cross Road,Night,,Not Raining
2017-3229-8/11/2018,0,0,0,0,1: PDO,Full,2,,60,Rear End,T-Junction,Night,,Not Raining
2017-3230-8/11/2018,1,0,0,1,2: MI,Full,1,,100,Rear End,Not Divided,Night,Y,Not Raining
2017-3231-8/11/2018,0,0,0,0,1: PDO,Full,1,,60,Hit Animal,Not Divided,Night,,Unknown
2017-3232-8/11/2018,1,0,0,1,2: MI,Full,1,,60,Right Angle,Cross Road,Night,,Not Raining
2017-3233-8/11/2018,1,0,0,1,2: MI,Full,1,Y,50,Hit Parked Vehicle,Not Divided,Night,,Not Raining
2017-3234-8/11/2018,2,0,0,2,2: MI,Unknown,3,,100,Head On,Not Divided,Night,,Not Raining
2017-3235-8/11/2018,0,0,0,0,1: PDO,,,,60,Rear End,T-Junction,Night,,Not Raining
2017-3236-8/11/2018,1,0,0,1,2: MI,Full,1,,110,Roll Over,Divided Road,Night,,Raining
2017-3237-8/11/2018,0,0,0,0,1: PDO,Full,1,,60,Side Swipe,Cross Road,Daylight,,Not Raining
2017-3238-8/11/2018,0,0,0,0,1: PDO,Full,1,,110,Hit Fixed Object,Not Divided,Night,,Raining
2017-3239-8/11/2018,0,0,0,0,1: PDO,Provisional 1 ,2,,60,Side Swipe,Divided Road,Night,,Not Raining
2017-3240-8/11/2018,0,0,0,0,1: PDO,Full,1,,50,Right Angle,Not Divided,Daylight,,Not Raining
2017-3241-8/11/2018,0,0,0,0,1: PDO,Unknown,1,,60,Rear End,Divided Road,Daylight,,Not Raining
2017-3242-8/11/2018,0,0,0,0,1: PDO,Full,3,,50,Side Swipe,Not Divided,Daylight,,Not Raining
2017-3243-8/11/2018,2,0,0,2,2: MI,,1,,60,Right Turn,T-Junction,Daylight,,Not Raining
2017-3244-8/11/2018,1,0,0,1,2: MI,Full,1,,60,Hit Pedestrian,T-Junction,Daylight,,Not Raining
2017-3245-8/11/2018,1,0,0,1,2: MI,Full,1,,60,Side Swipe,T-Junction,Daylight,,Not Raining
2017-3246-8/11/2018,1,0,0,1,2: MI,Full,1,,60,Right Angle,T-Junction,Daylight,,Not Raining
2017-3247-8/11/2018,0,0,0,0,1: PDO,Full,1,,70,Side Swipe,Divided Road,Daylight,,Not Raining
2017-3248-8/11/2018,0,0,0,0,1: PDO,Full,1,,60,Rear End,Divided Road,Daylight,,Not Raining
2017-3249-8/11/2018,0,0,0,0,1: PDO,Full,1,,60,Hit Fixed Object,T-Junction,Daylight,,Not Raining
2017-3250-8/11/2018,0,0,0,0,1: PDO,,1,,60,Right Angle,T-Junction,Night,,Not Raining
2017-3251-8/11/2018,0,0,0,0,1: PDO,Unknown,1,,90,Side Swipe,Freeway,Daylight,,Not Raining
2017-3252-8/11/2018,1,0,1,0,3: SI,Full,1,,60,Hit Fixed Object,Cross Road,Night,,Raining
2017-3253-8/11/2018,0,0,0,0,1: PDO,Full,1,,50,Rear End,Not Divided,Daylight,,Not Raining
2017-3254-8/11/2018,1,0,0,1,2: MI,Full,1,,110,Hit Animal,Not Divided,Night,,Not Raining
2017-3255-8/11/2018,0,0,0,0,1: PDO,,,,80,Roll Over,Cross Road,Night,,Not Raining
2017-3256-8/11/2018,0,0,0,0,1: PDO,Full,1,,110,Hit Fixed Object,Not Divided,Daylight,,Not Raining
2017-3257-8/11/2018,1,0,0,1,2: MI,,,,60,Right Turn,T-Junction,Daylight,,Not Raining
2017-3258-8/11/2018,0,0,0,0,1: PDO,Full,1,,60,Rear End,Cross Road,Daylight,,Not Raining
2017-3259-8/11/2018,1,0,1,0,3: SI,,0,,60,Hit Pedestrian,T-Junction,Daylight,,Unknown
2017-3260-8/11/2018,1,0,0,1,2: MI,Full,1,,60,Right Turn,T-Junction,Daylight,,Not Raining
2017-3261-8/11/2018,0,0,0,0,1: PDO,Full,1,,80,Right Angle,T-Junction,Daylight,,Not Raining
2017-3262-8/11/2018,0,0,0,0,1: PDO,Full,1,,80,Right Angle,T-Junction,Daylight,,Not Raining
2017-3263-8/11/2018,0,0,0,0,1: PDO,Full,2,,100,Roll Over,Not Divided,Daylight,,Not Raining
2017-3264-8/11/2018,2,0,2,0,3: SI,Full,1,,60,Roll Over,Not Divided,Daylight,,Not Raining
2017-3265-8/11/2018,0,0,0,0,1: PDO,Learners,1,,60,Hit Fixed Object,Divided Road,Night,Y,Not Raining
2017-3266-8/11/2018,0,0,0,0,1: PDO,Full,1,,60,Right Angle,T-Junction,Daylight,,Not Raining
2017-3267-8/11/2018,0,0,0,0,1: PDO,Provisional 2,1,,50,Side Swipe,Cross Road,Daylight,,Not Raining
2017-3268-8/11/2018,0,0,0,0,1: PDO,,0,,80,Roll Over,Not Divided,Daylight,,Not Raining
2017-3269-8/11/2018,1,0,0,1,2: MI,Full,1,,50,Hit Fixed Object,T-Junction,Daylight,,Not Raining
2017-3270-8/11/2018,0,0,0,0,1: PDO,,0,,60,Hit Fixed Object,Not Divided,Night,,Not Raining
2017-3271-8/11/2018,0,0,0,0,1: PDO,Unknown,1,,50,Hit Fixed Object,Not Divided,Daylight,,Not Raining
2017-3272-8/11/2018,0,0,0,0,1: PDO,Unknown,1,,60,Side Swipe,Not Divided,Daylight,,Not Raining
2017-3273-8/11/2018,0,0,0,0,1: PDO,,,,60,Right Turn,Not Divided,Daylight,,Not Raining
2017-3274-8/11/2018,0,0,0,0,1: PDO,Unknown,1,,60,Rear End,Not Divided,Daylight,,Not Raining
2017-3275-8/11/2018,0,0,0,0,1: PDO,Unknown,2,,100,Roll Over,Not Divided,Daylight,,Not Raining
2017-3276-8/11/2018,0,0,0,0,1: PDO,Unknown,2,,100,Hit Fixed Object,Not Divided,Daylight,,Not Raining
2017-3277-8/11/2018,0,0,0,0,1: PDO,Full,1,,60,Right Turn,T-Junction,Daylight,,Not Raining
2017-3278-8/11/2018,0,0,0,0,1: PDO,Full,1,,50,Hit Parked Vehicle,Not Divided,Night,,Not Raining
2017-3279-8/11/2018,0,0,0,0,1: PDO,Unknown,1,,100,Hit Fixed Object,Not Divided,Daylight,,Not Raining
2017-3280-8/11/2018,0,0,0,0,1: PDO,Unknown,1,,80,Right Angle,T-Junction,Daylight,,Not Raining
2017-3281-8/11/2018,1,0,0,1,2: MI,Unknown,1,,110,Left Road - Out of Control,Not Divided,Daylight,,Not Raining
2017-3282-8/11/2018,1,0,0,1,2: MI,,0,,100,Roll Over,Not Divided,Daylight,,Not Raining
2017-3283-8/11/2018,0,0,0,0,1: PDO,Unknown,1,,60,Right Turn,T-Junction,Night,,Not Raining
2017-3284-8/11/2018,1,0,0,1,2: MI,,1,,60,Rear End,Not Divided,Daylight,,Not Raining
2017-3285-8/11/2018,0,0,0,0,1: PDO,Full,1,,80,Hit Fixed Object,T-Junction,Daylight,,Not Raining
2017-3286-8/11/2018,2,0,0,2,2: MI,Probationary,1,Y,80,Right Angle,T-Junction,Daylight,,Not Raining
2017-3287-8/11/2018,1,0,0,1,2: MI,Full,1,,100,Hit Fixed Object,Not Divided,Daylight,,Not Raining
2017-3288-8/11/2018,0,0,0,0,1: PDO,Unknown,1,,50,Hit Fixed Object,Not Divided,Night,,Not Raining
2017-3289-8/11/2018,0,0,0,0,1: PDO,Unknown,1,,70,Hit Fixed Object,T-Junction,Night,,Not Raining
2017-3290-8/11/2018,0,0,0,0,1: PDO,Unknown,1,,60,Rear End,Divided Road,Daylight,,Not Raining
2017-3291-8/11/2018,0,0,0,0,1: PDO,Full,3,,50,Hit Parked Vehicle,Not Divided,Daylight,,Not Raining
2017-3292-8/11/2018,0,0,0,0,1: PDO,Provisional 1 ,1,,60,Rear End,Divided Road,Daylight,,Not Raining
2017-3293-8/11/2018,1,0,0,1,2: MI,Full,1,,110,Hit Fixed Object,Not Divided,Daylight,,Not Raining
2017-3294-8/11/2018,1,0,0,1,2: MI,,1,Y,60,Right Turn,Cross Road,Daylight,,Not Raining
2017-3295-8/11/2018,0,0,0,0,1: PDO,Full,1,,50,Hit Parked Vehicle,Not Divided,Daylight,,Not Raining
2017-3296-8/11/2018,0,0,0,0,1: PDO,Full,1,,50,Right Angle,Cross Road,Daylight,,Not Raining
2017-3297-8/11/2018,0,0,0,0,1: PDO,Full,1,,110,Roll Over,Not Divided,Night,,Not Raining
2017-3298-8/11/2018,1,0,0,1,2: MI,,,,60,Rear End,Cross Road,Daylight,,Not Raining
2017-3299-8/11/2018,0,0,0,0,1: PDO,Full,1,,50,Hit Fixed Object,Not Divided,Daylight,,Not Raining
2017-3300-8/11/2018,1,0,0,1,2: MI,Full,2,,50,Roll Over,Not Divided,Daylight,,Not Raining
2017-3301-8/11/2018,0,0,0,0,1: PDO,Full,2,,80,Hit Fixed Object,Cross Road,Night,,Not Raining