REPORT_ID,Total Cas,Total Fats,Total SI,Total MI,CSEF Severity,Licence Type,Number Occupants,Drugs Involved,Area Speed,Crash Type,Position Type,DayNight,DUI Involved,Weather Cond
2017-3302-8/11/2018,0,0,0,0,1: PDO,Learners,1,,60,Rear End,Rail Xing,Daylight,,Not Raining
2017-3303-8/11/2018,0,0,0,0,1: PDO,Provisional 1 ,2,Y,110,Hit Fixed Object,Not Divided,Night,,Not Raining
2017-3304-8/11/2018,0,0,0,0,1: PDO,,,,50,Right Angle,Cross Road,Daylight,,Not Raining
2017-3305-8/11/2018,1,0,0,1,2: MI,Full,1,,60,Right Turn,Cross Road,Daylight,,Not Raining
2017-3306-8/11/2018,1,0,0,1,2: MI,Full,1,,70,Rear End,T-Junction,Daylight,,Not Raining
2017-3307-8/11/2018,0,0,0,0,1: PDO,Full,2,,60,Hit Object on Road,Divided Road,Daylight,,Not Raining
2017-3308-8/11/2018,0,0,0,0,1: PDO,Full,1,,100,Right Angle,Not Divided,Daylight,,Not Raining
2017-3309-8/11/2018,1,0,0,1,2: MI,Unknown,1,,60,Right Angle,Cross Road,Daylight,,Not Raining
2017-3310-8/11/2018,1,0,1,0,3: SI,Full,1,,70,Rear End,Divided Road,Daylight,,Not Raining
2017-3311-8/11/2018,1,0,0,1,2: MI,Full,1,,110,Left Road - Out of Control,Not Divided,Daylight,,Not Raining
2017-3312-8/11/2018,1,0,0,1,2: MI,Full,3,,60,Rear End,Divided Road,Daylight,,Not Raining
2017-3313-8/11/2018,0,0,0,0,1: PDO,Full,2,,60,Right Angle,T-Junction,Daylight,,Not Raining
2017-3314-8/11/2018,0,0,0,0,1: PDO,Full,1,,60,Right Turn,T-Junction,Daylight,,Not Raining
2017-3315-8/11/2018,0,0,0,0,1: PDO,Full,1,,60,Right Angle,Cross Road,Daylight,,Not Raining
2017-3316-8/11/2018,0,0,0,0,1: PDO,Probationary,1,,60,Rear End,T-Junction,Daylight,,Not Raining
2017-3317-8/11/2018,0,0,0,0,1: PDO,Full,1,,60,Side Swipe,Divided Road,Daylight,,Not Raining
2017-3318-8/11/2018,2,0,0,2,2: MI,Full,1,,60,Right Turn,Cross Road,Daylight,,Not Raining
2017-3319-8/11/2018,0,0,0,0,1: PDO,,,,60,Hit Parked Vehicle,Divided Road,Daylight,,Not Raining
2017-3320-8/11/2018,2,0,0,2,2: MI,Full,1,,50,Right Angle,Cross Road,Daylight,,Not Raining
2017-3321-8/11/2018,1,0,0,1,2: MI,,,,50,Roll Over,T-Junction,Daylight,,Not Raining
2017-3322-8/11/2018,0,0,0,0,1: PDO,Full,1,,50,Hit Parked Vehicle,Not Divided,Daylight,,Not Raining
2017-3323-8/11/2018,0,0,0,0,1: PDO,Full,4,,50,Hit Fixed Object,T-Junction,Daylight,,Not Raining
2017-3324-8/11/2018,0,0,0,0,1: PDO,Full,1,,60,Rear End,T-Junction,Daylight,,Not Raining
2017-3325-8/11/2018,0,0,0,0,1: PDO,,1,,60,Side Swipe,Divided Road,Daylight,,Not Raining
2017-3326-8/11/2018,0,0,0,0,1: PDO,Full,1,,100,Other,Freeway,Daylight,,Not Raining
2017-3327-8/11/2018,0,0,0,0,1: PDO,Full,1,,60,Hit Fixed Object,T-Junction,Night,,Not Raining
2017-3328-8/11/2018,0,0,0,0,1: PDO,Full,1,,100,Hit Fixed Object,Not Divided,Night,,Not Raining
2017-3329-8/11/2018,0,0,0,0,1: PDO,,,,110,Hit Animal,Not Divided,Night,,Not Raining
2017-3330-8/11/2018,0,0,0,0,1: PDO,Provisional 2,2,Y,60,Hit Fixed Object,Cross Road,Night,,Not Raining
2017-3331-8/11/2018,0,0,0,0,1: PDO,,,,110,Hit Animal,Not Divided,Night,,Not Raining
2017-3332-8/11/2018,0,0,0,0,1: PDO,,,,100,Hit Fixed Object,Not Divided,Daylight,,Not Raining
2017-3333-8/11/2018,0,0,0,0,1: PDO,Full,1,,90,Rear End,Divided Road,Daylight,,Not Raining
2017-3334-8/11/2018,3,0,0,3,2: MI,Full,1,,60,Right Angle,T-Junction,Daylight,,Not Raining
2017-3335-8/11/2018,1,0,0,1,2: MI,Provisional 2,2,,50,Right Angle,Cross Road,Daylight,,Not Raining
2017-3336-8/11/2018,1,0,0,1,2: MI,Full,1,,50,Right Angle,T-Junction,Daylight,,Not Raining
2017-3337-8/11/2018,0,0,0,0,1: PDO,Unknown,1,,100,Roll Over,Not Divided,Daylight,,Not Raining
2017-3338-8/11/2018,0,0,0,0,1: PDO,Full,1,,60,Right Angle,T-Junction,Daylight,,Not Raining
2017-3339-8/11/2018,1,0,0,1,2: MI,,1,,60,Rear End,Divided Road,Daylight,,Not Raining
2017-3340-8/11/2018,0,0,0,0,1: PDO,Full,2,,60,Side Swipe,Cross Road,Daylight,,Not Raining
2017-3341-8/11/2018,0,0,0,0,1: PDO,,1,,100,Right Angle,Cross Road,Daylight,,Not Raining
2017-3342-8/11/2018,1,0,0,1,2: MI,,0,,60,Rear End,Divided Road,Daylight,,Not Raining
2017-3343-8/11/2018,2,0,0,2,2: MI,Full,1,,50,Side Swipe,Not Divided,Daylight,,Not Raining
2017-3344-8/11/2018,0,0,0,0,1: PDO,Full,2,,50,Hit Fixed Object,Not Divided,Daylight,,Not Raining
2017-3345-8/11/2018,1,0,0,1,2: MI,Unknown,1,,60,Rear End,Cross Road,Daylight,,Not Raining
2017-3346-8/11/2018,0,0,0,0,1: PDO,Unknown,2,,50,Side Swipe,Not Divided,Daylight,,Not Raining
2017-3347-8/11/2018,0,0,0,0,1: PDO,Unknown,1,,50,Right Angle,Cross Road,Daylight,,Not Raining
2017-3348-8/11/2018,1,0,0,1,2: MI,Full,1,,50,Right Angle,T-Junction,Daylight,,Not Raining
2017-3349-8/11/2018,2,0,0,2,2: MI,Unknown,1,,50,Right Angle,Cross Road,Daylight,,Not Raining
2017-3350-8/11/2018,0,0,0,0,1: PDO,Probationary,1,,60,Side Swipe,Cross Road,Daylight,,Not Raining
2017-3351-8/11/2018,0,0,0,0,1: PDO,Full,2,,50,Right Angle,Divided Road,Daylight,,Not Raining
2017-3352-8/11/2018,1,0,0,1,2: MI,Provisional 2,2,,60,Rear End,Divided Road,Daylight,,Not Raining
2017-3353-8/11/2018,1,0,0,1,2: MI,Full,1,,60,Rear End,Divided Road,Daylight,,Not Raining
2017-3354-8/11/2018,1,0,0,1,2: MI,Full,1,,60,Right Angle,Cross Road,Daylight,,Not Raining
2017-3355-8/11/2018,0,0,0,0,1: PDO,Full,2,,60,Right Turn,Cross Road,Daylight,,Not Raining
2017-3356-8/11/2018,1,0,1,0,3: SI,Unknown,1,,60,Hit Pedestrian,T-Junction,Daylight,,Not Raining
2017-3357-8/11/2018,0,0,0,0,1: PDO,Full,2,,60,Hit Parked Vehicle,Divided Road,Daylight,,Not Raining
2017-3358-8/11/2018,1,0,0,1,2: MI,Unknown,2,,60,Rear End,Divided Road,Daylight,,Not Raining
2017-3359-8/11/2018,0,0,0,0,1: PDO,Unknown,1,,50,Head On,Not Divided,Daylight,,Not Raining
2017-3360-8/11/2018,0,0,0,0,1: PDO,Full,1,,50,Side Swipe,Not Divided,Daylight,,Not Raining
2017-3361-8/11/2018,0,0,0,0,1: PDO,,,,40,Right Turn,Cross Road,Daylight,,Not Raining
2017-3362-8/11/2018,1,0,0,1,2: MI,Full,1,,90,Rear End,T-Junction,Daylight,,Not Raining
2017-3363-8/11/2018,1,0,0,1,2: MI,Unknown,1,,60,Rear End,T-Junction,Daylight,,Not Raining
2017-3364-8/11/2018,0,0,0,0,1: PDO,Unknown,1,,60,Hit Fixed Object,Cross Road,Daylight,,Not Raining
2017-3365-8/11/2018,0,0,0,0,1: PDO,Unknown,1,,60,Side Swipe,Cross Road,Daylight,,Not Raining
2017-3366-8/11/2018,1,0,0,1,2: MI,Full,1,,50,Hit Parked Vehicle,Not Divided,Daylight,Y,Not Raining
2017-3367-8/11/2018,0,0,0,0,1: PDO,Unknown,1,,60,Hit Fixed Object,Not Divided,Night,,Not Raining
2017-3368-8/11/2018,1,0,0,1,2: MI,,,,60,Rear End,T-Junction,Daylight,,Not Raining
2017-3369-8/11/2018,1,0,0,1,2: MI,Full,1,,70,Rear End,T-Junction,Daylight,,Not Raining
2017-3370-8/11/2018,1,0,0,1,2: MI,Unknown,2,,50,Hit Pedestrian,Cross Road,Night,,Not Raining
2017-3371-8/11/2018,0,0,0,0,1: PDO,,1,,60,Right Angle,T-Junction,Night,,Not Raining
2017-3372-8/11/2018,1,0,0,1,2: MI,Full,1,,50,Hit Fixed Object,T-Junction,Night,,Not Raining
2017-3373-8/11/2018,1,0,0,1,2: MI,Full,1,,80,Right Angle,T-Junction,Night,,Not Raining
2017-3374-8/11/2018,0,0,0,0,1: PDO,Full,1,,60,Hit Fixed Object,T-Junction,Daylight,,Not Raining
2017-3375-8/11/2018,0,0,0,0,1: PDO,Full,1,,100,Hit Fixed Object,Not Divided,Daylight,,Not Raining
2017-3376-8/11/2018,1,1,0,0,4: Fatal,Unknown,1,,100,Hit Fixed Object,Not Divided,Night,,Not Raining
2017-3377-8/11/2018,0,0,0,0,1: PDO,Learners,1,,60,Side Swipe,Divided Road,Daylight,,Not Raining
2017-3378-8/11/2018,0,0,0,0,1: PDO,Unknown,1,,60,Right Turn,Cross Road,Daylight,,Not Raining
2017-3379-8/11/2018,1,0,0,1,2: MI,Full,1,,60,Rear End,Divided Road,Daylight,,Not Raining
2017-3380-8/11/2018,0,0,0,0,1: PDO,Full,2,,50,Other,Not Divided,Night,,Not Raining
2017-3381-8/11/2018,0,0,0,0,1: PDO,Full,1,,80,Rear End,Divided Road,Daylight,,Not Raining
2017-3382-8/11/2018,1,0,0,1,2: MI,Full,1,,60,Rear End,Cross Road,Daylight,,Not Raining
2017-3383-8/11/2018,0,0,0,0,1: PDO,Unknown,1,,60,Rear End,Divided Road,Daylight,,Not Raining
2017-3384-8/11/2018,0,0,0,0,1: PDO,Unknown,8,,60,Right Angle,T-Junction,Daylight,,Not Raining
2017-3385-8/11/2018,1,0,0,1,2: MI,Unknown,1,,60,Hit Fixed Object,T-Junction,Night,,Not Raining
2017-3386-8/11/2018,1,0,0,1,2: MI,Unknown,1,,60,Hit Fixed Object,Divided Road,Daylight,,Not Raining
2017-3387-8/11/2018,3,0,0,3,2: MI,,,,90,Right Angle,Cross Road,Daylight,,Not Raining
2017-3388-8/11/2018,0,0,0,0,1: PDO,Full,2,,60,Rear End,Divided Road,Daylight,,Not Raining
2017-3389-8/11/2018,0,0,0,0,1: PDO,Full,1,,50,Right Angle,Multiple,Daylight,,Not Raining
2017-3390-8/11/2018,1,0,0,1,2: MI,Full,1,,60,Rear End,Cross Road,Daylight,,Not Raining
2017-3391-8/11/2018,0,0,0,0,1: PDO,Full,2,,70,Rear End,Cross Road,Daylight,,Not Raining
2017-3392-8/11/2018,0,0,0,0,1: PDO,Full,3,,50,Side Swipe,Not Divided,Daylight,,Not Raining
2017-3393-8/11/2018,0,0,0,0,1: PDO,Full,2,,60,Rear End,Multiple,Daylight,,Not Raining
2017-3394-8/11/2018,1,0,0,1,2: MI,Provisional 1 ,2,,50,Side Swipe,Cross Road,Daylight,,Not Raining
2017-3395-8/11/2018,0,0,0,0,1: PDO,,,,50,Hit Parked Vehicle,Not Divided,Daylight,,Not Raining
2017-3396-8/11/2018,1,0,0,1,2: MI,Full,1,,60,Rear End,Cross Road,Daylight,,Not Raining
2017-3397-8/11/2018,0,0,0,0,1: PDO,Full,6,,50,Rear End,Not Divided,Night,,Not Raining
2017-3398-8/11/2018,1,0,0,1,2: MI,Full,1,,50,Hit Fixed Object,Cross Road,Night,Y,Not Raining
2017-3399-8/11/2018,2,0,0,2,2: MI,,0,,80,Head On,Not Divided,Daylight,,Not Raining
2017-3400-8/11/2018,1,0,0,1,2: MI,Provisional 2,1,,60,Right Turn,Cross Road,Daylight,,Not Raining
2017-3401-8/11/2018,0,0,0,0,1: PDO,,0,,60,Right Angle,Cross Road,Daylight,,Not Raining
2017-3402-8/11/2018,0,0,0,0,1: PDO,Full,1,,50,Rear End,T-Junction,Daylight,,Not Raining
2017-3403-8/11/2018,1,0,0,1,2: MI,,,,60,Rear End,T-Junction,Daylight,,Not Raining
2017-3404-8/11/2018,0,0,0,0,1: PDO,,0,,50,Right Angle,T-Junction,Daylight,,Not Raining
2017-3405-8/11/2018,0,0,0,0,1: PDO,Unknown,1,,80,Roll Over,Not Divided,Night,,Raining
2017-3406-8/11/2018,0,0,0,0,1: PDO,Provisional 2,1,,100,Right Angle,T-Junction,Daylight,,Not Raining
2017-3407-8/11/2018,0,0,0,0,1: PDO,,,,60,Right Angle,T-Junction,Daylight,,Not Raining
2017-3408-8/11/2018,1,0,0,1,2: MI,Full,1,,50,Right Angle,Cross Road,Daylight,,Not Raining
2017-3409-8/11/2018,1,0,0,1,2: MI,,,,50,Side Swipe,T-Junction,Daylight,,Not Raining
2017-3410-8/11/2018,1,0,0,1,2: MI,Full,2,,50,Right Angle,Not Divided,Daylight,,Not Raining
2017-3411-8/11/2018,0,0,0,0,1: PDO,Full,1,,60,Rear End,Divided Road,Daylight,,Not Raining
2017-3412-8/11/2018,2,1,0,1,4: Fatal,,1,,50,Head On,Not Divided,Daylight,,Not Raining
2017-3413-8/11/2018,0,0,0,0,1: PDO,Provisional 2,1,,60,Hit Parked Vehicle,Divided Road,Night,,Not Raining
2017-3414-8/11/2018,0,0,0,0,1: PDO,Full,1,,50,Hit Parked Vehicle,Not Divided,Night,,Not Raining
2017-3415-8/11/2018,0,0,0,0,1: PDO,Full,4,,60,Hit Fixed Object,Y-Junction,Daylight,,Not Raining
2017-3416-8/11/2018,0,0,0,0,1: PDO,Full,1,,60,Hit Fixed Object,Divided Road,Night,Y,Not Raining
2017-3417-8/11/2018,0,0,0,0,1: PDO,Full,2,,60,Rear End,Not Divided,Night,,Not Raining
2017-3418-8/11/2018,0,0,0,0,1: PDO,Full,2,,100,Rear End,Not Divided,Daylight,,Not Raining
2017-3419-8/11/2018,0,0,0,0,1: PDO,Full,2,,70,Side Swipe,Cross Road,Daylight,,Not Raining
2017-3420-8/11/2018,1,0,0,1,2: MI,Unknown,1,,60,Right Angle,T-Junction,Night,,Not Raining
2017-3421-8/11/2018,1,0,0,1,2: MI,Full,1,,80,Right Turn,T-Junction,Daylight,,Not Raining
2017-3422-8/11/2018,1,0,0,1,2: MI,Full,1,,110,Hit Animal,Not Divided,Night,,Not Raining
2017-3423-8/11/2018,0,0,0,0,1: PDO,Full,1,,50,Rear End,Not Divided,Daylight,,Not Raining
2017-3424-8/11/2018,0,0,0,0,1: PDO,Full,1,,60,Rear End,Divided Road,Daylight,,Not Raining
2017-3425-8/11/2018,1,0,0,1,2: MI,Full,1,,60,Rear End,Not Divided,Daylight,,Not Raining
2017-3426-8/11/2018,2,0,0,2,2: MI,Probationary,4,,50,Rear End,Divided Road,Daylight,,Not Raining
2017-3427-8/11/2018,1,0,0,1,2: MI,Full,4,,50,Right Turn,T-Junction,Daylight,,Not Raining
2017-3428-8/11/2018,0,0,0,0,1: PDO,Full,1,,60,Rear End,Divided Road,Daylight,,Not Raining
2017-3429-8/11/2018,0,0,0,0,1: PDO,Unknown,1,,60,Hit Fixed Object,Cross Road,Daylight,,Not Raining
2017-3430-8/11/2018,1,0,0,1,2: MI,Probationary,1,,60,Rear End,Not Divided,Daylight,,Not Raining
2017-3431-8/11/2018,0,0,0,0,1: PDO,,0,,100,Rear End,Not Divided,Daylight,,Not Raining
2017-3432-8/11/2018,0,0,0,0,1: PDO,Full,1,,50,Hit Pedestrian,Not Divided,Night,,Not Raining
2017-3433-8/11/2018,0,0,0,0,1: PDO,,1,,50,Right Angle,Cross Road,Daylight,,Not Raining
2017-3434-8/11/2018,0,0,0,0,1: PDO,Full,2,,110,Side Swipe,Not Divided,Daylight,,Not Raining
2017-3435-8/11/2018,0,0,0,0,1: PDO,,0,,60,Side Swipe,T-Junction,Daylight,,Not Raining
2017-3436-8/11/2018,0,0,0,0,1: PDO,Full,1,,40,Hit Parked Vehicle,Not Divided,Daylight,,Not Raining
2017-3437-8/11/2018,0,0,0,0,1: PDO,Full,1,,50,Right Angle,T-Junction,Daylight,,Not Raining
2017-3438-8/11/2018,1,0,1,0,3: SI,Full,2,,60,Rear End,T-Junction,Daylight,,Not Raining
2017-3439-8/11/2018,0,0,0,0,1: PDO,Provisional 2,1,,50,Hit Pedestrian,Not Divided,Daylight,,Not Raining
2017-3440-8/11/2018,0,0,0,0,1: PDO,Unknown,2,,60,Rear End,Cross Road,Night,,Not Raining
2017-3441-8/11/2018,0,0,0,0,1: PDO,Provisional 1 ,2,,50,Right Angle,T-Junction,Daylight,,Not Raining
2017-3442-8/11/2018,1,0,0,1,2: MI,Unknown,1,,60,Right Angle,Not Divided,Daylight,,Not Raining
2017-3443-8/11/2018,0,0,0,0,1: PDO,,1,,50,Right Angle,Cross Road,Daylight,,Not Raining
2017-3444-8/11/2018,1,0,0,1,2: MI,Full,1,,50,Hit Fixed Object,T-Junction,Daylight,,Not Raining
2017-3445-8/11/2018,1,0,0,1,2: MI,,,,60,Right Turn,T-Junction,Daylight,,Not Raining
2017-3446-8/11/2018,1,0,0,1,2: MI,,0,,50,Rear End,Not Divided,Daylight,,Not Raining
2017-3447-8/11/2018,0,0,0,0,1: PDO,Unlicenced,1,,80,Rear End,Freeway,Daylight,,Not Raining
2017-3448-8/11/2018,0,0,0,0,1: PDO,Full,1,,60,Rear End,Not Divided,Daylight,,Not Raining
2017-3449-8/11/2018,0,0,0,0,1: PDO,Probationary,4,,60,Right Turn,Cross Road,Night,,Not Raining
2017-3450-8/11/2018,0,0,0,0,1: PDO,Learners,2,,50,Right Angle,Cross Road,Night,,Not Raining
2017-3451-8/11/2018,0,0,0,0,1: PDO,Full,1,,110,Hit Animal,Freeway,Night,,Not Raining
2017-3452-8/11/2018,0,0,0,0,1: PDO,Full,1,,90,Side Swipe,Divided Road,Daylight,,Not Raining
2017-3453-8/11/2018,0,0,0,0,1: PDO,Full,2,,70,Rear End,Cross Road,Night,,Not Raining
2017-3454-8/11/2018,1,0,0,1,2: MI,Full,1,,50,Right Angle,Cross Road,Daylight,,Not Raining
2017-3455-8/11/2018,0,0,0,0,1: PDO,Unknown,2,,80,Side Swipe,Not Divided,Daylight,,Not Raining
2017-3456-8/11/2018,0,0,0,0,1: PDO,,,,60,Rear End,Cross Road,Daylight,,Not Raining
2017-3457-8/11/2018,1,0,0,1,2: MI,Provisional 1 ,2,,110,Hit Fixed Object,Freeway,Night,,Not Raining
2017-3458-8/11/2018,0,0,0,0,1: PDO,Unknown,1,,60,Rear End,Divided Road,Daylight,,Not Raining
2017-3459-8/11/2018,1,0,0,1,2: MI,,0,,50,Hit Pedestrian,Pedestrian Crossing,Daylight,,Not Raining
2017-3460-8/11/2018,1,0,0,1,2: MI,Provisional 2,1,,70,Rear End,Cross Road,Daylight,,Not Raining
2017-3461-8/11/2018,1,0,0,1,2: MI,Full,1,,60,Rear End,Not Divided,Night,,Not Raining
2017-3462-8/11/2018,0,0,0,0,1: PDO,Full,1,,50,Hit Parked Vehicle,Not Divided,Daylight,,Not Raining
2017-3463-8/11/2018,0,0,0,0,1: PDO,Full,1,,60,Hit Fixed Object,Divided Road,Daylight,,Not Raining
2017-3464-8/11/2018,0,0,0,0,1: PDO,Full,1,,50,Rear End,Not Divided,Daylight,,Not Raining
2017-3465-8/11/2018,2,0,0,2,2: MI,Full,3,,60,Right Angle,Cross Road,Daylight,,Not Raining
2017-3466-8/11/2018,0,0,0,0,1: PDO,Full,1,,60,Hit Pedestrian,Cross Road,Daylight,,Not Raining
2017-3467-8/11/2018,0,0,0,0,1: PDO,Full,2,,25,Right Angle,T-Junction,Daylight,,Not Raining
2017-3468-8/11/2018,0,0,0,0,1: PDO,Full,1,,60,Side Swipe,Divided Road,Daylight,,Not Raining
2017-3469-8/11/2018,0,0,0,0,1: PDO,Provisional 2,3,,60,Right Turn,Cross Road,Daylight,,Not Raining
2017-3470-8/11/2018,0,0,0,0,1: PDO,Full,1,,60,Right Turn,Cross Road,Daylight,,Not Raining
2017-3471-8/11/2018,4,0,0,4,2: MI,Full,1,,110,Right Turn,T-Junction,Daylight,,Not Raining
2017-3472-8/11/2018,0,0,0,0,1: PDO,Full,3,,50,Side Swipe,Not Divided,Daylight,,Not Raining
2017-3473-8/11/2018,1,0,0,1,2: MI,Unknown,1,,50,Hit Fixed Object,Not Divided,Daylight,,Not Raining
2017-3474-8/11/2018,0,0,0,0,1: PDO,Full,1,,60,Side Swipe,Divided Road,Daylight,,Not Raining
2017-3475-8/11/2018,0,0,0,0,1: PDO,,,,80,Roll Over,T-Junction,Daylight,,Not Raining
2017-3476-8/11/2018,0,0,0,0,1: PDO,Full,1,,60,Rear End,Divided Road,Daylight,,Not Raining
2017-3477-8/11/2018,0,0,0,0,1: PDO,Full,2,,100,Left Road - Out of Control,Not Divided,Daylight,,Not Raining
2017-3478-8/11/2018,1,0,0,1,2: MI,Full,1,,60,Side Swipe,Not Divided,Daylight,,Not Raining
2017-3479-8/11/2018,0,0,0,0,1: PDO,,,,60,Rear End,Divided Road,Daylight,,Not Raining
2017-3480-8/11/2018,3,0,0,3,2: MI,Provisional 1 ,1,Y,60,Head On,Not Divided,Daylight,,Not Raining
2017-3481-8/11/2018,1,0,0,1,2: MI,Full,1,,60,Right Angle,T-Junction,Night,,Not Raining
2017-3482-8/11/2018,0,0,0,0,1: PDO,,,,60,Rear End,T-Junction,Daylight,,Not Raining
2017-3483-8/11/2018,0,0,0,0,1: PDO,Full,2,,60,Side Swipe,Divided Road,Daylight,,Not Raining
2017-3484-8/11/2018,2,0,0,2,2: MI,,1,,60,Right Angle,T-Junction,Daylight,,Not Raining
2017-3485-8/11/2018,0,0,0,0,1: PDO,Full,1,,60,Rear End,Not Divided,Daylight,,Not Raining
2017-3486-8/11/2018,0,0,0,0,1: PDO,Provisional 2,1,,60,Rear End,Cross Road,Night,,Not Raining
2017-3487-8/11/2018,0,0,0,0,1: PDO,Full,1,,60,Side Swipe,Cross Road,Daylight,,Not Raining
2017-3488-8/11/2018,0,0,0,0,1: PDO,,0,,60,Rear End,Divided Road,Daylight,,Not Raining
2017-3489-8/11/2018,2,0,0,2,2: MI,Full,1,,60,Right Angle,Cross Road,Night,,Not Raining
2017-3490-8/11/2018,1,0,1,0,3: SI,Full,2,,100,Roll Over,Not Divided,Daylight,,Not Raining
2017-3491-8/11/2018,0,0,0,0,1: PDO,Unknown,1,,80,Hit Fixed Object,Not Divided,Night,,Not Raining
2017-3492-8/11/2018,1,0,0,1,2: MI,,,,60,Hit Fixed Object,Not Divided,Night,,Not Raining
2017-3493-8/11/2018,0,0,0,0,1: PDO,Provisional 2,1,,60,Right Angle,T-Junction,Daylight,,Not Raining
2017-3494-8/11/2018,3,0,0,3,2: MI,Full,3,,60,Right Turn,T-Junction,Daylight,,Not Raining
2017-3495-8/11/2018,1,0,0,1,2: MI,Full,1,,60,Side Swipe,Divided Road,Daylight,,Not Raining
2017-3496-8/11/2018,1,0,0,1,2: MI,Unknown,1,,90,Hit Parked Vehicle,Ramp On,Daylight,,Not Raining
2017-3497-8/11/2018,0,0,0,0,1: PDO,Full,1,,60,Right Angle,Not Divided,Daylight,,Not Raining
2017-3498-8/11/2018,1,0,0,1,2: MI,,,,70,Right Angle,T-Junction,Night,,Not Raining
2017-3499-8/11/2018,2,0,0,2,2: MI,Full,2,,50,Right Angle,Cross Road,Daylight,,Not Raining
2017-3500-8/11/2018,0,0,0,0,1: PDO,Full,3,,50,Hit Parked Vehicle,Not Divided,Daylight,,Not Raining
2017-3501-8/11/2018,0,0,0,0,1: PDO,Provisional 2,1,,60,Right Angle,T-Junction,Daylight,,Not Raining
2017-3502-8/11/2018,0,0,0,0,1: PDO,,,,70,Rear End,Divided Road,Daylight,,Not Raining
2017-3503-8/11/2018,1,0,0,1,2: MI,Full,1,,40,Roll Over,Cross Road,Daylight,,Not Raining
2017-3504-8/11/2018,1,0,0,1,2: MI,Full,1,,100,Hit Fixed Object,Not Divided,Daylight,,Not Raining
2017-3505-8/11/2018,1,0,0,1,2: MI,Full,2,,50,Rear End,Not Divided,Daylight,,Not Raining
2017-3506-8/11/2018,1,0,0,1,2: MI,,,,60,Roll Over,Not Divided,Daylight,,Not Raining
2017-3507-8/11/2018,1,0,0,1,2: MI,Learners,1,,80,Right Angle,Cross Road,Daylight,,Not Raining
2017-3508-8/11/2018,0,0,0,0,1: PDO,,,,60,Roll Over,Divided Road,Night,,Not Raining
2017-3509-8/11/2018,1,0,0,1,2: MI,Unknown,2,,60,Right Angle,T-Junction,Night,,Not Raining
2017-3510-8/11/2018,0,0,0,0,1: PDO,Unknown,2,,50,Rear End,T-Junction,Daylight,,Not Raining
2017-3511-8/11/2018,0,0,0,0,1: PDO,Full,1,,50,Hit Parked Vehicle,Divided Road,Night,,Not Raining
2017-3512-8/11/2018,3,0,0,3,2: MI,Full,1,,60,Side Swipe,T-Junction,Daylight,,Not Raining
2017-3513-8/11/2018,0,0,0,0,1: PDO,Probationary,2,,60,Side Swipe,Not Divided,Daylight,,Not Raining
2017-3514-8/11/2018,2,0,0,2,2: MI,Full,1,,70,Right Angle,T-Junction,Daylight,,Not Raining
2017-3515-8/11/2018,0,0,0,0,1: PDO,,0,,60,Rear End,Cross Road,Daylight,,Not Raining
2017-3516-8/11/2018,0,0,0,0,1: PDO,Full,2,,50,Right Angle,Cross Road,Daylight,,Not Raining
2017-3517-8/11/2018,0,0,0,0,1: PDO,Full,1,,50,Right Turn,Not Divided,Daylight,,Not Raining
2017-3518-8/11/2018,0,0,0,0,1: PDO,Full,2,,60,Right Turn,Cross Road,Daylight,,Not Raining
2017-3519-8/11/2018,0,0,0,0,1: PDO,Full,1,,60,Hit Parked Vehicle,Divided Road,Night,,Not Raining
2017-3520-8/11/2018,0,0,0,0,1: PDO,Full,1,,60,Rear End,Divided Road,Daylight,,Not Raining