REPORT_ID,Total Cas,Total Fats,Total SI,Total MI,CSEF Severity,Licence Type,Number Occupants,Drugs Involved,Area Speed,Crash Type,Position Type,DayNight,DUI Involved,Weather Cond
2017-3521-8/11/2018,1,0,0,1,2: MI,,0,,60,Hit Pedestrian,Pedestrian Crossing,Night,,Not Raining
2017-3522-8/11/2018,4,0,3,1,3: SI,Full,1,,100,Right Angle,Not Divided,Daylight,,Not Raining
2017-3523-8/11/2018,2,0,0,2,2: MI,Full,1,,110,Hit Fixed Object,Not Divided,Night,,Not Raining
2017-3524-8/11/2018,1,0,0,1,2: MI,Full,2,,50,Hit Pedestrian,Not Divided,Night,,Not Raining
2017-3525-8/11/2018,2,0,0,2,2: MI,Full,1,,110,Hit Fixed Object,Divided Road,Night,Y,Not Raining
2017-3526-8/11/2018,0,0,0,0,1: PDO,Full,3,,110,Roll Over,Not Divided,Night,,Not Raining
2017-3527-8/11/2018,0,0,0,0,1: PDO,Full,1,,110,Hit Fixed Object,Not Divided,Night,,Not Raining
2017-3528-8/11/2018,0,0,0,0,1: PDO,Full,3,,50,Right Turn,Not Divided,Night,,Raining
2017-3529-8/11/2018,1,0,0,1,2: MI,Full,1,,50,Rear End,Cross Road,Daylight,,Not Raining
2017-3530-8/11/2018,0,0,0,0,1: PDO,Full,1,,50,Right Angle,Cross Road,Daylight,,Raining
2017-3531-8/11/2018,0,0,0,0,1: PDO,Unknown,2,,50,Hit Parked Vehicle,Not Divided,Night,,Unknown
2017-3532-8/11/2018,1,0,0,1,2: MI,Full,1,,50,Right Turn,Cross Road,Daylight,,Not Raining
2017-3533-8/11/2018,1,0,0,1,2: MI,Full,1,,90,Hit Fixed Object,Not Divided,Daylight,,Not Raining
2017-3534-8/11/2018,0,0,0,0,1: PDO,Provisional 2,1,Y,60,Hit Fixed Object,Cross Road,Daylight,,Not Raining
2017-3535-8/11/2018,0,0,0,0,1: PDO,,,,60,Right Angle,T-Junction,Daylight,,Not Raining
2017-3536-8/11/2018,0,0,0,0,1: PDO,Full,1,,60,Hit Parked Vehicle,Not Divided,Daylight,,Not Raining
2017-3537-8/11/2018,0,0,0,0,1: PDO,,,,60,Rear End,Divided Road,Daylight,,Not Raining
2017-3538-8/11/2018,0,0,0,0,1: PDO,Probationary,1,,60,Hit Fixed Object,Cross Road,Daylight,,Not Raining
2017-3539-8/11/2018,1,0,0,1,2: MI,Full,20,,50,Roll Over,Not Divided,Daylight,,Not Raining
2017-3540-8/11/2018,0,0,0,0,1: PDO,,,,50,Right Angle,Cross Road,Daylight,,Not Raining
2017-3541-8/11/2018,0,0,0,0,1: PDO,Full,2,,50,Hit Fixed Object,Not Divided,Night,Y,Not Raining
2017-3542-8/11/2018,1,0,0,1,2: MI,Full,1,,80,Hit Fixed Object,Not Divided,Daylight,,Raining
2017-3543-8/11/2018,0,0,0,0,1: PDO,Provisional 2,2,,60,Hit Fixed Object,Not Divided,Night,,Not Raining
2017-3544-8/11/2018,1,0,0,1,2: MI,Full,1,,60,Rear End,T-Junction,Daylight,,Not Raining
2017-3545-8/11/2018,0,0,0,0,1: PDO,Full,2,,80,Hit Fixed Object,Divided Road,Daylight,,Raining
2017-3546-8/11/2018,0,0,0,0,1: PDO,Full,1,,110,Hit Pedestrian,Not Divided,Daylight,,Not Raining
2017-3547-8/11/2018,0,0,0,0,1: PDO,Full,1,,60,Hit Parked Vehicle,Ramp On,Daylight,,Not Raining
2017-3548-8/11/2018,1,0,1,0,3: SI,Full,2,,80,Hit Fixed Object,Not Divided,Night,,Not Raining
2017-3549-8/11/2018,1,0,0,1,2: MI,Full,1,,50,Hit Pedestrian,Cross Road,Night,,Not Raining
2017-3550-8/11/2018,0,0,0,0,1: PDO,Full,1,,70,Hit Fixed Object,Divided Road,Night,,Not Raining
2017-3551-8/11/2018,0,0,0,0,1: PDO,Full,1,,80,Hit Fixed Object,Divided Road,Night,,Not Raining
2017-3552-8/11/2018,2,0,0,2,2: MI,Provisional 2,1,,80,Hit Fixed Object,Not Divided,Night,,Not Raining
2017-3553-8/11/2018,1,0,0,1,2: MI,Full,1,,80,Side Swipe,Cross Road,Daylight,,Not Raining
2017-3554-8/11/2018,1,0,0,1,2: MI,Full,1,,100,Hit Fixed Object,Not Divided,Daylight,,Raining
2017-3555-8/11/2018,0,0,0,0,1: PDO,Unknown,1,,50,Side Swipe,Not Divided,Daylight,,Not Raining
2017-3556-8/11/2018,0,0,0,0,1: PDO,Learners,2,,60,Rear End,Divided Road,Daylight,,Not Raining
2017-3557-8/11/2018,1,0,0,1,2: MI,Full,1,,60,Rear End,Not Divided,Daylight,,Not Raining
2017-3558-8/11/2018,0,0,0,0,1: PDO,,0,,60,Rear End,Divided Road,Daylight,,Not Raining
2017-3559-8/11/2018,0,0,0,0,1: PDO,Unknown,1,,50,Hit Fixed Object,Not Divided,Night,Y,Not Raining
2017-3560-8/11/2018,0,0,0,0,1: PDO,,0,,60,Right Angle,Cross Road,Daylight,,Not Raining
2017-3561-8/11/2018,0,0,0,0,1: PDO,Full,8,,50,Roll Over,T-Junction,Daylight,,Raining
2017-3562-8/11/2018,0,0,0,0,1: PDO,Full,1,,100,Hit Fixed Object,Not Divided,Daylight,,Not Raining
2017-3563-8/11/2018,2,0,0,2,2: MI,Full,1,,100,Hit Fixed Object,Not Divided,Daylight,,Not Raining
2017-3564-8/11/2018,1,0,0,1,2: MI,Full,1,Y,80,Hit Parked Vehicle,Divided Road,Daylight,,Not Raining
2017-3565-8/11/2018,0,0,0,0,1: PDO,Full,2,,50,Right Angle,T-Junction,Daylight,,Not Raining
2017-3566-8/11/2018,0,0,0,0,1: PDO,,,,80,Hit Fixed Object,Not Divided,Daylight,,Not Raining
2017-3567-8/11/2018,1,0,0,1,2: MI,Full,1,,60,Rear End,T-Junction,Daylight,,Not Raining
2017-3568-8/11/2018,1,0,0,1,2: MI,Unknown,1,,60,Side Swipe,Cross Road,Daylight,,Not Raining
2017-3569-8/11/2018,1,0,0,1,2: MI,,,Y,110,Left Road - Out of Control,Cross Road,Daylight,,Not Raining
2017-3570-8/11/2018,0,0,0,0,1: PDO,Unknown,1,,60,Rear End,Divided Road,Daylight,,Not Raining
2017-3571-8/11/2018,0,0,0,0,1: PDO,Unlicenced,1,,60,Right Turn,T-Junction,Daylight,,Not Raining
2017-3572-8/11/2018,0,0,0,0,1: PDO,,,,60,Right Turn,Not Divided,Daylight,,Not Raining
2017-3573-8/11/2018,0,0,0,0,1: PDO,Disqualified,1,,90,Right Turn,Not Divided,Daylight,,Not Raining
2017-3574-8/11/2018,0,0,0,0,1: PDO,,,,80,Right Angle,Cross Road,Daylight,,Not Raining
2017-3575-8/11/2018,0,0,0,0,1: PDO,,,,80,Side Swipe,Divided Road,Night,,Not Raining
2017-3576-8/11/2018,0,0,0,0,1: PDO,Full,1,,110,Rear End,Cross Road,Daylight,,Raining
2017-3577-8/11/2018,0,0,0,0,1: PDO,Full,10,,70,Rear End,Divided Road,Daylight,,Not Raining
2017-3578-8/11/2018,0,0,0,0,1: PDO,Learners,1,,60,Rear End,Divided Road,Daylight,,Not Raining
2017-3579-8/11/2018,0,0,0,0,1: PDO,Unknown,1,,60,Rear End,Not Divided,Daylight,,Not Raining
2017-3580-8/11/2018,1,0,0,1,2: MI,Full,1,,60,Rear End,Divided Road,Daylight,,Not Raining
2017-3581-8/11/2018,0,0,0,0,1: PDO,Unknown,1,,50,Rear End,Cross Road,Daylight,,Not Raining
2017-3582-8/11/2018,1,0,0,1,2: MI,Full,3,,80,Right Angle,Cross Road,Night,,Not Raining
2017-3583-8/11/2018,1,0,0,1,2: MI,,,,100,Right Angle,Cross Road,Daylight,,Not Raining
2017-3584-8/11/2018,1,0,0,1,2: MI,Full,1,,60,Left Road - Out of Control,Cross Road,Night,,Not Raining
2017-3585-8/11/2018,0,0,0,0,1: PDO,,,,60,Hit Fixed Object,T-Junction,Daylight,,Not Raining
2017-3586-8/11/2018,1,0,0,1,2: MI,Full,1,,110,Hit Fixed Object,T-Junction,Night,,Raining
2017-3587-8/11/2018,5,0,2,3,3: SI,Full,1,,100,Right Angle,T-Junction,Night,,Not Raining
2017-3588-8/11/2018,1,0,0,1,2: MI,,0,,50,Rear End,Cross Road,Daylight,,Not Raining
2017-3589-8/11/2018,1,0,0,1,2: MI,Full,1,,50,Side Swipe,Not Divided,Daylight,,Not Raining
2017-3590-8/11/2018,0,0,0,0,1: PDO,Learners,1,,80,Rear End,T-Junction,Daylight,,Not Raining
2017-3591-8/11/2018,0,0,0,0,1: PDO,Full,1,,60,Rear End,Cross Road,Daylight,,Not Raining
2017-3592-8/11/2018,0,0,0,0,1: PDO,Unknown,1,,60,Side Swipe,Not Divided,Daylight,,Not Raining
2017-3593-8/11/2018,1,0,0,1,2: MI,,1,,50,Hit Parked Vehicle,Not Divided,Night,,Not Raining
2017-3594-8/11/2018,1,0,0,1,2: MI,,,,100,Hit Fixed Object,Not Divided,Daylight,Y,Not Raining
2017-3595-8/11/2018,0,0,0,0,1: PDO,Full,1,,50,Hit Fixed Object,T-Junction,Daylight,,Not Raining
2017-3596-8/11/2018,0,0,0,0,1: PDO,,,,40,Hit Parked Vehicle,Not Divided,Night,,Not Raining
2017-3597-8/11/2018,0,0,0,0,1: PDO,Provisional 2,1,,60,Right Turn,Cross Road,Daylight,,Not Raining
2017-3598-8/11/2018,0,0,0,0,1: PDO,,,,60,Side Swipe,Divided Road,Daylight,,Not Raining
2017-3599-8/11/2018,1,0,0,1,2: MI,Unknown,3,,60,Right Angle,Divided Road,Daylight,,Not Raining
2017-3600-8/11/2018,0,0,0,0,1: PDO,,,,110,Hit Fixed Object,Not Divided,Daylight,,Not Raining
2017-3601-8/11/2018,0,0,0,0,1: PDO,Full,1,,80,Rear End,T-Junction,Daylight,,Not Raining
2017-3602-8/11/2018,2,0,0,2,2: MI,Full,1,,50,Rear End,T-Junction,Daylight,,Not Raining
2017-3603-8/11/2018,2,0,0,2,2: MI,Full,2,,80,Right Turn,T-Junction,Night,,Not Raining
2017-3604-8/11/2018,1,0,0,1,2: MI,Full,1,,50,Hit Pedestrian,T-Junction,Daylight,,Not Raining
2017-3605-8/11/2018,0,0,0,0,1: PDO,Unknown,2,,60,Hit Fixed Object,T-Junction,Night,,Not Raining
2017-3606-8/11/2018,0,0,0,0,1: PDO,,,,50,Hit Fixed Object,Not Divided,Night,,Not Raining
2017-3607-8/11/2018,1,0,0,1,2: MI,Full,1,,50,Side Swipe,Not Divided,Daylight,,Not Raining
2017-3608-8/11/2018,0,0,0,0,1: PDO,,1,,50,Rear End,Not Divided,Daylight,,Not Raining
2017-3609-8/11/2018,0,0,0,0,1: PDO,Full,3,,50,Hit Parked Vehicle,Not Divided,Daylight,,Not Raining
2017-3610-8/11/2018,2,0,0,2,2: MI,Full,1,,60,Rear End,Cross Road,Daylight,,Raining
2017-3611-8/11/2018,1,0,0,1,2: MI,Full,2,,60,Hit Fixed Object,T-Junction,Night,,Not Raining
2017-3612-8/11/2018,0,0,0,0,1: PDO,Full,1,,50,Side Swipe,Not Divided,Daylight,,Not Raining
2017-3613-8/11/2018,0,0,0,0,1: PDO,Provisional 2,1,,60,Hit Parked Vehicle,Divided Road,Daylight,,Not Raining
2017-3614-8/11/2018,0,0,0,0,1: PDO,Full,1,,50,Rear End,Cross Road,Daylight,,Not Raining
2017-3615-8/11/2018,0,0,0,0,1: PDO,Full,2,,60,Right Angle,T-Junction,Night,,Not Raining
2017-3616-8/11/2018,0,0,0,0,1: PDO,Full,1,,50,Rear End,Not Divided,Daylight,,Not Raining
2017-3617-8/11/2018,4,0,0,4,2: MI,Full,1,,60,Rear End,Divided Road,Daylight,,Not Raining
2017-3618-8/11/2018,0,0,0,0,1: PDO,Unknown,1,,50,Right Turn,Not Divided,Daylight,,Not Raining
2017-3619-8/11/2018,0,0,0,0,1: PDO,Unknown,3,,60,Right Angle,T-Junction,Daylight,,Not Raining
2017-3620-8/11/2018,0,0,0,0,1: PDO,Unknown,1,,50,Right Angle,T-Junction,Daylight,,Not Raining
2017-3621-8/11/2018,1,0,0,1,2: MI,Provisional 2,1,,80,Rear End,Cross Road,Daylight,,Not Raining
2017-3622-8/11/2018,0,0,0,0,1: PDO,Full,2,,60,Side Swipe,Not Divided,Daylight,,Not Raining
2017-3623-8/11/2018,0,0,0,0,1: PDO,Full,4,,70,Rear End,T-Junction,Daylight,,Not Raining
2017-3624-8/11/2018,0,0,0,0,1: PDO,,,,60,Right Turn,T-Junction,Daylight,,Not Raining
2017-3625-8/11/2018,0,0,0,0,1: PDO,Full,1,,60,Hit Fixed Object,T-Junction,Daylight,,Not Raining
2017-3626-8/11/2018,0,0,0,0,1: PDO,Full,3,,60,Side Swipe,Divided Road,Daylight,,Not Raining
2017-3627-8/11/2018,1,0,0,1,2: MI,Full,2,,60,Right Turn,Not Divided,Daylight,,Not Raining
2017-3628-8/11/2018,0,0,0,0,1: PDO,Full,1,,50,Right Turn,T-Junction,Daylight,,Not Raining
2017-3629-8/11/2018,0,0,0,0,1: PDO,Full,1,,110,Rear End,Freeway,Daylight,,Not Raining
2017-3630-8/11/2018,0,0,0,0,1: PDO,Full,10,Y,60,Right Turn,Cross Road,Daylight,,Not Raining
2017-3631-8/11/2018,0,0,0,0,1: PDO,Unknown,1,,60,Rear End,Divided Road,Daylight,,Not Raining
2017-3632-8/11/2018,2,0,0,2,2: MI,Full,1,,60,Right Turn,T-Junction,Night,,Not Raining
2017-3633-8/11/2018,0,0,0,0,1: PDO,,0,,50,Hit Parked Vehicle,Not Divided,Daylight,,Not Raining
2017-3634-8/11/2018,0,0,0,0,1: PDO,Full,1,,60,Side Swipe,Multiple,Daylight,,Not Raining
2017-3635-8/11/2018,0,0,0,0,1: PDO,Full,1,,60,Rear End,Pedestrian Crossing,Daylight,,Not Raining
2017-3636-8/11/2018,1,0,0,1,2: MI,Unknown,1,,80,Right Angle,T-Junction,Daylight,,Not Raining
2017-3637-8/11/2018,1,0,0,1,2: MI,,1,,60,Rear End,Not Divided,Daylight,,Not Raining
2017-3638-8/11/2018,1,0,0,1,2: MI,Learners,1,,50,Rear End,Not Divided,Daylight,,Not Raining
2017-3639-8/11/2018,0,0,0,0,1: PDO,Full,1,,60,Side Swipe,Divided Road,Daylight,,Not Raining
2017-3640-8/11/2018,0,0,0,0,1: PDO,Full,1,,60,Right Angle,T-Junction,Daylight,,Not Raining
2017-3641-8/11/2018,0,0,0,0,1: PDO,Provisional 1 ,1,,60,Hit Fixed Object,Divided Road,Daylight,,Not Raining
2017-3642-8/11/2018,2,0,0,2,2: MI,Learners,2,,60,Right Turn,Divided Road,Daylight,,Not Raining
2017-3643-8/11/2018,0,0,0,0,1: PDO,,,,80,Side Swipe,Divided Road,Daylight,,Not Raining
2017-3644-8/11/2018,1,0,0,1,2: MI,Full,1,,110,Left Road - Out of Control,Divided Road,Night,,Not Raining
2017-3645-8/11/2018,1,0,0,1,2: MI,,,,60,Right Angle,T-Junction,Daylight,,Not Raining
2017-3646-8/11/2018,0,0,0,0,1: PDO,,0,,60,Right Angle,Cross Road,Night,,Not Raining
2017-3647-8/11/2018,0,0,0,0,1: PDO,Full,1,,50,Rear End,Divided Road,Daylight,,Not Raining
2017-3648-8/11/2018,0,0,0,0,1: PDO,Full,7,,50,Hit Pedestrian,Cross Road,Night,,Not Raining
2017-3649-8/11/2018,0,0,0,0,1: PDO,Provisional 1 ,1,,80,Hit Animal,Not Divided,Night,,Not Raining
2017-3650-8/11/2018,0,0,0,0,1: PDO,Full,2,,60,Right Angle,Cross Road,Night,,Not Raining
2017-3651-8/11/2018,0,0,0,0,1: PDO,Full,1,,60,Side Swipe,Not Divided,Daylight,,Not Raining
2017-3652-8/11/2018,0,0,0,0,1: PDO,Full,1,,60,Right Angle,Cross Road,Night,,Not Raining
2017-3653-8/11/2018,0,0,0,0,1: PDO,Unknown,1,,60,Rear End,Cross Road,Daylight,,Not Raining
2017-3654-8/11/2018,1,0,0,1,2: MI,Full,1,,50,Right Angle,Cross Road,Daylight,,Not Raining
2017-3655-8/11/2018,1,0,0,1,2: MI,Provisional 2,4,,50,Rear End,Not Divided,Daylight,,Not Raining
2017-3656-8/11/2018,0,0,0,0,1: PDO,Full,1,,60,Rear End,Cross Road,Daylight,,Not Raining
2017-3657-8/11/2018,1,0,0,1,2: MI,,,,60,Rear End,T-Junction,Daylight,,Not Raining
2017-3658-8/11/2018,0,0,0,0,1: PDO,Full,1,,100,Other,Not Divided,Daylight,,Not Raining
2017-3659-8/11/2018,5,0,0,5,2: MI,Full,1,,50,Right Angle,Cross Road,Daylight,,Not Raining
2017-3660-8/11/2018,1,0,0,1,2: MI,Full,1,,70,Side Swipe,Not Divided,Daylight,,Not Raining
2017-3661-8/11/2018,0,0,0,0,1: PDO,Full,1,,60,Hit Fixed Object,Divided Road,Daylight,,Not Raining
2017-3662-8/11/2018,0,0,0,0,1: PDO,Full,1,,60,Rear End,Not Divided,Daylight,,Not Raining
2017-3663-8/11/2018,1,0,0,1,2: MI,Full,1,,60,Rear End,Divided Road,Night,,Not Raining
2017-3664-8/11/2018,0,0,0,0,1: PDO,Full,2,,50,Right Angle,T-Junction,Daylight,,Not Raining
2017-3665-8/11/2018,1,0,0,1,2: MI,Full,1,,60,Right Turn,T-Junction,Daylight,,Not Raining
2017-3666-8/11/2018,0,0,0,0,1: PDO,Full,1,,60,Side Swipe,Divided Road,Daylight,,Not Raining
2017-3667-8/11/2018,0,0,0,0,1: PDO,Unknown,1,,50,Hit Parked Vehicle,Not Divided,Night,,Not Raining
2017-3668-8/11/2018,3,0,1,2,3: SI,,1,,110,Rear End,Freeway,Daylight,Y,Not Raining
2017-3669-8/11/2018,0,0,0,0,1: PDO,Unknown,1,,60,Side Swipe,Divided Road,Daylight,,Not Raining
2017-3670-8/11/2018,0,0,0,0,1: PDO,Full,2,,110,Hit Fixed Object,Freeway,Daylight,,Not Raining
2017-3671-8/11/2018,0,0,0,0,1: PDO,Unknown,1,,50,Right Angle,Not Divided,Daylight,,Not Raining
2017-3672-8/11/2018,0,0,0,0,1: PDO,Full,1,,60,Rear End,Cross Road,Daylight,,Not Raining
2017-3673-8/11/2018,0,0,0,0,1: PDO,Full,4,,60,Right Angle,T-Junction,Night,,Not Raining
2017-3674-8/11/2018,0,0,0,0,1: PDO,Provisional 1 ,3,,100,Hit Fixed Object,Not Divided,Daylight,,Raining
2017-3675-8/11/2018,1,0,0,1,2: MI,Full,1,,50,Right Angle,Cross Road,Daylight,,Not Raining
2017-3676-8/11/2018,0,0,0,0,1: PDO,Full,1,,90,Other,Not Divided,Daylight,,Not Raining
2017-3677-8/11/2018,0,0,0,0,1: PDO,Full,3,,60,Right Turn,Cross Road,Night,,Not Raining
2017-3678-8/11/2018,1,0,0,1,2: MI,Full,3,,70,Rear End,Cross Road,Daylight,,Not Raining
2017-3679-8/11/2018,0,0,0,0,1: PDO,Full,1,,20,Right Angle,Not Divided,Daylight,,Not Raining
2017-3680-8/11/2018,1,0,0,1,2: MI,Full,1,Y,60,Rear End,T-Junction,Daylight,,Not Raining
2017-3681-8/11/2018,0,0,0,0,1: PDO,Full,2,,50,Rear End,T-Junction,Daylight,,Not Raining
2017-3682-8/11/2018,1,0,0,1,2: MI,Provisional 1 ,2,,60,Hit Pedestrian,T-Junction,Daylight,,Not Raining
2017-3683-8/11/2018,0,0,0,0,1: PDO,Provisional 2,2,,50,Right Angle,Cross Road,Daylight,,Not Raining
2017-3684-8/11/2018,1,0,0,1,2: MI,Full,1,,60,Right Turn,T-Junction,Daylight,,Not Raining
2017-3685-8/11/2018,0,0,0,0,1: PDO,Full,1,,50,Rear End,Divided Road,Daylight,,Not Raining
2017-3686-8/11/2018,0,0,0,0,1: PDO,,,,50,Hit Parked Vehicle,Not Divided,Daylight,Y,Not Raining
2017-3687-8/11/2018,1,0,1,0,3: SI,Learners,2,,60,Right Turn,Cross Road,Night,,Not Raining
2017-3688-8/11/2018,0,0,0,0,1: PDO,,,,90,Rear End,Divided Road,Daylight,,Not Raining
2017-3689-8/11/2018,1,0,0,1,2: MI,Full,1,,60,Rear End,Pedestrian Crossing,Daylight,,Not Raining
2017-3690-8/11/2018,1,0,0,1,2: MI,Full,1,,50,Hit Pedestrian,Divided Road,Daylight,,Not Raining
2017-3691-8/11/2018,1,0,0,1,2: MI,Full,1,,60,Side Swipe,Divided Road,Daylight,,Not Raining
2017-3692-8/11/2018,1,0,0,1,2: MI,Unknown,1,,60,Rear End,Divided Road,Night,,Not Raining
2017-3693-8/11/2018,0,0,0,0,1: PDO,Full,1,,90,Other,Ramp On,Night,,Not Raining
2017-3694-8/11/2018,0,0,0,0,1: PDO,Full,2,,90,Side Swipe,T-Junction,Night,,Not Raining
2017-3695-8/11/2018,0,0,0,0,1: PDO,Full,1,,50,Right Angle,Cross Road,Night,,Not Raining
2017-3696-8/11/2018,1,0,0,1,2: MI,Full,1,,50,Hit Fixed Object,T-Junction,Night,,Not Raining
2017-3697-8/11/2018,0,0,0,0,1: PDO,Full,1,,100,Hit Animal,Not Divided,Night,,Not Raining
2017-3698-8/11/2018,0,0,0,0,1: PDO,Full,1,,50,Hit Fixed Object,T-Junction,Night,,Not Raining
2017-3699-8/11/2018,0,0,0,0,1: PDO,Full,1,,50,Hit Fixed Object,Not Divided,Night,Y,Not Raining
2017-3700-8/11/2018,0,0,0,0,1: PDO,Full,1,,110,Hit Fixed Object,Not Divided,Daylight,,Raining
2017-3701-8/11/2018,0,0,0,0,1: PDO,,,,110,Hit Animal,Not Divided,Daylight,,Not Raining
2017-3702-8/11/2018,0,0,0,0,1: PDO,,,,50,Side Swipe,T-Junction,Daylight,,Not Raining
2017-3703-8/11/2018,1,0,0,1,2: MI,Unknown,1,,60,Rear End,T-Junction,Night,,Not Raining
2017-3704-8/11/2018,2,0,0,2,2: MI,Full,1,,100,Hit Fixed Object,Not Divided,Night,,Not Raining
2017-3705-8/11/2018,1,0,0,1,2: MI,,,,60,Rear End,Not Divided,Daylight,,Not Raining
2017-3706-8/11/2018,0,0,0,0,1: PDO,Full,1,,40,Hit Parked Vehicle,Not Divided,Daylight,,Not Raining
2017-3707-8/11/2018,0,0,0,0,1: PDO,Full,2,,60,Right Angle,T-Junction,Daylight,,Not Raining
2017-3708-8/11/2018,0,0,0,0,1: PDO,Full,1,,60,Rear End,Divided Road,Daylight,,Not Raining
2017-3709-8/11/2018,0,0,0,0,1: PDO,Full,1,,60,Side Swipe,Divided Road,Night,,Not Raining
2017-3710-8/11/2018,0,0,0,0,1: PDO,Full,1,,60,Roll Over,Not Divided,Daylight,,Not Raining
2017-3711-8/11/2018,2,0,0,2,2: MI,Full,1,,70,Side Swipe,Divided Road,Night,,Not Raining
2017-3712-8/11/2018,1,0,0,1,2: MI,Full,1,,60,Hit Pedestrian,Cross Road,Daylight,,Not Raining
2017-3713-8/11/2018,2,0,0,2,2: MI,Full,1,,90,Right Angle,Cross Road,Daylight,,Not Raining
2017-3714-8/11/2018,0,0,0,0,1: PDO,Unknown,2,,110,Hit Animal,Divided Road,Daylight,,Not Raining
2017-3715-8/11/2018,0,0,0,0,1: PDO,Full,1,,50,Hit Fixed Object,Not Divided,Daylight,,Not Raining
2017-3716-8/11/2018,4,0,1,3,3: SI,Unknown,1,,100,Right Angle,Cross Road,Daylight,,Not Raining
2017-3717-8/11/2018,0,0,0,0,1: PDO,Provisional 1 ,1,,60,Hit Fixed Object,Cross Road,Night,,Not Raining
2017-3718-8/11/2018,0,0,0,0,1: PDO,Provisional 2,1,,60,Hit Fixed Object,Divided Road,Night,,Not Raining
2017-3719-8/11/2018,0,0,0,0,1: PDO,Full,1,,50,Side Swipe,Not Divided,Night,,Not Raining
2017-3720-8/11/2018,0,0,0,0,1: PDO,Full,2,,60,Hit Fixed Object,Divided Road,Night,,Not Raining
2017-3721-8/11/2018,0,0,0,0,1: PDO,Full,1,,60,Hit Fixed Object,Not Divided,Night,,Not Raining
2017-3722-8/11/2018,0,0,0,0,1: PDO,Full,1,,100,Hit Fixed Object,Not Divided,Daylight,,Not Raining
2017-3723-8/11/2018,0,0,0,0,1: PDO,,,,80,Side Swipe,Not Divided,Daylight,,Not Raining
2017-3724-8/11/2018,1,0,0,1,2: MI,,1,Y,80,Hit Fixed Object,Not Divided,Daylight,,Not Raining
2017-3725-8/11/2018,0,0,0,0,1: PDO,,1,,60,Right Angle,Divided Road,Daylight,,Not Raining
2017-3726-8/11/2018,1,0,0,1,2: MI,Unknown,1,,60,Side Swipe,T-Junction,Daylight,,Not Raining
2017-3727-8/11/2018,0,0,0,0,1: PDO,Full,1,,60,Rear End,T-Junction,Daylight,,Not Raining
2017-3728-8/11/2018,2,0,1,1,3: SI,Full,1,,100,Roll Over,Not Divided,Daylight,,Not Raining
2017-3729-8/11/2018,0,0,0,0,1: PDO,Full,1,,60,Right Turn,T-Junction,Daylight,,Not Raining
2017-3730-8/11/2018,1,0,0,1,2: MI,Provisional 2,1,,50,Right Angle,Cross Road,Daylight,,Not Raining
2017-3731-8/11/2018,0,0,0,0,1: PDO,Full,1,,50,Hit Parked Vehicle,Not Divided,Daylight,,Not Raining
2017-3732-8/11/2018,0,0,0,0,1: PDO,Unknown,1,,60,Hit Fixed Object,Pedestrian Crossing,Daylight,,Not Raining
2017-3733-8/11/2018,1,0,0,1,2: MI,Full,1,,60,Rear End,Cross Road,Daylight,,Not Raining
2017-3734-8/11/2018,0,0,0,0,1: PDO,Full,2,,50,Hit Parked Vehicle,Not Divided,Night,,Not Raining
2017-3735-8/11/2018,4,0,1,3,3: SI,Full,1,,60,Right Turn,T-Junction,Night,,Not Raining
2017-3736-8/11/2018,0,0,0,0,1: PDO,Provisional 1 ,1,,50,Side Swipe,Cross Road,Night,,Not Raining
2017-3737-8/11/2018,0,0,0,0,1: PDO,,,,50,Hit Fixed Object,Not Divided,Night,,Not Raining
2017-3738-8/11/2018,0,0,0,0,1: PDO,Full,2,,60,Right Turn,Cross Road,Night,,Not Raining
2017-3739-8/11/2018,0,0,0,0,1: PDO,Full,2,,50,Hit Parked Vehicle,Not Divided,Daylight,,Not Raining