REPORT_ID,Total Cas,Total Fats,Total SI,Total MI,CSEF Severity,Licence Type,Number Occupants,Drugs Involved,Area Speed,Crash Type,Position Type,DayNight,DUI Involved,Weather Cond
2017-3740-8/11/2018,0,0,0,0,1: PDO,Full,2,,60,Hit Parked Vehicle,Not Divided,Daylight,,Not Raining
2017-3741-8/11/2018,0,0,0,0,1: PDO,Full,1,,40,Hit Pedestrian,Not Divided,Daylight,,Not Raining
2017-3742-8/11/2018,1,0,0,1,2: MI,Full,1,,60,Rear End,T-Junction,Daylight,,Not Raining
2017-3743-8/11/2018,0,0,0,0,1: PDO,Full,1,,50,Hit Fixed Object,Not Divided,Daylight,,Not Raining
2017-3744-8/11/2018,0,0,0,0,1: PDO,,0,,50,Hit Parked Vehicle,Not Divided,Night,,Not Raining
2017-3745-8/11/2018,0,0,0,0,1: PDO,Unknown,1,,100,Rear End,Not Divided,Daylight,,Not Raining
2017-3746-8/11/2018,0,0,0,0,1: PDO,Full,1,,50,Hit Parked Vehicle,Not Divided,Daylight,,Not Raining
2017-3747-8/11/2018,0,0,0,0,1: PDO,Full,1,,60,Hit Pedestrian,Cross Road,Daylight,,Not Raining
2017-3748-8/11/2018,0,0,0,0,1: PDO,Full,1,,110,Hit Animal,Not Divided,Night,,Not Raining
2017-3749-8/11/2018,0,0,0,0,1: PDO,Provisional 2,2,,60,Side Swipe,Cross Road,Daylight,,Not Raining
2017-3750-8/11/2018,0,0,0,0,1: PDO,Full,1,,110,Hit Fixed Object,Not Divided,Night,,Not Raining
2017-3751-8/11/2018,2,0,1,1,3: SI,Full,1,,60,Right Angle,T-Junction,Night,Y,Not Raining
2017-3752-8/11/2018,2,0,0,2,2: MI,Provisional 2,1,,100,Roll Over,Not Divided,Daylight,,Not Raining
2017-3753-8/11/2018,1,0,0,1,2: MI,Full,1,,50,Right Angle,Divided Road,Daylight,,Not Raining
2017-3754-8/11/2018,0,0,0,0,1: PDO,Provisional 2,2,,60,Right Turn,Cross Road,Night,,Not Raining
2017-3755-8/11/2018,0,0,0,0,1: PDO,Full,1,,60,Hit Parked Vehicle,Divided Road,Night,,Not Raining
2017-3756-8/11/2018,3,0,1,2,3: SI,Full,1,,60,Hit Fixed Object,Not Divided,Night,,Not Raining
2017-3757-8/11/2018,0,0,0,0,1: PDO,Full,1,,60,Hit Parked Vehicle,Not Divided,Night,,Not Raining
2017-3758-8/11/2018,1,0,1,0,3: SI,Full,1,,60,Right Angle,Cross Road,Night,Y,Not Raining
2017-3759-8/11/2018,0,0,0,0,1: PDO,Provisional 2,1,,50,Hit Fixed Object,T-Junction,Night,,Not Raining
2017-3760-8/11/2018,0,0,0,0,1: PDO,,,,60,Hit Object on Road,Divided Road,Night,,Not Raining
2017-3761-8/11/2018,0,0,0,0,1: PDO,Full,1,,60,Right Turn,Divided Road,Daylight,,Not Raining
2017-3762-8/11/2018,0,0,0,0,1: PDO,Unknown,1,,100,Hit Parked Vehicle,Not Divided,Daylight,,Not Raining
2017-3763-8/11/2018,1,0,0,1,2: MI,Unknown,1,,80,Head On,Not Divided,Daylight,,Not Raining
2017-3764-8/11/2018,2,0,0,2,2: MI,Unknown,1,,50,Rear End,T-Junction,Daylight,,Not Raining
2017-3765-8/11/2018,1,0,0,1,2: MI,Learners,1,,60,Roll Over,Not Divided,Daylight,,Not Raining
2017-3766-8/11/2018,0,0,0,0,1: PDO,Provisional 1 ,1,,80,Right Angle,T-Junction,Daylight,,Not Raining
2017-3767-8/11/2018,0,0,0,0,1: PDO,Provisional 2,2,,50,Right Angle,Not Divided,Daylight,,Not Raining
2017-3768-8/11/2018,0,0,0,0,1: PDO,Full,3,,60,Right Angle,Cross Road,Daylight,,Not Raining
2017-3769-8/11/2018,0,0,0,0,1: PDO,Full,1,,60,Rear End,Not Divided,Daylight,,Not Raining
2017-3770-8/11/2018,0,0,0,0,1: PDO,Full,2,,60,Rear End,Not Divided,Daylight,,Not Raining
2017-3771-8/11/2018,0,0,0,0,1: PDO,,0,,80,Right Angle,T-Junction,Daylight,,Not Raining
2017-3772-8/11/2018,0,0,0,0,1: PDO,Unknown,2,,80,Rear End,Not Divided,Daylight,,Not Raining
2017-3773-8/11/2018,3,0,1,2,3: SI,Unknown,2,,50,Head On,Cross Road,Night,Y,Not Raining
2017-3774-8/11/2018,1,0,1,0,3: SI,Full,1,Y,100,Hit Fixed Object,T-Junction,Daylight,,Not Raining
2017-3775-8/11/2018,0,0,0,0,1: PDO,,,,60,Rear End,Not Divided,Daylight,,Not Raining
2017-3776-8/11/2018,0,0,0,0,1: PDO,Full,3,,100,Roll Over,T-Junction,Daylight,,Not Raining
2017-3777-8/11/2018,2,0,0,2,2: MI,Unknown,1,,60,Head On,Not Divided,Daylight,,Not Raining
2017-3778-8/11/2018,0,0,0,0,1: PDO,Full,14,,60,Hit Fixed Object,T-Junction,Daylight,,Not Raining
2017-3779-8/11/2018,1,0,0,1,2: MI,Unknown,1,,50,Hit Fixed Object,Not Divided,Daylight,,Not Raining
2017-3780-8/11/2018,1,0,0,1,2: MI,,,,60,Right Turn,T-Junction,Daylight,,Not Raining
2017-3781-8/11/2018,1,0,0,1,2: MI,Unknown,1,,80,Hit Fixed Object,Not Divided,Night,,Not Raining
2017-3782-8/11/2018,1,0,0,1,2: MI,Full,3,,50,Hit Fixed Object,Not Divided,Daylight,,Not Raining
2017-3783-8/11/2018,0,0,0,0,1: PDO,Full,2,,50,Hit Fixed Object,Not Divided,Night,,Not Raining
2017-3784-8/11/2018,1,0,0,1,2: MI,Full,1,,110,Hit Fixed Object,Freeway,Night,,Not Raining
2017-3785-8/11/2018,0,0,0,0,1: PDO,Unknown,1,,80,Right Angle,Divided Road,Daylight,,Not Raining
2017-3786-8/11/2018,1,0,0,1,2: MI,Full,1,,50,Right Angle,T-Junction,Daylight,,Not Raining
2017-3787-8/11/2018,1,0,0,1,2: MI,Full,2,,60,Right Angle,Cross Road,Daylight,,Not Raining
2017-3788-8/11/2018,2,0,0,2,2: MI,Unknown,1,,80,Right Angle,Cross Road,Daylight,,Not Raining
2017-3789-8/11/2018,1,0,0,1,2: MI,Full,1,,60,Right Angle,Cross Road,Daylight,,Not Raining
2017-3790-8/11/2018,0,0,0,0,1: PDO,Provisional 2,1,,70,Rear End,Divided Road,Daylight,,Not Raining
2017-3791-8/11/2018,0,0,0,0,1: PDO,Full,1,,50,Right Angle,T-Junction,Daylight,,Not Raining
2017-3792-8/11/2018,1,0,0,1,2: MI,Full,1,,50,Right Angle,Cross Road,Daylight,,Not Raining
2017-3793-8/11/2018,0,0,0,0,1: PDO,,,,100,Roll Over,Not Divided,Daylight,,Not Raining
2017-3794-8/11/2018,0,0,0,0,1: PDO,Provisional 2,1,,50,Side Swipe,Not Divided,Daylight,,Not Raining
2017-3795-8/11/2018,3,0,0,3,2: MI,Unknown,1,,60,Right Angle,Cross Road,Daylight,,Not Raining
2017-3796-8/11/2018,0,0,0,0,1: PDO,Full,1,,110,Roll Over,Not Divided,Daylight,,Not Raining
2017-3797-8/11/2018,0,0,0,0,1: PDO,Full,1,,60,Side Swipe,Cross Road,Daylight,,Not Raining
2017-3798-8/11/2018,0,0,0,0,1: PDO,Full,1,,60,Side Swipe,T-Junction,Daylight,,Not Raining
2017-3799-8/11/2018,1,0,0,1,2: MI,,,,50,Right Angle,T-Junction,Daylight,,Not Raining
2017-3800-8/11/2018,0,0,0,0,1: PDO,Full,1,,60,Rear End,Rail Xing,Daylight,,Not Raining
2017-3801-8/11/2018,1,0,0,1,2: MI,Full,3,,50,Right Angle,Cross Road,Daylight,,Not Raining
2017-3802-8/11/2018,0,0,0,0,1: PDO,Full,2,,50,Rear End,Divided Road,Daylight,,Not Raining
2017-3803-8/11/2018,1,0,0,1,2: MI,Full,1,,50,Hit Parked Vehicle,Not Divided,Daylight,,Not Raining
2017-3804-8/11/2018,1,0,0,1,2: MI,Provisional 2,1,,60,Side Swipe,Divided Road,Daylight,,Not Raining
2017-3805-8/11/2018,0,0,0,0,1: PDO,Full,2,,60,Rear End,Not Divided,Daylight,,Not Raining
2017-3806-8/11/2018,0,0,0,0,1: PDO,Provisional 1 ,3,,60,Side Swipe,T-Junction,Daylight,,Not Raining
2017-3807-8/11/2018,0,0,0,0,1: PDO,Full,2,,50,Hit Parked Vehicle,Not Divided,Night,,Not Raining
2017-3808-8/11/2018,1,1,0,0,4: Fatal,Full,1,,110,Right Angle,T-Junction,Daylight,,Not Raining
2017-3809-8/11/2018,0,0,0,0,1: PDO,Full,2,,50,Hit Fixed Object,Cross Road,Night,,Not Raining
2017-3810-8/11/2018,1,0,1,0,3: SI,Unknown,1,,100,Other,Not Divided,Night,,Not Raining
2017-3811-8/11/2018,2,0,2,0,3: SI,Full,2,,70,Hit Fixed Object,Not Divided,Night,,Not Raining
2017-3812-8/11/2018,1,0,0,1,2: MI,Unknown,1,,50,Hit Fixed Object,Not Divided,Night,,Not Raining
2017-3813-8/11/2018,1,0,0,1,2: MI,Unknown,1,Y,60,Hit Fixed Object,Divided Road,Night,,Not Raining
2017-3814-8/11/2018,1,0,0,1,2: MI,Unknown,1,,100,Rear End,Cross Road,Daylight,,Not Raining
2017-3815-8/11/2018,0,0,0,0,1: PDO,Full,1,,60,Rear End,T-Junction,Daylight,,Not Raining
2017-3816-8/11/2018,0,0,0,0,1: PDO,Full,1,,50,Rear End,T-Junction,Daylight,,Not Raining
2017-3817-8/11/2018,0,0,0,0,1: PDO,Full,1,,50,Hit Fixed Object,Not Divided,Daylight,,Not Raining
2017-3818-8/11/2018,0,0,0,0,1: PDO,Unknown,1,,50,Right Angle,Cross Road,Daylight,,Not Raining
2017-3819-8/11/2018,0,0,0,0,1: PDO,Full,1,,80,Roll Over,Not Divided,Night,,Not Raining
2017-3820-8/11/2018,1,0,0,1,2: MI,Full,2,,60,Right Turn,T-Junction,Daylight,,Not Raining
2017-3821-8/11/2018,0,0,0,0,1: PDO,Unknown,1,,60,Right Angle,T-Junction,Daylight,,Not Raining
2017-3822-8/11/2018,0,0,0,0,1: PDO,,,,50,Rear End,Cross Road,Daylight,,Not Raining
2017-3823-8/11/2018,1,0,0,1,2: MI,Full,1,,60,Rear End,Divided Road,Daylight,,Not Raining
2017-3824-8/11/2018,2,0,0,2,2: MI,,,,80,Right Turn,T-Junction,Daylight,,Not Raining
2017-3825-8/11/2018,1,0,0,1,2: MI,Full,4,,60,Rear End,Cross Road,Daylight,,Not Raining
2017-3826-8/11/2018,0,0,0,0,1: PDO,Unknown,1,,60,Side Swipe,Divided Road,Daylight,,Not Raining
2017-3827-8/11/2018,1,0,1,0,3: SI,,,,100,Roll Over,Not Divided,Daylight,,Not Raining
2017-3828-8/11/2018,0,0,0,0,1: PDO,Learners,2,,50,Right Angle,Cross Road,Daylight,,Not Raining
2017-3829-8/11/2018,0,0,0,0,1: PDO,Full,2,,60,Rear End,Cross Road,Daylight,,Not Raining
2017-3830-8/11/2018,0,0,0,0,1: PDO,Full,1,,50,Rear End,Cross Road,Daylight,,Not Raining
2017-3831-8/11/2018,0,0,0,0,1: PDO,,1,,50,Hit Parked Vehicle,Divided Road,Night,,Not Raining
2017-3832-8/11/2018,0,0,0,0,1: PDO,Full,1,,60,Right Angle,T-Junction,Daylight,,Not Raining
2017-3833-8/11/2018,1,0,0,1,2: MI,,,,50,Side Swipe,Not Divided,Daylight,,Not Raining
2017-3834-8/11/2018,0,0,0,0,1: PDO,Full,2,,60,Rear End,Divided Road,Daylight,,Not Raining
2017-3835-8/11/2018,2,0,0,2,2: MI,Unknown,1,,50,Hit Parked Vehicle,Not Divided,Daylight,,Not Raining
2017-3836-8/11/2018,0,0,0,0,1: PDO,Full,1,,60,Hit Parked Vehicle,Divided Road,Daylight,,Not Raining
2017-3837-8/11/2018,0,0,0,0,1: PDO,,,,60,Rear End,Divided Road,Daylight,,Not Raining
2017-3838-8/11/2018,1,0,0,1,2: MI,Full,3,,60,Right Angle,T-Junction,Daylight,,Not Raining
2017-3839-8/11/2018,0,0,0,0,1: PDO,,,,80,Rear End,Cross Road,Daylight,,Not Raining
2017-3840-8/11/2018,1,0,1,0,3: SI,,1,,50,Right Angle,Cross Road,Night,,Raining
2017-3841-8/11/2018,0,0,0,0,1: PDO,Unknown,1,,50,Hit Parked Vehicle,Not Divided,Daylight,,Not Raining
2017-3842-8/11/2018,0,0,0,0,1: PDO,Full,1,,50,Hit Fixed Object,T-Junction,Daylight,,Not Raining
2017-3843-8/11/2018,0,0,0,0,1: PDO,Provisional 2,1,,70,Side Swipe,Divided Road,Daylight,,Not Raining
2017-3844-8/11/2018,4,1,3,0,4: Fatal,Unknown,1,Y,110,Head On,Not Divided,Night,,Not Raining
2017-3845-8/11/2018,2,0,0,2,2: MI,Full,1,Y,90,Hit Fixed Object,Freeway,Night,,Not Raining
2017-3846-8/11/2018,0,0,0,0,1: PDO,,1,Y,100,Hit Fixed Object,Divided Road,Daylight,,Not Raining
2017-3847-8/11/2018,0,0,0,0,1: PDO,Full,1,,60,Right Angle,T-Junction,Daylight,,Not Raining
2017-3848-8/11/2018,0,0,0,0,1: PDO,Unknown,1,,40,Rear End,Not Divided,Daylight,,Not Raining
2017-3849-8/11/2018,1,0,0,1,2: MI,Full,1,,100,Head On,Not Divided,Daylight,,Raining
2017-3850-8/11/2018,1,0,0,1,2: MI,Full,2,,60,Rear End,Cross Road,Daylight,,Raining
2017-3851-8/11/2018,1,0,0,1,2: MI,Probationary,1,,110,Right Angle,T-Junction,Daylight,,Raining
2017-3852-8/11/2018,0,0,0,0,1: PDO,,,,60,Rear End,Divided Road,Daylight,,Not Raining
2017-3853-8/11/2018,0,0,0,0,1: PDO,,,,90,Rear End,Freeway,Daylight,,Not Raining
2017-3854-8/11/2018,0,0,0,0,1: PDO,,1,,60,Side Swipe,T-Junction,Daylight,,Raining
2017-3855-8/11/2018,1,0,1,0,3: SI,Unknown,2,,70,Right Turn,T-Junction,Daylight,,Not Raining
2017-3856-8/11/2018,0,0,0,0,1: PDO,Unknown,3,,80,Right Angle,Cross Road,Daylight,,Raining
2017-3857-8/11/2018,1,0,0,1,2: MI,,,,60,Rear End,Pedestrian Crossing,Daylight,,Raining
2017-3858-8/11/2018,0,0,0,0,1: PDO,Full,1,,50,Right Angle,T-Junction,Daylight,,Raining
2017-3859-8/11/2018,0,0,0,0,1: PDO,,,,80,Rear End,Cross Road,Daylight,,Raining
2017-3860-8/11/2018,0,0,0,0,1: PDO,,1,,110,Right Angle,T-Junction,Daylight,,Not Raining
2017-3861-8/11/2018,0,0,0,0,1: PDO,Full,1,,60,Hit Parked Vehicle,Divided Road,Night,,Not Raining
2017-3862-8/11/2018,0,0,0,0,1: PDO,Full,1,,110,Hit Fixed Object,Divided Road,Daylight,,Raining
2017-3863-8/11/2018,0,0,0,0,1: PDO,Full,1,,50,Hit Parked Vehicle,Not Divided,Daylight,,Raining
2017-3864-8/11/2018,2,0,0,2,2: MI,,0,Y,60,Right Angle,T-Junction,Daylight,,Not Raining
2017-3865-8/11/2018,0,0,0,0,1: PDO,Unknown,1,,60,Right Turn,T-Junction,Daylight,,Not Raining
2017-3866-8/11/2018,0,0,0,0,1: PDO,Unknown,1,,50,Rear End,T-Junction,Daylight,,Not Raining
2017-3867-8/11/2018,1,0,0,1,2: MI,Unknown,1,,50,Rear End,Cross Road,Daylight,,Not Raining
2017-3868-8/11/2018,0,0,0,0,1: PDO,Provisional 2,1,,110,Hit Animal,Not Divided,Daylight,,Not Raining
2017-3869-8/11/2018,0,0,0,0,1: PDO,Full,2,,50,Side Swipe,Cross Road,Night,,Not Raining
2017-3870-8/11/2018,0,0,0,0,1: PDO,Full,1,,60,Right Angle,T-Junction,Daylight,,Not Raining
2017-3871-8/11/2018,0,0,0,0,1: PDO,Full,1,,40,Hit Parked Vehicle,Not Divided,Daylight,,Not Raining
2017-3872-8/11/2018,1,0,1,0,3: SI,Full,1,,60,Hit Pedestrian,T-Junction,Night,,Raining
2017-3873-8/11/2018,0,0,0,0,1: PDO,Unknown,1,,80,Rear End,Cross Road,Night,,Raining
2017-3874-8/11/2018,0,0,0,0,1: PDO,Full,1,,50,Rear End,T-Junction,Night,,Not Raining
2017-3875-8/11/2018,0,0,0,0,1: PDO,Full,1,,80,Hit Fixed Object,Not Divided,Daylight,,Not Raining
2017-3876-8/11/2018,1,0,0,1,2: MI,Provisional 2,1,,60,Right Angle,Cross Road,Night,,Not Raining
2017-3877-8/11/2018,0,0,0,0,1: PDO,Provisional 2,1,,50,Hit Fixed Object,Not Divided,Night,,Not Raining
2017-3878-8/11/2018,1,0,0,1,2: MI,Provisional 2,1,,60,Right Turn,T-Junction,Daylight,,Not Raining
2017-3879-8/11/2018,1,0,0,1,2: MI,Full,1,,100,Head On,T-Junction,Daylight,,Raining
2017-3880-8/11/2018,0,0,0,0,1: PDO,Full,1,,100,Left Road - Out of Control,Not Divided,Daylight,,Not Raining
2017-3881-8/11/2018,1,0,0,1,2: MI,Unknown,1,,50,Right Turn,Cross Road,Daylight,,Not Raining
2017-3882-8/11/2018,1,0,0,1,2: MI,Full,2,,60,Rear End,Pedestrian Crossing,Daylight,,Not Raining
2017-3883-8/11/2018,2,0,0,2,2: MI,Full,1,Y,100,Hit Fixed Object,Cross Road,Night,,Not Raining
2017-3884-8/11/2018,0,0,0,0,1: PDO,Unknown,1,,60,Right Angle,Cross Road,Daylight,,Raining
2017-3885-8/11/2018,1,0,0,1,2: MI,Full,1,,60,Rear End,Cross Road,Daylight,,Raining
2017-3886-8/11/2018,0,0,0,0,1: PDO,Unknown,3,,60,Side Swipe,Cross Road,Daylight,,Not Raining
2017-3887-8/11/2018,0,0,0,0,1: PDO,,0,,60,Right Angle,Cross Road,Daylight,,Not Raining
2017-3888-8/11/2018,0,0,0,0,1: PDO,Full,2,,100,Hit Fixed Object,Not Divided,Daylight,,Raining
2017-3889-8/11/2018,1,0,0,1,2: MI,,,,25,Rear End,Divided Road,Daylight,,Not Raining
2017-3890-8/11/2018,0,0,0,0,1: PDO,Full,1,,60,Rear End,Divided Road,Daylight,,Raining
2017-3891-8/11/2018,0,0,0,0,1: PDO,Full,1,,50,Hit Parked Vehicle,Not Divided,Daylight,,Raining
2017-3892-8/11/2018,0,0,0,0,1: PDO,Full,4,,50,Right Angle,Not Divided,Daylight,,Raining
2017-3893-8/11/2018,0,0,0,0,1: PDO,Full,1,Y,60,Rear End,T-Junction,Daylight,,Not Raining
2017-3894-8/11/2018,1,0,0,1,2: MI,Unknown,1,,110,Hit Fixed Object,Freeway,Daylight,,Raining
2017-3895-8/11/2018,0,0,0,0,1: PDO,Full,1,,50,Hit Fixed Object,T-Junction,Night,,Not Raining
2017-3896-8/11/2018,0,0,0,0,1: PDO,Full,2,,70,Rear End,Cross Road,Daylight,,Not Raining
2017-3897-8/11/2018,3,0,0,3,2: MI,Unknown,1,,100,Head On,T-Junction,Night,,Raining
2017-3898-8/11/2018,0,0,0,0,1: PDO,Provisional 1 ,1,,80,Rear End,T-Junction,Night,,Not Raining
2017-3899-8/11/2018,0,0,0,0,1: PDO,,,,100,Hit Fixed Object,Not Divided,Daylight,Y,Raining
2017-3900-8/11/2018,1,0,0,1,2: MI,Full,1,,60,Rear End,Divided Road,Daylight,,Not Raining
2017-3901-8/11/2018,1,0,0,1,2: MI,,1,,60,Right Angle,Divided Road,Daylight,,Raining
2017-3902-8/11/2018,0,0,0,0,1: PDO,,,,50,Side Swipe,T-Junction,Daylight,,Not Raining
2017-3903-8/11/2018,0,0,0,0,1: PDO,Unknown,1,,60,Rear End,Multiple,Daylight,,Not Raining
2017-3904-8/11/2018,0,0,0,0,1: PDO,Full,1,,50,Rear End,Not Divided,Daylight,,Not Raining
2017-3905-8/11/2018,0,0,0,0,1: PDO,Full,1,,60,Rear End,T-Junction,Night,,Not Raining
2017-3906-8/11/2018,1,0,0,1,2: MI,Full,2,,60,Rear End,Pedestrian Crossing,Daylight,,Not Raining
2017-3907-8/11/2018,1,0,0,1,2: MI,Full,2,,60,Rear End,Not Divided,Daylight,,Not Raining
2017-3908-8/11/2018,0,0,0,0,1: PDO,Full,1,,60,Rear End,Not Divided,Daylight,,Not Raining
2017-3909-8/11/2018,0,0,0,0,1: PDO,Full,1,,80,Hit Fixed Object,Cross Road,Daylight,,Raining
2017-3910-8/11/2018,0,0,0,0,1: PDO,Full,1,,60,Rear End,Not Divided,Daylight,,Not Raining
2017-3911-8/11/2018,2,0,0,2,2: MI,Full,1,,50,Right Angle,T-Junction,Daylight,,Not Raining
2017-3912-8/11/2018,0,0,0,0,1: PDO,Full,3,,80,Rear End,Divided Road,Daylight,,Not Raining
2017-3913-8/11/2018,0,0,0,0,1: PDO,Full,1,,50,Hit Fixed Object,Not Divided,Daylight,,Not Raining
2017-3914-8/11/2018,0,0,0,0,1: PDO,Provisional 2,2,,60,Right Angle,Not Divided,Night,,Not Raining
2017-3915-8/11/2018,0,0,0,0,1: PDO,Full,1,,60,Right Turn,Cross Road,Night,,Not Raining
2017-3916-8/11/2018,1,0,1,0,3: SI,Full,1,Y,100,Hit Fixed Object,Not Divided,Daylight,,Not Raining
2017-3917-8/11/2018,1,0,0,1,2: MI,Full,1,,50,Hit Fixed Object,Cross Road,Daylight,,Not Raining
2017-3918-8/11/2018,0,0,0,0,1: PDO,Full,1,,60,Side Swipe,Not Divided,Night,,Not Raining
2017-3919-8/11/2018,1,0,0,1,2: MI,Full,2,,60,Right Turn,Cross Road,Night,,Not Raining
2017-3920-8/11/2018,0,0,0,0,1: PDO,Full,1,,60,Right Angle,T-Junction,Night,,Not Raining
2017-3921-8/11/2018,1,0,0,1,2: MI,,,,60,Right Angle,T-Junction,Night,,Not Raining
2017-3922-8/11/2018,0,0,0,0,1: PDO,Full,1,,60,Right Angle,T-Junction,Daylight,,Not Raining
2017-3923-8/11/2018,0,0,0,0,1: PDO,Provisional 2,1,,60,Rear End,T-Junction,Night,,Not Raining
2017-3924-8/11/2018,0,0,0,0,1: PDO,Full,1,,60,Rear End,Not Divided,Daylight,,Not Raining
2017-3925-8/11/2018,1,0,0,1,2: MI,Full,2,Y,100,Hit Fixed Object,Not Divided,Daylight,,Not Raining
2017-3926-8/11/2018,5,0,0,5,2: MI,Unknown,1,,70,Right Turn,T-Junction,Night,,Not Raining
2017-3927-8/11/2018,0,0,0,0,1: PDO,Full,1,,50,Rear End,Not Divided,Night,,Not Raining
2017-3928-8/11/2018,0,0,0,0,1: PDO,Full,1,,70,Side Swipe,Cross Road,Night,,Not Raining
2017-3929-8/11/2018,1,0,1,0,3: SI,Full,1,,100,Hit Fixed Object,Not Divided,Night,Y,Not Raining
2017-3930-8/11/2018,0,0,0,0,1: PDO,Unknown,1,,60,Hit Fixed Object,Divided Road,Night,,Not Raining
2017-3931-8/11/2018,0,0,0,0,1: PDO,Full,2,,50,Hit Fixed Object,T-Junction,Night,Y,Not Raining
2017-3932-8/11/2018,0,0,0,0,1: PDO,Unknown,1,,50,Rear End,Cross Road,Night,,Not Raining
2017-3933-8/11/2018,1,0,1,0,3: SI,Full,1,,100,Roll Over,Not Divided,Night,,Not Raining
2017-3934-8/11/2018,1,0,0,1,2: MI,Full,1,,80,Roll Over,Not Divided,Daylight,,Not Raining
2017-3935-8/11/2018,1,0,0,1,2: MI,Full,1,,60,Right Angle,Cross Road,Daylight,,Not Raining
2017-3936-8/11/2018,1,0,0,1,2: MI,,1,,80,Roll Over,Not Divided,Daylight,,Not Raining
2017-3937-8/11/2018,0,0,0,0,1: PDO,Unknown,1,,60,Head On,T-Junction,Daylight,,Not Raining
2017-3938-8/11/2018,3,0,0,3,2: MI,Provisional 2,2,,100,Side Swipe,Cross Road,Daylight,,Not Raining
2017-3939-8/11/2018,2,0,0,2,2: MI,Unknown,1,,60,Right Turn,Cross Road,Daylight,,Not Raining
2017-3940-8/11/2018,0,0,0,0,1: PDO,Provisional 2,3,,60,Rear End,Divided Road,Daylight,,Not Raining
2017-3941-8/11/2018,0,0,0,0,1: PDO,Provisional 2,2,,110,Roll Over,Not Divided,Daylight,,Not Raining
2017-3942-8/11/2018,0,0,0,0,1: PDO,Full,2,,60,Hit Fixed Object,Divided Road,Night,,Not Raining
2017-3943-8/11/2018,0,0,0,0,1: PDO,,,,60,Rear End,Cross Road,Daylight,,Not Raining
2017-3944-8/11/2018,0,0,0,0,1: PDO,Provisional 2,1,,50,Side Swipe,T-Junction,Night,,Not Raining
2017-3945-8/11/2018,1,0,1,0,3: SI,Full,1,,50,Right Angle,Not Divided,Daylight,,Not Raining
2017-3946-8/11/2018,0,0,0,0,1: PDO,Full,2,,60,Rear End,Cross Road,Daylight,,Not Raining
2017-3947-8/11/2018,0,0,0,0,1: PDO,Full,4,,50,Hit Fixed Object,T-Junction,Daylight,,Not Raining
2017-3948-8/11/2018,1,0,0,1,2: MI,Full,1,,80,Roll Over,Cross Road,Daylight,,Not Raining
2017-3949-8/11/2018,0,0,0,0,1: PDO,Full,1,,50,Hit Pedestrian,Cross Road,Night,,Not Raining
2017-3950-8/11/2018,0,0,0,0,1: PDO,Full,1,,60,Hit Fixed Object,Divided Road,Night,,Not Raining
2017-3951-8/11/2018,0,0,0,0,1: PDO,,1,,50,Hit Parked Vehicle,Not Divided,Night,,Not Raining
2017-3952-8/11/2018,0,0,0,0,1: PDO,,0,,80,Hit Fixed Object,Divided Road,Night,,Not Raining
2017-3953-8/11/2018,0,0,0,0,1: PDO,Full,1,,60,Rear End,Not Divided,Daylight,,Not Raining
2017-3954-8/11/2018,1,0,0,1,2: MI,Full,1,,100,Roll Over,Not Divided,Daylight,,Not Raining
2017-3955-8/11/2018,0,0,0,0,1: PDO,Full,1,,60,Hit Fixed Object,Not Divided,Daylight,Y,Not Raining
2017-3956-8/11/2018,0,0,0,0,1: PDO,Full,2,,80,Right Angle,T-Junction,Daylight,,Not Raining
2017-3957-8/11/2018,0,0,0,0,1: PDO,Full,1,,50,Hit Parked Vehicle,Not Divided,Night,,Not Raining
2017-3958-8/11/2018,0,0,0,0,1: PDO,Full,1,,60,Right Turn,T-Junction,Daylight,,Not Raining