REPORT_ID,Total Cas,Total Fats,Total SI,Total MI,CSEF Severity,Licence Type,Number Occupants,Drugs Involved,Area Speed,Crash Type,Position Type,DayNight,DUI Involved,Weather Cond
2017-3959-8/11/2018,0,0,0,0,1: PDO,Learners,2,,110,Roll Over,Not Divided,Daylight,,Not Raining
2017-3960-8/11/2018,0,0,0,0,1: PDO,Full,1,,60,Right Angle,Divided Road,Daylight,,Not Raining
2017-3961-8/11/2018,1,0,0,1,2: MI,,,,100,Hit Fixed Object,Not Divided,Night,Y,Not Raining
2017-3962-8/11/2018,0,0,0,0,1: PDO,,1,,60,Hit Fixed Object,Not Divided,Daylight,,Not Raining
2017-3963-8/11/2018,0,0,0,0,1: PDO,Full,2,,60,Rear End,T-Junction,Daylight,,Not Raining
2017-3964-8/11/2018,0,0,0,0,1: PDO,Full,1,,60,Rear End,T-Junction,Daylight,,Not Raining
2017-3965-8/11/2018,2,0,1,1,3: SI,Provisional 1 ,1,,110,Rear End,Not Divided,Daylight,,Not Raining
2017-3966-8/11/2018,0,0,0,0,1: PDO,Full,1,,80,Hit Fixed Object,Not Divided,Daylight,,Not Raining
2017-3967-8/11/2018,0,0,0,0,1: PDO,Probationary,3,,100,Roll Over,Not Divided,Night,,Not Raining
2017-3968-8/11/2018,1,0,1,0,3: SI,Full,1,,50,Hit Fixed Object,Cross Road,Daylight,,Not Raining
2017-3969-8/11/2018,0,0,0,0,1: PDO,Full,3,,60,Side Swipe,Cross Road,Daylight,,Not Raining
2017-3970-8/11/2018,1,0,0,1,2: MI,Unlicenced,1,,100,Left Road - Out of Control,Not Divided,Daylight,,Not Raining
2017-3971-8/11/2018,0,0,0,0,1: PDO,Full,2,,110,Roll Over,Not Divided,Daylight,,Not Raining
2017-3972-8/11/2018,1,0,1,0,3: SI,,1,,70,Hit Fixed Object,Not Divided,Daylight,,Not Raining
2017-3973-8/11/2018,0,0,0,0,1: PDO,Full,1,,60,Side Swipe,Cross Road,Daylight,,Not Raining
2017-3974-8/11/2018,1,0,0,1,2: MI,,,,50,Roll Over,Not Divided,Daylight,,Not Raining
2017-3975-8/11/2018,1,0,0,1,2: MI,,,,80,Left Road - Out of Control,T-Junction,Daylight,Y,Not Raining
2017-3976-8/11/2018,0,0,0,0,1: PDO,Full,1,,50,Hit Fixed Object,Not Divided,Daylight,,Not Raining
2017-3977-8/11/2018,0,0,0,0,1: PDO,Full,2,,80,Hit Fixed Object,Not Divided,Night,,Raining
2017-3978-8/11/2018,0,0,0,0,1: PDO,Provisional 2,1,,110,Roll Over,Divided Road,Daylight,,Raining
2017-3979-8/11/2018,0,0,0,0,1: PDO,,,,60,Right Angle,Cross Road,Night,,Not Raining
2017-3980-8/11/2018,0,0,0,0,1: PDO,Unknown,1,,50,Hit Parked Vehicle,Not Divided,Night,,Not Raining
2017-3981-8/11/2018,0,0,0,0,1: PDO,Full,1,,60,Hit Fixed Object,T-Junction,Night,,Raining
2017-3982-8/11/2018,0,0,0,0,1: PDO,Full,1,,60,Hit Parked Vehicle,Not Divided,Night,,Not Raining
2017-3983-8/11/2018,1,0,1,0,3: SI,Unknown,1,,60,Hit Fixed Object,Divided Road,Night,Y,Not Raining
2017-3984-8/11/2018,1,0,0,1,2: MI,Full,2,,50,Hit Fixed Object,Not Divided,Night,,Unknown
2017-3985-8/11/2018,1,0,0,1,2: MI,,1,,80,Hit Fixed Object,Not Divided,Daylight,,Not Raining
2017-3986-8/11/2018,2,0,0,2,2: MI,Full,2,,60,Right Turn,Cross Road,Daylight,,Not Raining
2017-3987-8/11/2018,0,0,0,0,1: PDO,Full,1,,60,Right Turn,T-Junction,Night,,Not Raining
2017-3988-8/11/2018,0,0,0,0,1: PDO,Full,1,,50,Hit Fixed Object,Not Divided,Daylight,,Not Raining
2017-3989-8/11/2018,1,0,0,1,2: MI,Full,2,,70,Hit Fixed Object,Not Divided,Daylight,,Not Raining
2017-3990-8/11/2018,0,0,0,0,1: PDO,Provisional 2,1,,50,Hit Parked Vehicle,Not Divided,Daylight,,Not Raining
2017-3991-8/11/2018,0,0,0,0,1: PDO,Full,1,,50,Hit Fixed Object,Not Divided,Night,,Raining
2017-3992-8/11/2018,1,0,0,1,2: MI,,,,50,Side Swipe,Divided Road,Daylight,,Not Raining
2017-3993-8/11/2018,1,0,0,1,2: MI,Full,1,,70,Rear End,Cross Road,Daylight,,Not Raining
2017-3994-8/11/2018,1,0,0,1,2: MI,,,,80,Rear End,Cross Road,Daylight,,Not Raining
2017-3995-8/11/2018,1,1,0,0,4: Fatal,Full,1,,60,Side Swipe,Cross Road,Daylight,,Raining
2017-3996-8/11/2018,1,0,1,0,3: SI,,,,60,Hit Fixed Object,T-Junction,Daylight,,Raining
2017-3997-8/11/2018,0,0,0,0,1: PDO,Full,2,,50,Rear End,Not Divided,Daylight,,Not Raining
2017-3998-8/11/2018,0,0,0,0,1: PDO,,,,80,Roll Over,Not Divided,Daylight,,Not Raining
2017-3999-8/11/2018,0,0,0,0,1: PDO,Full,1,,60,Hit Fixed Object,Not Divided,Daylight,,Raining
2017-4000-8/11/2018,1,0,0,1,2: MI,Full,1,Y,110,Hit Fixed Object,Divided Road,Daylight,,Not Raining
2017-4001-8/11/2018,0,0,0,0,1: PDO,Full,2,,60,Right Angle,Cross Road,Night,,Raining
2017-4002-8/11/2018,0,0,0,0,1: PDO,,0,,60,Rear End,T-Junction,Daylight,,Raining
2017-4003-8/11/2018,0,0,0,0,1: PDO,,1,,50,Right Turn,T-Junction,Daylight,,Not Raining
2017-4004-8/11/2018,0,0,0,0,1: PDO,Unknown,1,,60,Right Angle,Cross Road,Daylight,,Not Raining
2017-4005-8/11/2018,1,0,0,1,2: MI,Unknown,2,,60,Rear End,T-Junction,Daylight,,Raining
2017-4006-8/11/2018,0,0,0,0,1: PDO,Full,1,,60,Head On,Not Divided,Daylight,,Raining
2017-4007-8/11/2018,0,0,0,0,1: PDO,,,,80,Hit Fixed Object,Not Divided,Daylight,,Raining
2017-4008-8/11/2018,0,0,0,0,1: PDO,,,,60,Hit Fixed Object,Not Divided,Night,,Raining
2017-4009-8/11/2018,0,0,0,0,1: PDO,Full,1,,60,Rear End,Divided Road,Daylight,,Raining
2017-4010-8/11/2018,0,0,0,0,1: PDO,Provisional 1 ,1,,60,Side Swipe,Divided Road,Night,,Raining
2017-4011-8/11/2018,0,0,0,0,1: PDO,Full,1,,60,Hit Fixed Object,Divided Road,Night,,Raining
2017-4012-8/11/2018,3,0,0,3,2: MI,Unknown,1,,80,Rear End,Divided Road,Night,,Raining
2017-4013-8/11/2018,4,0,0,4,2: MI,Full,2,,80,Rear End,Divided Road,Night,,Raining
2017-4014-8/11/2018,0,0,0,0,1: PDO,Full,1,,60,Right Angle,Cross Road,Daylight,,Not Raining
2017-4015-8/11/2018,0,0,0,0,1: PDO,Full,2,,50,Hit Fixed Object,Not Divided,Night,,Not Raining
2017-4016-8/11/2018,0,0,0,0,1: PDO,Full,1,,50,Right Angle,T-Junction,Night,,Not Raining
2017-4017-8/11/2018,0,0,0,0,1: PDO,Full,1,,50,Hit Parked Vehicle,Not Divided,Night,Y,Raining
2017-4018-8/11/2018,0,0,0,0,1: PDO,Full,2,,50,Hit Parked Vehicle,Not Divided,Night,,Not Raining
2017-4019-8/11/2018,0,0,0,0,1: PDO,Full,1,,50,Rear End,Not Divided,Daylight,,Not Raining
2017-4020-8/11/2018,0,0,0,0,1: PDO,Full,1,,100,Right Angle,Cross Road,Daylight,,Not Raining
2017-4021-8/11/2018,0,0,0,0,1: PDO,Full,1,,60,Right Angle,T-Junction,Daylight,,Not Raining
2017-4022-8/11/2018,1,0,0,1,2: MI,Full,3,,60,Hit Pedestrian,Divided Road,Daylight,,Not Raining
2017-4023-8/11/2018,0,0,0,0,1: PDO,Unknown,1,,60,Side Swipe,T-Junction,Daylight,,Not Raining
2017-4024-8/11/2018,0,0,0,0,1: PDO,Full,1,,50,Right Angle,T-Junction,Night,,Not Raining
2017-4025-8/11/2018,2,0,0,2,2: MI,Full,2,,100,Rear End,T-Junction,Night,,Not Raining
2017-4026-8/11/2018,0,0,0,0,1: PDO,Full,1,,100,Hit Fixed Object,Not Divided,Daylight,,Unknown
2017-4027-8/11/2018,1,0,0,1,2: MI,,,,60,Rear End,Cross Road,Daylight,,Not Raining
2017-4028-8/11/2018,0,0,0,0,1: PDO,Unknown,1,,50,Right Turn,T-Junction,Daylight,,Not Raining
2017-4029-8/11/2018,0,0,0,0,1: PDO,,1,,60,Hit Parked Vehicle,Not Divided,Daylight,,Not Raining
2017-4030-8/11/2018,0,0,0,0,1: PDO,Full,1,,50,Hit Fixed Object,T-Junction,Daylight,,Not Raining
2017-4031-8/11/2018,0,0,0,0,1: PDO,Unknown,1,,60,Right Turn,Cross Road,Daylight,,Not Raining
2017-4032-8/11/2018,0,0,0,0,1: PDO,Full,3,,60,Right Angle,Cross Road,Daylight,,Not Raining
2017-4033-8/11/2018,0,0,0,0,1: PDO,Unknown,1,,100,Roll Over,Not Divided,Daylight,,Raining
2017-4034-8/11/2018,0,0,0,0,1: PDO,Unknown,1,,50,Right Angle,Not Divided,Daylight,,Not Raining
2017-4035-8/11/2018,1,0,0,1,2: MI,Full,2,,100,Side Swipe,Not Divided,Daylight,,Not Raining
2017-4036-8/11/2018,0,0,0,0,1: PDO,,0,,50,Right Angle,Not Divided,Daylight,,Not Raining
2017-4037-8/11/2018,0,0,0,0,1: PDO,,0,,70,Side Swipe,Not Divided,Daylight,,Not Raining
2017-4038-8/11/2018,0,0,0,0,1: PDO,Full,1,,60,Right Angle,T-Junction,Daylight,,Not Raining
2017-4039-8/11/2018,0,0,0,0,1: PDO,Full,1,,50,Hit Fixed Object,Not Divided,Daylight,,Raining
2017-4040-8/11/2018,0,0,0,0,1: PDO,Full,1,,100,Hit Fixed Object,Not Divided,Daylight,,Raining
2017-4041-8/11/2018,3,0,1,2,3: SI,,,,80,Right Turn,Cross Road,Night,,Raining
2017-4042-8/11/2018,0,0,0,0,1: PDO,Full,1,,60,Rear End,T-Junction,Night,,Raining
2017-4043-8/11/2018,0,0,0,0,1: PDO,Full,1,,80,Hit Fixed Object,Not Divided,Daylight,,Raining
2017-4044-8/11/2018,0,0,0,0,1: PDO,Full,1,,50,Hit Fixed Object,Not Divided,Daylight,,Raining
2017-4045-8/11/2018,0,0,0,0,1: PDO,Provisional 2,1,,110,Hit Animal,Not Divided,Daylight,,Raining
2017-4046-8/11/2018,0,0,0,0,1: PDO,Full,3,,50,Hit Fixed Object,Not Divided,Night,,Not Raining
2017-4047-8/11/2018,0,0,0,0,1: PDO,,,,60,Right Angle,T-Junction,Night,,Raining
2017-4048-8/11/2018,0,0,0,0,1: PDO,Full,2,,60,Side Swipe,Divided Road,Night,,Not Raining
2017-4049-8/11/2018,1,1,0,0,4: Fatal,,,,60,Hit Fixed Object,Multiple,Daylight,,Not Raining
2017-4050-8/11/2018,0,0,0,0,1: PDO,Full,1,,60,Rear End,Not Divided,Night,,Raining
2017-4051-8/11/2018,0,0,0,0,1: PDO,Full,2,,50,Hit Fixed Object,T-Junction,Night,,Not Raining
2017-4052-8/11/2018,0,0,0,0,1: PDO,Unknown,1,,60,Hit Fixed Object,Cross Road,Daylight,,Not Raining
2017-4053-8/11/2018,0,0,0,0,1: PDO,Full,1,,50,Hit Parked Vehicle,Not Divided,Night,,Not Raining
2017-4054-8/11/2018,0,0,0,0,1: PDO,,,,60,Rear End,T-Junction,Daylight,,Not Raining
2017-4055-8/11/2018,0,0,0,0,1: PDO,,,,50,Right Angle,Cross Road,Daylight,,Not Raining
2017-4056-8/11/2018,0,0,0,0,1: PDO,Full,1,,25,Hit Parked Vehicle,T-Junction,Daylight,,Not Raining
2017-4057-8/11/2018,0,0,0,0,1: PDO,Full,1,,60,Right Angle,Cross Road,Daylight,,Not Raining
2017-4058-8/11/2018,0,0,0,0,1: PDO,Full,1,,60,Hit Fixed Object,Not Divided,Night,,Not Raining
2017-4059-8/11/2018,1,0,0,1,2: MI,Full,1,,60,Rear End,T-Junction,Daylight,,Not Raining
2017-4060-8/11/2018,0,0,0,0,1: PDO,Full,2,,60,Rear End,Cross Road,Daylight,,Not Raining
2017-4061-8/11/2018,0,0,0,0,1: PDO,Full,2,,80,Rear End,Divided Road,Daylight,,Not Raining
2017-4062-8/11/2018,0,0,0,0,1: PDO,Full,1,,60,Side Swipe,Divided Road,Daylight,,Not Raining
2017-4063-8/11/2018,0,0,0,0,1: PDO,Full,2,,50,Hit Pedestrian,Not Divided,Daylight,,Not Raining
2017-4064-8/11/2018,2,2,0,0,4: Fatal,,1,,110,Head On,Divided Road,Night,Y,Raining
2017-4065-8/11/2018,1,0,0,1,2: MI,Full,1,,60,Side Swipe,Divided Road,Daylight,,Not Raining
2017-4066-8/11/2018,2,0,0,2,2: MI,Full,2,,80,Rear End,Freeway,Night,Y,Not Raining
2017-4067-8/11/2018,0,0,0,0,1: PDO,Full,1,,50,Hit Fixed Object,Not Divided,Daylight,,Raining
2017-4068-8/11/2018,1,0,0,1,2: MI,Full,1,,60,Side Swipe,Not Divided,Daylight,,Not Raining
2017-4069-8/11/2018,2,0,0,2,2: MI,Full,1,,80,Rear End,Divided Road,Daylight,,Not Raining
2017-4070-8/11/2018,0,0,0,0,1: PDO,Full,1,,50,Hit Parked Vehicle,Divided Road,Daylight,,Not Raining
2017-4071-8/11/2018,0,0,0,0,1: PDO,Full,1,,50,Right Angle,Cross Road,Daylight,,Not Raining
2017-4072-8/11/2018,1,0,0,1,2: MI,Full,1,,80,Hit Fixed Object,Cross Road,Daylight,,Not Raining
2017-4073-8/11/2018,1,0,1,0,3: SI,Full,1,,60,Hit Parked Vehicle,Not Divided,Daylight,,Not Raining
2017-4074-8/11/2018,2,0,0,2,2: MI,Full,1,,50,Right Angle,T-Junction,Daylight,,Not Raining
2017-4075-8/11/2018,0,0,0,0,1: PDO,,,,60,Rear End,T-Junction,Daylight,,Raining
2017-4076-8/11/2018,0,0,0,0,1: PDO,Unlicenced,1,,50,Hit Parked Vehicle,Not Divided,Night,,Not Raining
2017-4077-8/11/2018,1,0,0,1,2: MI,,,,60,Rear End,T-Junction,Daylight,,Not Raining
2017-4078-8/11/2018,0,0,0,0,1: PDO,Probationary,1,,70,Rear End,Divided Road,Daylight,,Not Raining
2017-4079-8/11/2018,0,0,0,0,1: PDO,,0,,50,Right Angle,Not Divided,Daylight,,Not Raining
2017-4080-8/11/2018,0,0,0,0,1: PDO,Unlicenced,1,,70,Side Swipe,Divided Road,Daylight,,Not Raining
2017-4081-8/11/2018,1,0,0,1,2: MI,,,,80,Hit Fixed Object,Not Divided,Daylight,,Not Raining
2017-4082-8/11/2018,1,0,0,1,2: MI,Full,1,,60,Hit Parked Vehicle,Not Divided,Daylight,,Not Raining
2017-4083-8/11/2018,1,0,0,1,2: MI,Provisional 2,1,,60,Hit Pedestrian,Divided Road,Night,Y,Not Raining
2017-4084-8/11/2018,0,0,0,0,1: PDO,Full,1,,90,Rear End,Divided Road,Night,,Not Raining
2017-4085-8/11/2018,0,0,0,0,1: PDO,Provisional 1 ,1,,60,Rear End,Divided Road,Daylight,,Not Raining
2017-4086-8/11/2018,0,0,0,0,1: PDO,,,,70,Rear End,Divided Road,Night,,Not Raining
2017-4087-8/11/2018,0,0,0,0,1: PDO,,,,50,Hit Parked Vehicle,Not Divided,Night,,Not Raining
2017-4088-8/11/2018,0,0,0,0,1: PDO,Unlicenced,1,,80,Hit Fixed Object,Not Divided,Night,,Not Raining
2017-4089-8/11/2018,0,0,0,0,1: PDO,,,,60,Hit Fixed Object,Divided Road,Night,,Not Raining
2017-4090-8/11/2018,1,0,0,1,2: MI,Provisional 1 ,1,,60,Roll Over,T-Junction,Night,,Not Raining
2017-4091-8/11/2018,0,0,0,0,1: PDO,,0,,60,Rear End,Divided Road,Daylight,,Not Raining
2017-4092-8/11/2018,0,0,0,0,1: PDO,,0,,60,Right Angle,T-Junction,Daylight,,Not Raining
2017-4093-8/11/2018,0,0,0,0,1: PDO,,,,60,Side Swipe,Divided Road,Night,,Not Raining
2017-4094-8/11/2018,0,0,0,0,1: PDO,Full,2,,40,Hit Parked Vehicle,Not Divided,Daylight,,Not Raining
2017-4095-8/11/2018,0,0,0,0,1: PDO,,0,,50,Right Angle,Not Divided,Daylight,,Not Raining
2017-4096-8/11/2018,0,0,0,0,1: PDO,Provisional 1 ,4,,60,Left Road - Out of Control,Cross Road,Daylight,,Not Raining
2017-4097-8/11/2018,0,0,0,0,1: PDO,,0,,50,Rear End,Rail Crossing,Daylight,,Raining
2017-4098-8/11/2018,1,0,0,1,2: MI,Unknown,1,,60,Hit Fixed Object,T-Junction,Daylight,,Raining
2017-4099-8/11/2018,0,0,0,0,1: PDO,Unknown,1,,50,Rear End,Not Divided,Daylight,,Not Raining
2017-4100-8/11/2018,1,0,0,1,2: MI,,1,,70,Side Swipe,Not Divided,Daylight,,Not Raining
2017-4101-8/11/2018,1,0,0,1,2: MI,Unknown,1,,60,Right Turn,Multiple,Daylight,,Not Raining
2017-4102-8/11/2018,0,0,0,0,1: PDO,Full,1,,110,Roll Over,Not Divided,Daylight,,Not Raining
2017-4103-8/11/2018,1,0,0,1,2: MI,Full,1,,70,Right Angle,T-Junction,Daylight,,Not Raining
2017-4104-8/11/2018,1,0,0,1,2: MI,Full,1,,60,Hit Pedestrian,T-Junction,Daylight,,Not Raining
2017-4105-8/11/2018,1,0,1,0,3: SI,,1,,60,Right Angle,T-Junction,Night,,Not Raining
2017-4106-8/11/2018,1,0,0,1,2: MI,Full,2,,50,Right Angle,Not Divided,Daylight,,Not Raining
2017-4107-8/11/2018,0,0,0,0,1: PDO,Full,1,,60,Rear End,Divided Road,Daylight,,Not Raining
2017-4108-8/11/2018,1,0,0,1,2: MI,Full,1,,60,Right Angle,T-Junction,Daylight,,Not Raining
2017-4109-8/11/2018,0,0,0,0,1: PDO,Unknown,1,,70,Right Angle,T-Junction,Daylight,,Not Raining
2017-4110-8/11/2018,1,0,0,1,2: MI,Provisional 1 ,1,,60,Side Swipe,T-Junction,Daylight,,Raining
2017-4111-8/11/2018,1,0,0,1,2: MI,Full,1,,60,Right Angle,T-Junction,Daylight,,Not Raining
2017-4112-8/11/2018,1,0,0,1,2: MI,Full,1,,60,Hit Pedestrian,Cross Road,Daylight,,Not Raining
2017-4113-8/11/2018,0,0,0,0,1: PDO,Full,1,,60,Right Turn,T-Junction,Daylight,,Raining
2017-4114-8/11/2018,1,0,0,1,2: MI,,1,,60,Hit Pedestrian,T-Junction,Daylight,,Not Raining
2017-4115-8/11/2018,0,0,0,0,1: PDO,Unknown,1,,110,Hit Animal,Not Divided,Daylight,,Raining
2017-4116-8/11/2018,0,0,0,0,1: PDO,Provisional 2,1,,60,Side Swipe,Divided Road,Daylight,,Not Raining
2017-4117-8/11/2018,0,0,0,0,1: PDO,Unknown,1,,60,Right Angle,T-Junction,Night,,Raining
2017-4118-8/11/2018,0,0,0,0,1: PDO,Full,5,,50,Right Angle,Not Divided,Daylight,,Not Raining
2017-4119-8/11/2018,0,0,0,0,1: PDO,Full,1,,60,Right Angle,T-Junction,Daylight,,Not Raining
2017-4120-8/11/2018,1,0,0,1,2: MI,,,,60,Right Turn,T-Junction,Night,,Raining
2017-4121-8/11/2018,0,0,0,0,1: PDO,Provisional 2,1,,80,Rear End,Divided Road,Night,,Raining
2017-4122-8/11/2018,0,0,0,0,1: PDO,,0,,60,Right Angle,T-Junction,Night,,Raining
2017-4123-8/11/2018,0,0,0,0,1: PDO,Full,1,,60,Side Swipe,Divided Road,Night,,Not Raining
2017-4124-8/11/2018,0,0,0,0,1: PDO,Learners,1,,80,Hit Fixed Object,Multiple,Night,,Raining
2017-4125-8/11/2018,0,0,0,0,1: PDO,Unknown,2,,60,Side Swipe,Cross Road,Daylight,,Raining
2017-4126-8/11/2018,0,0,0,0,1: PDO,Unknown,1,,110,Roll Over,T-Junction,Daylight,,Not Raining
2017-4127-8/11/2018,0,0,0,0,1: PDO,Full,1,,50,Hit Fixed Object,Cross Road,Night,,Raining
2017-4128-8/11/2018,0,0,0,0,1: PDO,,,,60,Rear End,Cross Road,Night,,Raining
2017-4129-8/11/2018,0,0,0,0,1: PDO,Provisional 2,2,,60,Rear End,T-Junction,Night,,Raining
2017-4130-8/11/2018,0,0,0,0,1: PDO,Full,2,,50,Side Swipe,Divided Road,Daylight,,Raining
2017-4131-8/11/2018,1,0,0,1,2: MI,Full,1,,80,Rear End,Cross Road,Daylight,,Raining
2017-4132-8/11/2018,0,0,0,0,1: PDO,Unknown,1,,90,Right Angle,Divided Road,Night,,Not Raining
2017-4133-8/11/2018,0,0,0,0,1: PDO,Full,2,,60,Hit Fixed Object,T-Junction,Night,,Raining
2017-4134-8/11/2018,1,0,0,1,2: MI,Full,1,,50,Side Swipe,Cross Road,Daylight,,Raining
2017-4135-8/11/2018,0,0,0,0,1: PDO,,1,,60,Roll Over,Divided Road,Daylight,,Raining
2017-4136-8/11/2018,1,0,0,1,2: MI,Full,1,,60,Roll Over,Divided Road,Daylight,,Not Raining
2017-4137-8/11/2018,0,0,0,0,1: PDO,Full,2,,60,Hit Parked Vehicle,Divided Road,Daylight,,Raining
2017-4138-8/11/2018,0,0,0,0,1: PDO,Provisional 1 ,2,,60,Right Angle,T-Junction,Daylight,,Raining
2017-4139-8/11/2018,0,0,0,0,1: PDO,Full,1,,60,Right Angle,Cross Road,Daylight,,Raining
2017-4140-8/11/2018,0,0,0,0,1: PDO,Full,2,,50,Rear End,Not Divided,Daylight,,Raining
2017-4141-8/11/2018,1,0,0,1,2: MI,Full,2,,60,Rear End,Cross Road,Daylight,,Raining
2017-4142-8/11/2018,0,0,0,0,1: PDO,Provisional 2,2,,50,Right Angle,Cross Road,Daylight,,Not Raining
2017-4143-8/11/2018,0,0,0,0,1: PDO,Full,1,,50,Hit Fixed Object,T-Junction,Daylight,,Raining
2017-4144-8/11/2018,0,0,0,0,1: PDO,Full,1,,50,Rear End,Divided Road,Daylight,,Raining
2017-4145-8/11/2018,0,0,0,0,1: PDO,Full,2,,40,Hit Parked Vehicle,Not Divided,Daylight,,Not Raining
2017-4146-8/11/2018,0,0,0,0,1: PDO,Full,3,,80,Rear End,Divided Road,Daylight,,Not Raining
2017-4147-8/11/2018,0,0,0,0,1: PDO,,1,,110,Right Turn,Not Divided,Night,,Not Raining
2017-4148-8/11/2018,0,0,0,0,1: PDO,Full,1,,100,Left Road - Out of Control,T-Junction,Daylight,,Raining
2017-4149-8/11/2018,0,0,0,0,1: PDO,Full,2,,60,Right Angle,Cross Road,Daylight,,Raining
2017-4150-8/11/2018,0,0,0,0,1: PDO,Full,1,,100,Right Angle,Cross Road,Daylight,,Not Raining
2017-4151-8/11/2018,0,0,0,0,1: PDO,Full,1,,60,Rear End,Cross Road,Daylight,,Not Raining
2017-4152-8/11/2018,1,0,0,1,2: MI,Full,1,,50,Right Angle,Cross Road,Night,,Not Raining
2017-4153-8/11/2018,0,0,0,0,1: PDO,Full,1,,50,Hit Pedestrian,Cross Road,Night,,Raining
2017-4154-8/11/2018,0,0,0,0,1: PDO,Probationary,2,,50,Hit Fixed Object,T-Junction,Night,Y,Raining
2017-4155-8/11/2018,0,0,0,0,1: PDO,Provisional 2,1,,60,Rear End,T-Junction,Daylight,,Not Raining
2017-4156-8/11/2018,0,0,0,0,1: PDO,,,,50,Hit Pedestrian,Not Divided,Daylight,,Not Raining
2017-4157-8/11/2018,0,0,0,0,1: PDO,Full,2,,25,Right Angle,Cross Road,Daylight,,Not Raining
2017-4158-8/11/2018,4,0,0,4,2: MI,Full,1,,60,Rear End,Divided Road,Daylight,,Not Raining
2017-4159-8/11/2018,0,0,0,0,1: PDO,Full,1,,60,Right Turn,T-Junction,Night,,Not Raining
2017-4160-8/11/2018,0,0,0,0,1: PDO,Full,1,,60,Side Swipe,T-Junction,Daylight,,Not Raining
2017-4161-8/11/2018,0,0,0,0,1: PDO,Full,1,,50,Hit Parked Vehicle,Not Divided,Daylight,,Unknown
2017-4162-8/11/2018,0,0,0,0,1: PDO,,,,40,Hit Fixed Object,Not Divided,Daylight,,Unknown
2017-4163-8/11/2018,0,0,0,0,1: PDO,Provisional 2,1,Y,60,Hit Fixed Object,T-Junction,Daylight,,Not Raining
2017-4164-8/11/2018,1,0,1,0,3: SI,,0,,50,Hit Object on Road,Cross Road,Daylight,,Not Raining
2017-4165-8/11/2018,0,0,0,0,1: PDO,,,,60,Side Swipe,Divided Road,Daylight,,Not Raining
2017-4166-8/11/2018,0,0,0,0,1: PDO,Full,1,,60,Rear End,Divided Road,Daylight,,Not Raining
2017-4167-8/11/2018,0,0,0,0,1: PDO,Full,1,,110,Side Swipe,T-Junction,Night,,Not Raining
2017-4168-8/11/2018,0,0,0,0,1: PDO,Unknown,1,,60,Hit Fixed Object,T-Junction,Daylight,,Not Raining
2017-4169-8/11/2018,0,0,0,0,1: PDO,,,,60,Rear End,Divided Road,Night,,Raining
2017-4170-8/11/2018,0,0,0,0,1: PDO,Full,1,,110,Side Swipe,Freeway,Night,,Raining
2017-4171-8/11/2018,0,0,0,0,1: PDO,Full,4,,50,Hit Parked Vehicle,Not Divided,Daylight,,Not Raining
2017-4172-8/11/2018,0,0,0,0,1: PDO,Full,1,,60,Hit Fixed Object,T-Junction,Daylight,,Not Raining
2017-4173-8/11/2018,1,0,0,1,2: MI,,,,80,Roll Over,Not Divided,Night,,Raining
2017-4174-8/11/2018,0,0,0,0,1: PDO,Full,1,,60,Right Angle,Not Divided,Daylight,,Not Raining
2017-4175-8/11/2018,2,0,0,2,2: MI,Full,1,,60,Right Turn,Cross Road,Night,,Not Raining
2017-4176-8/11/2018,1,0,0,1,2: MI,Full,1,,50,Side Swipe,T-Junction,Daylight,,Not Raining
2017-4177-8/11/2018,0,0,0,0,1: PDO,Full,1,,80,Hit Fixed Object,Ramp On,Night,,Not Raining
2017-4178-8/11/2018,2,0,0,2,2: MI,Full,2,,110,Head On,Not Divided,Night,,Not Raining
2017-4179-8/11/2018,6,0,0,6,2: MI,Full,1,,110,Right Turn,Not Divided,Night,,Raining
2017-4180-8/11/2018,0,0,0,0,1: PDO,Full,1,,60,Hit Fixed Object,Divided Road,Night,Y,Not Raining