REPORT_ID,Total Cas,Total Fats,Total SI,Total MI,CSEF Severity,Licence Type,Number Occupants,Drugs Involved,Area Speed,Crash Type,Position Type,DayNight,DUI Involved,Weather Cond
2017-4181-8/11/2018,0,0,0,0,1: PDO,Full,1,,60,Hit Pedestrian,Cross Road,Night,,Not Raining
2017-4182-8/11/2018,1,0,0,1,2: MI,Full,1,,110,Roll Over,Not Divided,Night,,Not Raining
2017-4183-8/11/2018,1,0,0,1,2: MI,,,,110,Roll Over,Freeway,Night,,Not Raining
2017-4184-8/11/2018,0,0,0,0,1: PDO,Full,1,,60,Rear End,Cross Road,Night,,Not Raining
2017-4185-8/11/2018,1,0,0,1,2: MI,Unknown,2,Y,100,Hit Fixed Object,Not Divided,Night,,Raining
2017-4186-8/11/2018,2,0,0,2,2: MI,Full,2,,60,Right Angle,Cross Road,Daylight,,Not Raining
2017-4187-8/11/2018,0,0,0,0,1: PDO,Full,1,,50,Hit Parked Vehicle,Not Divided,Night,,Not Raining
2017-4188-8/11/2018,2,0,0,2,2: MI,Full,3,,60,Rear End,T-Junction,Daylight,,Not Raining
2017-4189-8/11/2018,0,0,0,0,1: PDO,Full,2,,50,Hit Fixed Object,Not Divided,Night,,Not Raining
2017-4190-8/11/2018,0,0,0,0,1: PDO,Unknown,1,,50,Hit Parked Vehicle,T-Junction,Night,,Not Raining
2017-4191-8/11/2018,0,0,0,0,1: PDO,Full,2,,60,Right Angle,Not Divided,Daylight,,Not Raining
2017-4192-8/11/2018,0,0,0,0,1: PDO,Full,1,,50,Hit Fixed Object,Not Divided,Daylight,,Not Raining
2017-4193-8/11/2018,0,0,0,0,1: PDO,Full,1,,50,Hit Parked Vehicle,Not Divided,Night,,Not Raining
2017-4194-8/11/2018,0,0,0,0,1: PDO,Unknown,1,,50,Hit Fixed Object,T-Junction,Night,Y,Not Raining
2017-4195-8/11/2018,1,0,0,1,2: MI,Unknown,1,,60,Rear End,Not Divided,Daylight,,Not Raining
2017-4196-8/11/2018,0,0,0,0,1: PDO,,,,60,Side Swipe,Not Divided,Daylight,,Not Raining
2017-4197-8/11/2018,0,0,0,0,1: PDO,Provisional 2,1,,50,Right Angle,Not Divided,Daylight,,Not Raining
2017-4198-8/11/2018,0,0,0,0,1: PDO,Full,1,,50,Right Angle,Cross Road,Daylight,,Not Raining
2017-4199-8/11/2018,0,0,0,0,1: PDO,Full,1,,110,Hit Fixed Object,Not Divided,Daylight,,Not Raining
2017-4200-8/11/2018,1,0,0,1,2: MI,Full,1,,50,Hit Fixed Object,Not Divided,Night,,Not Raining
2017-4201-8/11/2018,0,0,0,0,1: PDO,,,,50,Hit Pedestrian,T-Junction,Night,,Not Raining
2017-4202-8/11/2018,0,0,0,0,1: PDO,Full,1,,60,Right Angle,Cross Road,Daylight,,Not Raining
2017-4203-8/11/2018,0,0,0,0,1: PDO,Full,1,,100,Hit Fixed Object,Not Divided,Night,,Not Raining
2017-4204-8/11/2018,0,0,0,0,1: PDO,Full,1,,50,Hit Fixed Object,Not Divided,Daylight,,Not Raining
2017-4205-8/11/2018,0,0,0,0,1: PDO,Full,1,,100,Hit Animal,Not Divided,Daylight,,Not Raining
2017-4206-8/11/2018,1,0,1,0,3: SI,Unknown,1,,60,Hit Fixed Object,T-Junction,Daylight,,Not Raining
2017-4207-8/11/2018,1,0,0,1,2: MI,Unknown,1,,100,Roll Over,Freeway,Daylight,,Not Raining
2017-4208-8/11/2018,0,0,0,0,1: PDO,Full,1,,60,Side Swipe,Cross Road,Daylight,,Not Raining
2017-4209-8/11/2018,0,0,0,0,1: PDO,Unknown,1,,60,Hit Fixed Object,T-Junction,Night,,Not Raining
2017-4210-8/11/2018,1,0,1,0,3: SI,Unknown,1,,50,Hit Parked Vehicle,Not Divided,Night,,Not Raining
2017-4211-8/11/2018,0,0,0,0,1: PDO,Learners,1,,50,Right Angle,Cross Road,Night,,Not Raining
2017-4212-8/11/2018,0,0,0,0,1: PDO,Full,2,,80,Right Angle,T-Junction,Daylight,,Not Raining
2017-4213-8/11/2018,4,0,0,4,2: MI,,,,70,Hit Parked Vehicle,Not Divided,Daylight,,Not Raining
2017-4214-8/11/2018,1,0,0,1,2: MI,,,,110,Hit Fixed Object,Not Divided,Daylight,,Not Raining
2017-4215-8/11/2018,0,0,0,0,1: PDO,Unknown,1,,80,Hit Fixed Object,Not Divided,Night,,Not Raining
2017-4216-8/11/2018,2,0,0,2,2: MI,Full,1,,50,Rear End,Rail Crossing,Night,,Not Raining
2017-4217-8/11/2018,1,0,0,1,2: MI,,,,60,Rear End,T-Junction,Daylight,,Raining
2017-4218-8/11/2018,0,0,0,0,1: PDO,Full,1,,50,Rear End,Divided Road,Daylight,,Raining
2017-4219-8/11/2018,1,0,0,1,2: MI,Full,1,,90,Hit Fixed Object,Divided Road,Daylight,,Raining
2017-4220-8/11/2018,1,0,0,1,2: MI,Full,1,,60,Rear End,Divided Road,Night,,Not Raining
2017-4221-8/11/2018,0,0,0,0,1: PDO,Unknown,1,,60,Rear End,Divided Road,Daylight,,Not Raining
2017-4222-8/11/2018,0,0,0,0,1: PDO,Full,1,,100,Hit Fixed Object,T-Junction,Night,,Not Raining
2017-4223-8/11/2018,0,0,0,0,1: PDO,,0,,60,Side Swipe,Divided Road,Daylight,,Raining
2017-4224-8/11/2018,0,0,0,0,1: PDO,,,,60,Rear End,Divided Road,Daylight,,Not Raining
2017-4225-8/11/2018,0,0,0,0,1: PDO,Full,1,,70,Right Angle,T-Junction,Daylight,,Not Raining
2017-4226-8/11/2018,0,0,0,0,1: PDO,Unknown,1,,60,Rear End,Not Divided,Daylight,,Not Raining
2017-4227-8/11/2018,0,0,0,0,1: PDO,Unknown,1,,60,Rear End,Cross Road,Daylight,,Raining
2017-4228-8/11/2018,0,0,0,0,1: PDO,Full,1,,60,Rear End,Multiple,Daylight,,Not Raining
2017-4229-8/11/2018,0,0,0,0,1: PDO,,,,60,Side Swipe,Divided Road,Daylight,,Not Raining
2017-4230-8/11/2018,2,0,0,2,2: MI,Full,1,,60,Rear End,T-Junction,Daylight,,Not Raining
2017-4231-8/11/2018,1,0,0,1,2: MI,Full,1,,60,Right Turn,T-Junction,Daylight,,Not Raining
2017-4232-8/11/2018,0,0,0,0,1: PDO,Full,1,,50,Hit Parked Vehicle,Not Divided,Daylight,,Not Raining
2017-4233-8/11/2018,1,0,0,1,2: MI,,1,,60,Side Swipe,Divided Road,Night,,Not Raining
2017-4234-8/11/2018,1,0,0,1,2: MI,Full,1,,100,Roll Over,Not Divided,Night,,Raining
2017-4235-8/11/2018,0,0,0,0,1: PDO,Provisional 2,1,,60,Right Angle,T-Junction,Night,,Not Raining
2017-4236-8/11/2018,1,0,0,1,2: MI,,,,60,Rear End,Cross Road,Daylight,,Not Raining
2017-4237-8/11/2018,0,0,0,0,1: PDO,Full,1,,60,Rear End,Divided Road,Night,,Not Raining
2017-4238-8/11/2018,1,0,0,1,2: MI,Full,1,,60,Hit Fixed Object,Not Divided,Daylight,,Not Raining
2017-4239-8/11/2018,0,0,0,0,1: PDO,Full,1,,50,Right Turn,Cross Road,Night,,Not Raining
2017-4240-8/11/2018,1,0,0,1,2: MI,Full,1,,50,Right Angle,Cross Road,Night,,Not Raining
2017-4241-8/11/2018,0,0,0,0,1: PDO,Provisional 2,1,,110,Rear End,Freeway,Night,,Not Raining
2017-4242-8/11/2018,0,0,0,0,1: PDO,Unknown,2,,50,Hit Parked Vehicle,Not Divided,Night,,Not Raining
2017-4243-8/11/2018,1,0,0,1,2: MI,,,,60,Hit Pedestrian,Not Divided,Night,,Not Raining
2017-4244-8/11/2018,0,0,0,0,1: PDO,Unknown,2,,50,Hit Parked Vehicle,Not Divided,Daylight,,Not Raining
2017-4245-8/11/2018,0,0,0,0,1: PDO,Full,1,,60,Side Swipe,Cross Road,Daylight,,Not Raining
2017-4246-8/11/2018,1,0,0,1,2: MI,,1,,60,Rear End,Divided Road,Daylight,,Not Raining
2017-4247-8/11/2018,1,0,0,1,2: MI,Full,2,,60,Right Angle,T-Junction,Daylight,,Not Raining
2017-4248-8/11/2018,1,0,0,1,2: MI,Full,3,,80,Hit Fixed Object,Not Divided,Daylight,,Unknown
2017-4249-8/11/2018,1,0,0,1,2: MI,Full,1,,50,Right Angle,T-Junction,Daylight,,Not Raining
2017-4250-8/11/2018,0,0,0,0,1: PDO,Full,2,,50,Side Swipe,Not Divided,Daylight,,Not Raining
2017-4251-8/11/2018,1,0,0,1,2: MI,Unknown,1,,40,Rear End,Not Divided,Daylight,,Not Raining
2017-4252-8/11/2018,1,0,1,0,3: SI,Provisional 1 ,1,,50,Hit Pedestrian,Cross Road,Daylight,,Not Raining
2017-4253-8/11/2018,0,0,0,0,1: PDO,Full,1,,80,Hit Fixed Object,Not Divided,Daylight,,Raining
2017-4254-8/11/2018,0,0,0,0,1: PDO,Provisional 2,1,,60,Right Angle,Cross Road,Daylight,,Not Raining
2017-4255-8/11/2018,0,0,0,0,1: PDO,Full,1,,60,Right Angle,Cross Road,Daylight,,Raining
2017-4256-8/11/2018,1,0,0,1,2: MI,Full,1,,60,Right Angle,T-Junction,Daylight,,Not Raining
2017-4257-8/11/2018,0,0,0,0,1: PDO,Full,1,,60,Rear End,Divided Road,Daylight,,Not Raining
2017-4258-8/11/2018,3,0,0,3,2: MI,,,,60,Right Angle,Cross Road,Daylight,,Not Raining
2017-4259-8/11/2018,1,0,0,1,2: MI,Full,2,,60,Side Swipe,Not Divided,Daylight,,Not Raining
2017-4260-8/11/2018,1,0,1,0,3: SI,Probationary,3,,100,Roll Over,Not Divided,Daylight,,Not Raining
2017-4261-8/11/2018,1,0,0,1,2: MI,,,,50,Hit Parked Vehicle,Not Divided,Daylight,,Not Raining
2017-4262-8/11/2018,0,0,0,0,1: PDO,Full,1,,60,Right Angle,T-Junction,Daylight,,Not Raining
2017-4263-8/11/2018,1,0,0,1,2: MI,,,,100,Head On,Not Divided,Daylight,,Raining
2017-4264-8/11/2018,2,0,0,2,2: MI,Full,1,,60,Rear End,Divided Road,Daylight,,Not Raining
2017-4265-8/11/2018,1,0,0,1,2: MI,Full,1,,70,Hit Fixed Object,Not Divided,Daylight,,Not Raining
2017-4266-8/11/2018,1,0,0,1,2: MI,Full,1,,60,Right Angle,Multiple,Daylight,,Not Raining
2017-4267-8/11/2018,0,0,0,0,1: PDO,Full,1,,50,Hit Parked Vehicle,Not Divided,Daylight,,Raining
2017-4268-8/11/2018,0,0,0,0,1: PDO,Full,1,,50,Hit Parked Vehicle,T-Junction,Daylight,,Not Raining
2017-4269-8/11/2018,0,0,0,0,1: PDO,Learners,1,,50,Right Angle,Not Divided,Daylight,,Not Raining
2017-4270-8/11/2018,1,0,0,1,2: MI,Provisional 1 ,1,,60,Right Angle,T-Junction,Daylight,,Not Raining
2017-4271-8/11/2018,0,0,0,0,1: PDO,,,,70,Side Swipe,Divided Road,Daylight,,Not Raining
2017-4272-8/11/2018,1,0,0,1,2: MI,Full,1,,60,Right Turn,T-Junction,Daylight,,Not Raining
2017-4273-8/11/2018,0,0,0,0,1: PDO,Full,1,,50,Hit Parked Vehicle,Not Divided,Daylight,,Not Raining
2017-4274-8/11/2018,0,0,0,0,1: PDO,Full,1,,60,Other,Divided Road,Daylight,,Not Raining
2017-4275-8/11/2018,0,0,0,0,1: PDO,Full,2,,60,Hit Fixed Object,T-Junction,Daylight,,Raining
2017-4276-8/11/2018,2,0,0,2,2: MI,,1,,90,Rear End,Cross Road,Daylight,,Not Raining
2017-4277-8/11/2018,0,0,0,0,1: PDO,Unknown,1,,60,Side Swipe,Cross Road,Daylight,,Not Raining
2017-4278-8/11/2018,1,0,0,1,2: MI,Full,1,,50,Hit Parked Vehicle,Not Divided,Daylight,,Not Raining
2017-4279-8/11/2018,1,0,0,1,2: MI,Full,1,,50,Hit Pedestrian,Not Divided,Daylight,,Not Raining
2017-4280-8/11/2018,0,0,0,0,1: PDO,Full,2,,60,Side Swipe,Divided Road,Daylight,,Not Raining
2017-4281-8/11/2018,1,0,0,1,2: MI,Unknown,1,,60,Side Swipe,T-Junction,Daylight,,Not Raining
2017-4282-8/11/2018,0,0,0,0,1: PDO,Full,1,,50,Hit Fixed Object,T-Junction,Daylight,,Not Raining
2017-4283-8/11/2018,0,0,0,0,1: PDO,,1,,60,Right Angle,Divided Road,Night,,Not Raining
2017-4284-8/11/2018,1,0,1,0,3: SI,Provisional 2,1,,50,Rear End,Not Divided,Night,,Not Raining
2017-4285-8/11/2018,0,0,0,0,1: PDO,Unlicenced,2,,110,Hit Animal,Not Divided,Night,,Not Raining
2017-4286-8/11/2018,1,0,0,1,2: MI,Full,1,,110,Hit Parked Vehicle,Not Divided,Night,,Not Raining
2017-4287-8/11/2018,2,0,0,2,2: MI,,1,,50,Rear End,Cross Road,Daylight,,Not Raining
2017-4288-8/11/2018,0,0,0,0,1: PDO,Full,1,,60,Side Swipe,Cross Road,Daylight,,Not Raining
2017-4289-8/11/2018,0,0,0,0,1: PDO,Full,3,,80,Rear End,Divided Road,Daylight,,Not Raining
2017-4290-8/11/2018,0,0,0,0,1: PDO,Full,1,,60,Right Turn,Cross Road,Daylight,,Not Raining
2017-4291-8/11/2018,0,0,0,0,1: PDO,,,,40,Hit Fixed Object,Not Divided,Daylight,,Not Raining
2017-4292-8/11/2018,0,0,0,0,1: PDO,,1,,60,Rear End,Not Divided,Daylight,,Not Raining
2017-4293-8/11/2018,1,0,0,1,2: MI,Unknown,1,,50,Hit Pedestrian,T-Junction,Daylight,,Not Raining
2017-4294-8/11/2018,0,0,0,0,1: PDO,Provisional 2,1,,60,Right Angle,Cross Road,Daylight,,Not Raining
2017-4295-8/11/2018,1,0,0,1,2: MI,,,,80,Hit Fixed Object,Not Divided,Daylight,,Not Raining
2017-4296-8/11/2018,0,0,0,0,1: PDO,Full,1,,110,Roll Over,Not Divided,Night,,Not Raining
2017-4297-8/11/2018,1,0,0,1,2: MI,,1,,60,Hit Fixed Object,Cross Road,Night,,Not Raining
2017-4298-8/11/2018,1,0,1,0,3: SI,Unknown,1,,60,Hit Pedestrian,Divided Road,Daylight,,Not Raining
2017-4299-8/11/2018,0,0,0,0,1: PDO,Unknown,1,,80,Rear End,Divided Road,Daylight,,Not Raining
2017-4300-8/11/2018,0,0,0,0,1: PDO,Full,1,,60,Rear End,Divided Road,Daylight,,Not Raining
2017-4301-8/11/2018,1,0,0,1,2: MI,Full,1,,70,Rear End,Cross Road,Daylight,,Not Raining
2017-4302-8/11/2018,0,0,0,0,1: PDO,Full,3,,50,Side Swipe,Not Divided,Daylight,,Not Raining
2017-4303-8/11/2018,1,0,0,1,2: MI,Provisional 1 ,1,,60,Right Angle,T-Junction,Daylight,,Not Raining
2017-4304-8/11/2018,1,0,0,1,2: MI,Full,1,,60,Right Angle,Divided Road,Daylight,,Not Raining
2017-4305-8/11/2018,1,0,0,1,2: MI,Full,1,,110,Head On,Not Divided,Daylight,,Raining
2017-4306-8/11/2018,0,0,0,0,1: PDO,Full,1,,50,Hit Fixed Object,Not Divided,Daylight,,Not Raining
2017-4307-8/11/2018,0,0,0,0,1: PDO,Full,1,,110,Hit Fixed Object,Freeway,Daylight,,Not Raining
2017-4308-8/11/2018,1,0,0,1,2: MI,Full,1,,60,Rear End,Cross Road,Daylight,,Not Raining
2017-4309-8/11/2018,0,0,0,0,1: PDO,Full,1,,50,Side Swipe,Cross Road,Daylight,,Not Raining
2017-4310-8/11/2018,1,0,0,1,2: MI,Full,1,,60,Rear End,Cross Road,Daylight,,Not Raining
2017-4311-8/11/2018,0,0,0,0,1: PDO,Full,1,,60,Right Turn,Divided Road,Daylight,,Not Raining
2017-4312-8/11/2018,0,0,0,0,1: PDO,Provisional 2,2,,60,Right Angle,Cross Road,Daylight,,Not Raining
2017-4313-8/11/2018,1,0,0,1,2: MI,Full,2,,60,Rear End,Divided Road,Daylight,,Not Raining
2017-4314-8/11/2018,1,0,1,0,3: SI,Full,1,,60,Rear End,T-Junction,Daylight,,Not Raining
2017-4315-8/11/2018,1,0,0,1,2: MI,Unlicenced,1,,50,Hit Pedestrian,Divided Road,Daylight,,Not Raining
2017-4316-8/11/2018,1,0,0,1,2: MI,,,,60,Rear End,T-Junction,Daylight,,Not Raining
2017-4317-8/11/2018,0,0,0,0,1: PDO,,,,50,Rear End,Divided Road,Daylight,,Not Raining
2017-4318-8/11/2018,2,0,0,2,2: MI,Full,2,,60,Right Angle,T-Junction,Daylight,,Not Raining
2017-4319-8/11/2018,0,0,0,0,1: PDO,,0,,60,Rear End,T-Junction,Daylight,,Not Raining
2017-4320-8/11/2018,1,0,0,1,2: MI,,0,,60,Right Angle,T-Junction,Daylight,,Not Raining
2017-4321-8/11/2018,0,0,0,0,1: PDO,Full,1,,20,Hit Fixed Object,One Way,Night,,Not Raining
2017-4322-8/11/2018,0,0,0,0,1: PDO,,,,60,Right Turn,Cross Road,Night,,Not Raining
2017-4323-8/11/2018,0,0,0,0,1: PDO,Full,1,,60,Right Angle,Divided Road,Daylight,,Not Raining
2017-4324-8/11/2018,1,0,0,1,2: MI,Full,1,Y,100,Head On,Not Divided,Daylight,,Not Raining
2017-4325-8/11/2018,0,0,0,0,1: PDO,Full,2,,60,Rear End,Cross Road,Daylight,,Not Raining
2017-4326-8/11/2018,1,0,0,1,2: MI,Full,2,,100,Hit Fixed Object,Not Divided,Daylight,Y,Not Raining
2017-4327-8/11/2018,0,0,0,0,1: PDO,Full,2,,100,Rear End,Interchange,Daylight,,Not Raining
2017-4328-8/11/2018,0,0,0,0,1: PDO,Full,2,,60,Right Turn,Cross Road,Night,,Not Raining
2017-4329-8/11/2018,0,0,0,0,1: PDO,Full,1,,60,Right Angle,Cross Road,Night,,Not Raining
2017-4330-8/11/2018,0,0,0,0,1: PDO,Full,1,,50,Hit Fixed Object,Not Divided,Night,Y,Not Raining
2017-4331-8/11/2018,0,0,0,0,1: PDO,Full,3,,60,Side Swipe,Divided Road,Night,,Not Raining
2017-4332-8/11/2018,0,0,0,0,1: PDO,Full,1,,50,Hit Parked Vehicle,Not Divided,Night,,Not Raining
2017-4333-8/11/2018,0,0,0,0,1: PDO,Full,1,,80,Hit Fixed Object,Divided Road,Night,,Not Raining
2017-4334-8/11/2018,2,0,0,2,2: MI,Full,1,,110,Rear End,Freeway,Daylight,,Not Raining
2017-4335-8/11/2018,0,0,0,0,1: PDO,Full,1,,60,Right Turn,Cross Road,Night,,Not Raining
2017-4336-8/11/2018,0,0,0,0,1: PDO,Full,1,,60,Hit Pedestrian,Pedestrian Crossing,Daylight,,Not Raining
2017-4337-8/11/2018,2,0,0,2,2: MI,Learners,1,,60,Hit Fixed Object,Divided Road,Daylight,,Not Raining
2017-4338-8/11/2018,0,0,0,0,1: PDO,Full,2,,60,Right Angle,Cross Road,Daylight,,Not Raining
2017-4339-8/11/2018,0,0,0,0,1: PDO,Full,1,,90,Side Swipe,Divided Road,Daylight,,Not Raining
2017-4340-8/11/2018,0,0,0,0,1: PDO,Full,2,,70,Right Angle,Cross Road,Daylight,,Not Raining
2017-4341-8/11/2018,0,0,0,0,1: PDO,Full,2,,80,Rear End,Divided Road,Daylight,,Not Raining
2017-4342-8/11/2018,0,0,0,0,1: PDO,Full,3,,60,Right Turn,Cross Road,Daylight,,Not Raining
2017-4343-8/11/2018,1,0,0,1,2: MI,Full,1,,60,Rear End,Divided Road,Daylight,,Not Raining
2017-4344-8/11/2018,0,0,0,0,1: PDO,Unknown,1,,70,Hit Pedestrian,Cross Road,Daylight,,Not Raining
2017-4345-8/11/2018,0,0,0,0,1: PDO,Unknown,1,,80,Rear End,Not Divided,Daylight,,Not Raining
2017-4346-8/11/2018,0,0,0,0,1: PDO,Unknown,1,,60,Right Angle,T-Junction,Daylight,,Not Raining
2017-4347-8/11/2018,1,0,1,0,3: SI,Full,1,,80,Rear End,Divided Road,Daylight,,Not Raining
2017-4348-8/11/2018,0,0,0,0,1: PDO,Unknown,1,,60,Side Swipe,Divided Road,Daylight,,Not Raining
2017-4349-8/11/2018,0,0,0,0,1: PDO,,,,60,Right Angle,T-Junction,Daylight,,Not Raining
2017-4350-8/11/2018,0,0,0,0,1: PDO,Full,1,,60,Hit Parked Vehicle,Divided Road,Daylight,,Not Raining
2017-4351-8/11/2018,1,0,0,1,2: MI,Full,1,,100,Hit Fixed Object,Freeway,Daylight,,Not Raining
2017-4352-8/11/2018,2,0,0,2,2: MI,,,,100,Right Angle,Not Divided,Daylight,,Not Raining
2017-4353-8/11/2018,0,0,0,0,1: PDO,Full,1,,60,Rear End,Divided Road,Daylight,,Raining
2017-4354-8/11/2018,0,0,0,0,1: PDO,,0,,70,Hit Fixed Object,Divided Road,Night,,Not Raining
2017-4355-8/11/2018,0,0,0,0,1: PDO,Unlicenced,1,,60,Rear End,Cross Road,Daylight,,Not Raining
2017-4356-8/11/2018,1,0,0,1,2: MI,Unknown,1,,50,Hit Pedestrian,Divided Road,Daylight,,Not Raining
2017-4357-8/11/2018,0,0,0,0,1: PDO,,,,60,Side Swipe,Cross Road,Daylight,,Not Raining
2017-4358-8/11/2018,0,0,0,0,1: PDO,,,,60,Hit Parked Vehicle,Not Divided,Daylight,,Not Raining
2017-4359-8/11/2018,0,0,0,0,1: PDO,Provisional 1 ,1,,50,Right Angle,T-Junction,Daylight,,Not Raining
2017-4360-8/11/2018,1,0,0,1,2: MI,,,,60,Rear End,Divided Road,Daylight,,Not Raining
2017-4361-8/11/2018,0,0,0,0,1: PDO,Full,1,,60,Right Turn,T-Junction,Night,,Not Raining
2017-4362-8/11/2018,0,0,0,0,1: PDO,Full,1,,60,Rear End,T-Junction,Daylight,,Not Raining
2017-4363-8/11/2018,0,0,0,0,1: PDO,Full,1,,80,Rear End,Cross Road,Daylight,,Not Raining
2017-4364-8/11/2018,0,0,0,0,1: PDO,Full,1,,50,Rear End,Cross Road,Daylight,,Not Raining
2017-4365-8/11/2018,1,0,0,1,2: MI,,,,50,Right Angle,Not Divided,Daylight,,Not Raining
2017-4366-8/11/2018,0,0,0,0,1: PDO,Full,1,,50,Rear End,T-Junction,Daylight,,Not Raining
2017-4367-8/11/2018,0,0,0,0,1: PDO,Full,1,,60,Rear End,T-Junction,Daylight,,Not Raining
2017-4368-8/11/2018,0,0,0,0,1: PDO,Unknown,1,,100,Hit Fixed Object,Not Divided,Daylight,,Not Raining
2017-4369-8/11/2018,1,0,0,1,2: MI,Full,1,,50,Right Turn,T-Junction,Daylight,,Not Raining
2017-4370-8/11/2018,0,0,0,0,1: PDO,Unknown,1,,60,Rear End,T-Junction,Daylight,,Not Raining
2017-4371-8/11/2018,0,0,0,0,1: PDO,Full,1,,50,Side Swipe,Not Divided,Night,,Not Raining
2017-4372-8/11/2018,1,0,0,1,2: MI,Full,1,,60,Rear End,T-Junction,Daylight,,Not Raining
2017-4373-8/11/2018,0,0,0,0,1: PDO,Unknown,1,,50,Rear End,Not Divided,Night,,Not Raining
2017-4374-8/11/2018,0,0,0,0,1: PDO,Full,1,,80,Hit Fixed Object,Not Divided,Daylight,,Not Raining
2017-4375-8/11/2018,1,1,0,0,4: Fatal,Unknown,1,,80,Hit Fixed Object,Divided Road,Daylight,Y,Not Raining
2017-4376-8/11/2018,0,0,0,0,1: PDO,Unknown,1,,60,Rear End,Cross Road,Night,,Not Raining
2017-4377-8/11/2018,0,0,0,0,1: PDO,Full,1,,50,Hit Parked Vehicle,Not Divided,Night,,Not Raining
2017-4378-8/11/2018,1,0,0,1,2: MI,Full,1,,60,Rear End,T-Junction,Night,,Not Raining
2017-4379-8/11/2018,1,0,0,1,2: MI,Full,1,,80,Hit Pedestrian,Divided Road,Night,,Not Raining
2017-4380-8/11/2018,0,0,0,0,1: PDO,,,,50,Right Angle,Cross Road,Daylight,,Not Raining
2017-4381-8/11/2018,0,0,0,0,1: PDO,Full,1,,60,Rear End,Divided Road,Daylight,,Not Raining
2017-4382-8/11/2018,0,0,0,0,1: PDO,,,,60,Rear End,Cross Road,Daylight,,Not Raining
2017-4383-8/11/2018,1,0,0,1,2: MI,Unknown,1,,60,Side Swipe,Divided Road,Daylight,,Not Raining
2017-4384-8/11/2018,0,0,0,0,1: PDO,Provisional 1 ,1,,60,Rear End,Cross Road,Daylight,,Not Raining
2017-4385-8/11/2018,0,0,0,0,1: PDO,Full,1,,100,Hit Fixed Object,Not Divided,Night,,Unknown
2017-4386-8/11/2018,1,0,0,1,2: MI,Full,1,,60,Hit Pedestrian,T-Junction,Daylight,,Not Raining
2017-4387-8/11/2018,0,0,0,0,1: PDO,Full,1,,50,Hit Parked Vehicle,Not Divided,Night,,Not Raining
2017-4388-8/11/2018,0,0,0,0,1: PDO,Unknown,1,,60,Rear End,T-Junction,Daylight,,Not Raining
2017-4389-8/11/2018,0,0,0,0,1: PDO,,,,60,Rear End,Divided Road,Daylight,Y,Not Raining
2017-4390-8/11/2018,1,0,0,1,2: MI,Full,1,,60,Roll Over,Divided Road,Daylight,,Not Raining
2017-4391-8/11/2018,0,0,0,0,1: PDO,,1,,60,Right Angle,T-Junction,Night,,Not Raining
2017-4392-8/11/2018,0,0,0,0,1: PDO,Full,1,,60,Side Swipe,T-Junction,Daylight,,Not Raining
2017-4393-8/11/2018,0,0,0,0,1: PDO,Full,3,,60,Rear End,Cross Road,Night,,Not Raining
2017-4394-8/11/2018,0,0,0,0,1: PDO,Provisional 1 ,1,,60,Rear End,T-Junction,Daylight,,Not Raining
2017-4395-8/11/2018,0,0,0,0,1: PDO,,,,60,Right Turn,Cross Road,Daylight,,Not Raining
2017-4396-8/11/2018,1,0,0,1,2: MI,Provisional 2,1,,60,Right Angle,Cross Road,Night,,Not Raining
2017-4397-8/11/2018,0,0,0,0,1: PDO,Full,1,,60,Rear End,Divided Road,Daylight,,Not Raining
2017-4398-8/11/2018,2,0,0,2,2: MI,Full,3,,80,Right Angle,T-Junction,Daylight,,Not Raining
2017-4399-8/11/2018,0,0,0,0,1: PDO,Full,1,,60,Rear End,Cross Road,Daylight,,Not Raining
2017-4400-8/11/2018,1,0,0,1,2: MI,Full,1,,60,Roll Over,Divided Road,Daylight,,Not Raining