REPORT_ID,Total Cas,Total Fats,Total SI,Total MI,CSEF Severity,Licence Type,Number Occupants,Drugs Involved,Area Speed,Crash Type,Position Type,DayNight,DUI Involved,Weather Cond
2017-4401-8/11/2018,0,0,0,0,1: PDO,Full,8,,50,Right Turn,Cross Road,Night,,Not Raining
2017-4402-8/11/2018,0,0,0,0,1: PDO,Full,1,,50,Right Angle,Cross Road,Daylight,,Not Raining
2017-4403-8/11/2018,1,0,0,1,2: MI,,,,80,Side Swipe,Multiple,Daylight,,Not Raining
2017-4404-8/11/2018,0,0,0,0,1: PDO,Full,1,,50,Hit Fixed Object,Divided Road,Daylight,,Not Raining
2017-4405-8/11/2018,0,0,0,0,1: PDO,Full,1,,60,Rear End,Divided Road,Daylight,,Not Raining
2017-4406-8/11/2018,0,0,0,0,1: PDO,Full,1,,50,Side Swipe,Not Divided,Daylight,,Not Raining
2017-4407-8/11/2018,1,0,0,1,2: MI,Full,1,,60,Side Swipe,Divided Road,Daylight,,Not Raining
2017-4408-8/11/2018,0,0,0,0,1: PDO,Unknown,1,,60,Hit Fixed Object,Divided Road,Daylight,,Not Raining
2017-4409-8/11/2018,1,0,0,1,2: MI,Full,1,,60,Rear End,Not Divided,Night,,Not Raining
2017-4410-8/11/2018,0,0,0,0,1: PDO,Full,1,,50,Rear End,Not Divided,Night,,Not Raining
2017-4411-8/11/2018,0,0,0,0,1: PDO,Full,2,,40,Hit Fixed Object,T-Junction,Daylight,Y,Not Raining
2017-4412-8/11/2018,3,0,3,0,3: SI,Full,1,,100,Hit Fixed Object,Not Divided,Daylight,,Not Raining
2017-4413-8/11/2018,0,0,0,0,1: PDO,Full,1,,80,Right Angle,T-Junction,Daylight,,Not Raining
2017-4414-8/11/2018,2,0,1,1,3: SI,Full,1,,100,Hit Fixed Object,Not Divided,Daylight,,Not Raining
2017-4415-8/11/2018,1,0,0,1,2: MI,Full,1,,50,Right Angle,T-Junction,Night,,Not Raining
2017-4416-8/11/2018,0,0,0,0,1: PDO,Full,2,,100,Hit Fixed Object,Rail Crossing,Night,,Not Raining
2017-4417-8/11/2018,1,0,1,0,3: SI,Full,1,,50,Hit Fixed Object,Not Divided,Night,,Not Raining
2017-4418-8/11/2018,0,0,0,0,1: PDO,Full,1,,60,Hit Parked Vehicle,Divided Road,Night,,Not Raining
2017-4419-8/11/2018,1,0,1,0,3: SI,Full,1,,40,Right Turn,Cross Road,Night,,Not Raining
2017-4420-8/11/2018,1,0,0,1,2: MI,Full,1,,60,Rear End,T-Junction,Night,,Not Raining
2017-4421-8/11/2018,1,0,0,1,2: MI,Full,1,,60,Side Swipe,T-Junction,Daylight,,Not Raining
2017-4422-8/11/2018,0,0,0,0,1: PDO,Full,1,,70,Right Angle,T-Junction,Daylight,,Not Raining
2017-4423-8/11/2018,0,0,0,0,1: PDO,Full,1,,60,Side Swipe,Not Divided,Daylight,,Not Raining
2017-4424-8/11/2018,0,0,0,0,1: PDO,Full,1,,90,Right Angle,Cross Road,Night,,Not Raining
2017-4425-8/11/2018,0,0,0,0,1: PDO,Full,1,,50,Rear End,T-Junction,Daylight,,Not Raining
2017-4426-8/11/2018,2,0,0,2,2: MI,,,,80,Right Angle,Cross Road,Daylight,,Not Raining
2017-4427-8/11/2018,0,0,0,0,1: PDO,Unknown,1,,60,Right Angle,T-Junction,Daylight,,Not Raining
2017-4428-8/11/2018,0,0,0,0,1: PDO,,,,50,Rear End,T-Junction,Daylight,,Not Raining
2017-4429-8/11/2018,1,0,0,1,2: MI,,0,,60,Rear End,Rail Crossing,Daylight,,Not Raining
2017-4430-8/11/2018,0,0,0,0,1: PDO,Full,1,,50,Rear End,Not Divided,Daylight,,Raining
2017-4431-8/11/2018,0,0,0,0,1: PDO,Full,1,,50,Right Angle,Cross Road,Daylight,,Not Raining
2017-4432-8/11/2018,0,0,0,0,1: PDO,Unknown,1,,50,Side Swipe,T-Junction,Daylight,,Not Raining
2017-4433-8/11/2018,1,0,0,1,2: MI,Full,1,Y,110,Roll Over,Not Divided,Night,,Not Raining
2017-4434-8/11/2018,0,0,0,0,1: PDO,Full,1,,60,Side Swipe,Divided Road,Daylight,,Not Raining
2017-4435-8/11/2018,1,0,0,1,2: MI,Unknown,1,,60,Rear End,Divided Road,Daylight,,Not Raining
2017-4436-8/11/2018,0,0,0,0,1: PDO,Unknown,1,,60,Roll Over,Not Divided,Daylight,,Not Raining
2017-4437-8/11/2018,0,0,0,0,1: PDO,Full,3,,50,Hit Fixed Object,T-Junction,Night,,Not Raining
2017-4438-8/11/2018,1,0,1,0,3: SI,Full,1,,110,Roll Over,Not Divided,Night,,Not Raining
2017-4439-8/11/2018,0,0,0,0,1: PDO,Provisional 2,1,,70,Hit Fixed Object,Not Divided,Daylight,Y,Not Raining
2017-4440-8/11/2018,0,0,0,0,1: PDO,Learners,3,,50,Hit Parked Vehicle,Not Divided,Daylight,,Not Raining
2017-4441-8/11/2018,1,0,1,0,3: SI,Probationary,1,,50,Hit Fixed Object,Not Divided,Night,,Not Raining
2017-4442-8/11/2018,1,0,0,1,2: MI,,0,,60,Right Angle,T-Junction,Night,,Not Raining
2017-4443-8/11/2018,1,0,0,1,2: MI,,0,,60,Rear End,T-Junction,Daylight,,Not Raining
2017-4444-8/11/2018,0,0,0,0,1: PDO,,0,,60,Rear End,Divided Road,Night,,Not Raining
2017-4445-8/11/2018,0,0,0,0,1: PDO,Probationary,1,,100,Right Angle,Not Divided,Daylight,,Not Raining
2017-4446-8/11/2018,0,0,0,0,1: PDO,Full,1,,50,Hit Fixed Object,Divided Road,Night,,Not Raining
2017-4447-8/11/2018,0,0,0,0,1: PDO,Full,1,,50,Hit Parked Vehicle,Not Divided,Night,Y,Not Raining
2017-4448-8/11/2018,0,0,0,0,1: PDO,Full,1,,110,Roll Over,Not Divided,Night,,Not Raining
2017-4449-8/11/2018,0,0,0,0,1: PDO,Full,1,,50,Hit Fixed Object,T-Junction,Daylight,,Not Raining
2017-4450-8/11/2018,0,0,0,0,1: PDO,Full,1,,110,Hit Animal,Not Divided,Night,,Not Raining
2017-4451-8/11/2018,1,0,1,0,3: SI,Full,1,,50,Hit Fixed Object,Not Divided,Night,,Not Raining
2017-4452-8/11/2018,1,0,0,1,2: MI,Full,1,,100,Roll Over,Not Divided,Night,,Not Raining
2017-4453-8/11/2018,1,0,0,1,2: MI,Full,2,,60,Rear End,Cross Road,Daylight,,Not Raining
2017-4454-8/11/2018,0,0,0,0,1: PDO,Full,1,,50,Side Swipe,Not Divided,Night,,Not Raining
2017-4455-8/11/2018,1,0,1,0,3: SI,Full,21,,80,Hit Fixed Object,Not Divided,Daylight,,Not Raining
2017-4456-8/11/2018,0,0,0,0,1: PDO,Full,1,,80,Hit Fixed Object,Not Divided,Daylight,,Not Raining
2017-4457-8/11/2018,0,0,0,0,1: PDO,,1,,100,Rear End,Not Divided,Daylight,,Not Raining
2017-4458-8/11/2018,0,0,0,0,1: PDO,Unknown,1,,60,Rear End,T-Junction,Night,,Not Raining
2017-4459-8/11/2018,0,0,0,0,1: PDO,Full,1,,60,Hit Fixed Object,Not Divided,Daylight,,Not Raining
2017-4460-8/11/2018,1,0,0,1,2: MI,Full,1,,60,Right Turn,T-Junction,Daylight,,Not Raining
2017-4461-8/11/2018,1,0,0,1,2: MI,Full,1,,60,Rear End,Divided Road,Night,,Not Raining
2017-4462-8/11/2018,0,0,0,0,1: PDO,Full,2,,60,Rear End,Divided Road,Daylight,,Not Raining
2017-4463-8/11/2018,1,0,0,1,2: MI,Full,1,,80,Right Turn,Cross Road,Night,,Not Raining
2017-4464-8/11/2018,1,0,0,1,2: MI,Full,1,,60,Hit Parked Vehicle,Not Divided,Night,,Not Raining
2017-4465-8/11/2018,0,0,0,0,1: PDO,Full,1,,110,Hit Fixed Object,Divided Road,Daylight,,Not Raining
2017-4466-8/11/2018,1,0,0,1,2: MI,Unknown,1,,60,Roll Over,Divided Road,Daylight,,Not Raining
2017-4467-8/11/2018,0,0,0,0,1: PDO,Unknown,1,,90,Side Swipe,Divided Road,Daylight,,Not Raining
2017-4468-8/11/2018,0,0,0,0,1: PDO,Full,1,,60,Roll Over,T-Junction,Daylight,,Not Raining
2017-4469-8/11/2018,0,0,0,0,1: PDO,Unknown,2,,70,Rear End,Divided Road,Daylight,,Not Raining
2017-4470-8/11/2018,1,0,0,1,2: MI,,,,60,Side Swipe,T-Junction,Daylight,,Not Raining
2017-4471-8/11/2018,0,0,0,0,1: PDO,Unlicenced,2,,60,Rear End,Divided Road,Daylight,,Not Raining
2017-4472-8/11/2018,1,0,0,1,2: MI,Probationary,1,,50,Right Turn,Cross Road,Daylight,,Not Raining
2017-4473-8/11/2018,0,0,0,0,1: PDO,,,,100,Rear End,Not Divided,Daylight,,Not Raining
2017-4474-8/11/2018,1,0,0,1,2: MI,Unlicenced,4,,50,Right Angle,Cross Road,Daylight,,Not Raining
2017-4475-8/11/2018,1,0,0,1,2: MI,,,,60,Hit Pedestrian,T-Junction,Daylight,,Not Raining
2017-4476-8/11/2018,0,0,0,0,1: PDO,Unknown,1,,50,Hit Parked Vehicle,Not Divided,Daylight,,Not Raining
2017-4477-8/11/2018,0,0,0,0,1: PDO,Unknown,1,,60,Side Swipe,Rail Xing,Daylight,,Not Raining
2017-4478-8/11/2018,2,0,0,2,2: MI,Unknown,1,,50,Rear End,T-Junction,Daylight,,Not Raining
2017-4479-8/11/2018,1,0,0,1,2: MI,Unlicenced,1,,60,Right Turn,T-Junction,Daylight,,Not Raining
2017-4480-8/11/2018,1,0,0,1,2: MI,Full,2,,40,Side Swipe,Not Divided,Daylight,,Not Raining
2017-4481-8/11/2018,0,0,0,0,1: PDO,Unknown,1,,60,Side Swipe,Multiple,Daylight,,Not Raining
2017-4482-8/11/2018,0,0,0,0,1: PDO,Full,1,,50,Rear End,T-Junction,Daylight,,Not Raining
2017-4483-8/11/2018,0,0,0,0,1: PDO,,1,,50,Right Angle,Not Divided,Daylight,,Not Raining
2017-4484-8/11/2018,0,0,0,0,1: PDO,Unknown,1,,60,Rear End,T-Junction,Daylight,,Not Raining
2017-4485-8/11/2018,1,0,0,1,2: MI,Full,1,,60,Side Swipe,T-Junction,Daylight,,Not Raining
2017-4486-8/11/2018,0,0,0,0,1: PDO,,1,,110,Hit Animal,Not Divided,Night,,Not Raining
2017-4487-8/11/2018,1,0,0,1,2: MI,Full,1,,25,Right Turn,T-Junction,Daylight,,Not Raining
2017-4488-8/11/2018,1,0,0,1,2: MI,Full,1,,50,Side Swipe,Divided Road,Daylight,,Not Raining
2017-4489-8/11/2018,1,0,0,1,2: MI,,,,60,Hit Pedestrian,Divided Road,Daylight,,Not Raining
2017-4490-8/11/2018,0,0,0,0,1: PDO,Unknown,1,,60,Side Swipe,Divided Road,Daylight,,Not Raining
2017-4491-8/11/2018,0,0,0,0,1: PDO,,,,60,Rear End,Multiple,Daylight,,Not Raining
2017-4492-8/11/2018,0,0,0,0,1: PDO,Full,1,,80,Right Angle,Cross Road,Night,,Not Raining
2017-4493-8/11/2018,0,0,0,0,1: PDO,Provisional 2,3,,50,Right Turn,Divided Road,Daylight,,Not Raining
2017-4494-8/11/2018,0,0,0,0,1: PDO,Full,2,,50,Hit Parked Vehicle,Not Divided,Daylight,,Not Raining
2017-4495-8/11/2018,1,0,0,1,2: MI,,,,60,Right Angle,T-Junction,Night,,Not Raining
2017-4496-8/11/2018,0,0,0,0,1: PDO,Full,1,,50,Right Angle,Cross Road,Daylight,,Not Raining
2017-4497-8/11/2018,0,0,0,0,1: PDO,,1,,60,Rear End,T-Junction,Night,,Not Raining
2017-4498-8/11/2018,0,0,0,0,1: PDO,Unknown,2,,60,Rear End,T-Junction,Daylight,,Not Raining
2017-4499-8/11/2018,0,0,0,0,1: PDO,Unknown,1,,60,Rear End,Not Divided,Daylight,,Not Raining
2017-4500-8/11/2018,0,0,0,0,1: PDO,Full,1,,110,Rear End,Freeway,Daylight,,Not Raining
2017-4501-8/11/2018,1,0,1,0,3: SI,,,,110,Hit Animal,Not Divided,Daylight,,Not Raining
2017-4502-8/11/2018,0,0,0,0,1: PDO,Full,1,,60,Right Turn,T-Junction,Night,,Not Raining
2017-4503-8/11/2018,0,0,0,0,1: PDO,,1,,50,Hit Fixed Object,Not Divided,Night,,Not Raining
2017-4504-8/11/2018,0,0,0,0,1: PDO,Full,1,,110,Hit Animal,Not Divided,Night,,Not Raining
2017-4505-8/11/2018,0,0,0,0,1: PDO,Full,2,,50,Hit Parked Vehicle,Not Divided,Night,,Not Raining
2017-4506-8/11/2018,1,0,0,1,2: MI,Full,3,,60,Rear End,Cross Road,Daylight,,Not Raining
2017-4507-8/11/2018,0,0,0,0,1: PDO,Unknown,1,,110,Hit Fixed Object,Freeway,Daylight,,Not Raining
2017-4508-8/11/2018,0,0,0,0,1: PDO,Unlicenced,2,,100,Hit Fixed Object,Freeway,Night,,Not Raining
2017-4509-8/11/2018,1,0,0,1,2: MI,,,,60,Hit Pedestrian,Divided Road,Daylight,,Not Raining
2017-4510-8/11/2018,0,0,0,0,1: PDO,Full,1,,50,Right Turn,T-Junction,Daylight,,Not Raining
2017-4511-8/11/2018,1,0,0,1,2: MI,Full,1,,50,Right Turn,Divided Road,Daylight,,Not Raining
2017-4512-8/11/2018,0,0,0,0,1: PDO,Full,1,,50,Rear End,Divided Road,Daylight,,Not Raining
2017-4513-8/11/2018,0,0,0,0,1: PDO,Unknown,1,,80,Rear End,Cross Road,Daylight,,Not Raining
2017-4514-8/11/2018,1,0,0,1,2: MI,Full,1,,50,Side Swipe,Not Divided,Daylight,,Not Raining
2017-4515-8/11/2018,0,0,0,0,1: PDO,Full,3,,60,Right Angle,T-Junction,Daylight,,Not Raining
2017-4516-8/11/2018,1,0,0,1,2: MI,,0,,60,Rear End,Divided Road,Daylight,,Not Raining
2017-4517-8/11/2018,0,0,0,0,1: PDO,Unknown,1,,60,Side Swipe,T-Junction,Daylight,,Not Raining
2017-4518-8/11/2018,0,0,0,0,1: PDO,,0,,60,Right Turn,T-Junction,Daylight,,Not Raining
2017-4519-8/11/2018,1,0,0,1,2: MI,,1,,100,Hit Fixed Object,Not Divided,Daylight,,Not Raining
2017-4520-8/11/2018,0,0,0,0,1: PDO,Full,1,,110,Right Angle,T-Junction,Daylight,,Raining
2017-4521-8/11/2018,1,0,0,1,2: MI,Unknown,1,,50,Right Angle,T-Junction,Daylight,,Not Raining
2017-4522-8/11/2018,1,0,0,1,2: MI,,0,,60,Rear End,Divided Road,Daylight,,Not Raining
2017-4523-8/11/2018,0,0,0,0,1: PDO,Unknown,1,,60,Rear End,Divided Road,Daylight,,Not Raining
2017-4524-8/11/2018,0,0,0,0,1: PDO,,,,50,Hit Parked Vehicle,Not Divided,Daylight,,Not Raining
2017-4525-8/11/2018,0,0,0,0,1: PDO,Full,1,,60,Rear End,Divided Road,Daylight,,Not Raining
2017-4526-8/11/2018,0,0,0,0,1: PDO,Unknown,1,,60,Right Angle,Cross Road,Night,,Not Raining
2017-4527-8/11/2018,0,0,0,0,1: PDO,Unknown,2,,50,Hit Fixed Object,Not Divided,Daylight,,Not Raining
2017-4528-8/11/2018,0,0,0,0,1: PDO,Unknown,2,,25,Hit Parked Vehicle,Divided Road,Daylight,,Not Raining
2017-4529-8/11/2018,0,0,0,0,1: PDO,Unknown,1,,60,Hit Parked Vehicle,Divided Road,Daylight,,Not Raining
2017-4530-8/11/2018,0,0,0,0,1: PDO,Full,1,,25,Right Angle,T-Junction,Daylight,,Not Raining
2017-4531-8/11/2018,0,0,0,0,1: PDO,Unknown,1,,60,Right Angle,Not Divided,Daylight,,Not Raining
2017-4532-8/11/2018,0,0,0,0,1: PDO,Full,1,,60,Rear End,Divided Road,Daylight,,Not Raining
2017-4533-8/11/2018,0,0,0,0,1: PDO,Unknown,1,,80,Rear End,T-Junction,Daylight,,Not Raining
2017-4534-8/11/2018,0,0,0,0,1: PDO,,1,,50,Right Angle,T-Junction,Night,,Not Raining
2017-4535-8/11/2018,1,0,0,1,2: MI,Full,1,,60,Hit Pedestrian,T-Junction,Daylight,,Not Raining
2017-4536-8/11/2018,1,0,0,1,2: MI,Full,1,,60,Head On,Divided Road,Daylight,,Not Raining
2017-4537-8/11/2018,0,0,0,0,1: PDO,Unknown,1,,60,Right Turn,T-Junction,Daylight,,Not Raining
2017-4538-8/11/2018,0,0,0,0,1: PDO,Full,2,,60,Right Turn,Cross Road,Daylight,,Not Raining
2017-4539-8/11/2018,0,0,0,0,1: PDO,Full,1,,80,Rear End,Freeway,Night,,Not Raining
2017-4540-8/11/2018,0,0,0,0,1: PDO,Full,1,,60,Right Angle,Cross Road,Night,,Not Raining
2017-4541-8/11/2018,0,0,0,0,1: PDO,Full,1,,50,Right Angle,Cross Road,Daylight,,Not Raining
2017-4542-8/11/2018,1,0,0,1,2: MI,Full,3,,60,Rear End,T-Junction,Daylight,,Not Raining
2017-4543-8/11/2018,0,0,0,0,1: PDO,Full,1,,60,Side Swipe,T-Junction,Night,,Not Raining
2017-4544-8/11/2018,0,0,0,0,1: PDO,Full,1,,60,Right Turn,Cross Road,Night,,Not Raining
2017-4545-8/11/2018,0,0,0,0,1: PDO,Full,1,,60,Hit Fixed Object,Multiple,Night,,Not Raining
2017-4546-8/11/2018,0,0,0,0,1: PDO,Unknown,1,,100,Right Angle,Multiple,Night,,Not Raining
2017-4547-8/11/2018,0,0,0,0,1: PDO,Full,1,,50,Right Turn,Cross Road,Night,,Not Raining
2017-4548-8/11/2018,0,0,0,0,1: PDO,Full,2,,50,Hit Parked Vehicle,Not Divided,Night,,Not Raining
2017-4549-8/11/2018,2,0,1,1,3: SI,Full,1,,60,Hit Fixed Object,Not Divided,Night,Y,Not Raining
2017-4550-8/11/2018,0,0,0,0,1: PDO,Unknown,1,,100,Rear End,Freeway,Night,,Not Raining
2017-4551-8/11/2018,0,0,0,0,1: PDO,Unknown,3,,60,Hit Parked Vehicle,Not Divided,Night,,Not Raining
2017-4552-8/11/2018,0,0,0,0,1: PDO,Full,1,,50,Rear End,Not Divided,Night,,Not Raining
2017-4553-8/11/2018,0,0,0,0,1: PDO,Full,1,,60,Rear End,T-Junction,Daylight,,Not Raining
2017-4554-8/11/2018,0,0,0,0,1: PDO,Full,1,,60,Rear End,Cross Road,Daylight,,Not Raining
2017-4555-8/11/2018,0,0,0,0,1: PDO,Full,1,,60,Roll Over,Cross Road,Daylight,,Not Raining
2017-4556-8/11/2018,3,0,0,3,2: MI,Full,1,,60,Rear End,Divided Road,Daylight,,Not Raining
2017-4557-8/11/2018,1,0,0,1,2: MI,Full,1,,70,Rear End,Divided Road,Daylight,,Not Raining
2017-4558-8/11/2018,1,0,0,1,2: MI,Full,1,,60,Rear End,Divided Road,Daylight,,Not Raining
2017-4559-8/11/2018,0,0,0,0,1: PDO,Full,2,,60,Right Angle,T-Junction,Daylight,,Not Raining
2017-4560-8/11/2018,0,0,0,0,1: PDO,Full,1,,80,Rear End,Divided Road,Daylight,,Not Raining
2017-4561-8/11/2018,1,0,0,1,2: MI,Full,1,,60,Rear End,Cross Road,Daylight,,Not Raining
2017-4562-8/11/2018,0,0,0,0,1: PDO,Full,1,,60,Right Angle,Cross Road,Daylight,,Not Raining
2017-4563-8/11/2018,0,0,0,0,1: PDO,Full,2,,60,Other,Divided Road,Daylight,,Not Raining
2017-4564-8/11/2018,0,0,0,0,1: PDO,Provisional 2,1,,50,Right Turn,Cross Road,Daylight,,Not Raining
2017-4565-8/11/2018,0,0,0,0,1: PDO,,0,,110,Roll Over,Not Divided,Daylight,,Not Raining
2017-4566-8/11/2018,1,0,1,0,3: SI,Unknown,2,,80,Right Turn,T-Junction,Daylight,,Not Raining
2017-4567-8/11/2018,0,0,0,0,1: PDO,Full,2,,50,Hit Fixed Object,Rail Crossing,Daylight,,Not Raining
2017-4568-8/11/2018,0,0,0,0,1: PDO,Provisional 1 ,1,,50,Side Swipe,Not Divided,Daylight,,Not Raining
2017-4569-8/11/2018,1,0,1,0,3: SI,,1,,100,Hit Fixed Object,Not Divided,Daylight,,Not Raining
2017-4570-8/11/2018,0,0,0,0,1: PDO,Full,1,,50,Hit Fixed Object,Divided Road,Daylight,,Not Raining
2017-4571-8/11/2018,0,0,0,0,1: PDO,Full,1,,60,Rear End,Divided Road,Night,,Not Raining
2017-4572-8/11/2018,0,0,0,0,1: PDO,Full,1,,60,Rear End,Divided Road,Daylight,,Not Raining
2017-4573-8/11/2018,1,0,0,1,2: MI,Unknown,3,,50,Hit Parked Vehicle,Not Divided,Daylight,,Not Raining
2017-4574-8/11/2018,1,1,0,0,4: Fatal,Full,1,,100,Hit Fixed Object,Not Divided,Daylight,,Not Raining
2017-4575-8/11/2018,0,0,0,0,1: PDO,,,,60,Right Turn,Cross Road,Night,,Not Raining
2017-4576-8/11/2018,0,0,0,0,1: PDO,Full,1,,60,Right Angle,T-Junction,Daylight,,Not Raining
2017-4577-8/11/2018,0,0,0,0,1: PDO,Unknown,2,,60,Rear End,Divided Road,Night,,Not Raining
2017-4578-8/11/2018,0,0,0,0,1: PDO,Full,1,,80,Right Angle,Cross Road,Daylight,,Not Raining
2017-4579-8/11/2018,0,0,0,0,1: PDO,Full,2,,50,Right Angle,Cross Road,Daylight,,Not Raining
2017-4580-8/11/2018,0,0,0,0,1: PDO,Full,1,,60,Right Turn,Cross Road,Night,,Not Raining
2017-4581-8/11/2018,0,0,0,0,1: PDO,,1,,50,Right Turn,Cross Road,Night,,Not Raining
2017-4582-8/11/2018,0,0,0,0,1: PDO,,1,,80,Rear End,Divided Road,Daylight,,Not Raining
2017-4583-8/11/2018,0,0,0,0,1: PDO,Full,1,,60,Right Turn,Cross Road,Daylight,,Not Raining
2017-4584-8/11/2018,0,0,0,0,1: PDO,Full,1,,60,Rear End,Divided Road,Daylight,,Not Raining
2017-4585-8/11/2018,1,0,0,1,2: MI,Full,1,,60,Side Swipe,Cross Road,Daylight,,Not Raining
2017-4586-8/11/2018,0,0,0,0,1: PDO,Full,1,,50,Hit Fixed Object,Not Divided,Night,,Not Raining
2017-4587-8/11/2018,1,0,0,1,2: MI,Full,1,,50,Hit Parked Vehicle,Not Divided,Night,,Not Raining
2017-4588-8/11/2018,0,0,0,0,1: PDO,Full,1,,60,Rear End,T-Junction,Daylight,,Not Raining
2017-4589-8/11/2018,1,0,0,1,2: MI,Full,3,,60,Right Turn,T-Junction,Daylight,,Not Raining
2017-4590-8/11/2018,0,0,0,0,1: PDO,Full,1,,60,Hit Fixed Object,Not Divided,Daylight,,Not Raining
2017-4591-8/11/2018,0,0,0,0,1: PDO,Learners,2,,80,Side Swipe,Divided Road,Daylight,,Not Raining
2017-4592-8/11/2018,0,0,0,0,1: PDO,,0,,60,Hit Pedestrian,Divided Road,Daylight,,Not Raining
2017-4593-8/11/2018,1,0,0,1,2: MI,Full,1,,60,Hit Fixed Object,T-Junction,Daylight,,Not Raining
2017-4594-8/11/2018,0,0,0,0,1: PDO,Full,1,,60,Rear End,Not Divided,Daylight,,Not Raining
2017-4595-8/11/2018,0,0,0,0,1: PDO,Full,1,,60,Right Turn,T-Junction,Night,,Not Raining
2017-4596-8/11/2018,0,0,0,0,1: PDO,Unknown,1,,60,Hit Fixed Object,Divided Road,Daylight,,Not Raining
2017-4597-8/11/2018,0,0,0,0,1: PDO,,,,50,Side Swipe,T-Junction,Daylight,,Not Raining
2017-4598-8/11/2018,1,0,0,1,2: MI,Full,1,,60,Rear End,Cross Road,Daylight,,Not Raining
2017-4599-8/11/2018,0,0,0,0,1: PDO,Unlicenced,1,,50,Hit Parked Vehicle,Pedestrian Crossing,Daylight,,Not Raining
2017-4600-8/11/2018,0,0,0,0,1: PDO,Full,3,,60,Right Angle,T-Junction,Daylight,,Not Raining
2017-4601-8/11/2018,0,0,0,0,1: PDO,Full,1,,60,Rear End,Divided Road,Daylight,,Not Raining
2017-4602-8/11/2018,0,0,0,0,1: PDO,,,,60,Rear End,Divided Road,Daylight,,Not Raining
2017-4603-8/11/2018,0,0,0,0,1: PDO,Full,1,,70,Rear End,T-Junction,Daylight,,Not Raining
2017-4604-8/11/2018,1,0,0,1,2: MI,Full,2,,60,Rear End,Cross Road,Daylight,,Not Raining
2017-4605-8/11/2018,0,0,0,0,1: PDO,Full,1,,80,Hit Animal,Not Divided,Night,,Not Raining
2017-4606-8/11/2018,0,0,0,0,1: PDO,Provisional 1 ,3,,80,Rear End,T-Junction,Daylight,,Not Raining
2017-4607-8/11/2018,1,0,0,1,2: MI,Full,1,,60,Rear End,Cross Road,Daylight,,Not Raining
2017-4608-8/11/2018,0,0,0,0,1: PDO,,0,,50,Rear End,Divided Road,Daylight,,Not Raining
2017-4609-8/11/2018,1,0,0,1,2: MI,Unknown,1,Y,60,Hit Fixed Object,Divided Road,Daylight,,Not Raining
2017-4610-8/11/2018,0,0,0,0,1: PDO,Full,2,,50,Hit Fixed Object,T-Junction,Daylight,,Not Raining
2017-4611-8/11/2018,1,0,0,1,2: MI,Full,1,,60,Right Angle,Divided Road,Night,,Not Raining
2017-4612-8/11/2018,0,0,0,0,1: PDO,Full,1,,50,Right Angle,Cross Road,Daylight,,Not Raining
2017-4613-8/11/2018,2,0,0,2,2: MI,Full,1,,60,Rear End,T-Junction,Daylight,,Not Raining
2017-4614-8/11/2018,1,0,1,0,3: SI,Full,1,,60,Right Turn,Cross Road,Daylight,,Not Raining
2017-4615-8/11/2018,1,0,0,1,2: MI,Full,1,,60,Rear End,Divided Road,Daylight,,Not Raining
2017-4616-8/11/2018,0,0,0,0,1: PDO,Full,3,,50,Right Angle,T-Junction,Daylight,,Not Raining
2017-4617-8/11/2018,0,0,0,0,1: PDO,Full,1,,50,Rear End,Not Divided,Daylight,,Not Raining
2017-4618-8/11/2018,0,0,0,0,1: PDO,Full,4,,60,Rear End,Cross Road,Daylight,,Not Raining
2017-4619-8/11/2018,1,0,0,1,2: MI,Full,1,,100,Right Angle,T-Junction,Daylight,,Not Raining
2017-4620-8/11/2018,0,0,0,0,1: PDO,,,,60,Rear End,T-Junction,Daylight,,Not Raining
2017-4621-8/11/2018,0,0,0,0,1: PDO,Full,1,,60,Right Turn,Cross Road,Night,,Not Raining