REPORT_ID,Total Cas,Total Fats,Total SI,Total MI,CSEF Severity,Licence Type,Number Occupants,Drugs Involved,Area Speed,Crash Type,Position Type,DayNight,DUI Involved,Weather Cond
2017-4622-8/11/2018,1,0,1,0,3: SI,Probationary,2,,60,Right Turn,Cross Road,Night,,Not Raining
2017-4623-8/11/2018,3,0,0,3,2: MI,Learners,1,,90,Rear End,Freeway,Night,,Not Raining
2017-4624-8/11/2018,0,0,0,0,1: PDO,,,,60,Side Swipe,Not Divided,Daylight,,Not Raining
2017-4625-8/11/2018,0,0,0,0,1: PDO,,,,60,Rear End,Divided Road,Daylight,,Not Raining
2017-4626-8/11/2018,0,0,0,0,1: PDO,,1,,60,Side Swipe,Divided Road,Daylight,,Not Raining
2017-4627-8/11/2018,1,0,0,1,2: MI,,1,,60,Rear End,T-Junction,Night,,Not Raining
2017-4628-8/11/2018,1,0,0,1,2: MI,Full,1,,60,Right Angle,Not Divided,Night,,Not Raining
2017-4629-8/11/2018,1,0,0,1,2: MI,,,,60,Side Swipe,Freeway,Night,,Not Raining
2017-4630-8/11/2018,0,0,0,0,1: PDO,Unlicenced,2,,50,Hit Parked Vehicle,Not Divided,Night,Y,Not Raining
2017-4631-8/11/2018,0,0,0,0,1: PDO,,,,50,Hit Fixed Object,Not Divided,Night,Y,Not Raining
2017-4632-8/11/2018,1,0,0,1,2: MI,Full,1,,90,Right Angle,Cross Road,Night,,Not Raining
2017-4633-8/11/2018,1,0,0,1,2: MI,,,,60,Right Angle,Divided Road,Night,,Not Raining
2017-4634-8/11/2018,0,0,0,0,1: PDO,,1,,60,Right Turn,Cross Road,Night,,Not Raining
2017-4635-8/11/2018,1,0,0,1,2: MI,Full,1,Y,60,Roll Over,Divided Road,Night,Y,Not Raining
2017-4636-8/11/2018,0,0,0,0,1: PDO,,0,,50,Hit Pedestrian,One Way,Night,,Not Raining
2017-4637-8/11/2018,1,0,0,1,2: MI,Full,3,Y,100,Hit Fixed Object,T-Junction,Night,,Not Raining
2017-4638-8/11/2018,1,0,0,1,2: MI,Full,4,,90,Rear End,Freeway,Night,,Not Raining
2017-4639-8/11/2018,0,0,0,0,1: PDO,Full,1,,60,Side Swipe,Divided Road,Daylight,,Not Raining
2017-4640-8/11/2018,0,0,0,0,1: PDO,Full,1,,80,Roll Over,Not Divided,Night,,Not Raining
2017-4641-8/11/2018,1,0,1,0,3: SI,Learners,2,,110,Roll Over,Not Divided,Night,Y,Not Raining
2017-4642-8/11/2018,0,0,0,0,1: PDO,Full,1,,60,Right Angle,Cross Road,Daylight,,Not Raining
2017-4643-8/11/2018,1,0,0,1,2: MI,,,,50,Right Angle,Not Divided,Daylight,,Not Raining
2017-4644-8/11/2018,1,0,0,1,2: MI,Learners,1,,60,Rear End,T-Junction,Daylight,,Not Raining
2017-4645-8/11/2018,0,0,0,0,1: PDO,,,,50,Hit Fixed Object,T-Junction,Night,,Not Raining
2017-4646-8/11/2018,1,0,0,1,2: MI,Full,1,,80,Right Angle,T-Junction,Daylight,,Not Raining
2017-4647-8/11/2018,1,0,0,1,2: MI,Full,11,,60,Rear End,Rail Xing,Night,,Not Raining
2017-4648-8/11/2018,1,0,0,1,2: MI,Full,3,,80,Rear End,Cross Road,Daylight,,Not Raining
2017-4649-8/11/2018,0,0,0,0,1: PDO,Full,1,,60,Hit Parked Vehicle,Divided Road,Daylight,,Not Raining
2017-4650-8/11/2018,1,0,0,1,2: MI,Full,2,Y,100,Head On,Not Divided,Daylight,,Not Raining
2017-4651-8/11/2018,0,0,0,0,1: PDO,,,,50,Rear End,Not Divided,Daylight,,Not Raining
2017-4652-8/11/2018,1,0,0,1,2: MI,,,,50,Hit Parked Vehicle,Not Divided,Daylight,,Not Raining
2017-4653-8/11/2018,0,0,0,0,1: PDO,Full,3,,40,Right Turn,T-Junction,Night,,Not Raining
2017-4654-8/11/2018,0,0,0,0,1: PDO,Full,3,,50,Right Angle,Cross Road,Daylight,,Not Raining
2017-4655-8/11/2018,0,0,0,0,1: PDO,Unknown,5,,60,Right Angle,T-Junction,Daylight,,Not Raining
2017-4656-8/11/2018,1,0,0,1,2: MI,Full,1,,60,Rear End,Cross Road,Daylight,,Not Raining
2017-4657-8/11/2018,1,0,0,1,2: MI,Full,2,,100,Hit Fixed Object,Not Divided,Night,,Not Raining
2017-4658-8/11/2018,0,0,0,0,1: PDO,Full,1,,60,Side Swipe,Divided Road,Daylight,,Not Raining
2017-4659-8/11/2018,0,0,0,0,1: PDO,,,,50,Hit Parked Vehicle,Not Divided,Daylight,,Not Raining
2017-4660-8/11/2018,0,0,0,0,1: PDO,Full,2,,60,Hit Pedestrian,T-Junction,Daylight,,Not Raining
2017-4661-8/11/2018,1,0,0,1,2: MI,,,,50,Side Swipe,Not Divided,Daylight,,Not Raining
2017-4662-8/11/2018,0,0,0,0,1: PDO,Full,1,,60,Rear End,T-Junction,Daylight,,Not Raining
2017-4663-8/11/2018,1,0,0,1,2: MI,Unknown,1,,60,Right Angle,Cross Road,Daylight,,Not Raining
2017-4664-8/11/2018,0,0,0,0,1: PDO,Full,2,,60,Side Swipe,Not Divided,Daylight,,Not Raining
2017-4665-8/11/2018,0,0,0,0,1: PDO,Unknown,1,,50,Rear End,Cross Road,Daylight,,Not Raining
2017-4666-8/11/2018,0,0,0,0,1: PDO,Provisional 2,2,,60,Rear End,Pedestrian Crossing,Daylight,,Not Raining
2017-4667-8/11/2018,0,0,0,0,1: PDO,Full,2,,60,Left Road - Out of Control,T-Junction,Daylight,,Not Raining
2017-4668-8/11/2018,0,0,0,0,1: PDO,Full,1,,60,Rear End,Divided Road,Daylight,,Not Raining
2017-4669-8/11/2018,0,0,0,0,1: PDO,,,,110,Right Angle,T-Junction,Daylight,,Not Raining
2017-4670-8/11/2018,1,0,0,1,2: MI,Full,1,,60,Right Angle,Cross Road,Daylight,,Not Raining
2017-4671-8/11/2018,1,0,0,1,2: MI,Full,1,,60,Rear End,T-Junction,Daylight,,Not Raining
2017-4672-8/11/2018,1,0,0,1,2: MI,Provisional 1 ,1,,60,Rear End,Divided Road,Daylight,,Not Raining
2017-4673-8/11/2018,1,0,0,1,2: MI,,,,60,Rear End,Divided Road,Daylight,,Not Raining
2017-4674-8/11/2018,0,0,0,0,1: PDO,,,,50,Side Swipe,Divided Road,Daylight,,Not Raining
2017-4675-8/11/2018,1,0,1,0,3: SI,Full,1,,50,Hit Fixed Object,Not Divided,Daylight,,Not Raining
2017-4676-8/11/2018,1,0,0,1,2: MI,,,,110,Side Swipe,Divided Road,Daylight,,Not Raining
2017-4677-8/11/2018,0,0,0,0,1: PDO,Full,1,,50,Right Angle,Not Divided,Daylight,,Not Raining
2017-4678-8/11/2018,0,0,0,0,1: PDO,,,,60,Right Angle,T-Junction,Daylight,,Not Raining
2017-4679-8/11/2018,0,0,0,0,1: PDO,,,,50,Right Angle,Cross Road,Daylight,,Not Raining
2017-4680-8/11/2018,0,0,0,0,1: PDO,,1,,60,Side Swipe,Divided Road,Night,,Not Raining
2017-4681-8/11/2018,0,0,0,0,1: PDO,,1,,50,Hit Parked Vehicle,Not Divided,Daylight,,Not Raining
2017-4682-8/11/2018,1,0,0,1,2: MI,Full,3,,60,Rear End,T-Junction,Night,,Not Raining
2017-4683-8/11/2018,0,0,0,0,1: PDO,Provisional 1 ,2,,50,Side Swipe,Cross Road,Daylight,,Not Raining
2017-4684-8/11/2018,0,0,0,0,1: PDO,Full,1,,50,Hit Fixed Object,Cross Road,Night,,Not Raining
2017-4685-8/11/2018,0,0,0,0,1: PDO,,,,50,Hit Parked Vehicle,Not Divided,Night,,Not Raining
2017-4686-8/11/2018,0,0,0,0,1: PDO,Full,1,,50,Hit Parked Vehicle,Not Divided,Night,,Not Raining
2017-4687-8/11/2018,0,0,0,0,1: PDO,Unknown,1,,50,Hit Fixed Object,Not Divided,Night,,Not Raining
2017-4688-8/11/2018,0,0,0,0,1: PDO,Full,2,,50,Hit Fixed Object,T-Junction,Night,,Not Raining
2017-4689-8/11/2018,0,0,0,0,1: PDO,Unknown,1,,50,Hit Fixed Object,Not Divided,Night,,Not Raining
2017-4690-8/11/2018,0,0,0,0,1: PDO,Full,3,,60,Hit Fixed Object,Divided Road,Night,,Not Raining
2017-4691-8/11/2018,3,0,0,3,2: MI,Full,1,,110,Roll Over,Divided Road,Night,,Not Raining
2017-4692-8/11/2018,0,0,0,0,1: PDO,Provisional 1 ,1,,60,Rear End,T-Junction,Daylight,,Not Raining
2017-4693-8/11/2018,0,0,0,0,1: PDO,Full,1,,50,Hit Parked Vehicle,Not Divided,Daylight,,Not Raining
2017-4694-8/11/2018,1,0,0,1,2: MI,,1,,70,Right Angle,T-Junction,Daylight,,Not Raining
2017-4695-8/11/2018,1,0,0,1,2: MI,,,,80,Rear End,Cross Road,Daylight,,Not Raining
2017-4696-8/11/2018,3,0,0,3,2: MI,,1,Y,50,Rear End,Cross Road,Daylight,,Not Raining
2017-4697-8/11/2018,1,0,0,1,2: MI,,1,,70,Side Swipe,Not Divided,Daylight,,Not Raining
2017-4698-8/11/2018,3,0,0,3,2: MI,Full,1,,60,Rear End,Divided Road,Night,,Not Raining
2017-4699-8/11/2018,2,0,0,2,2: MI,Full,2,,60,Hit Parked Vehicle,Divided Road,Daylight,,Not Raining
2017-4700-8/11/2018,0,0,0,0,1: PDO,Provisional 1 ,1,,80,Right Angle,Cross Road,Daylight,,Not Raining
2017-4701-8/11/2018,1,0,0,1,2: MI,Full,2,,60,Rear End,Cross Road,Daylight,,Not Raining
2017-4702-8/11/2018,1,0,0,1,2: MI,Full,1,,60,Right Angle,Divided Road,Daylight,,Not Raining
2017-4703-8/11/2018,1,0,0,1,2: MI,Full,1,,40,Rear End,Divided Road,Daylight,,Not Raining
2017-4704-8/11/2018,1,0,0,1,2: MI,,1,,60,Roll Over,Divided Road,Daylight,,Not Raining
2017-4705-8/11/2018,0,0,0,0,1: PDO,Unknown,1,,60,Rear End,Divided Road,Daylight,,Not Raining
2017-4706-8/11/2018,0,0,0,0,1: PDO,Full,1,,60,Rear End,Divided Road,Daylight,,Not Raining
2017-4707-8/11/2018,2,0,0,2,2: MI,Full,1,,60,Right Turn,Cross Road,Daylight,,Not Raining
2017-4708-8/11/2018,1,0,0,1,2: MI,Full,1,,60,Rear End,Divided Road,Daylight,,Not Raining
2017-4709-8/11/2018,0,0,0,0,1: PDO,,,,60,Rear End,Cross Road,Daylight,,Not Raining
2017-4710-8/11/2018,0,0,0,0,1: PDO,Full,1,Y,50,Right Angle,Divided Road,Daylight,,Not Raining
2017-4711-8/11/2018,0,0,0,0,1: PDO,,,,60,Hit Fixed Object,Not Divided,Night,,Not Raining
2017-4712-8/11/2018,0,0,0,0,1: PDO,Provisional 2,1,,60,Side Swipe,Not Divided,Night,,Not Raining
2017-4713-8/11/2018,0,0,0,0,1: PDO,Unknown,1,,110,Hit Fixed Object,T-Junction,Night,,Not Raining
2017-4714-8/11/2018,1,0,0,1,2: MI,Unknown,1,,60,Roll Over,Not Divided,Daylight,,Not Raining
2017-4715-8/11/2018,2,0,0,2,2: MI,Full,1,,50,Right Angle,Not Divided,Daylight,,Not Raining
2017-4716-8/11/2018,0,0,0,0,1: PDO,Unknown,1,,60,Side Swipe,Divided Road,Daylight,,Not Raining
2017-4717-8/11/2018,1,0,0,1,2: MI,,1,,60,Right Angle,T-Junction,Daylight,,Not Raining
2017-4718-8/11/2018,1,0,0,1,2: MI,Full,2,,60,Hit Pedestrian,Not Divided,Night,,Not Raining
2017-4719-8/11/2018,0,0,0,0,1: PDO,Full,2,,50,Rear End,Cross Road,Daylight,,Not Raining
2017-4720-8/11/2018,0,0,0,0,1: PDO,Full,1,,60,Rear End,Divided Road,Daylight,,Not Raining
2017-4721-8/11/2018,0,0,0,0,1: PDO,Full,1,,60,Hit Parked Vehicle,Divided Road,Night,,Not Raining
2017-4722-8/11/2018,0,0,0,0,1: PDO,Full,1,,50,Right Angle,Cross Road,Daylight,,Not Raining
2017-4723-8/11/2018,1,0,0,1,2: MI,Full,1,,60,Hit Parked Vehicle,Not Divided,Night,,Not Raining
2017-4724-8/11/2018,0,0,0,0,1: PDO,Provisional 1 ,1,,50,Hit Parked Vehicle,Not Divided,Daylight,,Not Raining
2017-4725-8/11/2018,0,0,0,0,1: PDO,Unknown,1,,70,Rear End,Divided Road,Night,,Not Raining
2017-4726-8/11/2018,0,0,0,0,1: PDO,Full,1,,60,Rear End,Divided Road,Night,,Not Raining
2017-4727-8/11/2018,0,0,0,0,1: PDO,,,,80,Hit Fixed Object,Cross Road,Night,Y,Not Raining
2017-4728-8/11/2018,0,0,0,0,1: PDO,Full,2,,50,Hit Fixed Object,Not Divided,Night,,Not Raining
2017-4729-8/11/2018,0,0,0,0,1: PDO,,1,,110,Roll Over,Freeway,Night,,Not Raining
2017-4730-8/11/2018,0,0,0,0,1: PDO,Full,1,,60,Hit Fixed Object,Divided Road,Night,,Not Raining
2017-4731-8/11/2018,0,0,0,0,1: PDO,,,,50,Hit Fixed Object,T-Junction,Night,Y,Not Raining
2017-4732-8/11/2018,0,0,0,0,1: PDO,,1,,50,Right Angle,T-Junction,Daylight,Y,Not Raining
2017-4733-8/11/2018,0,0,0,0,1: PDO,Full,1,,60,Rear End,Divided Road,Daylight,,Not Raining
2017-4734-8/11/2018,0,0,0,0,1: PDO,Unknown,1,,60,Right Angle,Cross Road,Daylight,,Not Raining
2017-4735-8/11/2018,0,0,0,0,1: PDO,Full,2,,60,Right Angle,T-Junction,Daylight,,Not Raining
2017-4736-8/11/2018,0,0,0,0,1: PDO,Unknown,2,,60,Rear End,Divided Road,Night,,Not Raining
2017-4737-8/11/2018,1,0,0,1,2: MI,,0,,50,Hit Parked Vehicle,Not Divided,Daylight,,Not Raining
2017-4738-8/11/2018,0,0,0,0,1: PDO,Full,1,,50,Right Angle,Cross Road,Daylight,,Not Raining
2017-4739-8/11/2018,0,0,0,0,1: PDO,Full,2,,60,Right Turn,Divided Road,Daylight,,Not Raining
2017-4740-8/11/2018,1,0,0,1,2: MI,Provisional 1 ,2,Y,60,Rear End,Divided Road,Daylight,,Not Raining
2017-4741-8/11/2018,0,0,0,0,1: PDO,Provisional 2,2,,60,Right Angle,Not Divided,Daylight,,Not Raining
2017-4742-8/11/2018,1,0,0,1,2: MI,,,,60,Hit Pedestrian,Cross Road,Night,,Not Raining
2017-4743-8/11/2018,0,0,0,0,1: PDO,Full,1,,60,Hit Fixed Object,T-Junction,Night,,Not Raining
2017-4744-8/11/2018,1,0,0,1,2: MI,Full,1,,80,Roll Over,Not Divided,Daylight,,Not Raining
2017-4745-8/11/2018,1,0,0,1,2: MI,,,,60,Rear End,T-Junction,Daylight,,Not Raining
2017-4746-8/11/2018,1,0,1,0,3: SI,Full,1,,100,Left Road - Out of Control,T-Junction,Night,,Not Raining
2017-4747-8/11/2018,1,0,0,1,2: MI,Full,1,,80,Rear End,Divided Road,Daylight,,Not Raining
2017-4748-8/11/2018,0,0,0,0,1: PDO,Unknown,1,,40,Side Swipe,Not Divided,Night,,Not Raining
2017-4749-8/11/2018,0,0,0,0,1: PDO,Full,4,,50,Hit Parked Vehicle,Not Divided,Daylight,,Not Raining
2017-4750-8/11/2018,0,0,0,0,1: PDO,Full,1,,60,Hit Fixed Object,T-Junction,Daylight,,Not Raining
2017-4751-8/11/2018,0,0,0,0,1: PDO,Full,1,,50,Hit Fixed Object,Divided Road,Daylight,,Not Raining
2017-4752-8/11/2018,0,0,0,0,1: PDO,Provisional 2,1,,60,Right Angle,Cross Road,Daylight,,Not Raining
2017-4753-8/11/2018,0,0,0,0,1: PDO,Unknown,1,,60,Rear End,Divided Road,Daylight,,Not Raining
2017-4754-8/11/2018,1,0,0,1,2: MI,Full,2,,50,Hit Fixed Object,T-Junction,Daylight,Y,Not Raining
2017-4755-8/11/2018,0,0,0,0,1: PDO,,,,60,Right Angle,T-Junction,Night,,Not Raining
2017-4756-8/11/2018,1,0,0,1,2: MI,Full,1,,50,Hit Pedestrian,Not Divided,Night,,Not Raining
2017-4757-8/11/2018,0,0,0,0,1: PDO,Full,1,,60,Hit Fixed Object,Not Divided,Daylight,,Not Raining
2017-4758-8/11/2018,0,0,0,0,1: PDO,Provisional 2,2,,80,Side Swipe,Divided Road,Daylight,,Not Raining
2017-4759-8/11/2018,0,0,0,0,1: PDO,Full,3,,60,Right Angle,T-Junction,Night,,Not Raining
2017-4760-8/11/2018,0,0,0,0,1: PDO,,1,,60,Right Angle,Cross Road,Night,,Not Raining
2017-4761-8/11/2018,0,0,0,0,1: PDO,Full,1,,50,Side Swipe,Not Divided,Night,,Not Raining
2017-4762-8/11/2018,0,0,0,0,1: PDO,Provisional 1 ,1,,90,Rear End,T-Junction,Night,,Not Raining
2017-4763-8/11/2018,0,0,0,0,1: PDO,Full,1,,60,Hit Fixed Object,T-Junction,Night,,Not Raining
2017-4764-8/11/2018,1,0,0,1,2: MI,Unknown,1,,60,Right Turn,Cross Road,Night,,Not Raining
2017-4765-8/11/2018,0,0,0,0,1: PDO,Disqualified,2,,80,Right Angle,Cross Road,Daylight,,Not Raining
2017-4766-8/11/2018,0,0,0,0,1: PDO,,1,,70,Rear End,Divided Road,Daylight,,Not Raining
2017-4767-8/11/2018,1,0,0,1,2: MI,Full,1,,80,Hit Fixed Object,Not Divided,Daylight,,Not Raining
2017-4768-8/11/2018,0,0,0,0,1: PDO,Full,1,,60,Right Angle,Not Divided,Daylight,,Not Raining
2017-4769-8/11/2018,1,0,0,1,2: MI,Unknown,1,,80,Rear End,Divided Road,Daylight,,Not Raining
2017-4770-8/11/2018,0,0,0,0,1: PDO,Provisional 2,1,,50,Right Turn,Cross Road,Daylight,,Not Raining
2017-4771-8/11/2018,1,0,0,1,2: MI,Full,1,,50,Hit Parked Vehicle,Not Divided,Daylight,,Not Raining
2017-4772-8/11/2018,0,0,0,0,1: PDO,Full,1,,50,Right Angle,Not Divided,Daylight,,Not Raining
2017-4773-8/11/2018,0,0,0,0,1: PDO,,1,,60,Right Angle,T-Junction,Daylight,,Not Raining
2017-4774-8/11/2018,0,0,0,0,1: PDO,Full,1,,60,Hit Parked Vehicle,Divided Road,Night,,Not Raining
2017-4775-8/11/2018,0,0,0,0,1: PDO,Full,1,,50,Hit Parked Vehicle,Not Divided,Daylight,,Not Raining
2017-4776-8/11/2018,1,0,0,1,2: MI,,1,Y,50,Hit Fixed Object,Not Divided,Night,,Not Raining
2017-4777-8/11/2018,0,0,0,0,1: PDO,Full,2,,80,Right Angle,Not Divided,Daylight,,Not Raining
2017-4778-8/11/2018,1,0,0,1,2: MI,,1,,50,Right Angle,Cross Road,Daylight,,Not Raining
2017-4779-8/11/2018,0,0,0,0,1: PDO,Full,1,,50,Right Angle,T-Junction,Daylight,,Not Raining
2017-4780-8/11/2018,1,0,0,1,2: MI,Full,1,,50,Right Angle,T-Junction,Daylight,,Not Raining
2017-4781-8/11/2018,0,0,0,0,1: PDO,Full,1,,60,Rear End,Divided Road,Daylight,,Not Raining
2017-4782-8/11/2018,1,0,0,1,2: MI,Unknown,1,,60,Right Turn,Cross Road,Daylight,,Not Raining
2017-4783-8/11/2018,1,0,0,1,2: MI,,0,,50,Hit Pedestrian,Cross Road,Daylight,,Not Raining
2017-4784-8/11/2018,1,0,0,1,2: MI,,0,,50,Right Angle,Cross Road,Daylight,,Not Raining
2017-4785-8/11/2018,0,0,0,0,1: PDO,Full,1,,60,Side Swipe,Not Divided,Daylight,,Not Raining
2017-4786-8/11/2018,0,0,0,0,1: PDO,Full,1,,60,Rear End,Not Divided,Daylight,,Not Raining
2017-4787-8/11/2018,0,0,0,0,1: PDO,Full,1,,50,Right Angle,Not Divided,Daylight,,Not Raining
2017-4788-8/11/2018,1,0,0,1,2: MI,,,,60,Right Angle,T-Junction,Daylight,,Not Raining
2017-4789-8/11/2018,1,0,0,1,2: MI,Full,1,,60,Rear End,Cross Road,Night,,Not Raining
2017-4790-8/11/2018,1,0,1,0,3: SI,Full,1,,100,Hit Animal,Not Divided,Night,,Not Raining
2017-4791-8/11/2018,0,0,0,0,1: PDO,Full,1,,40,Hit Parked Vehicle,Not Divided,Daylight,,Not Raining
2017-4792-8/11/2018,0,0,0,0,1: PDO,,,,60,Right Turn,Cross Road,Night,,Not Raining
2017-4793-8/11/2018,1,0,0,1,2: MI,,0,,60,Right Turn,T-Junction,Daylight,,Not Raining
2017-4794-8/11/2018,1,0,0,1,2: MI,Full,1,,50,Rear End,Cross Road,Daylight,,Not Raining
2017-4795-8/11/2018,2,0,0,2,2: MI,Full,1,,60,Right Turn,Cross Road,Night,,Not Raining
2017-4796-8/11/2018,0,0,0,0,1: PDO,Full,1,,60,Right Angle,T-Junction,Night,,Not Raining
2017-4797-8/11/2018,1,0,1,0,3: SI,Full,2,,100,Roll Over,Not Divided,Night,,Not Raining
2017-4798-8/11/2018,2,0,1,1,3: SI,Full,1,,60,Right Angle,Cross Road,Night,,Not Raining
2017-4799-8/11/2018,1,0,0,1,2: MI,,,,60,Right Angle,T-Junction,Night,,Not Raining
2017-4800-8/11/2018,0,0,0,0,1: PDO,Full,1,,50,Right Angle,Cross Road,Night,,Not Raining
2017-4801-8/11/2018,0,0,0,0,1: PDO,Full,1,,60,Hit Fixed Object,Divided Road,Night,,Not Raining
2017-4802-8/11/2018,1,0,0,1,2: MI,Full,2,,60,Hit Fixed Object,Not Divided,Night,,Not Raining
2017-4803-8/11/2018,0,0,0,0,1: PDO,Full,1,,60,Rear End,Freeway,Daylight,,Not Raining
2017-4804-8/11/2018,1,0,0,1,2: MI,Full,2,,110,Right Angle,Cross Road,Daylight,,Not Raining
2017-4805-8/11/2018,0,0,0,0,1: PDO,Unknown,1,,60,Rear End,Not Divided,Daylight,,Not Raining
2017-4806-8/11/2018,1,0,0,1,2: MI,Full,1,,50,Right Angle,Not Divided,Daylight,,Not Raining
2017-4807-8/11/2018,0,0,0,0,1: PDO,Full,1,,90,Side Swipe,T-Junction,Daylight,,Not Raining
2017-4808-8/11/2018,1,0,0,1,2: MI,Full,1,,100,Hit Fixed Object,T-Junction,Night,,Not Raining
2017-4809-8/11/2018,0,0,0,0,1: PDO,,,,60,Right Angle,T-Junction,Daylight,,Not Raining
2017-4810-8/11/2018,1,0,0,1,2: MI,Full,1,,60,Head On,T-Junction,Daylight,,Not Raining
2017-4811-8/11/2018,0,0,0,0,1: PDO,,1,,60,Right Turn,T-Junction,Night,,Not Raining
2017-4812-8/11/2018,0,0,0,0,1: PDO,Provisional 1 ,1,,60,Side Swipe,T-Junction,Daylight,,Not Raining
2017-4813-8/11/2018,0,0,0,0,1: PDO,Full,1,,60,Rear End,Divided Road,Daylight,,Not Raining
2017-4814-8/11/2018,0,0,0,0,1: PDO,Full,1,,100,Hit Animal,Not Divided,Night,,Not Raining
2017-4815-8/11/2018,0,0,0,0,1: PDO,Provisional 1 ,1,,60,Right Angle,Multiple,Daylight,,Not Raining
2017-4816-8/11/2018,1,0,0,1,2: MI,Unknown,1,,80,Right Angle,T-Junction,Daylight,,Not Raining
2017-4817-8/11/2018,1,0,0,1,2: MI,Full,1,,50,Roll Over,Not Divided,Daylight,,Not Raining
2017-4818-8/11/2018,0,0,0,0,1: PDO,Full,1,,60,Side Swipe,Not Divided,Daylight,,Not Raining
2017-4819-8/11/2018,1,0,0,1,2: MI,,1,,110,Roll Over,Divided Road,Daylight,,Not Raining
2017-4820-8/11/2018,0,0,0,0,1: PDO,Full,2,,60,Side Swipe,T-Junction,Daylight,,Not Raining
2017-4821-8/11/2018,0,0,0,0,1: PDO,Provisional 1 ,1,,60,Right Angle,Cross Road,Daylight,Y,Not Raining
2017-4822-8/11/2018,0,0,0,0,1: PDO,Full,1,,50,Head On,T-Junction,Daylight,,Not Raining
2017-4823-8/11/2018,0,0,0,0,1: PDO,Full,1,,60,Right Turn,T-Junction,Daylight,,Not Raining
2017-4824-8/11/2018,1,1,0,0,4: Fatal,,,,80,Hit Fixed Object,Not Divided,Daylight,,Not Raining
2017-4825-8/11/2018,0,0,0,0,1: PDO,Full,1,,70,Rear End,T-Junction,Night,,Raining
2017-4826-8/11/2018,0,0,0,0,1: PDO,Full,1,,80,Right Turn,T-Junction,Daylight,,Not Raining
2017-4827-8/11/2018,0,0,0,0,1: PDO,Full,3,,50,Rear End,T-Junction,Daylight,,Raining
2017-4828-8/11/2018,3,0,0,3,2: MI,Full,1,,80,Right Angle,Cross Road,Daylight,,Not Raining
2017-4829-8/11/2018,1,0,0,1,2: MI,Full,1,,50,Side Swipe,Cross Road,Daylight,,Not Raining
2017-4830-8/11/2018,1,0,0,1,2: MI,Full,2,,60,Rear End,Cross Road,Night,,Raining
2017-4831-8/11/2018,1,0,0,1,2: MI,Full,1,,50,Rear End,T-Junction,Daylight,,Not Raining
2017-4832-8/11/2018,0,0,0,0,1: PDO,,,,60,Right Turn,T-Junction,Night,,Raining
2017-4833-8/11/2018,1,0,0,1,2: MI,Full,1,,60,Rear End,Not Divided,Night,,Raining
2017-4834-8/11/2018,1,0,0,1,2: MI,Full,1,,70,Rear End,Divided Road,Daylight,,Raining
2017-4835-8/11/2018,0,0,0,0,1: PDO,Provisional 1 ,2,,60,Rear End,Not Divided,Night,,Not Raining
2017-4836-8/11/2018,0,0,0,0,1: PDO,Full,1,,50,Hit Fixed Object,Not Divided,Daylight,,Not Raining
2017-4837-8/11/2018,1,0,0,1,2: MI,Full,1,,50,Hit Pedestrian,Cross Road,Night,,Not Raining
2017-4838-8/11/2018,0,0,0,0,1: PDO,,,,60,Hit Fixed Object,Cross Road,Night,,Raining
2017-4839-8/11/2018,0,0,0,0,1: PDO,Full,1,,90,Hit Fixed Object,Freeway,Night,,Raining
2017-4840-8/11/2018,0,0,0,0,1: PDO,Full,1,,90,Hit Fixed Object,Freeway,Night,,Not Raining
2017-4841-8/11/2018,0,0,0,0,1: PDO,Full,1,,70,Right Angle,T-Junction,Night,,Not Raining
2017-4842-8/11/2018,0,0,0,0,1: PDO,Full,1,,60,Side Swipe,Cross Road,Night,,Not Raining
2017-4843-8/11/2018,0,0,0,0,1: PDO,Full,4,,60,Side Swipe,Divided Road,Daylight,,Raining