REPORT_ID,Total Cas,Total Fats,Total SI,Total MI,CSEF Severity,Licence Type,Number Occupants,Drugs Involved,Area Speed,Crash Type,Position Type,DayNight,DUI Involved,Weather Cond
2017-4844-8/11/2018,0,0,0,0,1: PDO,,,,100,Hit Animal,Not Divided,Night,,Not Raining
2017-4845-8/11/2018,0,0,0,0,1: PDO,Full,2,,100,Hit Animal,Not Divided,Night,,Not Raining
2017-4846-8/11/2018,1,0,0,1,2: MI,Full,1,,60,Right Angle,T-Junction,Daylight,,Not Raining
2017-4847-8/11/2018,1,0,0,1,2: MI,Full,1,,60,Right Turn,Cross Road,Daylight,,Not Raining
2017-4848-8/11/2018,0,0,0,0,1: PDO,,,,60,Side Swipe,T-Junction,Daylight,,Raining
2017-4849-8/11/2018,0,0,0,0,1: PDO,Full,1,,60,Rear End,Divided Road,Daylight,,Not Raining
2017-4850-8/11/2018,1,0,0,1,2: MI,,,,50,Side Swipe,Not Divided,Daylight,,Not Raining
2017-4851-8/11/2018,0,0,0,0,1: PDO,Full,1,,50,Right Angle,T-Junction,Daylight,,Not Raining
2017-4852-8/11/2018,0,0,0,0,1: PDO,,,,100,Roll Over,T-Junction,Daylight,,Not Raining
2017-4853-8/11/2018,2,0,2,0,3: SI,Full,1,,100,Other,Not Divided,Daylight,,Not Raining
2017-4854-8/11/2018,0,0,0,0,1: PDO,Full,2,,60,Right Angle,T-Junction,Night,,Not Raining
2017-4855-8/11/2018,0,0,0,0,1: PDO,,,,60,Hit Fixed Object,Not Divided,Night,,Raining
2017-4856-8/11/2018,0,0,0,0,1: PDO,Full,1,,60,Right Angle,T-Junction,Daylight,,Not Raining
2017-4857-8/11/2018,2,0,0,2,2: MI,,1,,60,Hit Fixed Object,Not Divided,Daylight,,Not Raining
2017-4858-8/11/2018,1,0,1,0,3: SI,Learners,3,,60,Roll Over,Not Divided,Daylight,,Not Raining
2017-4859-8/11/2018,0,0,0,0,1: PDO,,,,60,Rear End,Divided Road,Daylight,,Not Raining
2017-4860-8/11/2018,0,0,0,0,1: PDO,,1,,60,Rear End,T-Junction,Daylight,,Not Raining
2017-4861-8/11/2018,0,0,0,0,1: PDO,Unknown,1,,50,Right Turn,Not Divided,Daylight,,Not Raining
2017-4862-8/11/2018,0,0,0,0,1: PDO,Full,1,,50,Right Angle,Not Divided,Daylight,,Raining
2017-4863-8/11/2018,1,0,0,1,2: MI,Full,1,,60,Rear End,Cross Road,Daylight,,Not Raining
2017-4864-8/11/2018,0,0,0,0,1: PDO,Learners,1,,60,Rear End,Divided Road,Daylight,,Not Raining
2017-4865-8/11/2018,0,0,0,0,1: PDO,Full,2,,90,Side Swipe,Freeway,Night,,Not Raining
2017-4866-8/11/2018,1,0,0,1,2: MI,Provisional 1 ,2,,60,Rear End,Cross Road,Daylight,,Not Raining
2017-4867-8/11/2018,1,0,0,1,2: MI,Full,1,,110,Right Turn,T-Junction,Daylight,,Not Raining
2017-4868-8/11/2018,1,0,0,1,2: MI,Full,1,,50,Hit Pedestrian,Pedestrian Crossing,Daylight,,Raining
2017-4869-8/11/2018,0,0,0,0,1: PDO,Full,3,,60,Rear End,Divided Road,Daylight,,Not Raining
2017-4870-8/11/2018,0,0,0,0,1: PDO,Full,1,,60,Right Angle,Cross Road,Daylight,,Not Raining
2017-4871-8/11/2018,0,0,0,0,1: PDO,Full,1,,60,Rear End,Not Divided,Night,,Raining
2017-4872-8/11/2018,0,0,0,0,1: PDO,Provisional 2,1,,60,Rear End,Divided Road,Daylight,,Raining
2017-4873-8/11/2018,1,0,1,0,3: SI,,,,80,Rear End,Divided Road,Daylight,,Raining
2017-4874-8/11/2018,0,0,0,0,1: PDO,Provisional 1 ,1,,80,Rear End,Divided Road,Night,,Raining
2017-4875-8/11/2018,0,0,0,0,1: PDO,Full,3,,60,Rear End,Not Divided,Night,,Raining
2017-4876-8/11/2018,0,0,0,0,1: PDO,Full,12,,60,Right Angle,Cross Road,Night,,Raining
2017-4877-8/11/2018,1,0,0,1,2: MI,Full,1,,60,Rear End,T-Junction,Night,,Raining
2017-4878-8/11/2018,1,0,0,1,2: MI,Full,1,,50,Hit Pedestrian,Cross Road,Night,,Raining
2017-4879-8/11/2018,0,0,0,0,1: PDO,Full,1,,60,Rear End,Divided Road,Daylight,,Not Raining
2017-4880-8/11/2018,0,0,0,0,1: PDO,Full,4,,60,Right Turn,T-Junction,Night,,Not Raining
2017-4881-8/11/2018,0,0,0,0,1: PDO,Full,2,,60,Right Turn,Cross Road,Night,,Raining
2017-4882-8/11/2018,0,0,0,0,1: PDO,Full,1,,50,Hit Fixed Object,Not Divided,Night,,Raining
2017-4883-8/11/2018,0,0,0,0,1: PDO,Full,1,,50,Hit Fixed Object,Not Divided,Night,,Not Raining
2017-4884-8/11/2018,3,0,0,3,2: MI,Full,1,,80,Rear End,T-Junction,Night,,Unknown
2017-4885-8/11/2018,1,0,0,1,2: MI,Provisional 2,1,,50,Hit Fixed Object,Not Divided,Night,,Raining
2017-4886-8/11/2018,0,0,0,0,1: PDO,Full,5,,60,Right Turn,T-Junction,Daylight,,Not Raining
2017-4887-8/11/2018,1,0,0,1,2: MI,Unknown,1,,90,Hit Fixed Object,Freeway,Night,,Not Raining
2017-4888-8/11/2018,1,0,0,1,2: MI,Full,1,,60,Right Angle,Cross Road,Daylight,,Not Raining
2017-4889-8/11/2018,0,0,0,0,1: PDO,,1,,60,Right Turn,T-Junction,Daylight,,Not Raining
2017-4890-8/11/2018,1,0,0,1,2: MI,Full,1,,50,Rear End,Divided Road,Daylight,,Raining
2017-4891-8/11/2018,0,0,0,0,1: PDO,,0,,60,Right Angle,T-Junction,Night,,Not Raining
2017-4892-8/11/2018,2,0,0,2,2: MI,,1,,60,Side Swipe,T-Junction,Daylight,,Not Raining
2017-4893-8/11/2018,0,0,0,0,1: PDO,Unknown,1,,50,Hit Parked Vehicle,Not Divided,Daylight,,Not Raining
2017-4894-8/11/2018,1,0,0,1,2: MI,Unknown,1,,50,Rear End,Not Divided,Daylight,,Not Raining
2017-4895-8/11/2018,1,0,0,1,2: MI,Provisional 1 ,1,,50,Hit Parked Vehicle,Not Divided,Daylight,,Not Raining
2017-4896-8/11/2018,1,0,0,1,2: MI,Unknown,1,,60,Hit Fixed Object,T-Junction,Daylight,,Not Raining
2017-4897-8/11/2018,0,0,0,0,1: PDO,Full,1,,60,Right Angle,T-Junction,Daylight,,Not Raining
2017-4898-8/11/2018,1,0,1,0,3: SI,,,,80,Roll Over,Not Divided,Daylight,,Not Raining
2017-4899-8/11/2018,0,0,0,0,1: PDO,,,,50,Right Turn,Cross Road,Daylight,,Not Raining
2017-4900-8/11/2018,0,0,0,0,1: PDO,Provisional 2,2,,80,Rear End,Divided Road,Night,,Raining
2017-4901-8/11/2018,1,0,0,1,2: MI,Full,1,,100,Hit Fixed Object,Not Divided,Daylight,,Raining
2017-4902-8/11/2018,0,0,0,0,1: PDO,Full,1,,80,Rear End,Divided Road,Daylight,,Not Raining
2017-4903-8/11/2018,0,0,0,0,1: PDO,Unknown,1,,60,Rear End,T-Junction,Daylight,,Not Raining
2017-4904-8/11/2018,1,0,0,1,2: MI,Full,1,,60,Rear End,Divided Road,Night,,Raining
2017-4905-8/11/2018,0,0,0,0,1: PDO,Full,1,,50,Right Angle,T-Junction,Daylight,,Not Raining
2017-4906-8/11/2018,0,0,0,0,1: PDO,Full,2,,80,Side Swipe,Not Divided,Daylight,,Not Raining
2017-4907-8/11/2018,0,0,0,0,1: PDO,Full,1,,60,Rear End,T-Junction,Daylight,,Not Raining
2017-4908-8/11/2018,0,0,0,0,1: PDO,Full,1,,60,Hit Parked Vehicle,Not Divided,Night,,Raining
2017-4909-8/11/2018,0,0,0,0,1: PDO,Unknown,1,,110,Left Road - Out of Control,Freeway,Night,Y,Raining
2017-4910-8/11/2018,0,0,0,0,1: PDO,Full,2,,25,Side Swipe,Divided Road,Daylight,,Not Raining
2017-4911-8/11/2018,1,0,0,1,2: MI,Full,1,,60,Other,Divided Road,Daylight,,Not Raining
2017-4912-8/11/2018,0,0,0,0,1: PDO,Full,1,,50,Rear End,T-Junction,Daylight,,Not Raining
2017-4913-8/11/2018,0,0,0,0,1: PDO,Full,3,,100,Hit Animal,Not Divided,Night,,Not Raining
2017-4914-8/11/2018,1,0,0,1,2: MI,Provisional 2,1,,60,Rear End,Divided Road,Night,,Raining
2017-4915-8/11/2018,0,0,0,0,1: PDO,Full,1,,50,Rear End,Not Divided,Daylight,,Not Raining
2017-4916-8/11/2018,0,0,0,0,1: PDO,Full,1,,50,Hit Parked Vehicle,Not Divided,Daylight,,Not Raining
2017-4917-8/11/2018,0,0,0,0,1: PDO,Full,2,,60,Rear End,Divided Road,Daylight,,Not Raining
2017-4918-8/11/2018,0,0,0,0,1: PDO,Full,1,,60,Right Angle,T-Junction,Daylight,,Not Raining
2017-4919-8/11/2018,0,0,0,0,1: PDO,Full,1,,70,Right Angle,T-Junction,Daylight,,Not Raining
2017-4920-8/11/2018,1,0,0,1,2: MI,Full,3,,60,Side Swipe,Not Divided,Night,,Not Raining
2017-4921-8/11/2018,1,0,0,1,2: MI,Full,1,,110,Roll Over,Not Divided,Night,,Not Raining
2017-4922-8/11/2018,0,0,0,0,1: PDO,Unknown,2,,60,Rear End,Divided Road,Night,,Not Raining
2017-4923-8/11/2018,0,0,0,0,1: PDO,Unknown,1,,60,Hit Fixed Object,Not Divided,Daylight,,Not Raining
2017-4924-8/11/2018,1,0,0,1,2: MI,Provisional 2,1,,60,Right Angle,Rail Xing,Night,Y,Not Raining
2017-4925-8/11/2018,2,0,0,2,2: MI,Full,2,,50,Right Angle,Cross Road,Night,,Not Raining
2017-4926-8/11/2018,0,0,0,0,1: PDO,,1,,70,Hit Parked Vehicle,Not Divided,Daylight,,Not Raining
2017-4927-8/11/2018,1,0,1,0,3: SI,Unknown,1,,100,Roll Over,Not Divided,Night,,Not Raining
2017-4928-8/11/2018,0,0,0,0,1: PDO,Full,2,,60,Side Swipe,Divided Road,Night,,Not Raining
2017-4929-8/11/2018,2,0,0,2,2: MI,Full,2,Y,50,Hit Fixed Object,Not Divided,Night,,Not Raining
2017-4930-8/11/2018,0,0,0,0,1: PDO,Probationary,1,,50,Right Angle,T-Junction,Night,,Not Raining
2017-4931-8/11/2018,0,0,0,0,1: PDO,Full,1,,50,Hit Fixed Object,Not Divided,Night,,Not Raining
2017-4932-8/11/2018,0,0,0,0,1: PDO,,1,,50,Hit Fixed Object,Not Divided,Night,,Not Raining
2017-4933-8/11/2018,0,0,0,0,1: PDO,,,,80,Hit Fixed Object,Divided Road,Night,,Not Raining
2017-4934-8/11/2018,0,0,0,0,1: PDO,Provisional 1 ,1,,110,Side Swipe,Interchange,Night,,Raining
2017-4935-8/11/2018,0,0,0,0,1: PDO,,,,50,Right Angle,Cross Road,Daylight,,Raining
2017-4936-8/11/2018,0,0,0,0,1: PDO,Full,2,,80,Hit Fixed Object,Not Divided,Daylight,,Raining
2017-4937-8/11/2018,0,0,0,0,1: PDO,Full,1,,80,Rear End,Divided Road,Daylight,,Not Raining
2017-4938-8/11/2018,0,0,0,0,1: PDO,Full,13,,60,Rear End,Not Divided,Daylight,,Not Raining
2017-4939-8/11/2018,0,0,0,0,1: PDO,Provisional 2,1,,50,Hit Fixed Object,Not Divided,Night,Y,Not Raining
2017-4940-8/11/2018,0,0,0,0,1: PDO,Full,1,,50,Rear End,Multiple,Daylight,,Not Raining
2017-4941-8/11/2018,0,0,0,0,1: PDO,Full,1,,60,Rear End,Divided Road,Daylight,,Not Raining
2017-4942-8/11/2018,1,0,0,1,2: MI,Full,1,,50,Hit Pedestrian,Cross Road,Daylight,,Not Raining
2017-4943-8/11/2018,0,0,0,0,1: PDO,Full,1,,60,Hit Fixed Object,Cross Road,Daylight,,Not Raining
2017-4944-8/11/2018,0,0,0,0,1: PDO,Full,1,,60,Head On,Not Divided,Daylight,,Not Raining
2017-4945-8/11/2018,0,0,0,0,1: PDO,Full,1,,80,Right Angle,Multiple,Daylight,,Not Raining
2017-4946-8/11/2018,0,0,0,0,1: PDO,Full,1,,50,Right Angle,Cross Road,Daylight,,Raining
2017-4947-8/11/2018,0,0,0,0,1: PDO,Full,2,,100,Hit Animal,Not Divided,Night,,Raining
2017-4948-8/11/2018,0,0,0,0,1: PDO,Full,1,,60,Hit Parked Vehicle,Divided Road,Daylight,,Not Raining
2017-4949-8/11/2018,0,0,0,0,1: PDO,Full,1,,60,Side Swipe,Divided Road,Daylight,,Raining
2017-4950-8/11/2018,0,0,0,0,1: PDO,Full,1,,100,Roll Over,Not Divided,Daylight,,Not Raining
2017-4951-8/11/2018,0,0,0,0,1: PDO,,0,,60,Rear End,Divided Road,Night,,Not Raining
2017-4952-8/11/2018,0,0,0,0,1: PDO,Full,1,,60,Hit Parked Vehicle,Divided Road,Daylight,,Not Raining
2017-4953-8/11/2018,2,0,1,1,3: SI,Full,1,,90,Hit Fixed Object,T-Junction,Daylight,,Not Raining
2017-4954-8/11/2018,0,0,0,0,1: PDO,Full,1,,60,Side Swipe,T-Junction,Daylight,,Not Raining
2017-4955-8/11/2018,0,0,0,0,1: PDO,Full,1,,60,Rear End,Divided Road,Daylight,,Not Raining
2017-4956-8/11/2018,0,0,0,0,1: PDO,Provisional 2,1,,60,Side Swipe,Divided Road,Daylight,,Not Raining
2017-4957-8/11/2018,0,0,0,0,1: PDO,Provisional 1 ,2,,60,Right Turn,Not Divided,Daylight,,Not Raining
2017-4958-8/11/2018,0,0,0,0,1: PDO,Full,1,,60,Rear End,Cross Road,Daylight,,Not Raining
2017-4959-8/11/2018,1,0,1,0,3: SI,Full,1,,80,Hit Fixed Object,Not Divided,Night,,Not Raining
2017-4960-8/11/2018,0,0,0,0,1: PDO,,,,50,Side Swipe,Not Divided,Daylight,,Not Raining
2017-4961-8/11/2018,2,0,0,2,2: MI,Full,1,,110,Roll Over,Not Divided,Daylight,,Raining
2017-4962-8/11/2018,0,0,0,0,1: PDO,Full,1,,50,Right Angle,Cross Road,Daylight,,Not Raining
2017-4963-8/11/2018,0,0,0,0,1: PDO,Full,1,,90,Rear End,Freeway,Daylight,,Not Raining
2017-4964-8/11/2018,1,0,0,1,2: MI,Unknown,1,,50,Right Angle,Cross Road,Daylight,,Not Raining
2017-4965-8/11/2018,0,0,0,0,1: PDO,Full,1,,60,Rear End,Divided Road,Daylight,,Not Raining
2017-4966-8/11/2018,1,0,0,1,2: MI,Learners,2,,60,Right Turn,T-Junction,Daylight,,Not Raining
2017-4967-8/11/2018,0,0,0,0,1: PDO,Full,1,,70,Right Turn,T-Junction,Daylight,,Not Raining
2017-4968-8/11/2018,2,0,0,2,2: MI,Unknown,1,,70,Rear End,Divided Road,Night,,Not Raining
2017-4969-8/11/2018,0,0,0,0,1: PDO,Full,1,,60,Rear End,Pedestrian Crossing,Daylight,,Not Raining
2017-4970-8/11/2018,0,0,0,0,1: PDO,,0,,50,Hit Pedestrian,Not Divided,Daylight,,Not Raining
2017-4971-8/11/2018,1,0,0,1,2: MI,Full,40,,50,Hit Parked Vehicle,Not Divided,Night,Y,Not Raining
2017-4972-8/11/2018,0,0,0,0,1: PDO,Full,1,,60,Rear End,Divided Road,Night,,Not Raining
2017-4973-8/11/2018,1,0,0,1,2: MI,Full,1,,60,Right Turn,Cross Road,Night,,Not Raining
2017-4974-8/11/2018,0,0,0,0,1: PDO,Full,2,,50,Hit Fixed Object,T-Junction,Night,Y,Raining
2017-4975-8/11/2018,1,0,0,1,2: MI,Full,1,,100,Right Angle,T-Junction,Night,,Not Raining
2017-4976-8/11/2018,1,0,0,1,2: MI,Full,4,,50,Hit Pedestrian,Not Divided,Night,,Not Raining
2017-4977-8/11/2018,0,0,0,0,1: PDO,Full,1,,60,Rear End,Divided Road,Daylight,,Not Raining
2017-4978-8/11/2018,1,0,0,1,2: MI,Full,1,,60,Side Swipe,T-Junction,Daylight,,Not Raining
2017-4979-8/11/2018,0,0,0,0,1: PDO,Full,1,,50,Right Turn,T-Junction,Daylight,,Not Raining
2017-4980-8/11/2018,0,0,0,0,1: PDO,Unknown,1,,50,Hit Fixed Object,T-Junction,Daylight,,Not Raining
2017-4981-8/11/2018,1,0,0,1,2: MI,Full,1,,50,Rear End,Divided Road,Night,,Not Raining
2017-4982-8/11/2018,1,0,0,1,2: MI,,0,Y,100,Hit Fixed Object,Not Divided,Daylight,,Not Raining
2017-4983-8/11/2018,1,0,0,1,2: MI,Provisional 1 ,2,,50,Hit Parked Vehicle,Not Divided,Daylight,,Not Raining
2017-4984-8/11/2018,1,0,0,1,2: MI,Full,1,,50,Right Angle,T-Junction,Daylight,,Not Raining
2017-4985-8/11/2018,1,0,0,1,2: MI,Full,1,,60,Rear End,Divided Road,Night,,Raining
2017-4986-8/11/2018,0,0,0,0,1: PDO,Full,1,,80,Hit Fixed Object,Not Divided,Daylight,,Not Raining
2017-4987-8/11/2018,0,0,0,0,1: PDO,Full,1,,50,Rear End,Cross Road,Daylight,,Not Raining
2017-4988-8/11/2018,1,0,0,1,2: MI,,,,60,Side Swipe,Cross Road,Daylight,,Not Raining
2017-4989-8/11/2018,0,0,0,0,1: PDO,Full,1,,80,Side Swipe,Divided Road,Night,,Not Raining
2017-4990-8/11/2018,0,0,0,0,1: PDO,,0,,100,Hit Animal,Not Divided,Daylight,,Not Raining
2017-4991-8/11/2018,0,0,0,0,1: PDO,Full,1,,60,Side Swipe,Not Divided,Daylight,,Not Raining
2017-4992-8/11/2018,0,0,0,0,1: PDO,,0,,50,Right Turn,Cross Road,Daylight,,Not Raining
2017-4993-8/11/2018,1,0,0,1,2: MI,Full,1,,80,Rear End,Divided Road,Daylight,,Not Raining
2017-4994-8/11/2018,0,0,0,0,1: PDO,Full,1,,40,Hit Parked Vehicle,Not Divided,Daylight,,Not Raining
2017-4995-8/11/2018,0,0,0,0,1: PDO,Full,1,,50,Hit Parked Vehicle,Not Divided,Night,,Not Raining
2017-4996-8/11/2018,1,0,0,1,2: MI,Full,1,,60,Side Swipe,Not Divided,Daylight,,Not Raining
2017-4997-8/11/2018,1,0,0,1,2: MI,Full,1,,100,Hit Fixed Object,Not Divided,Daylight,,Not Raining
2017-4998-8/11/2018,0,0,0,0,1: PDO,Full,1,,70,Right Angle,Cross Road,Daylight,,Not Raining
2017-4999-8/11/2018,0,0,0,0,1: PDO,,,,60,Rear End,Divided Road,Daylight,,Not Raining
2017-5000-8/11/2018,0,0,0,0,1: PDO,Full,1,,50,Right Angle,T-Junction,Daylight,,Not Raining
2017-5001-8/11/2018,0,0,0,0,1: PDO,Full,1,,50,Right Angle,Cross Road,Daylight,,Not Raining
2017-5002-8/11/2018,2,0,1,1,3: SI,Full,1,Y,110,Right Angle,T-Junction,Daylight,,Not Raining
2017-5003-8/11/2018,1,0,0,1,2: MI,Full,1,,80,Roll Over,Not Divided,Daylight,,Not Raining
2017-5004-8/11/2018,0,0,0,0,1: PDO,Full,2,,60,Right Angle,T-Junction,Daylight,,Not Raining
2017-5005-8/11/2018,0,0,0,0,1: PDO,Full,1,,60,Right Angle,T-Junction,Night,,Not Raining
2017-5006-8/11/2018,0,0,0,0,1: PDO,Full,3,,40,Rear End,Divided Road,Daylight,,Not Raining
2017-5007-8/11/2018,1,0,0,1,2: MI,Full,1,,80,Right Angle,T-Junction,Night,,Not Raining
2017-5008-8/11/2018,0,0,0,0,1: PDO,,,,50,Roll Over,Not Divided,Night,,Not Raining
2017-5009-8/11/2018,1,0,0,1,2: MI,,,,50,Hit Fixed Object,Not Divided,Night,,Not Raining
2017-5010-8/11/2018,0,0,0,0,1: PDO,Provisional 2,2,,50,Hit Parked Vehicle,Not Divided,Night,,Not Raining
2017-5011-8/11/2018,0,0,0,0,1: PDO,Provisional 1 ,1,,50,Hit Fixed Object,T-Junction,Night,,Not Raining
2017-5012-8/11/2018,0,0,0,0,1: PDO,Full,2,,60,Hit Fixed Object,Cross Road,Night,,Not Raining
2017-5013-8/11/2018,0,0,0,0,1: PDO,Full,1,,60,Hit Fixed Object,Not Divided,Night,Y,Not Raining
2017-5014-8/11/2018,0,0,0,0,1: PDO,Full,1,,40,Hit Object on Road,Divided Road,Night,,Not Raining
2017-5015-8/11/2018,2,0,0,2,2: MI,Full,2,,100,Head On,Not Divided,Daylight,,Not Raining
2017-5016-8/11/2018,0,0,0,0,1: PDO,Full,1,,70,Hit Fixed Object,Divided Road,Night,,Not Raining
2017-5017-8/11/2018,0,0,0,0,1: PDO,Provisional 2,3,,50,Hit Fixed Object,Not Divided,Night,,Not Raining
2017-5018-8/11/2018,1,0,0,1,2: MI,Full,1,,60,Rear End,Multiple,Daylight,,Not Raining
2017-5019-8/11/2018,0,0,0,0,1: PDO,Provisional 2,1,,60,Hit Fixed Object,Cross Road,Daylight,,Not Raining
2017-5020-8/11/2018,1,0,0,1,2: MI,Full,1,,110,Hit Fixed Object,Not Divided,Night,,Not Raining
2017-5021-8/11/2018,1,0,0,1,2: MI,Full,1,,60,Rear End,Cross Road,Daylight,,Not Raining
2017-5022-8/11/2018,0,0,0,0,1: PDO,Full,1,,80,Side Swipe,Divided Road,Daylight,,Not Raining
2017-5023-8/11/2018,0,0,0,0,1: PDO,,1,,50,Hit Parked Vehicle,Divided Road,Daylight,,Not Raining
2017-5024-8/11/2018,0,0,0,0,1: PDO,Full,2,,60,Right Angle,Cross Road,Daylight,,Not Raining
2017-5025-8/11/2018,0,0,0,0,1: PDO,,,,50,Right Angle,Not Divided,Daylight,,Not Raining
2017-5026-8/11/2018,1,0,0,1,2: MI,,0,,50,Hit Fixed Object,One Way,Daylight,,Not Raining
2017-5027-8/11/2018,1,1,0,0,4: Fatal,Full,1,,100,Hit Pedestrian,Not Divided,Daylight,,Not Raining
2017-5028-8/11/2018,1,0,0,1,2: MI,Unknown,1,,50,Hit Pedestrian,Not Divided,Daylight,,Not Raining
2017-5029-8/11/2018,0,0,0,0,1: PDO,Full,1,,60,Rear End,Divided Road,Daylight,,Not Raining
2017-5030-8/11/2018,0,0,0,0,1: PDO,Full,2,,60,Side Swipe,Not Divided,Daylight,,Not Raining
2017-5031-8/11/2018,0,0,0,0,1: PDO,Full,1,,80,Hit Fixed Object,Not Divided,Night,,Not Raining
2017-5032-8/11/2018,0,0,0,0,1: PDO,Full,1,,110,Side Swipe,Cross Road,Daylight,,Not Raining
2017-5033-8/11/2018,0,0,0,0,1: PDO,,0,,100,Hit Fixed Object,Not Divided,Daylight,,Not Raining
2017-5034-8/11/2018,0,0,0,0,1: PDO,Unknown,1,,60,Hit Fixed Object,Not Divided,Daylight,,Not Raining
2017-5035-8/11/2018,0,0,0,0,1: PDO,,,,60,Right Turn,Cross Road,Night,,Not Raining
2017-5036-8/11/2018,0,0,0,0,1: PDO,Unknown,1,,80,Hit Fixed Object,Not Divided,Daylight,,Not Raining
2017-5037-8/11/2018,0,0,0,0,1: PDO,,,,50,Hit Parked Vehicle,Not Divided,Daylight,,Not Raining
2017-5038-8/11/2018,0,0,0,0,1: PDO,Full,2,,50,Right Turn,Cross Road,Night,,Not Raining
2017-5039-8/11/2018,0,0,0,0,1: PDO,Full,1,,60,Rear End,T-Junction,Daylight,,Not Raining
2017-5040-8/11/2018,0,0,0,0,1: PDO,,0,,25,Side Swipe,Cross Road,Daylight,,Not Raining
2017-5041-8/11/2018,0,0,0,0,1: PDO,Full,1,,60,Right Turn,T-Junction,Night,,Not Raining
2017-5042-8/11/2018,0,0,0,0,1: PDO,Full,1,Y,80,Head On,Not Divided,Daylight,,Not Raining
2017-5043-8/11/2018,1,0,0,1,2: MI,Full,1,,60,Hit Parked Vehicle,Not Divided,Night,Y,Not Raining
2017-5044-8/11/2018,0,0,0,0,1: PDO,,,,60,Rear End,Divided Road,Daylight,,Not Raining
2017-5045-8/11/2018,1,0,0,1,2: MI,Full,1,Y,110,Hit Fixed Object,Not Divided,Daylight,Y,Not Raining
2017-5046-8/11/2018,1,0,0,1,2: MI,,,Y,60,Roll Over,T-Junction,Night,,Not Raining
2017-5047-8/11/2018,1,0,1,0,3: SI,Unknown,1,,50,Other,Not Divided,Night,,Not Raining
2017-5048-8/11/2018,1,0,0,1,2: MI,Full,5,Y,60,Hit Fixed Object,Divided Road,Night,,Not Raining
2017-5049-8/11/2018,0,0,0,0,1: PDO,Full,4,,50,Hit Parked Vehicle,Not Divided,Night,Y,Not Raining
2017-5050-8/11/2018,0,0,0,0,1: PDO,Unknown,1,,50,Hit Fixed Object,Not Divided,Night,,Not Raining
2017-5051-8/11/2018,0,0,0,0,1: PDO,Full,1,,60,Rear End,Divided Road,Night,,Not Raining
2017-5052-8/11/2018,0,0,0,0,1: PDO,Unknown,1,,50,Right Angle,Cross Road,Night,,Not Raining
2017-5053-8/11/2018,2,0,0,2,2: MI,Full,1,,50,Right Turn,T-Junction,Daylight,,Not Raining
2017-5054-8/11/2018,0,0,0,0,1: PDO,Unknown,1,,50,Rear End,Not Divided,Daylight,,Not Raining
2017-5055-8/11/2018,0,0,0,0,1: PDO,Full,1,,50,Right Angle,Cross Road,Daylight,,Not Raining
2017-5056-8/11/2018,0,0,0,0,1: PDO,Full,2,,60,Hit Parked Vehicle,Divided Road,Daylight,,Not Raining
2017-5057-8/11/2018,1,0,0,1,2: MI,Full,1,Y,50,Hit Fixed Object,Not Divided,Daylight,,Not Raining
2017-5058-8/11/2018,0,0,0,0,1: PDO,Full,4,,100,Hit Fixed Object,Not Divided,Night,,Not Raining
2017-5059-8/11/2018,1,0,0,1,2: MI,Full,1,,50,Rear End,Cross Road,Daylight,,Not Raining
2017-5060-8/11/2018,0,0,0,0,1: PDO,Provisional 2,1,,60,Rear End,Divided Road,Daylight,,Not Raining
2017-5061-8/11/2018,0,0,0,0,1: PDO,Full,1,,60,Rear End,Divided Road,Daylight,,Unknown
2017-5062-8/11/2018,0,0,0,0,1: PDO,Full,1,,50,Right Angle,Cross Road,Night,,Not Raining
2017-5063-8/11/2018,1,0,0,1,2: MI,Full,2,,50,Rear End,Divided Road,Daylight,,Not Raining
2017-5064-8/11/2018,0,0,0,0,1: PDO,Full,1,,50,Hit Fixed Object,Not Divided,Daylight,,Not Raining