REPORT_ID,Total Cas,Total Fats,Total SI,Total MI,CSEF Severity,Licence Type,Number Occupants,Drugs Involved,Area Speed,Crash Type,Position Type,DayNight,DUI Involved,Weather Cond
2017-5065-8/11/2018,1,0,0,1,2: MI,,1,,80,Hit Fixed Object,Not Divided,Daylight,,Not Raining
2017-5066-8/11/2018,1,0,0,1,2: MI,Full,2,,100,Roll Over,Not Divided,Night,Y,Not Raining
2017-5067-8/11/2018,0,0,0,0,1: PDO,Unknown,1,,100,Hit Fixed Object,Not Divided,Daylight,,Not Raining
2017-5068-8/11/2018,0,0,0,0,1: PDO,Unknown,1,,50,Side Swipe,Divided Road,Daylight,,Not Raining
2017-5069-8/11/2018,0,0,0,0,1: PDO,Full,1,,50,Right Turn,T-Junction,Daylight,,Raining
2017-5070-8/11/2018,1,0,0,1,2: MI,Full,2,,60,Rear End,Cross Road,Night,,Not Raining
2017-5071-8/11/2018,0,0,0,0,1: PDO,Provisional 2,2,,60,Right Turn,Cross Road,Daylight,,Not Raining
2017-5072-8/11/2018,0,0,0,0,1: PDO,,,,60,Rear End,Cross Road,Daylight,,Not Raining
2017-5073-8/11/2018,1,0,0,1,2: MI,Full,1,,60,Rear End,Divided Road,Night,,Not Raining
2017-5074-8/11/2018,0,0,0,0,1: PDO,Full,1,,60,Hit Fixed Object,Divided Road,Daylight,,Raining
2017-5075-8/11/2018,1,0,0,1,2: MI,,1,,60,Other,Divided Road,Night,,Not Raining
2017-5076-8/11/2018,1,0,1,0,3: SI,Unknown,1,,110,Roll Over,Not Divided,Daylight,,Not Raining
2017-5077-8/11/2018,2,0,0,2,2: MI,Full,2,,60,Side Swipe,Cross Road,Night,,Raining
2017-5078-8/11/2018,3,0,0,3,2: MI,Provisional 1 ,2,,50,Right Angle,T-Junction,Night,,Raining
2017-5079-8/11/2018,1,0,0,1,2: MI,Full,1,,70,Right Angle,T-Junction,Night,,Not Raining
2017-5080-8/11/2018,1,0,0,1,2: MI,Full,2,,80,Hit Fixed Object,Not Divided,Night,,Raining
2017-5081-8/11/2018,1,0,0,1,2: MI,Full,1,,80,Rear End,Divided Road,Daylight,,Raining
2017-5082-8/11/2018,0,0,0,0,1: PDO,Full,1,,60,Right Angle,Cross Road,Night,,Raining
2017-5083-8/11/2018,1,0,0,1,2: MI,Full,1,,100,Hit Fixed Object,Not Divided,Daylight,,Not Raining
2017-5084-8/11/2018,1,0,0,1,2: MI,,,,60,Hit Pedestrian,Cross Road,Daylight,,Raining
2017-5085-8/11/2018,1,0,0,1,2: MI,Full,1,,60,Side Swipe,Cross Road,Daylight,,Not Raining
2017-5086-8/11/2018,0,0,0,0,1: PDO,Full,1,,60,Rear End,Divided Road,Daylight,,Not Raining
2017-5087-8/11/2018,1,0,0,1,2: MI,Full,2,,50,Rear End,T-Junction,Night,,Raining
2017-5088-8/11/2018,0,0,0,0,1: PDO,Full,1,,60,Side Swipe,Divided Road,Night,,Not Raining
2017-5089-8/11/2018,0,0,0,0,1: PDO,Full,1,,60,Rear End,Divided Road,Night,,Not Raining
2017-5090-8/11/2018,1,0,0,1,2: MI,Full,1,,60,Rear End,Rail Xing,Daylight,,Not Raining
2017-5091-8/11/2018,1,0,0,1,2: MI,Full,1,,80,Rear End,Divided Road,Daylight,,Not Raining
2017-5092-8/11/2018,0,0,0,0,1: PDO,Full,2,,110,Hit Fixed Object,Not Divided,Daylight,,Not Raining
2017-5093-8/11/2018,0,0,0,0,1: PDO,Full,2,,100,Roll Over,Not Divided,Daylight,,Not Raining
2017-5094-8/11/2018,1,0,0,1,2: MI,Full,1,,60,Side Swipe,Divided Road,Daylight,,Not Raining
2017-5095-8/11/2018,0,0,0,0,1: PDO,Full,1,,80,Side Swipe,Divided Road,Daylight,,Not Raining
2017-5096-8/11/2018,0,0,0,0,1: PDO,Full,1,,60,Side Swipe,Not Divided,Daylight,,Not Raining
2017-5097-8/11/2018,1,0,0,1,2: MI,,1,,50,Hit Parked Vehicle,Divided Road,Daylight,,Not Raining
2017-5098-8/11/2018,1,0,0,1,2: MI,Full,1,,60,Rear End,T-Junction,Daylight,,Raining
2017-5099-8/11/2018,1,0,0,1,2: MI,,0,,60,Right Turn,T-Junction,Daylight,,Not Raining
2017-5100-8/11/2018,0,0,0,0,1: PDO,Full,1,,70,Rear End,Divided Road,Daylight,,Raining
2017-5101-8/11/2018,0,0,0,0,1: PDO,,,,60,Right Angle,T-Junction,Daylight,,Raining
2017-5102-8/11/2018,1,0,0,1,2: MI,Full,1,,60,Right Angle,T-Junction,Daylight,,Not Raining
2017-5103-8/11/2018,2,0,0,2,2: MI,Full,2,,60,Right Turn,T-Junction,Daylight,,Not Raining
2017-5104-8/11/2018,2,0,0,2,2: MI,Full,1,,50,Right Angle,Cross Road,Daylight,,Raining
2017-5105-8/11/2018,0,0,0,0,1: PDO,Full,1,,50,Right Turn,Cross Road,Night,,Not Raining
2017-5106-8/11/2018,1,0,0,1,2: MI,Full,1,,50,Right Angle,T-Junction,Daylight,,Not Raining
2017-5107-8/11/2018,1,0,0,1,2: MI,,1,,60,Roll Over,T-Junction,Night,,Not Raining
2017-5108-8/11/2018,0,0,0,0,1: PDO,Unknown,1,,80,Right Angle,T-Junction,Night,,Not Raining
2017-5109-8/11/2018,1,0,0,1,2: MI,Provisional 2,1,,60,Rear End,Divided Road,Night,,Not Raining
2017-5110-8/11/2018,0,0,0,0,1: PDO,,,,50,Right Turn,Cross Road,Night,,Not Raining
2017-5111-8/11/2018,1,0,0,1,2: MI,Full,1,,50,Roll Over,Not Divided,Night,,Not Raining
2017-5112-8/11/2018,0,0,0,0,1: PDO,Full,1,,60,Head On,Not Divided,Daylight,Y,Not Raining
2017-5113-8/11/2018,1,0,0,1,2: MI,Unknown,1,,100,Rear End,Interchange,Daylight,,Raining
2017-5114-8/11/2018,0,0,0,0,1: PDO,Unknown,2,,50,Hit Fixed Object,T-Junction,Night,,Not Raining
2017-5115-8/11/2018,1,0,0,1,2: MI,,,,60,Hit Fixed Object,T-Junction,Night,,Raining
2017-5116-8/11/2018,0,0,0,0,1: PDO,Full,1,,60,Rear End,Divided Road,Night,,Raining
2017-5117-8/11/2018,0,0,0,0,1: PDO,Provisional 2,1,,60,Rear End,Divided Road,Daylight,,Not Raining
2017-5118-8/11/2018,0,0,0,0,1: PDO,Full,1,,50,Right Angle,Cross Road,Daylight,,Not Raining
2017-5119-8/11/2018,0,0,0,0,1: PDO,Full,4,,110,Hit Fixed Object,Not Divided,Daylight,,Not Raining
2017-5120-8/11/2018,0,0,0,0,1: PDO,,0,,60,Right Angle,Cross Road,Daylight,,Not Raining
2017-5121-8/11/2018,1,0,0,1,2: MI,Full,2,,60,Head On,Not Divided,Daylight,,Not Raining
2017-5122-8/11/2018,0,0,0,0,1: PDO,Provisional 2,1,,60,Rear End,Divided Road,Daylight,,Not Raining
2017-5123-8/11/2018,0,0,0,0,1: PDO,Full,2,,60,Side Swipe,Not Divided,Night,,Not Raining
2017-5124-8/11/2018,0,0,0,0,1: PDO,Full,1,,50,Rear End,Not Divided,Daylight,,Not Raining
2017-5125-8/11/2018,1,0,0,1,2: MI,Provisional 2,1,,60,Rear End,Divided Road,Daylight,,Raining
2017-5126-8/11/2018,1,0,0,1,2: MI,Unknown,2,,50,Rear End,Cross Road,Daylight,,Not Raining
2017-5127-8/11/2018,1,0,0,1,2: MI,,,,60,Right Angle,T-Junction,Daylight,,Not Raining
2017-5128-8/11/2018,0,0,0,0,1: PDO,Unknown,1,,60,Right Angle,T-Junction,Daylight,,Not Raining
2017-5129-8/11/2018,1,0,0,1,2: MI,Full,4,,80,Right Turn,Cross Road,Daylight,,Not Raining
2017-5130-8/11/2018,1,0,0,1,2: MI,Full,1,,40,Side Swipe,Not Divided,Daylight,,Not Raining
2017-5131-8/11/2018,0,0,0,0,1: PDO,,,,50,Hit Parked Vehicle,Divided Road,Daylight,,Not Raining
2017-5132-8/11/2018,1,0,0,1,2: MI,Full,1,,60,Rear End,T-Junction,Daylight,,Not Raining
2017-5133-8/11/2018,1,0,0,1,2: MI,Full,1,,50,Hit Fixed Object,Not Divided,Night,,Not Raining
2017-5134-8/11/2018,0,0,0,0,1: PDO,Full,1,,50,Right Angle,T-Junction,Daylight,,Not Raining
2017-5135-8/11/2018,1,0,0,1,2: MI,,,,60,Right Angle,T-Junction,Daylight,,Not Raining
2017-5136-8/11/2018,0,0,0,0,1: PDO,Full,1,,50,Side Swipe,T-Junction,Daylight,,Not Raining
2017-5137-8/11/2018,1,0,0,1,2: MI,,,,110,Rear End,Divided Road,Daylight,,Not Raining
2017-5138-8/11/2018,1,0,0,1,2: MI,Full,1,,60,Rear End,Cross Road,Daylight,,Not Raining
2017-5139-8/11/2018,1,0,0,1,2: MI,Provisional 2,1,,60,Rear End,Cross Road,Daylight,,Not Raining
2017-5140-8/11/2018,0,0,0,0,1: PDO,Provisional 2,2,,50,Rear End,T-Junction,Daylight,,Not Raining
2017-5141-8/11/2018,0,0,0,0,1: PDO,Full,1,,60,Right Angle,T-Junction,Daylight,,Not Raining
2017-5142-8/11/2018,1,0,0,1,2: MI,,,,50,Right Angle,Cross Road,Daylight,,Raining
2017-5143-8/11/2018,1,0,0,1,2: MI,Full,1,,110,Hit Fixed Object,Not Divided,Daylight,,Not Raining
2017-5144-8/11/2018,1,0,0,1,2: MI,Unknown,1,,50,Rear End,Not Divided,Night,,Not Raining
2017-5145-8/11/2018,0,0,0,0,1: PDO,Provisional 2,1,,60,Rear End,Divided Road,Daylight,,Not Raining
2017-5146-8/11/2018,1,0,0,1,2: MI,Unknown,1,,50,Rear End,Cross Road,Daylight,,Not Raining
2017-5147-8/11/2018,2,0,0,2,2: MI,Full,2,,70,Rear End,Not Divided,Daylight,,Not Raining
2017-5148-8/11/2018,1,0,0,1,2: MI,Provisional 2,1,,60,Rear End,T-Junction,Daylight,,Not Raining
2017-5149-8/11/2018,0,0,0,0,1: PDO,Full,1,,50,Hit Parked Vehicle,Divided Road,Daylight,,Not Raining
2017-5150-8/11/2018,0,0,0,0,1: PDO,Full,1,,70,Side Swipe,Divided Road,Daylight,,Not Raining
2017-5151-8/11/2018,1,0,0,1,2: MI,,1,,60,Right Angle,T-Junction,Daylight,,Not Raining
2017-5152-8/11/2018,0,0,0,0,1: PDO,Full,2,,90,Side Swipe,Divided Road,Daylight,,Not Raining
2017-5153-8/11/2018,0,0,0,0,1: PDO,,1,,80,Roll Over,Not Divided,Night,,Raining
2017-5154-8/11/2018,1,0,0,1,2: MI,Unknown,1,,60,Right Turn,Cross Road,Night,,Not Raining
2017-5155-8/11/2018,0,0,0,0,1: PDO,,0,,60,Rear End,Cross Road,Night,,Not Raining
2017-5156-8/11/2018,0,0,0,0,1: PDO,Full,2,,60,Rear End,T-Junction,Daylight,,Not Raining
2017-5157-8/11/2018,0,0,0,0,1: PDO,Full,1,,60,Right Angle,Not Divided,Daylight,,Not Raining
2017-5158-8/11/2018,0,0,0,0,1: PDO,Unknown,1,,90,Right Angle,T-Junction,Night,,Not Raining
2017-5159-8/11/2018,0,0,0,0,1: PDO,Learners,1,,60,Hit Pedestrian,Cross Road,Daylight,,Not Raining
2017-5160-8/11/2018,0,0,0,0,1: PDO,,,,50,Hit Parked Vehicle,Not Divided,Daylight,,Not Raining
2017-5161-8/11/2018,1,0,0,1,2: MI,,,,100,Hit Fixed Object,Not Divided,Night,,Raining
2017-5162-8/11/2018,1,0,0,1,2: MI,Full,1,,60,Rear End,Divided Road,Daylight,,Not Raining
2017-5163-8/11/2018,1,0,0,1,2: MI,Unknown,1,,60,Hit Fixed Object,Divided Road,Night,,Not Raining
2017-5164-8/11/2018,0,0,0,0,1: PDO,Full,2,,50,Hit Fixed Object,Not Divided,Night,Y,Not Raining
2017-5165-8/11/2018,0,0,0,0,1: PDO,Full,1,,50,Hit Fixed Object,Not Divided,Night,Y,Not Raining
2017-5166-8/11/2018,0,0,0,0,1: PDO,Full,1,,50,Rear End,Not Divided,Daylight,,Not Raining
2017-5167-8/11/2018,0,0,0,0,1: PDO,Provisional 2,3,,100,Rear End,Divided Road,Night,,Not Raining
2017-5168-8/11/2018,0,0,0,0,1: PDO,,1,,50,Hit Fixed Object,Not Divided,Night,,Not Raining
2017-5169-8/11/2018,0,0,0,0,1: PDO,Provisional 1 ,2,,60,Side Swipe,Divided Road,Daylight,,Not Raining
2017-5170-8/11/2018,0,0,0,0,1: PDO,,,,100,Roll Over,Not Divided,Night,,Not Raining
2017-5171-8/11/2018,0,0,0,0,1: PDO,Full,1,,60,Rear End,Cross Road,Daylight,,Not Raining
2017-5172-8/11/2018,0,0,0,0,1: PDO,,,,110,Hit Object on Road,Not Divided,Night,,Not Raining
2017-5173-8/11/2018,0,0,0,0,1: PDO,,,,100,Hit Animal,Not Divided,Night,,Not Raining
2017-5174-8/11/2018,0,0,0,0,1: PDO,Full,1,,60,Rear End,Cross Road,Daylight,,Not Raining
2017-5175-8/11/2018,0,0,0,0,1: PDO,,,,50,Hit Fixed Object,Not Divided,Daylight,,Not Raining
2017-5176-8/11/2018,0,0,0,0,1: PDO,Full,1,,60,Right Turn,T-Junction,Night,,Not Raining
2017-5177-8/11/2018,1,0,0,1,2: MI,,,,100,Head On,Not Divided,Night,,Not Raining
2017-5178-8/11/2018,0,0,0,0,1: PDO,Full,1,,50,Hit Parked Vehicle,Not Divided,Night,,Not Raining
2017-5179-8/11/2018,0,0,0,0,1: PDO,Full,1,,60,Rear End,Cross Road,Daylight,,Not Raining
2017-5180-8/11/2018,0,0,0,0,1: PDO,Full,1,,100,Head On,Not Divided,Daylight,,Not Raining
2017-5181-8/11/2018,0,0,0,0,1: PDO,Full,1,,110,Hit Fixed Object,Divided Road,Daylight,,Not Raining
2017-5182-8/11/2018,0,0,0,0,1: PDO,,,,60,Right Angle,T-Junction,Night,,Not Raining
2017-5183-8/11/2018,0,0,0,0,1: PDO,Full,1,,110,Roll Over,Not Divided,Night,,Raining
2017-5184-8/11/2018,0,0,0,0,1: PDO,,0,,70,Hit Fixed Object,Not Divided,Night,,Not Raining
2017-5185-8/11/2018,0,0,0,0,1: PDO,Provisional 2,1,,50,Hit Parked Vehicle,Not Divided,Daylight,,Not Raining
2017-5186-8/11/2018,0,0,0,0,1: PDO,,,,90,Rear End,T-Junction,Night,,Not Raining
2017-5187-8/11/2018,0,0,0,0,1: PDO,Provisional 2,2,,60,Right Turn,T-Junction,Night,,Not Raining
2017-5188-8/11/2018,0,0,0,0,1: PDO,,,,60,Side Swipe,Not Divided,Night,,Not Raining
2017-5189-8/11/2018,1,0,0,1,2: MI,Full,3,,60,Rear End,Cross Road,Daylight,,Not Raining
2017-5190-8/11/2018,1,0,0,1,2: MI,,,,50,Right Angle,Not Divided,Daylight,,Not Raining
2017-5191-8/11/2018,0,0,0,0,1: PDO,,,,60,Rear End,Divided Road,Daylight,,Not Raining
2017-5192-8/11/2018,0,0,0,0,1: PDO,Full,1,,50,Side Swipe,Not Divided,Night,,Not Raining
2017-5193-8/11/2018,0,0,0,0,1: PDO,,1,,80,Right Angle,Cross Road,Daylight,Y,Not Raining
2017-5194-8/11/2018,0,0,0,0,1: PDO,Full,2,,60,Rear End,Cross Road,Night,,Not Raining
2017-5195-8/11/2018,0,0,0,0,1: PDO,Full,1,,50,Rear End,Cross Road,Night,,Not Raining
2017-5196-8/11/2018,0,0,0,0,1: PDO,Full,1,,50,Other,Not Divided,Night,,Not Raining
2017-5197-8/11/2018,0,0,0,0,1: PDO,Full,2,,50,Right Turn,T-Junction,Night,,Not Raining
2017-5198-8/11/2018,0,0,0,0,1: PDO,Full,3,,50,Hit Pedestrian,Cross Road,Night,,Raining
2017-5199-8/11/2018,0,0,0,0,1: PDO,,,,60,Rear End,Not Divided,Daylight,,Not Raining
2017-5200-8/11/2018,1,0,0,1,2: MI,Provisional 2,1,,70,Rear End,Cross Road,Night,,Not Raining
2017-5201-8/11/2018,4,0,0,4,2: MI,,,,50,Hit Fixed Object,Not Divided,Daylight,,Not Raining
2017-5202-8/11/2018,0,0,0,0,1: PDO,Provisional 2,2,,60,Right Turn,Cross Road,Daylight,,Not Raining
2017-5203-8/11/2018,0,0,0,0,1: PDO,Full,4,,50,Hit Parked Vehicle,Not Divided,Daylight,,Not Raining
2017-5204-8/11/2018,0,0,0,0,1: PDO,Full,2,,60,Right Angle,Divided Road,Daylight,,Not Raining
2017-5205-8/11/2018,1,0,1,0,3: SI,Full,1,,60,Right Turn,T-Junction,Night,,Not Raining
2017-5206-8/11/2018,2,0,0,2,2: MI,Full,1,,100,Right Angle,T-Junction,Daylight,,Not Raining
2017-5207-8/11/2018,1,0,1,0,3: SI,Full,1,,60,Right Turn,T-Junction,Night,,Raining
2017-5208-8/11/2018,0,0,0,0,1: PDO,Full,2,,50,Hit Fixed Object,T-Junction,Night,,Not Raining
2017-5209-8/11/2018,0,0,0,0,1: PDO,Full,2,,60,Hit Parked Vehicle,Cross Road,Night,Y,Raining
2017-5210-8/11/2018,0,0,0,0,1: PDO,,,,60,Right Angle,T-Junction,Daylight,,Raining
2017-5211-8/11/2018,0,0,0,0,1: PDO,,,,100,Hit Fixed Object,Not Divided,Night,,Not Raining
2017-5212-8/11/2018,0,0,0,0,1: PDO,Provisional 2,1,,50,Hit Fixed Object,Not Divided,Night,,Not Raining
2017-5213-8/11/2018,0,0,0,0,1: PDO,,,,50,Hit Fixed Object,Not Divided,Night,,Not Raining
2017-5214-8/11/2018,0,0,0,0,1: PDO,Provisional 1 ,1,,80,Hit Animal,Not Divided,Night,,Not Raining
2017-5215-8/11/2018,0,0,0,0,1: PDO,Full,1,,60,Rear End,Not Divided,Night,,Not Raining
2017-5216-8/11/2018,0,0,0,0,1: PDO,Full,2,,60,Hit Fixed Object,Divided Road,Night,,Not Raining
2017-5217-8/11/2018,0,0,0,0,1: PDO,,0,,100,Rear End,Freeway,Night,,Not Raining
2017-5218-8/11/2018,0,0,0,0,1: PDO,Full,1,,80,Side Swipe,Divided Road,Daylight,,Not Raining
2017-5219-8/11/2018,2,0,0,2,2: MI,Full,1,,60,Rear End,Cross Road,Daylight,,Not Raining
2017-5220-8/11/2018,1,0,0,1,2: MI,Provisional 2,1,,60,Right Turn,Cross Road,Daylight,,Not Raining
2017-5221-8/11/2018,1,0,0,1,2: MI,,,,50,Hit Parked Vehicle,Not Divided,Daylight,,Not Raining
2017-5222-8/11/2018,0,0,0,0,1: PDO,Full,5,,60,Side Swipe,Y-Junction,Daylight,,Not Raining
2017-5223-8/11/2018,0,0,0,0,1: PDO,Full,1,,50,Hit Fixed Object,Not Divided,Daylight,,Not Raining
2017-5224-8/11/2018,0,0,0,0,1: PDO,Full,2,,50,Right Angle,Not Divided,Daylight,,Not Raining
2017-5225-8/11/2018,1,0,0,1,2: MI,,,,80,Rear End,Divided Road,Night,,Not Raining
2017-5226-8/11/2018,0,0,0,0,1: PDO,Unknown,1,,60,Hit Parked Vehicle,Divided Road,Daylight,,Not Raining
2017-5227-8/11/2018,0,0,0,0,1: PDO,,,,60,Hit Parked Vehicle,Divided Road,Daylight,,Not Raining
2017-5228-8/11/2018,0,0,0,0,1: PDO,Full,1,,60,Right Angle,Cross Road,Night,,Not Raining
2017-5229-8/11/2018,2,0,0,2,2: MI,Provisional 1 ,2,,60,Rear End,Cross Road,Daylight,,Not Raining
2017-5230-8/11/2018,0,0,0,0,1: PDO,Provisional 2,1,,70,Hit Fixed Object,Not Divided,Daylight,,Not Raining
2017-5231-8/11/2018,0,0,0,0,1: PDO,,,,60,Rear End,Rail Crossing,Daylight,,Not Raining
2017-5232-8/11/2018,0,0,0,0,1: PDO,Full,1,,60,Side Swipe,Divided Road,Daylight,,Not Raining
2017-5233-8/11/2018,2,0,0,2,2: MI,Full,2,Y,100,Right Angle,Cross Road,Daylight,,Not Raining
2017-5234-8/11/2018,2,0,2,0,3: SI,Full,2,,100,Right Angle,T-Junction,Daylight,,Not Raining
2017-5235-8/11/2018,1,0,1,0,3: SI,Provisional 2,1,,100,Hit Fixed Object,Not Divided,Daylight,,Not Raining
2017-5236-8/11/2018,1,0,0,1,2: MI,Full,1,,50,Right Angle,T-Junction,Daylight,,Not Raining
2017-5237-8/11/2018,0,0,0,0,1: PDO,,,,70,Side Swipe,T-Junction,Daylight,,Not Raining
2017-5238-8/11/2018,0,0,0,0,1: PDO,Full,4,,60,Rear End,Divided Road,Daylight,,Not Raining
2017-5239-8/11/2018,1,0,0,1,2: MI,Full,1,,60,Rear End,Cross Road,Daylight,,Not Raining
2017-5240-8/11/2018,0,0,0,0,1: PDO,Probationary,1,,50,Hit Fixed Object,Not Divided,Daylight,,Not Raining
2017-5241-8/11/2018,1,0,0,1,2: MI,,,,60,Rear End,Divided Road,Daylight,,Not Raining
2017-5242-8/11/2018,0,0,0,0,1: PDO,Full,2,,50,Right Turn,Not Divided,Daylight,,Not Raining
2017-5243-8/11/2018,0,0,0,0,1: PDO,Full,1,,70,Hit Parked Vehicle,Not Divided,Daylight,,Not Raining
2017-5244-8/11/2018,0,0,0,0,1: PDO,Full,1,,110,Side Swipe,Divided Road,Daylight,,Not Raining
2017-5245-8/11/2018,2,0,0,2,2: MI,Full,5,,90,Side Swipe,Divided Road,Night,,Not Raining
2017-5246-8/11/2018,1,0,0,1,2: MI,Full,2,,50,Right Angle,Cross Road,Night,,Not Raining
2017-5247-8/11/2018,2,0,2,0,3: SI,Provisional 2,2,,100,Roll Over,Not Divided,Daylight,,Not Raining
2017-5248-8/11/2018,0,0,0,0,1: PDO,Full,1,,50,Hit Pedestrian,Not Divided,Night,,Not Raining
2017-5249-8/11/2018,0,0,0,0,1: PDO,Full,1,,80,Side Swipe,Divided Road,Night,,Not Raining
2017-5250-8/11/2018,0,0,0,0,1: PDO,Full,1,,60,Rear End,Divided Road,Night,,Not Raining
2017-5251-8/11/2018,0,0,0,0,1: PDO,Unknown,1,,60,Right Turn,T-Junction,Daylight,,Not Raining
2017-5252-8/11/2018,3,0,0,3,2: MI,Full,1,Y,60,Right Turn,Cross Road,Night,,Not Raining
2017-5253-8/11/2018,0,0,0,0,1: PDO,Full,1,,60,Right Turn,Cross Road,Night,,Not Raining
2017-5254-8/11/2018,0,0,0,0,1: PDO,Provisional 1 ,1,,100,Rear End,Not Divided,Night,,Not Raining
2017-5255-8/11/2018,1,0,0,1,2: MI,Full,1,,50,Hit Parked Vehicle,Divided Road,Night,,Not Raining
2017-5256-8/11/2018,1,0,0,1,2: MI,Full,1,Y,50,Head On,Not Divided,Night,,Not Raining
2017-5257-8/11/2018,2,0,1,1,3: SI,Unknown,1,,50,Hit Fixed Object,Divided Road,Night,Y,Not Raining
2017-5258-8/11/2018,0,0,0,0,1: PDO,Full,1,,50,Hit Parked Vehicle,Not Divided,Night,,Not Raining
2017-5259-8/11/2018,0,0,0,0,1: PDO,,,,50,Hit Fixed Object,Not Divided,Night,,Not Raining
2017-5260-8/11/2018,0,0,0,0,1: PDO,Full,1,,50,Hit Fixed Object,Not Divided,Night,,Not Raining
2017-5261-8/11/2018,0,0,0,0,1: PDO,Full,1,,60,Hit Fixed Object,T-Junction,Night,Y,Not Raining
2017-5262-8/11/2018,0,0,0,0,1: PDO,Learners,2,,50,Hit Pedestrian,Cross Road,Night,,Not Raining
2017-5263-8/11/2018,1,0,0,1,2: MI,Full,17,,80,Hit Fixed Object,Cross Road,Night,,Not Raining
2017-5264-8/11/2018,0,0,0,0,1: PDO,Full,1,,50,Hit Fixed Object,Not Divided,Night,,Not Raining
2017-5265-8/11/2018,0,0,0,0,1: PDO,Unlicenced,3,,60,Hit Fixed Object,Not Divided,Night,,Not Raining
2017-5266-8/11/2018,0,0,0,0,1: PDO,Full,1,,50,Right Angle,Cross Road,Daylight,,Not Raining
2017-5267-8/11/2018,1,0,0,1,2: MI,Provisional 2,1,,60,Right Angle,T-Junction,Daylight,,Raining
2017-5268-8/11/2018,0,0,0,0,1: PDO,Full,1,,60,Right Turn,Cross Road,Night,,Not Raining
2017-5269-8/11/2018,1,0,1,0,3: SI,Full,3,,60,Rear End,Divided Road,Daylight,,Not Raining
2017-5270-8/11/2018,0,0,0,0,1: PDO,Unlicenced,1,,50,Right Angle,Not Divided,Daylight,,Not Raining
2017-5271-8/11/2018,0,0,0,0,1: PDO,,,,50,Hit Fixed Object,Not Divided,Daylight,,Not Raining
2017-5272-8/11/2018,1,0,0,1,2: MI,,,,50,Hit Parked Vehicle,Not Divided,Daylight,,Not Raining
2017-5273-8/11/2018,0,0,0,0,1: PDO,Unknown,3,,50,Roll Over,Not Divided,Daylight,,Not Raining
2017-5274-8/11/2018,1,0,1,0,3: SI,Full,3,,110,Roll Over,Not Divided,Daylight,,Not Raining
2017-5275-8/11/2018,1,0,0,1,2: MI,Full,1,,110,Roll Over,Not Divided,Daylight,,Not Raining
2017-5276-8/11/2018,1,0,0,1,2: MI,,0,,60,Right Turn,Divided Road,Daylight,,Not Raining
2017-5277-8/11/2018,1,0,0,1,2: MI,Full,1,,80,Rear End,Divided Road,Daylight,,Not Raining
2017-5278-8/11/2018,0,0,0,0,1: PDO,Full,1,,60,Rear End,Divided Road,Daylight,,Not Raining
2017-5279-8/11/2018,0,0,0,0,1: PDO,Full,2,,100,Hit Animal,Not Divided,Night,,Not Raining
2017-5280-8/11/2018,0,0,0,0,1: PDO,Unknown,1,,60,Hit Fixed Object,Divided Road,Daylight,,Not Raining
2017-5281-8/11/2018,1,0,0,1,2: MI,Full,1,Y,60,Hit Fixed Object,Cross Road,Daylight,,Not Raining
2017-5282-8/11/2018,0,0,0,0,1: PDO,,,,50,Rear End,Not Divided,Daylight,,Not Raining
2017-5283-8/11/2018,0,0,0,0,1: PDO,Full,2,,50,Right Angle,Cross Road,Daylight,,Not Raining
2017-5284-8/11/2018,1,0,0,1,2: MI,,,Y,50,Rear End,Not Divided,Daylight,,Not Raining
2017-5285-8/11/2018,2,0,0,2,2: MI,Full,1,,60,Hit Fixed Object,Cross Road,Night,Y,Not Raining
2017-5286-8/11/2018,1,0,0,1,2: MI,Full,5,,60,Right Angle,Divided Road,Daylight,,Not Raining