REPORT_ID,Total Cas,Total Fats,Total SI,Total MI,CSEF Severity,Licence Type,Number Occupants,Drugs Involved,Area Speed,Crash Type,Position Type,DayNight,DUI Involved,Weather Cond
2017-5287-8/11/2018,1,0,0,1,2: MI,Full,1,,50,Hit Fixed Object,Not Divided,Daylight,,Not Raining
2017-5288-8/11/2018,0,0,0,0,1: PDO,Probationary,1,,40,Hit Fixed Object,Not Divided,Daylight,Y,Not Raining
2017-5289-8/11/2018,0,0,0,0,1: PDO,,,,50,Hit Fixed Object,Not Divided,Daylight,,Not Raining
2017-5290-8/11/2018,1,0,0,1,2: MI,Full,1,,100,Roll Over,Not Divided,Night,,Not Raining
2017-5291-8/11/2018,0,0,0,0,1: PDO,Full,1,,60,Right Angle,T-Junction,Night,,Not Raining
2017-5292-8/11/2018,1,0,1,0,3: SI,,1,,60,Hit Fixed Object,Divided Road,Night,,Raining
2017-5293-8/11/2018,1,0,0,1,2: MI,,,,60,Rear End,Divided Road,Night,,Raining
2017-5294-8/11/2018,0,0,0,0,1: PDO,Probationary,1,,60,Right Angle,Cross Road,Night,,Raining
2017-5295-8/11/2018,0,0,0,0,1: PDO,Full,2,,60,Rear End,Not Divided,Night,,Raining
2017-5296-8/11/2018,0,0,0,0,1: PDO,Full,1,,50,Right Turn,Cross Road,Daylight,,Not Raining
2017-5297-8/11/2018,0,0,0,0,1: PDO,Full,1,,80,Right Turn,Cross Road,Night,,Not Raining
2017-5298-8/11/2018,0,0,0,0,1: PDO,,,,60,Hit Parked Vehicle,Divided Road,Night,,Unknown
2017-5299-8/11/2018,1,0,1,0,3: SI,Provisional 2,1,Y,50,Hit Fixed Object,Not Divided,Night,,Not Raining
2017-5300-8/11/2018,0,0,0,0,1: PDO,Full,2,,100,Hit Fixed Object,Not Divided,Night,,Not Raining
2017-5301-8/11/2018,1,0,0,1,2: MI,Full,1,,80,Hit Fixed Object,Not Divided,Night,Y,Unknown
2017-5302-8/11/2018,0,0,0,0,1: PDO,Full,3,,50,Hit Parked Vehicle,Divided Road,Daylight,,Not Raining
2017-5303-8/11/2018,0,0,0,0,1: PDO,Full,1,,50,Side Swipe,T-Junction,Daylight,,Not Raining
2017-5304-8/11/2018,1,0,0,1,2: MI,Full,1,Y,60,Hit Parked Vehicle,Divided Road,Daylight,,Not Raining
2017-5305-8/11/2018,0,0,0,0,1: PDO,Full,1,,60,Rear End,T-Junction,Night,,Raining
2017-5306-8/11/2018,1,0,0,1,2: MI,Full,2,,60,Rear End,Cross Road,Daylight,,Not Raining
2017-5307-8/11/2018,1,0,1,0,3: SI,,0,Y,50,Right Angle,Cross Road,Daylight,,Not Raining
2017-5308-8/11/2018,2,0,1,1,3: SI,,,,90,Left Road - Out of Control,Freeway,Daylight,,Not Raining
2017-5309-8/11/2018,1,0,0,1,2: MI,,,,80,Right Angle,T-Junction,Daylight,,Not Raining
2017-5310-8/11/2018,0,0,0,0,1: PDO,Unlicenced,3,,60,Rear End,Divided Road,Daylight,,Not Raining
2017-5311-8/11/2018,0,0,0,0,1: PDO,,,,50,Right Angle,T-Junction,Night,,Raining
2017-5312-8/11/2018,1,0,0,1,2: MI,,0,,110,Right Angle,T-Junction,Daylight,,Raining
2017-5313-8/11/2018,0,0,0,0,1: PDO,,0,,60,Rear End,Cross Road,Daylight,,Raining
2017-5314-8/11/2018,1,0,0,1,2: MI,,0,,110,Hit Fixed Object,Not Divided,Daylight,,Not Raining
2017-5315-8/11/2018,0,0,0,0,1: PDO,Full,1,,50,Hit Fixed Object,Not Divided,Daylight,,Not Raining
2017-5316-8/11/2018,0,0,0,0,1: PDO,Full,1,,50,Hit Fixed Object,Not Divided,Night,,Raining
2017-5317-8/11/2018,0,0,0,0,1: PDO,,,,60,Right Angle,T-Junction,Daylight,,Not Raining
2017-5318-8/11/2018,0,0,0,0,1: PDO,,,,60,Right Angle,T-Junction,Daylight,,Not Raining
2017-5319-8/11/2018,0,0,0,0,1: PDO,Learners,1,,90,Rear End,Divided Road,Night,,Not Raining
2017-5320-8/11/2018,0,0,0,0,1: PDO,Full,1,,50,Right Angle,Cross Road,Daylight,,Not Raining
2017-5321-8/11/2018,0,0,0,0,1: PDO,Full,1,,60,Right Angle,T-Junction,Daylight,,Not Raining
2017-5322-8/11/2018,0,0,0,0,1: PDO,Full,4,,60,Rear End,T-Junction,Daylight,,Not Raining
2017-5323-8/11/2018,4,0,0,4,2: MI,Full,1,,100,Head On,Not Divided,Daylight,,Raining
2017-5324-8/11/2018,1,0,0,1,2: MI,Full,1,,60,Right Angle,Cross Road,Night,,Not Raining
2017-5325-8/11/2018,2,1,0,1,4: Fatal,Full,1,Y,60,Side Swipe,T-Junction,Daylight,,Not Raining
2017-5326-8/11/2018,0,0,0,0,1: PDO,Full,1,,60,Side Swipe,Divided Road,Night,,Not Raining
2017-5327-8/11/2018,1,0,0,1,2: MI,Full,1,,110,Hit Fixed Object,Not Divided,Night,Y,Raining
2017-5328-8/11/2018,0,0,0,0,1: PDO,Full,1,,50,Hit Fixed Object,Not Divided,Night,,Raining
2017-5329-8/11/2018,0,0,0,0,1: PDO,Full,1,,50,Right Angle,T-Junction,Night,,Not Raining
2017-5330-8/11/2018,1,0,0,1,2: MI,Full,1,,50,Hit Parked Vehicle,Not Divided,Night,,Not Raining
2017-5331-8/11/2018,0,0,0,0,1: PDO,Full,2,,110,Hit Animal,Divided Road,Night,,Not Raining
2017-5332-8/11/2018,0,0,0,0,1: PDO,,0,,100,Right Angle,Cross Road,Daylight,,Not Raining
2017-5333-8/11/2018,0,0,0,0,1: PDO,Full,1,,50,Hit Fixed Object,Not Divided,Daylight,,Not Raining
2017-5334-8/11/2018,0,0,0,0,1: PDO,Full,4,,60,Right Turn,T-Junction,Night,,Raining
2017-5335-8/11/2018,1,0,0,1,2: MI,Full,1,,100,Hit Fixed Object,Freeway,Night,,Raining
2017-5336-8/11/2018,0,0,0,0,1: PDO,Full,1,,70,Rear End,Cross Road,Daylight,,Raining
2017-5337-8/11/2018,1,0,0,1,2: MI,Full,1,,70,Rear End,Divided Road,Night,,Not Raining
2017-5338-8/11/2018,1,0,0,1,2: MI,Full,2,,50,Right Angle,Cross Road,Daylight,,Raining
2017-5339-8/11/2018,1,0,1,0,3: SI,Full,1,,80,Hit Fixed Object,Cross Road,Night,,Raining
2017-5340-8/11/2018,2,0,0,2,2: MI,Unlicenced,1,,50,Right Angle,Cross Road,Daylight,,Not Raining
2017-5341-8/11/2018,0,0,0,0,1: PDO,,1,,70,Side Swipe,Divided Road,Night,,Not Raining
2017-5342-8/11/2018,0,0,0,0,1: PDO,,0,,60,Hit Fixed Object,Divided Road,Night,,Raining
2017-5343-8/11/2018,0,0,0,0,1: PDO,Full,2,,50,Roll Over,Not Divided,Daylight,,Not Raining
2017-5344-8/11/2018,1,0,0,1,2: MI,Full,1,,50,Right Angle,T-Junction,Night,,Not Raining
2017-5345-8/11/2018,0,0,0,0,1: PDO,Provisional 2,1,,70,Rear End,T-Junction,Daylight,,Raining
2017-5346-8/11/2018,0,0,0,0,1: PDO,,0,,60,Rear End,Not Divided,Daylight,,Raining
2017-5347-8/11/2018,0,0,0,0,1: PDO,Unknown,1,,40,Side Swipe,Divided Road,Daylight,,Raining
2017-5348-8/11/2018,0,0,0,0,1: PDO,Unknown,1,,60,Hit Fixed Object,Divided Road,Daylight,Y,Raining
2017-5349-8/11/2018,1,0,0,1,2: MI,Unknown,1,,60,Right Turn,Cross Road,Night,,Raining
2017-5350-8/11/2018,1,0,1,0,3: SI,Provisional 1 ,2,,80,Hit Fixed Object,Not Divided,Night,,Not Raining
2017-5351-8/11/2018,0,0,0,0,1: PDO,Unknown,1,,50,Hit Pedestrian,Divided Road,Daylight,,Not Raining
2017-5352-8/11/2018,0,0,0,0,1: PDO,Unknown,1,,70,Right Turn,T-Junction,Daylight,,Raining
2017-5353-8/11/2018,0,0,0,0,1: PDO,Full,1,,60,Side Swipe,Divided Road,Daylight,,Not Raining
2017-5354-8/11/2018,2,0,0,2,2: MI,,0,,50,Right Turn,Cross Road,Daylight,,Not Raining
2017-5355-8/11/2018,0,0,0,0,1: PDO,,0,,80,Side Swipe,Not Divided,Daylight,,Raining
2017-5356-8/11/2018,0,0,0,0,1: PDO,,,,60,Right Turn,T-Junction,Daylight,,Not Raining
2017-5357-8/11/2018,1,0,0,1,2: MI,Full,1,,60,Rear End,Cross Road,Daylight,,Not Raining
2017-5358-8/11/2018,0,0,0,0,1: PDO,Full,1,,100,Hit Fixed Object,Not Divided,Daylight,,Raining
2017-5359-8/11/2018,0,0,0,0,1: PDO,Full,1,,50,Hit Parked Vehicle,Not Divided,Daylight,,Not Raining
2017-5360-8/11/2018,1,0,0,1,2: MI,,1,,100,Head On,Not Divided,Daylight,,Not Raining
2017-5361-8/11/2018,0,0,0,0,1: PDO,Full,1,,50,Rear End,Not Divided,Daylight,,Not Raining
2017-5362-8/11/2018,0,0,0,0,1: PDO,Full,1,,100,Rear End,Ramp Off,Daylight,,Raining
2017-5363-8/11/2018,2,0,0,2,2: MI,Full,1,,110,Roll Over,Not Divided,Daylight,,Not Raining
2017-5364-8/11/2018,0,0,0,0,1: PDO,Unknown,1,,80,Rear End,Cross Road,Daylight,,Raining
2017-5365-8/11/2018,1,0,0,1,2: MI,Provisional 2,5,,60,Hit Pedestrian,Cross Road,Daylight,,Not Raining
2017-5366-8/11/2018,1,0,0,1,2: MI,Provisional 2,1,,60,Right Angle,T-Junction,Daylight,,Raining
2017-5367-8/11/2018,1,0,1,0,3: SI,Full,1,,100,Right Angle,Cross Road,Daylight,,Not Raining
2017-5368-8/11/2018,1,0,0,1,2: MI,Provisional 1 ,2,,50,Right Angle,T-Junction,Daylight,,Not Raining
2017-5369-8/11/2018,1,0,0,1,2: MI,Full,2,,90,Hit Fixed Object,Freeway,Daylight,,Raining
2017-5370-8/11/2018,1,0,0,1,2: MI,,1,,60,Side Swipe,Divided Road,Daylight,,Raining
2017-5371-8/11/2018,2,0,0,2,2: MI,Unknown,1,,60,Right Turn,T-Junction,Night,,Raining
2017-5372-8/11/2018,0,0,0,0,1: PDO,Full,1,,50,Hit Fixed Object,Not Divided,Night,,Raining
2017-5373-8/11/2018,0,0,0,0,1: PDO,Unknown,1,,60,Right Angle,Rail Xing,Daylight,,Not Raining
2017-5374-8/11/2018,1,0,0,1,2: MI,Full,1,,50,Hit Fixed Object,T-Junction,Night,,Raining
2017-5375-8/11/2018,1,0,0,1,2: MI,Full,3,,80,Rear End,Divided Road,Daylight,,Raining
2017-5376-8/11/2018,1,0,0,1,2: MI,Full,1,,50,Hit Pedestrian,Cross Road,Night,,Raining
2017-5377-8/11/2018,0,0,0,0,1: PDO,Full,1,,50,Hit Fixed Object,Cross Road,Daylight,,Raining
2017-5378-8/11/2018,0,0,0,0,1: PDO,Probationary,1,,70,Right Turn,T-Junction,Night,,Raining
2017-5379-8/11/2018,1,0,0,1,2: MI,,,,50,Right Angle,Cross Road,Night,,Raining
2017-5380-8/11/2018,1,0,0,1,2: MI,Learners,2,,100,Hit Fixed Object,Not Divided,Night,Y,Raining
2017-5381-8/11/2018,1,0,0,1,2: MI,Full,2,,80,Hit Fixed Object,Not Divided,Night,,Raining
2017-5382-8/11/2018,0,0,0,0,1: PDO,Full,1,,50,Hit Fixed Object,Not Divided,Night,,Raining
2017-5383-8/11/2018,0,0,0,0,1: PDO,,0,,60,Rear End,T-Junction,Night,,Raining
2017-5384-8/11/2018,1,0,0,1,2: MI,Full,1,,80,Rear End,T-Junction,Night,,Raining
2017-5385-8/11/2018,1,0,1,0,3: SI,Full,1,,60,Hit Pedestrian,Cross Road,Night,,Raining
2017-5386-8/11/2018,1,0,1,0,3: SI,Full,1,,70,Right Angle,Cross Road,Daylight,,Raining
2017-5387-8/11/2018,1,0,0,1,2: MI,Full,1,,60,Right Angle,Cross Road,Daylight,,Raining
2017-5388-8/11/2018,0,0,0,0,1: PDO,,,,60,Right Turn,Cross Road,Night,,Not Raining
2017-5389-8/11/2018,0,0,0,0,1: PDO,Provisional 1 ,2,,60,Rear End,Divided Road,Daylight,,Not Raining
2017-5390-8/11/2018,1,0,0,1,2: MI,Provisional 1 ,1,,80,Rear End,Divided Road,Night,,Not Raining
2017-5391-8/11/2018,1,0,1,0,3: SI,Full,2,,60,Roll Over,Not Divided,Night,,Not Raining
2017-5392-8/11/2018,1,0,1,0,3: SI,,0,,110,Roll Over,Divided Road,Daylight,,Not Raining
2017-5393-8/11/2018,1,0,0,1,2: MI,Full,2,,60,Rear End,Divided Road,Daylight,,Not Raining
2017-5394-8/11/2018,0,0,0,0,1: PDO,Full,1,,80,Rear End,Cross Road,Daylight,,Not Raining
2017-5395-8/11/2018,0,0,0,0,1: PDO,Full,1,,60,Right Turn,Cross Road,Daylight,,Raining
2017-5396-8/11/2018,0,0,0,0,1: PDO,Full,1,,60,Hit Fixed Object,Divided Road,Night,,Raining
2017-5397-8/11/2018,0,0,0,0,1: PDO,Probationary,1,,60,Right Turn,Cross Road,Daylight,,Not Raining
2017-5398-8/11/2018,0,0,0,0,1: PDO,Full,1,,60,Right Angle,T-Junction,Daylight,,Raining
2017-5399-8/11/2018,1,0,0,1,2: MI,Provisional 2,1,,50,Rear End,Cross Road,Daylight,,Not Raining
2017-5400-8/11/2018,1,0,0,1,2: MI,Unknown,1,,60,Side Swipe,T-Junction,Daylight,,Not Raining
2017-5401-8/11/2018,1,0,0,1,2: MI,Provisional 1 ,1,,60,Rear End,Rail Xing,Daylight,,Raining
2017-5402-8/11/2018,1,0,0,1,2: MI,Full,1,,60,Right Angle,T-Junction,Daylight,,Not Raining
2017-5403-8/11/2018,0,0,0,0,1: PDO,Full,1,,60,Right Turn,T-Junction,Daylight,,Not Raining
2017-5404-8/11/2018,0,0,0,0,1: PDO,Full,1,,60,Right Angle,T-Junction,Daylight,,Not Raining
2017-5405-8/11/2018,0,0,0,0,1: PDO,,1,,50,Right Angle,T-Junction,Daylight,,Not Raining
2017-5406-8/11/2018,0,0,0,0,1: PDO,Full,1,,50,Right Angle,Not Divided,Daylight,,Raining
2017-5407-8/11/2018,0,0,0,0,1: PDO,Full,2,,100,Right Angle,T-Junction,Daylight,,Not Raining
2017-5408-8/11/2018,0,0,0,0,1: PDO,Full,1,,50,Side Swipe,Not Divided,Daylight,,Not Raining
2017-5409-8/11/2018,3,0,3,0,3: SI,Full,1,,50,Hit Parked Vehicle,Not Divided,Daylight,,Not Raining
2017-5410-8/11/2018,1,0,0,1,2: MI,Full,1,,100,Hit Fixed Object,Not Divided,Daylight,,Not Raining
2017-5411-8/11/2018,0,0,0,0,1: PDO,,0,,60,Rear End,Divided Road,Daylight,,Not Raining
2017-5412-8/11/2018,5,0,0,5,2: MI,Full,1,Y,110,Roll Over,Not Divided,Daylight,,Not Raining
2017-5413-8/11/2018,1,0,1,0,3: SI,Full,1,,60,Hit Object on Road,Not Divided,Night,,Not Raining
2017-5414-8/11/2018,0,0,0,0,1: PDO,Full,3,,50,Right Angle,Not Divided,Daylight,,Not Raining
2017-5415-8/11/2018,0,0,0,0,1: PDO,Full,1,,60,Hit Parked Vehicle,T-Junction,Daylight,,Not Raining
2017-5416-8/11/2018,0,0,0,0,1: PDO,Unknown,1,,50,Right Angle,Cross Road,Daylight,,Not Raining
2017-5417-8/11/2018,0,0,0,0,1: PDO,Full,1,,50,Hit Fixed Object,T-Junction,Daylight,,Not Raining
2017-5418-8/11/2018,0,0,0,0,1: PDO,Full,1,,50,Hit Parked Vehicle,Not Divided,Daylight,,Unknown
2017-5419-8/11/2018,1,0,0,1,2: MI,Full,1,,60,Roll Over,Divided Road,Night,,Not Raining
2017-5420-8/11/2018,0,0,0,0,1: PDO,Full,1,,110,Right Angle,Not Divided,Night,,Not Raining
2017-5421-8/11/2018,0,0,0,0,1: PDO,Full,1,,80,Hit Fixed Object,Not Divided,Night,,Not Raining
2017-5422-8/11/2018,0,0,0,0,1: PDO,,,,100,Head On,Not Divided,Daylight,,Not Raining
2017-5423-8/11/2018,1,0,0,1,2: MI,,1,,60,Right Turn,T-Junction,Daylight,,Not Raining
2017-5424-8/11/2018,0,0,0,0,1: PDO,,,,60,Right Angle,Cross Road,Daylight,,Not Raining
2017-5425-8/11/2018,1,0,0,1,2: MI,Full,1,,50,Hit Pedestrian,Cross Road,Daylight,,Not Raining
2017-5426-8/11/2018,0,0,0,0,1: PDO,Full,1,,60,Hit Fixed Object,Not Divided,Night,,Raining
2017-5427-8/11/2018,0,0,0,0,1: PDO,Full,1,,60,Right Angle,Cross Road,Daylight,,Not Raining
2017-5428-8/11/2018,0,0,0,0,1: PDO,Full,1,,50,Hit Parked Vehicle,Not Divided,Daylight,,Not Raining
2017-5429-8/11/2018,0,0,0,0,1: PDO,Full,2,,50,Hit Fixed Object,Not Divided,Daylight,,Not Raining
2017-5430-8/11/2018,0,0,0,0,1: PDO,Unknown,1,,60,Right Angle,T-Junction,Daylight,,Not Raining
2017-5431-8/11/2018,1,0,0,1,2: MI,Unknown,1,,60,Right Angle,Multiple,Night,,Not Raining
2017-5432-8/11/2018,0,0,0,0,1: PDO,Full,2,,50,Hit Parked Vehicle,Not Divided,Night,,Not Raining
2017-5433-8/11/2018,1,0,0,1,2: MI,Full,1,,50,Hit Pedestrian,Not Divided,Daylight,,Not Raining
2017-5434-8/11/2018,0,0,0,0,1: PDO,Unknown,1,,50,Right Angle,T-Junction,Daylight,,Not Raining
2017-5435-8/11/2018,0,0,0,0,1: PDO,,1,,50,Right Angle,T-Junction,Daylight,,Not Raining
2017-5436-8/11/2018,0,0,0,0,1: PDO,Full,1,,60,Rear End,Divided Road,Daylight,,Not Raining
2017-5437-8/11/2018,0,0,0,0,1: PDO,Full,1,,80,Rear End,Divided Road,Daylight,,Not Raining
2017-5438-8/11/2018,0,0,0,0,1: PDO,Full,1,,40,Side Swipe,Divided Road,Daylight,,Not Raining
2017-5439-8/11/2018,1,0,0,1,2: MI,Full,2,,100,Roll Over,Not Divided,Daylight,,Not Raining
2017-5440-8/11/2018,1,0,0,1,2: MI,Provisional 1 ,3,,60,Right Angle,Not Divided,Daylight,,Not Raining
2017-5441-8/11/2018,1,0,0,1,2: MI,,,,60,Right Angle,T-Junction,Daylight,,Not Raining
2017-5442-8/11/2018,1,0,0,1,2: MI,Full,1,,10,Hit Pedestrian,Not Divided,Daylight,,Not Raining
2017-5443-8/11/2018,0,0,0,0,1: PDO,Full,1,,50,Side Swipe,Cross Road,Daylight,,Not Raining
2017-5444-8/11/2018,1,0,0,1,2: MI,Full,1,,90,Left Road - Out of Control,Not Divided,Daylight,,Not Raining
2017-5445-8/11/2018,1,0,1,0,3: SI,,,,60,Rear End,Not Divided,Daylight,,Not Raining
2017-5446-8/11/2018,0,0,0,0,1: PDO,Full,1,,60,Rear End,T-Junction,Daylight,,Not Raining
2017-5447-8/11/2018,1,0,0,1,2: MI,Full,2,,60,Rear End,Cross Road,Night,,Not Raining
2017-5448-8/11/2018,1,0,0,1,2: MI,Full,1,,60,Side Swipe,Divided Road,Daylight,,Not Raining
2017-5449-8/11/2018,0,0,0,0,1: PDO,Full,1,,100,Side Swipe,Freeway,Daylight,,Not Raining
2017-5450-8/11/2018,1,0,0,1,2: MI,Full,1,,60,Right Turn,T-Junction,Daylight,,Not Raining
2017-5451-8/11/2018,0,0,0,0,1: PDO,Unknown,1,,50,Hit Parked Vehicle,Not Divided,Night,,Not Raining
2017-5452-8/11/2018,0,0,0,0,1: PDO,Full,2,,50,Hit Parked Vehicle,Not Divided,Night,,Not Raining
2017-5453-8/11/2018,0,0,0,0,1: PDO,Full,1,,50,Right Angle,Cross Road,Daylight,,Not Raining
2017-5454-8/11/2018,0,0,0,0,1: PDO,Full,1,,60,Rear End,Divided Road,Night,,Not Raining
2017-5455-8/11/2018,0,0,0,0,1: PDO,Unknown,6,,50,Hit Parked Vehicle,Not Divided,Night,,Not Raining
2017-5456-8/11/2018,0,0,0,0,1: PDO,Unknown,1,,60,Rear End,Cross Road,Daylight,,Not Raining
2017-5457-8/11/2018,0,0,0,0,1: PDO,,,,50,Side Swipe,Not Divided,Night,,Not Raining
2017-5458-8/11/2018,3,0,0,3,2: MI,Full,1,,90,Right Turn,Cross Road,Night,,Not Raining
2017-5459-8/11/2018,2,0,0,2,2: MI,Unknown,1,,80,Side Swipe,Divided Road,Daylight,,Not Raining
2017-5460-8/11/2018,0,0,0,0,1: PDO,Full,2,,60,Rear End,T-Junction,Daylight,,Not Raining
2017-5461-8/11/2018,0,0,0,0,1: PDO,Full,1,,60,Rear End,Not Divided,Night,,Not Raining
2017-5462-8/11/2018,0,0,0,0,1: PDO,Full,1,,60,Right Turn,Cross Road,Night,,Not Raining
2017-5463-8/11/2018,1,0,0,1,2: MI,Learners,3,,60,Roll Over,T-Junction,Night,,Not Raining
2017-5464-8/11/2018,0,0,0,0,1: PDO,Full,1,,100,Rear End,Freeway,Night,,Not Raining
2017-5465-8/11/2018,1,0,0,1,2: MI,Unknown,1,,60,Hit Pedestrian,Not Divided,Night,,Not Raining
2017-5466-8/11/2018,0,0,0,0,1: PDO,Full,2,,60,Side Swipe,Divided Road,Night,,Not Raining
2017-5467-8/11/2018,0,0,0,0,1: PDO,Full,1,,50,Hit Fixed Object,Not Divided,Night,,Not Raining
2017-5468-8/11/2018,1,0,0,1,2: MI,Full,3,,40,Hit Parked Vehicle,Not Divided,Daylight,,Not Raining
2017-5469-8/11/2018,1,0,0,1,2: MI,Full,2,,80,Rear End,Divided Road,Night,,Not Raining
2017-5470-8/11/2018,0,0,0,0,1: PDO,,,,50,Hit Fixed Object,Not Divided,Night,Y,Not Raining
2017-5471-8/11/2018,0,0,0,0,1: PDO,Unlicenced,2,,50,Hit Fixed Object,Not Divided,Daylight,,Not Raining
2017-5472-8/11/2018,0,0,0,0,1: PDO,Full,1,,60,Rear End,Divided Road,Daylight,,Not Raining
2017-5473-8/11/2018,1,0,0,1,2: MI,Unknown,1,,50,Rear End,T-Junction,Daylight,,Not Raining
2017-5474-8/11/2018,0,0,0,0,1: PDO,,,,60,Rear End,Divided Road,Night,,Not Raining
2017-5475-8/11/2018,0,0,0,0,1: PDO,Full,1,,60,Rear End,Divided Road,Night,,Not Raining
2017-5476-8/11/2018,0,0,0,0,1: PDO,,,,60,Rear End,T-Junction,Daylight,,Not Raining
2017-5477-8/11/2018,0,0,0,0,1: PDO,Full,1,,60,Right Angle,T-Junction,Daylight,,Not Raining
2017-5478-8/11/2018,0,0,0,0,1: PDO,,0,,70,Rear End,Divided Road,Night,,Not Raining
2017-5479-8/11/2018,1,0,0,1,2: MI,,0,,50,Right Angle,Not Divided,Daylight,,Not Raining
2017-5480-8/11/2018,0,0,0,0,1: PDO,Full,1,,60,Side Swipe,Divided Road,Daylight,,Not Raining
2017-5481-8/11/2018,2,0,0,2,2: MI,Provisional 1 ,1,,50,Right Angle,T-Junction,Daylight,,Not Raining
2017-5482-8/11/2018,0,0,0,0,1: PDO,,,,60,Roll Over,Divided Road,Daylight,,Not Raining
2017-5483-8/11/2018,1,0,0,1,2: MI,Full,1,,60,Rear End,T-Junction,Daylight,,Not Raining
2017-5484-8/11/2018,1,0,0,1,2: MI,Full,1,,60,Right Angle,T-Junction,Daylight,,Not Raining
2017-5485-8/11/2018,0,0,0,0,1: PDO,Full,1,,60,Rear End,Divided Road,Daylight,,Not Raining
2017-5486-8/11/2018,0,0,0,0,1: PDO,Full,1,,60,Rear End,Divided Road,Daylight,,Not Raining
2017-5487-8/11/2018,0,0,0,0,1: PDO,Full,1,,50,Hit Parked Vehicle,Not Divided,Daylight,,Not Raining
2017-5488-8/11/2018,1,0,0,1,2: MI,Full,1,,80,Rear End,Divided Road,Daylight,,Not Raining
2017-5489-8/11/2018,0,0,0,0,1: PDO,Full,1,,50,Rear End,Not Divided,Daylight,,Not Raining
2017-5490-8/11/2018,0,0,0,0,1: PDO,Full,1,,60,Side Swipe,T-Junction,Daylight,,Not Raining
2017-5491-8/11/2018,0,0,0,0,1: PDO,Unknown,1,,50,Right Angle,Cross Road,Daylight,,Not Raining
2017-5492-8/11/2018,0,0,0,0,1: PDO,Full,1,,60,Rear End,Divided Road,Daylight,,Not Raining
2017-5493-8/11/2018,0,0,0,0,1: PDO,Full,1,,60,Head On,Not Divided,Night,,Not Raining
2017-5494-8/11/2018,1,0,0,1,2: MI,Full,1,,90,Rear End,Divided Road,Daylight,,Not Raining
2017-5495-8/11/2018,0,0,0,0,1: PDO,Full,1,,50,Side Swipe,Cross Road,Daylight,,Not Raining
2017-5496-8/11/2018,0,0,0,0,1: PDO,,,,50,Hit Parked Vehicle,Not Divided,Daylight,,Raining
2017-5497-8/11/2018,0,0,0,0,1: PDO,Full,1,,70,Rear End,Divided Road,Daylight,,Not Raining
2017-5498-8/11/2018,0,0,0,0,1: PDO,Unknown,1,,60,Right Angle,T-Junction,Daylight,,Not Raining
2017-5499-8/11/2018,0,0,0,0,1: PDO,Full,1,,60,Right Turn,T-Junction,Daylight,,Not Raining
2017-5500-8/11/2018,1,0,0,1,2: MI,Full,1,,80,Side Swipe,Cross Road,Daylight,,Not Raining
2017-5501-8/11/2018,2,0,0,2,2: MI,Full,1,,60,Right Turn,Cross Road,Daylight,,Not Raining
2017-5502-8/11/2018,1,0,0,1,2: MI,Full,1,,60,Rear End,Divided Road,Daylight,,Not Raining
2017-5503-8/11/2018,1,0,0,1,2: MI,Full,1,,60,Right Turn,T-Junction,Daylight,,Not Raining
2017-5504-8/11/2018,1,0,1,0,3: SI,,,,100,Hit Fixed Object,Not Divided,Daylight,,Not Raining
2017-5505-8/11/2018,0,0,0,0,1: PDO,Full,1,,60,Hit Fixed Object,T-Junction,Daylight,,Not Raining
2017-5506-8/11/2018,0,0,0,0,1: PDO,Full,1,,60,Right Turn,Divided Road,Daylight,,Not Raining
2017-5507-8/11/2018,0,0,0,0,1: PDO,Full,3,,70,Head On,Cross Road,Night,,Not Raining
2017-5508-8/11/2018,0,0,0,0,1: PDO,Full,1,,60,Right Turn,Cross Road,Daylight,,Not Raining