REPORT_ID,Total Cas,Total Fats,Total SI,Total MI,CSEF Severity,Licence Type,Number Occupants,Drugs Involved,Area Speed,Crash Type,Position Type,DayNight,DUI Involved,Weather Cond
2017-5509-8/11/2018,0,0,0,0,1: PDO,Full,2,,60,Right Turn,T-Junction,Daylight,,Not Raining
2017-5510-8/11/2018,0,0,0,0,1: PDO,Unknown,1,,60,Right Angle,Cross Road,Daylight,,Not Raining
2017-5511-8/11/2018,1,0,0,1,2: MI,Full,1,,70,Rear End,Divided Road,Night,,Not Raining
2017-5512-8/11/2018,1,0,0,1,2: MI,Full,1,,60,Hit Pedestrian,T-Junction,Daylight,,Not Raining
2017-5513-8/11/2018,0,0,0,0,1: PDO,Full,1,,80,Right Angle,Cross Road,Night,,Not Raining
2017-5514-8/11/2018,1,0,0,1,2: MI,Full,1,,60,Right Turn,Cross Road,Night,,Not Raining
2017-5515-8/11/2018,1,0,0,1,2: MI,Full,1,,50,Right Angle,Cross Road,Daylight,,Not Raining
2017-5516-8/11/2018,0,0,0,0,1: PDO,Full,1,,60,Rear End,Divided Road,Night,,Not Raining
2017-5517-8/11/2018,0,0,0,0,1: PDO,Full,1,,60,Right Turn,Cross Road,Night,,Not Raining
2017-5518-8/11/2018,0,0,0,0,1: PDO,Full,1,,60,Right Angle,Cross Road,Night,,Not Raining
2017-5519-8/11/2018,0,0,0,0,1: PDO,Full,1,,50,Hit Parked Vehicle,Not Divided,Night,,Not Raining
2017-5520-8/11/2018,1,0,1,0,3: SI,,0,,100,Hit Fixed Object,Not Divided,Night,,Not Raining
2017-5521-8/11/2018,0,0,0,0,1: PDO,Full,1,,40,Hit Parked Vehicle,Divided Road,Night,Y,Not Raining
2017-5522-8/11/2018,0,0,0,0,1: PDO,Full,4,,50,Hit Fixed Object,Not Divided,Night,,Not Raining
2017-5523-8/11/2018,1,0,0,1,2: MI,Full,2,,60,Hit Pedestrian,Not Divided,Night,,Not Raining
2017-5524-8/11/2018,1,0,0,1,2: MI,Full,2,,110,Rear End,Interchange,Night,,Not Raining
2017-5525-8/11/2018,1,0,0,1,2: MI,Full,1,,60,Rear End,Divided Road,Daylight,,Not Raining
2017-5526-8/11/2018,1,0,0,1,2: MI,Full,1,,60,Rear End,Not Divided,Daylight,,Not Raining
2017-5527-8/11/2018,0,0,0,0,1: PDO,Full,1,,60,Rear End,T-Junction,Daylight,,Not Raining
2017-5528-8/11/2018,0,0,0,0,1: PDO,Full,2,,100,Roll Over,Not Divided,Night,,Not Raining
2017-5529-8/11/2018,0,0,0,0,1: PDO,Full,3,,50,Hit Parked Vehicle,Not Divided,Night,,Not Raining
2017-5530-8/11/2018,0,0,0,0,1: PDO,Full,1,,60,Side Swipe,Cross Road,Daylight,,Not Raining
2017-5531-8/11/2018,0,0,0,0,1: PDO,Full,1,,60,Hit Pedestrian,Divided Road,Daylight,,Not Raining
2017-5532-8/11/2018,1,0,0,1,2: MI,Full,2,,50,Hit Pedestrian,Cross Road,Daylight,,Not Raining
2017-5533-8/11/2018,1,0,0,1,2: MI,,1,,50,Hit Pedestrian,Not Divided,Daylight,,Not Raining
2017-5534-8/11/2018,0,0,0,0,1: PDO,Unknown,1,,90,Rear End,Freeway,Daylight,,Not Raining
2017-5535-8/11/2018,1,0,0,1,2: MI,Unknown,1,,50,Roll Over,Divided Road,Daylight,,Not Raining
2017-5536-8/11/2018,0,0,0,0,1: PDO,,,,50,Hit Parked Vehicle,Not Divided,Daylight,,Not Raining
2017-5537-8/11/2018,0,0,0,0,1: PDO,Full,2,,60,Hit Parked Vehicle,Divided Road,Daylight,,Not Raining
2017-5538-8/11/2018,0,0,0,0,1: PDO,Provisional 2,1,,60,Right Angle,T-Junction,Daylight,,Not Raining
2017-5539-8/11/2018,0,0,0,0,1: PDO,Full,1,,60,Right Angle,T-Junction,Daylight,,Not Raining
2017-5540-8/11/2018,0,0,0,0,1: PDO,Full,2,,100,Roll Over,Not Divided,Daylight,,Not Raining
2017-5541-8/11/2018,1,0,1,0,3: SI,,,,100,Roll Over,Not Divided,Night,Y,Not Raining
2017-5542-8/11/2018,0,0,0,0,1: PDO,Provisional 2,1,,60,Side Swipe,Divided Road,Daylight,,Not Raining
2017-5543-8/11/2018,0,0,0,0,1: PDO,Provisional 2,2,,50,Hit Fixed Object,Not Divided,Daylight,,Not Raining
2017-5544-8/11/2018,0,0,0,0,1: PDO,,,,50,Hit Parked Vehicle,Not Divided,Daylight,,Not Raining
2017-5545-8/11/2018,0,0,0,0,1: PDO,Full,1,,60,Rear End,Divided Road,Daylight,,Not Raining
2017-5546-8/11/2018,1,0,0,1,2: MI,Full,1,,60,Rear End,Divided Road,Daylight,,Not Raining
2017-5547-8/11/2018,0,0,0,0,1: PDO,Provisional 2,1,,60,Hit Parked Vehicle,Not Divided,Daylight,,Not Raining
2017-5548-8/11/2018,1,0,0,1,2: MI,,0,,90,Side Swipe,Divided Road,Daylight,,Not Raining
2017-5549-8/11/2018,1,0,0,1,2: MI,Full,1,,60,Rear End,Divided Road,Night,,Not Raining
2017-5550-8/11/2018,2,0,1,1,3: SI,Full,1,Y,110,Hit Fixed Object,Freeway,Daylight,,Not Raining
2017-5551-8/11/2018,0,0,0,0,1: PDO,Provisional 2,1,,50,Hit Parked Vehicle,Not Divided,Night,,Raining
2017-5552-8/11/2018,1,0,0,1,2: MI,,1,,60,Side Swipe,Divided Road,Daylight,,Not Raining
2017-5553-8/11/2018,1,0,0,1,2: MI,Full,1,,50,Hit Pedestrian,T-Junction,Daylight,,Not Raining
2017-5554-8/11/2018,0,0,0,0,1: PDO,Full,1,,70,Rear End,Divided Road,Daylight,,Not Raining
2017-5555-8/11/2018,1,0,0,1,2: MI,Unknown,1,,100,Hit Fixed Object,Not Divided,Night,,Not Raining
2017-5556-8/11/2018,0,0,0,0,1: PDO,,,,60,Rear End,Not Divided,Daylight,,Not Raining
2017-5557-8/11/2018,0,0,0,0,1: PDO,Full,1,,50,Rear End,Not Divided,Daylight,,Not Raining
2017-5558-8/11/2018,1,0,0,1,2: MI,,0,,60,Right Angle,Cross Road,Daylight,,Not Raining
2017-5559-8/11/2018,1,0,0,1,2: MI,Full,3,,60,Rear End,Cross Road,Daylight,,Not Raining
2017-5560-8/11/2018,1,0,0,1,2: MI,,,,60,Roll Over,Divided Road,Night,,Not Raining
2017-5561-8/11/2018,0,0,0,0,1: PDO,Full,1,,50,Rear End,Not Divided,Daylight,,Not Raining
2017-5562-8/11/2018,0,0,0,0,1: PDO,,,,40,Right Angle,Cross Road,Daylight,,Not Raining
2017-5563-8/11/2018,0,0,0,0,1: PDO,Full,3,,90,Hit Fixed Object,Divided Road,Daylight,,Not Raining
2017-5564-8/11/2018,0,0,0,0,1: PDO,Full,1,,100,Hit Fixed Object,Not Divided,Daylight,,Not Raining
2017-5565-8/11/2018,1,0,0,1,2: MI,Full,1,,60,Hit Parked Vehicle,Divided Road,Daylight,,Not Raining
2017-5566-8/11/2018,1,0,0,1,2: MI,Full,1,,50,Hit Pedestrian,Cross Road,Daylight,,Not Raining
2017-5567-8/11/2018,0,0,0,0,1: PDO,Full,1,,60,Side Swipe,Divided Road,Daylight,,Not Raining
2017-5568-8/11/2018,0,0,0,0,1: PDO,Full,3,,60,Side Swipe,T-Junction,Daylight,,Not Raining
2017-5569-8/11/2018,1,0,1,0,3: SI,Unknown,2,Y,100,Hit Fixed Object,Not Divided,Daylight,,Not Raining
2017-5570-8/11/2018,0,0,0,0,1: PDO,Unknown,1,,50,Right Angle,Cross Road,Daylight,,Not Raining
2017-5571-8/11/2018,0,0,0,0,1: PDO,Provisional 2,1,,60,Right Turn,T-Junction,Night,,Not Raining
2017-5572-8/11/2018,0,0,0,0,1: PDO,Full,1,,60,Side Swipe,Divided Road,Daylight,,Not Raining
2017-5573-8/11/2018,0,0,0,0,1: PDO,,1,,60,Rear End,Divided Road,Night,,Not Raining
2017-5574-8/11/2018,0,0,0,0,1: PDO,Full,1,,80,Rear End,Divided Road,Night,,Not Raining
2017-5575-8/11/2018,0,0,0,0,1: PDO,Full,1,,60,Right Turn,Cross Road,Night,,Not Raining
2017-5576-8/11/2018,0,0,0,0,1: PDO,Full,1,,100,Roll Over,Not Divided,Daylight,,Not Raining
2017-5577-8/11/2018,0,0,0,0,1: PDO,Full,2,,80,Hit Animal,Not Divided,Night,,Not Raining
2017-5578-8/11/2018,0,0,0,0,1: PDO,Full,3,,70,Rear End,Divided Road,Night,,Not Raining
2017-5579-8/11/2018,1,0,0,1,2: MI,,,,60,Roll Over,Divided Road,Night,,Not Raining
2017-5580-8/11/2018,1,0,0,1,2: MI,Full,1,,80,Hit Pedestrian,Not Divided,Night,,Not Raining
2017-5581-8/11/2018,0,0,0,0,1: PDO,Full,1,,50,Right Turn,Cross Road,Night,,Not Raining
2017-5582-8/11/2018,0,0,0,0,1: PDO,Full,1,,110,Hit Fixed Object,Not Divided,Night,,Not Raining
2017-5583-8/11/2018,0,0,0,0,1: PDO,Full,1,,80,Hit Animal,Not Divided,Night,,Not Raining
2017-5584-8/11/2018,0,0,0,0,1: PDO,Full,3,,110,Hit Fixed Object,Divided Road,Night,,Not Raining
2017-5585-8/11/2018,0,0,0,0,1: PDO,Full,2,,60,Hit Fixed Object,Pedestrian Crossing,Night,,Not Raining
2017-5586-8/11/2018,1,0,0,1,2: MI,Provisional 1 ,1,,60,Right Angle,T-Junction,Night,,Not Raining
2017-5587-8/11/2018,0,0,0,0,1: PDO,,,,50,Hit Parked Vehicle,Not Divided,Night,,Not Raining
2017-5588-8/11/2018,0,0,0,0,1: PDO,Full,1,,60,Right Turn,T-Junction,Daylight,,Not Raining
2017-5589-8/11/2018,0,0,0,0,1: PDO,Full,2,,60,Right Angle,T-Junction,Daylight,,Not Raining
2017-5590-8/11/2018,0,0,0,0,1: PDO,Full,1,,60,Right Angle,T-Junction,Daylight,,Not Raining
2017-5591-8/11/2018,0,0,0,0,1: PDO,Full,1,,50,Hit Parked Vehicle,Not Divided,Daylight,,Not Raining
2017-5592-8/11/2018,0,0,0,0,1: PDO,Full,1,,60,Hit Fixed Object,Divided Road,Night,,Not Raining
2017-5593-8/11/2018,0,0,0,0,1: PDO,,,,50,Right Angle,T-Junction,Daylight,,Not Raining
2017-5594-8/11/2018,0,0,0,0,1: PDO,Full,1,,60,Side Swipe,Cross Road,Daylight,,Not Raining
2017-5595-8/11/2018,1,0,0,1,2: MI,Full,1,,60,Side Swipe,Not Divided,Daylight,,Not Raining
2017-5596-8/11/2018,0,0,0,0,1: PDO,Full,1,,50,Side Swipe,Cross Road,Daylight,,Not Raining
2017-5597-8/11/2018,0,0,0,0,1: PDO,Unknown,1,,80,Rear End,Divided Road,Daylight,,Not Raining
2017-5598-8/11/2018,1,0,0,1,2: MI,Full,1,,60,Right Turn,Cross Road,Daylight,,Not Raining
2017-5599-8/11/2018,1,0,0,1,2: MI,,,,60,Hit Pedestrian,Cross Road,Daylight,,Not Raining
2017-5600-8/11/2018,1,0,0,1,2: MI,Full,1,,50,Side Swipe,T-Junction,Daylight,,Not Raining
2017-5601-8/11/2018,0,0,0,0,1: PDO,,1,,60,Rear End,Not Divided,Daylight,,Not Raining
2017-5602-8/11/2018,1,0,0,1,2: MI,Full,1,,50,Hit Pedestrian,Cross Road,Night,,Not Raining
2017-5603-8/11/2018,2,0,0,2,2: MI,,1,,60,Hit Fixed Object,Not Divided,Daylight,,Not Raining
2017-5604-8/11/2018,0,0,0,0,1: PDO,,0,,50,Hit Parked Vehicle,Not Divided,Daylight,,Not Raining
2017-5605-8/11/2018,0,0,0,0,1: PDO,Full,1,,60,Rear End,Divided Road,Daylight,,Not Raining
2017-5606-8/11/2018,1,0,0,1,2: MI,Full,3,,60,Side Swipe,Not Divided,Daylight,,Not Raining
2017-5607-8/11/2018,1,0,0,1,2: MI,Full,1,,60,Rear End,Divided Road,Daylight,,Not Raining
2017-5608-8/11/2018,1,0,0,1,2: MI,Full,1,,60,Rear End,Rail Crossing,Daylight,,Not Raining
2017-5609-8/11/2018,1,0,0,1,2: MI,Unknown,1,,110,Hit Fixed Object,Not Divided,Daylight,,Not Raining
2017-5610-8/11/2018,0,0,0,0,1: PDO,Full,1,,50,Hit Parked Vehicle,Not Divided,Night,Y,Not Raining
2017-5611-8/11/2018,0,0,0,0,1: PDO,Full,2,,70,Side Swipe,Cross Road,Daylight,,Not Raining
2017-5612-8/11/2018,1,0,0,1,2: MI,Full,1,,50,Side Swipe,Divided Road,Daylight,,Not Raining
2017-5613-8/11/2018,0,0,0,0,1: PDO,Full,3,,80,Rear End,Divided Road,Night,,Not Raining
2017-5614-8/11/2018,0,0,0,0,1: PDO,Full,1,,100,Hit Fixed Object,Not Divided,Daylight,,Not Raining
2017-5615-8/11/2018,0,0,0,0,1: PDO,Full,1,,110,Hit Fixed Object,Not Divided,Daylight,,Not Raining
2017-5616-8/11/2018,1,0,0,1,2: MI,Provisional 2,2,,60,Right Turn,T-Junction,Night,,Not Raining
2017-5617-8/11/2018,0,0,0,0,1: PDO,Full,2,,50,Right Angle,T-Junction,Daylight,,Not Raining
2017-5618-8/11/2018,2,0,0,2,2: MI,Full,1,,100,Right Angle,T-Junction,Daylight,,Not Raining
2017-5619-8/11/2018,1,0,0,1,2: MI,Unknown,1,,50,Hit Pedestrian,Not Divided,Night,,Not Raining
2017-5620-8/11/2018,1,0,0,1,2: MI,Full,1,,80,Rear End,T-Junction,Daylight,,Not Raining
2017-5621-8/11/2018,0,0,0,0,1: PDO,Full,1,,60,Right Angle,T-Junction,Night,,Not Raining
2017-5622-8/11/2018,0,0,0,0,1: PDO,Full,1,,40,Rear End,Divided Road,Daylight,,Not Raining
2017-5623-8/11/2018,0,0,0,0,1: PDO,Unknown,1,,100,Hit Fixed Object,Not Divided,Daylight,,Raining
2017-5624-8/11/2018,0,0,0,0,1: PDO,Full,1,,60,Rear End,Not Divided,Daylight,,Not Raining
2017-5625-8/11/2018,0,0,0,0,1: PDO,Full,2,,60,Right Angle,T-Junction,Daylight,,Not Raining
2017-5626-8/11/2018,1,0,0,1,2: MI,Full,1,,60,Rear End,Cross Road,Daylight,,Not Raining
2017-5627-8/11/2018,1,0,0,1,2: MI,Full,1,,50,Roll Over,Cross Road,Night,,Not Raining
2017-5628-8/11/2018,1,0,0,1,2: MI,Full,1,,60,Right Angle,T-Junction,Daylight,,Not Raining
2017-5629-8/11/2018,0,0,0,0,1: PDO,,,,50,Right Angle,Cross Road,Daylight,,Not Raining
2017-5630-8/11/2018,0,0,0,0,1: PDO,,,,60,Right Angle,Not Divided,Daylight,,Not Raining
2017-5631-8/11/2018,0,0,0,0,1: PDO,Full,1,,60,Right Turn,T-Junction,Daylight,,Not Raining
2017-5632-8/11/2018,1,0,0,1,2: MI,,,,80,Roll Over,Not Divided,Daylight,,Not Raining
2017-5633-8/11/2018,2,0,0,2,2: MI,Provisional 2,2,,60,Side Swipe,Not Divided,Daylight,,Not Raining
2017-5634-8/11/2018,0,0,0,0,1: PDO,,,,80,Right Angle,Not Divided,Daylight,,Not Raining
2017-5635-8/11/2018,1,0,0,1,2: MI,Full,1,,60,Rear End,Cross Road,Daylight,,Not Raining
2017-5636-8/11/2018,1,0,0,1,2: MI,Full,1,,50,Right Angle,T-Junction,Daylight,,Raining
2017-5637-8/11/2018,0,0,0,0,1: PDO,Full,1,,70,Rear End,Divided Road,Daylight,,Not Raining
2017-5638-8/11/2018,0,0,0,0,1: PDO,Full,1,,60,Right Angle,Cross Road,Daylight,,Not Raining
2017-5639-8/11/2018,1,0,0,1,2: MI,Full,1,,60,Side Swipe,Cross Road,Daylight,,Not Raining
2017-5640-8/11/2018,0,0,0,0,1: PDO,Full,2,,100,Hit Animal,Not Divided,Night,,Not Raining
2017-5641-8/11/2018,0,0,0,0,1: PDO,Full,1,,50,Right Turn,Cross Road,Night,,Not Raining
2017-5642-8/11/2018,0,0,0,0,1: PDO,,,,100,Hit Fixed Object,Not Divided,Night,,Not Raining
2017-5643-8/11/2018,0,0,0,0,1: PDO,Full,1,,60,Rear End,Not Divided,Daylight,,Not Raining
2017-5644-8/11/2018,0,0,0,0,1: PDO,,,,90,Side Swipe,Not Divided,Daylight,,Not Raining
2017-5645-8/11/2018,1,0,0,1,2: MI,Full,5,,60,Hit Pedestrian,Divided Road,Daylight,,Not Raining
2017-5646-8/11/2018,1,0,0,1,2: MI,Full,3,,60,Right Angle,T-Junction,Night,,Not Raining
2017-5647-8/11/2018,1,0,0,1,2: MI,,,Y,50,Head On,Not Divided,Night,Y,Not Raining
2017-5648-8/11/2018,1,0,0,1,2: MI,Unknown,1,,70,Hit Pedestrian,Divided Road,Night,,Not Raining
2017-5649-8/11/2018,0,0,0,0,1: PDO,Provisional 2,2,,80,Right Angle,T-Junction,Daylight,,Not Raining
2017-5650-8/11/2018,0,0,0,0,1: PDO,,0,,50,Hit Parked Vehicle,Not Divided,Night,,Not Raining
2017-5651-8/11/2018,0,0,0,0,1: PDO,Full,1,,50,Hit Parked Vehicle,Not Divided,Night,,Not Raining
2017-5652-8/11/2018,0,0,0,0,1: PDO,Full,1,,80,Hit Fixed Object,Divided Road,Daylight,Y,Not Raining
2017-5653-8/11/2018,0,0,0,0,1: PDO,Full,1,,60,Rear End,Divided Road,Daylight,,Not Raining
2017-5654-8/11/2018,0,0,0,0,1: PDO,Full,1,,60,Right Angle,T-Junction,Daylight,,Not Raining
2017-5655-8/11/2018,0,0,0,0,1: PDO,,,,60,Rear End,Divided Road,Daylight,,Not Raining
2017-5656-8/11/2018,0,0,0,0,1: PDO,Provisional 2,1,,50,Right Angle,T-Junction,Daylight,,Not Raining
2017-5657-8/11/2018,3,0,3,0,3: SI,,,,50,Hit Fixed Object,Cross Road,Daylight,,Not Raining
2017-5658-8/11/2018,1,0,0,1,2: MI,Provisional 2,3,,60,Rear End,Cross Road,Daylight,,Not Raining
2017-5659-8/11/2018,0,0,0,0,1: PDO,,,,50,Side Swipe,Divided Road,Daylight,,Not Raining
2017-5660-8/11/2018,0,0,0,0,1: PDO,,,,60,Side Swipe,T-Junction,Daylight,,Not Raining
2017-5661-8/11/2018,0,0,0,0,1: PDO,Unknown,1,,25,Rear End,Not Divided,Daylight,,Not Raining
2017-5662-8/11/2018,0,0,0,0,1: PDO,Unknown,1,,60,Right Angle,T-Junction,Daylight,,Not Raining
2017-5663-8/11/2018,2,0,2,0,3: SI,Unknown,1,,100,Side Swipe,Not Divided,Daylight,,Not Raining
2017-5664-8/11/2018,0,0,0,0,1: PDO,,,,50,Hit Parked Vehicle,Not Divided,Daylight,,Not Raining
2017-5665-8/11/2018,0,0,0,0,1: PDO,Unknown,1,,60,Rear End,Not Divided,Daylight,,Not Raining
2017-5666-8/11/2018,0,0,0,0,1: PDO,Unknown,2,,60,Rear End,T-Junction,Daylight,Y,Not Raining
2017-5667-8/11/2018,0,0,0,0,1: PDO,Full,1,,60,Rear End,Not Divided,Daylight,,Not Raining
2017-5668-8/11/2018,0,0,0,0,1: PDO,Full,1,,80,Hit Fixed Object,Divided Road,Daylight,,Not Raining
2017-5669-8/11/2018,1,0,0,1,2: MI,Full,1,,80,Rear End,Divided Road,Daylight,,Not Raining
2017-5670-8/11/2018,0,0,0,0,1: PDO,,,,50,Right Turn,Cross Road,Daylight,,Not Raining
2017-5671-8/11/2018,0,0,0,0,1: PDO,,0,,60,Rear End,Cross Road,Daylight,,Not Raining
2017-5672-8/11/2018,0,0,0,0,1: PDO,Unknown,1,,70,Hit Fixed Object,Not Divided,Daylight,,Not Raining
2017-5673-8/11/2018,0,0,0,0,1: PDO,Full,1,,50,Right Angle,T-Junction,Daylight,,Not Raining
2017-5674-8/11/2018,2,0,0,2,2: MI,Full,1,,60,Side Swipe,Multiple,Daylight,,Not Raining
2017-5675-8/11/2018,0,0,0,0,1: PDO,Unknown,1,,50,Hit Parked Vehicle,Not Divided,Night,,Not Raining
2017-5676-8/11/2018,0,0,0,0,1: PDO,Full,1,,60,Right Angle,T-Junction,Daylight,,Not Raining
2017-5677-8/11/2018,0,0,0,0,1: PDO,Full,1,,110,Side Swipe,Cross Road,Daylight,,Not Raining
2017-5678-8/11/2018,0,0,0,0,1: PDO,,,,60,Rear End,Not Divided,Daylight,,Not Raining
2017-5679-8/11/2018,0,0,0,0,1: PDO,Full,1,,80,Rear End,T-Junction,Daylight,,Not Raining
2017-5680-8/11/2018,0,0,0,0,1: PDO,Provisional 2,1,,40,Hit Fixed Object,T-Junction,Daylight,,Not Raining
2017-5681-8/11/2018,1,0,0,1,2: MI,Provisional 1 ,1,,50,Hit Pedestrian,Cross Road,Night,,Not Raining
2017-5682-8/11/2018,1,0,0,1,2: MI,,,,50,Hit Parked Vehicle,Not Divided,Night,,Not Raining
2017-5683-8/11/2018,0,0,0,0,1: PDO,Provisional 1 ,1,,60,Head On,Not Divided,Daylight,,Not Raining
2017-5684-8/11/2018,0,0,0,0,1: PDO,Full,1,,60,Rear End,Not Divided,Night,,Raining
2017-5685-8/11/2018,1,0,0,1,2: MI,Provisional 2,1,,60,Rear End,Divided Road,Daylight,,Not Raining
2017-5686-8/11/2018,1,0,0,1,2: MI,Full,1,,60,Hit Fixed Object,Not Divided,Daylight,,Not Raining
2017-5687-8/11/2018,1,0,0,1,2: MI,Unknown,1,,70,Rear End,Divided Road,Night,,Not Raining
2017-5688-8/11/2018,1,0,0,1,2: MI,Full,2,,50,Hit Pedestrian,Not Divided,Night,,Not Raining
2017-5689-8/11/2018,0,0,0,0,1: PDO,Full,1,,60,Right Angle,Multiple,Night,,Not Raining
2017-5690-8/11/2018,1,0,1,0,3: SI,Full,3,,60,Hit Fixed Object,Not Divided,Night,,Not Raining
2017-5691-8/11/2018,0,0,0,0,1: PDO,Provisional 1 ,1,,60,Side Swipe,Not Divided,Night,,Not Raining
2017-5692-8/11/2018,1,0,0,1,2: MI,Full,1,,60,Right Turn,T-Junction,Night,,Raining
2017-5693-8/11/2018,0,0,0,0,1: PDO,,,,40,Hit Fixed Object,Not Divided,Night,,Not Raining
2017-5694-8/11/2018,1,0,0,1,2: MI,Full,1,,90,Rear End,T-Junction,Night,,Raining
2017-5695-8/11/2018,1,0,0,1,2: MI,Full,1,,60,Right Angle,T-Junction,Daylight,,Not Raining
2017-5696-8/11/2018,0,0,0,0,1: PDO,Full,3,,80,Right Angle,Cross Road,Night,,Not Raining
2017-5697-8/11/2018,0,0,0,0,1: PDO,Provisional 1 ,2,,90,Right Angle,Cross Road,Daylight,,Not Raining
2017-5698-8/11/2018,0,0,0,0,1: PDO,Full,1,,60,Rear End,Cross Road,Daylight,,Not Raining
2017-5699-8/11/2018,0,0,0,0,1: PDO,Full,1,,50,Side Swipe,Cross Road,Daylight,,Not Raining
2017-5700-8/11/2018,0,0,0,0,1: PDO,Full,1,,100,Head On,Not Divided,Night,,Not Raining
2017-5701-8/11/2018,0,0,0,0,1: PDO,Full,1,,25,Right Angle,Not Divided,Daylight,,Not Raining
2017-5702-8/11/2018,1,0,0,1,2: MI,Full,1,,50,Side Swipe,T-Junction,Daylight,,Not Raining
2017-5703-8/11/2018,1,0,0,1,2: MI,Full,1,,60,Rear End,Cross Road,Daylight,,Not Raining
2017-5704-8/11/2018,1,0,0,1,2: MI,Full,1,,60,Rear End,Divided Road,Daylight,,Not Raining
2017-5705-8/11/2018,0,0,0,0,1: PDO,Full,1,,110,Hit Fixed Object,Not Divided,Daylight,,Not Raining
2017-5706-8/11/2018,0,0,0,0,1: PDO,Full,1,,60,Hit Fixed Object,Divided Road,Daylight,,Not Raining
2017-5707-8/11/2018,5,0,0,5,2: MI,Full,1,,50,Hit Fixed Object,Cross Road,Night,,Raining
2017-5708-8/11/2018,0,0,0,0,1: PDO,Provisional 2,1,,40,Right Angle,T-Junction,Daylight,,Not Raining
2017-5709-8/11/2018,0,0,0,0,1: PDO,Full,1,,50,Hit Parked Vehicle,Not Divided,Daylight,,Not Raining
2017-5710-8/11/2018,1,0,0,1,2: MI,Full,4,,60,Rear End,Cross Road,Daylight,,Not Raining
2017-5711-8/11/2018,0,0,0,0,1: PDO,Full,2,,40,Rear End,Not Divided,Daylight,,Not Raining
2017-5712-8/11/2018,0,0,0,0,1: PDO,Full,3,,50,Side Swipe,Not Divided,Daylight,,Not Raining
2017-5713-8/11/2018,0,0,0,0,1: PDO,Full,1,,50,Rear End,T-Junction,Daylight,,Not Raining
2017-5714-8/11/2018,0,0,0,0,1: PDO,Full,5,,110,Roll Over,Not Divided,Daylight,,Not Raining
2017-5715-8/11/2018,1,0,0,1,2: MI,Full,1,,60,Hit Pedestrian,Cross Road,Daylight,,Not Raining
2017-5716-8/11/2018,0,0,0,0,1: PDO,Full,1,,60,Right Turn,T-Junction,Daylight,,Not Raining
2017-5717-8/11/2018,0,0,0,0,1: PDO,,,,90,Right Angle,T-Junction,Daylight,,Not Raining
2017-5718-8/11/2018,0,0,0,0,1: PDO,Full,2,,90,Hit Object on Road,Divided Road,Night,,Not Raining
2017-5719-8/11/2018,1,0,1,0,3: SI,,,,60,Rear End,Divided Road,Daylight,,Not Raining
2017-5720-8/11/2018,0,0,0,0,1: PDO,Learners,1,,60,Right Angle,Not Divided,Daylight,,Not Raining
2017-5721-8/11/2018,1,0,0,1,2: MI,,,,60,Side Swipe,Cross Road,Daylight,,Not Raining
2017-5722-8/11/2018,2,0,0,2,2: MI,Provisional 2,5,,80,Rear End,T-Junction,Daylight,,Not Raining
2017-5723-8/11/2018,1,0,0,1,2: MI,,,,50,Right Turn,T-Junction,Daylight,,Not Raining
2017-5724-8/11/2018,1,0,0,1,2: MI,Full,1,,60,Right Turn,Divided Road,Daylight,,Not Raining
2017-5725-8/11/2018,0,0,0,0,1: PDO,Provisional 1 ,1,,50,Hit Object on Road,Not Divided,Night,,Not Raining
2017-5726-8/11/2018,1,0,0,1,2: MI,Full,1,,60,Rear End,Divided Road,Daylight,,Not Raining
2017-5727-8/11/2018,0,0,0,0,1: PDO,,1,,100,Head On,Not Divided,Daylight,,Not Raining
2017-5728-8/11/2018,0,0,0,0,1: PDO,Full,2,,60,Hit Pedestrian,Divided Road,Daylight,,Not Raining