REPORT_ID,Total Cas,Total Fats,Total SI,Total MI,CSEF Severity,Licence Type,Number Occupants,Drugs Involved,Area Speed,Crash Type,Position Type,DayNight,DUI Involved,Weather Cond
2017-5729-8/11/2018,0,0,0,0,1: PDO,Unlicenced,1,,50,Rear End,T-Junction,Daylight,,Not Raining
2017-5730-8/11/2018,0,0,0,0,1: PDO,,,,60,Hit Parked Vehicle,T-Junction,Night,,Not Raining
2017-5731-8/11/2018,1,0,0,1,2: MI,Full,1,,60,Rear End,Divided Road,Night,,Not Raining
2017-5732-8/11/2018,1,0,0,1,2: MI,Unknown,1,,60,Rear End,Not Divided,Daylight,,Not Raining
2017-5733-8/11/2018,2,0,0,2,2: MI,Full,1,Y,60,Rear End,Divided Road,Daylight,,Not Raining
2017-5734-8/11/2018,1,0,0,1,2: MI,Full,1,,50,Hit Fixed Object,T-Junction,Night,,Not Raining
2017-5735-8/11/2018,0,0,0,0,1: PDO,Full,2,,80,Rear End,Divided Road,Daylight,,Not Raining
2017-5736-8/11/2018,1,0,0,1,2: MI,Full,2,,60,Rear End,T-Junction,Daylight,,Not Raining
2017-5737-8/11/2018,0,0,0,0,1: PDO,Provisional 2,2,,80,Rear End,Divided Road,Night,,Not Raining
2017-5738-8/11/2018,0,0,0,0,1: PDO,Full,1,,80,Hit Fixed Object,Not Divided,Night,,Not Raining
2017-5739-8/11/2018,1,0,0,1,2: MI,,0,,60,Side Swipe,T-Junction,Daylight,,Not Raining
2017-5740-8/11/2018,1,0,0,1,2: MI,Full,1,,60,Rear End,Divided Road,Daylight,,Not Raining
2017-5741-8/11/2018,0,0,0,0,1: PDO,Full,1,,50,Right Angle,Divided Road,Daylight,,Not Raining
2017-5742-8/11/2018,1,0,0,1,2: MI,Full,1,,60,Right Turn,Cross Road,Daylight,,Not Raining
2017-5743-8/11/2018,0,0,0,0,1: PDO,Full,1,,60,Right Turn,T-Junction,Daylight,,Not Raining
2017-5744-8/11/2018,1,0,0,1,2: MI,Full,1,,110,Hit Fixed Object,Not Divided,Daylight,,Not Raining
2017-5745-8/11/2018,0,0,0,0,1: PDO,Full,1,,60,Rear End,Not Divided,Daylight,,Not Raining
2017-5746-8/11/2018,0,0,0,0,1: PDO,Full,1,,60,Rear End,Not Divided,Daylight,,Not Raining
2017-5747-8/11/2018,1,0,0,1,2: MI,Full,1,,60,Rear End,Divided Road,Night,,Not Raining
2017-5748-8/11/2018,2,0,0,2,2: MI,Full,2,,60,Right Angle,Cross Road,Daylight,,Not Raining
2017-5749-8/11/2018,0,0,0,0,1: PDO,Full,3,,60,Rear End,Multiple,Daylight,,Not Raining
2017-5750-8/11/2018,0,0,0,0,1: PDO,Full,3,,50,Right Angle,Cross Road,Night,,Not Raining
2017-5751-8/11/2018,0,0,0,0,1: PDO,Full,2,,60,Rear End,Cross Road,Night,,Not Raining
2017-5752-8/11/2018,1,0,0,1,2: MI,Full,1,,60,Rear End,Not Divided,Daylight,,Not Raining
2017-5753-8/11/2018,1,0,0,1,2: MI,Full,1,,60,Rear End,Divided Road,Daylight,,Not Raining
2017-5754-8/11/2018,0,0,0,0,1: PDO,Full,2,,50,Hit Parked Vehicle,Cross Road,Daylight,,Not Raining
2017-5755-8/11/2018,1,0,0,1,2: MI,Full,2,,110,Rear End,T-Junction,Night,,Not Raining
2017-5756-8/11/2018,1,0,0,1,2: MI,Full,2,,60,Rear End,Divided Road,Daylight,,Not Raining
2017-5757-8/11/2018,0,0,0,0,1: PDO,,,,60,Rear End,Not Divided,Daylight,,Not Raining
2017-5758-8/11/2018,0,0,0,0,1: PDO,Full,1,,50,Right Angle,Cross Road,Daylight,,Not Raining
2017-5759-8/11/2018,1,0,0,1,2: MI,,,,80,Hit Fixed Object,Not Divided,Daylight,,Not Raining
2017-5760-8/11/2018,1,0,0,1,2: MI,,,,80,Right Angle,Cross Road,Daylight,,Not Raining
2017-5761-8/11/2018,0,0,0,0,1: PDO,Unknown,1,,60,Hit Fixed Object,Pedestrian Crossing,Night,,Not Raining
2017-5762-8/11/2018,0,0,0,0,1: PDO,,,,60,Right Turn,T-Junction,Night,,Not Raining
2017-5763-8/11/2018,0,0,0,0,1: PDO,,0,,50,Hit Parked Vehicle,Not Divided,Night,,Not Raining
2017-5764-8/11/2018,0,0,0,0,1: PDO,Unknown,1,,50,Hit Parked Vehicle,Not Divided,Daylight,,Not Raining
2017-5765-8/11/2018,0,0,0,0,1: PDO,Full,3,,60,Hit Pedestrian,Divided Road,Daylight,,Not Raining
2017-5766-8/11/2018,0,0,0,0,1: PDO,,,,100,Hit Fixed Object,T-Junction,Night,,Not Raining
2017-5767-8/11/2018,1,0,0,1,2: MI,Full,3,,60,Rear End,T-Junction,Daylight,,Not Raining
2017-5768-8/11/2018,1,0,0,1,2: MI,Full,1,,100,Rear End,T-Junction,Daylight,,Not Raining
2017-5769-8/11/2018,1,0,1,0,3: SI,Full,1,Y,50,Right Angle,Cross Road,Night,,Not Raining
2017-5770-8/11/2018,1,0,0,1,2: MI,Full,5,,60,Right Angle,T-Junction,Daylight,,Not Raining
2017-5771-8/11/2018,1,0,0,1,2: MI,Full,1,,50,Hit Parked Vehicle,Not Divided,Night,,Not Raining
2017-5772-8/11/2018,0,0,0,0,1: PDO,Full,3,,80,Side Swipe,Cross Road,Daylight,,Not Raining
2017-5773-8/11/2018,1,0,0,1,2: MI,Full,1,,50,Hit Pedestrian,T-Junction,Daylight,,Not Raining
2017-5774-8/11/2018,1,0,0,1,2: MI,,,,60,Roll Over,Not Divided,Daylight,,Not Raining
2017-5775-8/11/2018,1,0,0,1,2: MI,Provisional 2,2,,60,Side Swipe,Divided Road,Daylight,,Not Raining
2017-5776-8/11/2018,0,0,0,0,1: PDO,,,,50,Side Swipe,T-Junction,Daylight,,Unknown
2017-5777-8/11/2018,0,0,0,0,1: PDO,Full,1,,50,Right Angle,Cross Road,Daylight,,Not Raining
2017-5778-8/11/2018,0,0,0,0,1: PDO,,0,,50,Right Angle,T-Junction,Daylight,,Not Raining
2017-5779-8/11/2018,0,0,0,0,1: PDO,Provisional 2,1,,60,Side Swipe,T-Junction,Daylight,,Not Raining
2017-5780-8/11/2018,1,0,0,1,2: MI,,,,60,Rear End,Not Divided,Daylight,,Not Raining
2017-5781-8/11/2018,1,0,1,0,3: SI,Unlicenced,1,Y,110,Left Road - Out of Control,Not Divided,Daylight,,Raining
2017-5782-8/11/2018,1,0,0,1,2: MI,,,,60,Right Angle,T-Junction,Daylight,,Not Raining
2017-5783-8/11/2018,0,0,0,0,1: PDO,,,,100,Hit Fixed Object,Ramp On,Daylight,,Raining
2017-5784-8/11/2018,0,0,0,0,1: PDO,Full,1,,60,Rear End,Cross Road,Daylight,,Not Raining
2017-5785-8/11/2018,0,0,0,0,1: PDO,,0,,60,Rear End,Divided Road,Daylight,,Not Raining
2017-5786-8/11/2018,1,0,1,0,3: SI,Unknown,1,,100,Head On,Not Divided,Daylight,,Raining
2017-5787-8/11/2018,0,0,0,0,1: PDO,,,,60,Right Angle,T-Junction,Daylight,,Not Raining
2017-5788-8/11/2018,0,0,0,0,1: PDO,Provisional 1 ,1,,50,Right Angle,Cross Road,Night,,Not Raining
2017-5789-8/11/2018,0,0,0,0,1: PDO,Probationary,1,,50,Hit Parked Vehicle,Divided Road,Daylight,,Not Raining
2017-5790-8/11/2018,1,0,0,1,2: MI,Provisional 2,1,,50,Roll Over,Not Divided,Daylight,,Raining
2017-5791-8/11/2018,0,0,0,0,1: PDO,,,,60,Rear End,T-Junction,Night,,Raining
2017-5792-8/11/2018,0,0,0,0,1: PDO,Full,2,,50,Hit Pedestrian,Cross Road,Night,,Raining
2017-5793-8/11/2018,1,0,0,1,2: MI,Full,2,,60,Right Angle,T-Junction,Daylight,,Not Raining
2017-5794-8/11/2018,0,0,0,0,1: PDO,Full,1,,60,Roll Over,Cross Road,Daylight,,Not Raining
2017-5795-8/11/2018,0,0,0,0,1: PDO,Full,1,Y,100,Hit Fixed Object,Not Divided,Night,,Raining
2017-5796-8/11/2018,2,0,0,2,2: MI,,,,60,Rear End,Not Divided,Night,,Unknown
2017-5797-8/11/2018,0,0,0,0,1: PDO,,,,60,Hit Pedestrian,Divided Road,Night,,Not Raining
2017-5798-8/11/2018,0,0,0,0,1: PDO,Full,1,,60,Hit Parked Vehicle,Divided Road,Daylight,,Not Raining
2017-5799-8/11/2018,1,0,0,1,2: MI,Full,1,,60,Right Turn,Cross Road,Night,,Not Raining
2017-5800-8/11/2018,1,0,0,1,2: MI,Full,1,,50,Right Angle,T-Junction,Daylight,,Not Raining
2017-5801-8/11/2018,2,0,0,2,2: MI,Full,1,,100,Rear End,Not Divided,Daylight,,Not Raining
2017-5802-8/11/2018,0,0,0,0,1: PDO,Full,1,,50,Right Angle,T-Junction,Daylight,,Not Raining
2017-5803-8/11/2018,0,0,0,0,1: PDO,Full,1,,60,Right Angle,T-Junction,Daylight,,Not Raining
2017-5804-8/11/2018,0,0,0,0,1: PDO,Full,1,,110,Hit Fixed Object,Not Divided,Daylight,,Not Raining
2017-5805-8/11/2018,0,0,0,0,1: PDO,,0,,80,Side Swipe,T-Junction,Daylight,,Not Raining
2017-5806-8/11/2018,0,0,0,0,1: PDO,Full,1,,50,Hit Fixed Object,Cross Road,Daylight,,Not Raining
2017-5807-8/11/2018,1,0,0,1,2: MI,,,,60,Rear End,T-Junction,Daylight,,Raining
2017-5808-8/11/2018,0,0,0,0,1: PDO,Full,1,,50,Head On,Not Divided,Night,,Not Raining
2017-5809-8/11/2018,0,0,0,0,1: PDO,Unknown,1,,60,Hit Fixed Object,Divided Road,Daylight,,Not Raining
2017-5810-8/11/2018,0,0,0,0,1: PDO,Full,1,,60,Rear End,Not Divided,Night,,Not Raining
2017-5811-8/11/2018,1,0,0,1,2: MI,Full,1,,60,Side Swipe,Divided Road,Daylight,,Not Raining
2017-5812-8/11/2018,1,0,0,1,2: MI,Full,1,,60,Side Swipe,T-Junction,Daylight,,Not Raining
2017-5813-8/11/2018,1,0,0,1,2: MI,Unknown,1,,60,Rear End,Divided Road,Daylight,,Not Raining
2017-5814-8/11/2018,2,0,1,1,3: SI,Unlicenced,2,,60,Right Turn,T-Junction,Daylight,,Not Raining
2017-5815-8/11/2018,2,0,0,2,2: MI,,1,,80,Hit Fixed Object,Not Divided,Daylight,,Not Raining
2017-5816-8/11/2018,0,0,0,0,1: PDO,Full,1,,60,Right Angle,Cross Road,Night,,Not Raining
2017-5817-8/11/2018,0,0,0,0,1: PDO,,,,40,Right Angle,Cross Road,Daylight,,Raining
2017-5818-8/11/2018,0,0,0,0,1: PDO,,,,60,Rear End,Cross Road,Daylight,,Not Raining
2017-5819-8/11/2018,0,0,0,0,1: PDO,Full,1,,50,Right Angle,Not Divided,Daylight,,Not Raining
2017-5820-8/11/2018,0,0,0,0,1: PDO,Probationary,2,,60,Right Angle,Cross Road,Daylight,,Not Raining
2017-5821-8/11/2018,1,0,1,0,3: SI,Full,1,,110,Right Angle,Cross Road,Daylight,,Not Raining
2017-5822-8/11/2018,0,0,0,0,1: PDO,Provisional 2,2,,60,Rear End,T-Junction,Daylight,,Not Raining
2017-5823-8/11/2018,1,0,0,1,2: MI,Full,1,,60,Side Swipe,T-Junction,Daylight,,Not Raining
2017-5824-8/11/2018,0,0,0,0,1: PDO,Probationary,1,,110,Hit Fixed Object,Not Divided,Daylight,,Not Raining
2017-5825-8/11/2018,1,0,0,1,2: MI,,,,60,Right Angle,Divided Road,Night,,Not Raining
2017-5826-8/11/2018,2,0,0,2,2: MI,Full,1,,50,Right Angle,Cross Road,Daylight,,Not Raining
2017-5827-8/11/2018,1,0,0,1,2: MI,Full,1,,100,Roll Over,Not Divided,Daylight,,Not Raining
2017-5828-8/11/2018,0,0,0,0,1: PDO,Full,1,,50,Right Angle,T-Junction,Daylight,,Not Raining
2017-5829-8/11/2018,0,0,0,0,1: PDO,Provisional 2,1,,110,Roll Over,Not Divided,Daylight,,Not Raining
2017-5830-8/11/2018,1,0,0,1,2: MI,Full,1,,50,Rear End,Cross Road,Night,,Not Raining
2017-5831-8/11/2018,1,0,0,1,2: MI,Unknown,1,,50,Right Angle,Cross Road,Daylight,,Not Raining
2017-5832-8/11/2018,0,0,0,0,1: PDO,Full,1,,60,Hit Fixed Object,Not Divided,Daylight,,Not Raining
2017-5833-8/11/2018,1,1,0,0,4: Fatal,Full,1,,25,Hit Pedestrian,Other,Night,,Not Raining
2017-5834-8/11/2018,0,0,0,0,1: PDO,,0,,80,Hit Fixed Object,Not Divided,Daylight,,Not Raining
2017-5835-8/11/2018,0,0,0,0,1: PDO,Probationary,1,,110,Right Angle,T-Junction,Night,,Not Raining
2017-5836-8/11/2018,0,0,0,0,1: PDO,Full,1,,80,Right Angle,Cross Road,Night,,Not Raining
2017-5837-8/11/2018,0,0,0,0,1: PDO,,,,50,Hit Fixed Object,T-Junction,Night,Y,Not Raining
2017-5838-8/11/2018,1,0,1,0,3: SI,Provisional 2,3,,100,Hit Fixed Object,Not Divided,Night,Y,Not Raining
2017-5839-8/11/2018,0,0,0,0,1: PDO,Full,1,,50,Hit Fixed Object,T-Junction,Night,,Not Raining
2017-5840-8/11/2018,0,0,0,0,1: PDO,Full,1,,60,Hit Fixed Object,Not Divided,Night,Y,Raining
2017-5841-8/11/2018,1,0,0,1,2: MI,,1,,60,Rear End,T-Junction,Daylight,,Not Raining
2017-5842-8/11/2018,1,0,0,1,2: MI,Full,2,,60,Rear End,Cross Road,Daylight,,Not Raining
2017-5843-8/11/2018,0,0,0,0,1: PDO,Unknown,1,,40,Hit Fixed Object,Not Divided,Night,,Not Raining
2017-5844-8/11/2018,0,0,0,0,1: PDO,,0,,80,Other,Multiple,Night,,Not Raining
2017-5845-8/11/2018,0,0,0,0,1: PDO,Unknown,1,,60,Right Turn,T-Junction,Daylight,,Not Raining
2017-5846-8/11/2018,0,0,0,0,1: PDO,Full,1,,110,Roll Over,Not Divided,Daylight,,Not Raining
2017-5847-8/11/2018,0,0,0,0,1: PDO,Unknown,1,,50,Rear End,T-Junction,Daylight,,Not Raining
2017-5848-8/11/2018,0,0,0,0,1: PDO,Full,1,,100,Hit Fixed Object,T-Junction,Daylight,,Not Raining
2017-5849-8/11/2018,1,0,0,1,2: MI,Full,2,,60,Rear End,Cross Road,Night,,Not Raining
2017-5850-8/11/2018,1,0,0,1,2: MI,Full,1,,50,Right Angle,Not Divided,Daylight,,Not Raining
2017-5851-8/11/2018,0,0,0,0,1: PDO,,,,60,Rear End,Not Divided,Daylight,,Not Raining
2017-5852-8/11/2018,0,0,0,0,1: PDO,Full,2,,80,Hit Fixed Object,Not Divided,Daylight,,Not Raining
2017-5853-8/11/2018,1,0,0,1,2: MI,Full,1,,50,Hit Parked Vehicle,Not Divided,Daylight,Y,Not Raining
2017-5854-8/11/2018,1,0,0,1,2: MI,Full,1,,60,Right Angle,T-Junction,Daylight,,Not Raining
2017-5855-8/11/2018,1,0,0,1,2: MI,,1,,110,Roll Over,Not Divided,Daylight,,Not Raining
2017-5856-8/11/2018,1,0,0,1,2: MI,Full,1,Y,60,Right Angle,T-Junction,Daylight,,Not Raining
2017-5857-8/11/2018,0,0,0,0,1: PDO,Full,1,,50,Head On,Not Divided,Daylight,,Not Raining
2017-5858-8/11/2018,0,0,0,0,1: PDO,Full,1,,60,Rear End,T-Junction,Daylight,,Not Raining
2017-5859-8/11/2018,2,0,0,2,2: MI,Full,1,,60,Right Angle,Cross Road,Night,,Not Raining
2017-5860-8/11/2018,2,0,0,2,2: MI,Full,1,,60,Rear End,Divided Road,Daylight,,Not Raining
2017-5861-8/11/2018,0,0,0,0,1: PDO,Full,2,,50,Hit Parked Vehicle,Not Divided,Night,Y,Not Raining
2017-5862-8/11/2018,0,0,0,0,1: PDO,Full,1,,60,Side Swipe,Divided Road,Daylight,,Not Raining
2017-5863-8/11/2018,0,0,0,0,1: PDO,Unknown,1,,100,Roll Over,Not Divided,Daylight,,Not Raining
2017-5864-8/11/2018,2,0,0,2,2: MI,Full,1,,60,Right Turn,T-Junction,Daylight,,Not Raining
2017-5865-8/11/2018,1,1,0,0,4: Fatal,Full,1,,60,Hit Fixed Object,Divided Road,Daylight,,Not Raining
2017-5866-8/11/2018,1,0,0,1,2: MI,Full,1,,80,Hit Parked Vehicle,Not Divided,Daylight,,Not Raining
2017-5867-8/11/2018,0,0,0,0,1: PDO,Provisional 2,1,,60,Side Swipe,Divided Road,Night,,Not Raining
2017-5868-8/11/2018,0,0,0,0,1: PDO,Unknown,1,Y,100,Hit Fixed Object,Not Divided,Night,,Not Raining
2017-5869-8/11/2018,0,0,0,0,1: PDO,Full,1,,50,Other,Not Divided,Daylight,,Not Raining
2017-5870-8/11/2018,0,0,0,0,1: PDO,,,,50,Hit Parked Vehicle,Not Divided,Night,,Not Raining
2017-5871-8/11/2018,0,0,0,0,1: PDO,Full,2,,80,Hit Fixed Object,Not Divided,Night,,Not Raining
2017-5872-8/11/2018,4,0,4,0,3: SI,Unknown,1,Y,100,Head On,Not Divided,Night,,Not Raining
2017-5873-8/11/2018,1,0,0,1,2: MI,Full,2,,50,Hit Parked Vehicle,Not Divided,Night,,Not Raining
2017-5874-8/11/2018,0,0,0,0,1: PDO,,,,60,Right Angle,T-Junction,Daylight,,Not Raining
2017-5875-8/11/2018,1,0,0,1,2: MI,Full,1,,100,Roll Over,Not Divided,Daylight,,Not Raining
2017-5876-8/11/2018,0,0,0,0,1: PDO,Full,1,,90,Hit Animal,Not Divided,Night,,Not Raining
2017-5877-8/11/2018,0,0,0,0,1: PDO,Full,1,,50,Hit Fixed Object,Divided Road,Daylight,,Not Raining
2017-5878-8/11/2018,0,0,0,0,1: PDO,Provisional 1 ,1,,60,Rear End,Cross Road,Daylight,,Not Raining
2017-5879-8/11/2018,1,0,0,1,2: MI,Provisional 1 ,1,,50,Roll Over,Not Divided,Daylight,,Not Raining
2017-5880-8/11/2018,2,0,1,1,3: SI,Full,1,,80,Roll Over,Not Divided,Daylight,,Not Raining
2017-5881-8/11/2018,1,0,0,1,2: MI,,,,50,Right Angle,Rail Crossing,Daylight,,Not Raining
2017-5882-8/11/2018,0,0,0,0,1: PDO,,1,,60,Hit Fixed Object,T-Junction,Night,,Not Raining
2017-5883-8/11/2018,0,0,0,0,1: PDO,,,,100,Rear End,Cross Road,Daylight,,Not Raining
2017-5884-8/11/2018,0,0,0,0,1: PDO,Full,2,,80,Right Angle,Cross Road,Daylight,,Not Raining
2017-5885-8/11/2018,0,0,0,0,1: PDO,,,,60,Side Swipe,Divided Road,Daylight,,Not Raining
2017-5886-8/11/2018,0,0,0,0,1: PDO,Full,1,,50,Side Swipe,Multiple,Daylight,,Not Raining
2017-5887-8/11/2018,1,0,0,1,2: MI,Full,1,,80,Roll Over,T-Junction,Daylight,,Not Raining
2017-5888-8/11/2018,0,0,0,0,1: PDO,,0,,80,Hit Fixed Object,Not Divided,Daylight,,Not Raining
2017-5889-8/11/2018,0,0,0,0,1: PDO,,1,,60,Rear End,Divided Road,Daylight,,Not Raining
2017-5890-8/11/2018,0,0,0,0,1: PDO,Full,1,,50,Hit Parked Vehicle,Not Divided,Daylight,,Not Raining
2017-5891-8/11/2018,0,0,0,0,1: PDO,Full,1,,80,Hit Fixed Object,Not Divided,Daylight,,Not Raining
2017-5892-8/11/2018,0,0,0,0,1: PDO,,0,,50,Hit Parked Vehicle,Not Divided,Daylight,,Not Raining
2017-5893-8/11/2018,1,0,0,1,2: MI,Unknown,1,,50,Hit Fixed Object,Not Divided,Daylight,,Not Raining
2017-5894-8/11/2018,1,0,0,1,2: MI,,1,,60,Head On,Not Divided,Night,,Not Raining
2017-5895-8/11/2018,0,0,0,0,1: PDO,Full,1,,60,Right Angle,Cross Road,Daylight,,Not Raining
2017-5896-8/11/2018,0,0,0,0,1: PDO,Full,2,,60,Right Turn,Cross Road,Night,,Not Raining
2017-5897-8/11/2018,2,0,0,2,2: MI,Unknown,2,,60,Right Angle,Cross Road,Night,,Not Raining
2017-5898-8/11/2018,0,0,0,0,1: PDO,Unknown,1,,60,Hit Fixed Object,Multiple,Night,,Not Raining
2017-5899-8/11/2018,0,0,0,0,1: PDO,Unknown,1,,90,Hit Fixed Object,Freeway,Night,,Not Raining
2017-5900-8/11/2018,0,0,0,0,1: PDO,Full,3,,50,Hit Fixed Object,Not Divided,Night,,Not Raining
2017-5901-8/11/2018,0,0,0,0,1: PDO,,1,,50,Hit Fixed Object,Not Divided,Night,,Not Raining
2017-5902-8/11/2018,0,0,0,0,1: PDO,Full,1,,70,Hit Fixed Object,Not Divided,Night,,Not Raining
2017-5903-8/11/2018,5,0,0,5,2: MI,Full,1,,60,Right Turn,T-Junction,Night,,Not Raining
2017-5904-8/11/2018,1,0,0,1,2: MI,Full,1,,80,Hit Fixed Object,Not Divided,Night,,Raining
2017-5905-8/11/2018,0,0,0,0,1: PDO,Full,1,,80,Hit Fixed Object,T-Junction,Night,,Not Raining
2017-5906-8/11/2018,0,0,0,0,1: PDO,Full,1,,60,Hit Fixed Object,Divided Road,Night,,Not Raining
2017-5907-8/11/2018,0,0,0,0,1: PDO,Full,1,,110,Hit Animal,Not Divided,Night,,Not Raining
2017-5908-8/11/2018,0,0,0,0,1: PDO,Unknown,1,,50,Hit Fixed Object,Not Divided,Night,,Not Raining
2017-5909-8/11/2018,0,0,0,0,1: PDO,Unknown,1,,80,Hit Fixed Object,Divided Road,Night,,Not Raining
2017-5910-8/11/2018,0,0,0,0,1: PDO,Full,1,,80,Head On,Not Divided,Daylight,,Not Raining
2017-5911-8/11/2018,1,0,1,0,3: SI,Full,1,,50,Hit Fixed Object,Not Divided,Daylight,,Not Raining
2017-5912-8/11/2018,2,1,0,1,4: Fatal,Unlicenced,1,,50,Hit Fixed Object,Not Divided,Night,,Not Raining
2017-5913-8/11/2018,1,0,0,1,2: MI,Unlicenced,1,Y,80,Rear End,Not Divided,Daylight,,Not Raining
2017-5914-8/11/2018,0,0,0,0,1: PDO,Full,1,,50,Hit Fixed Object,Not Divided,Daylight,,Not Raining
2017-5915-8/11/2018,0,0,0,0,1: PDO,Provisional 2,2,,110,Head On,Freeway,Daylight,,Not Raining
2017-5916-8/11/2018,1,0,1,0,3: SI,Full,1,,80,Side Swipe,Divided Road,Daylight,,Not Raining
2017-5917-8/11/2018,0,0,0,0,1: PDO,Provisional 2,1,,50,Hit Parked Vehicle,Divided Road,Night,,Not Raining
2017-5918-8/11/2018,0,0,0,0,1: PDO,Unknown,1,,60,Right Turn,Cross Road,Daylight,,Not Raining
2017-5919-8/11/2018,0,0,0,0,1: PDO,Full,1,,50,Rear End,Not Divided,Daylight,,Not Raining
2017-5920-8/11/2018,0,0,0,0,1: PDO,Full,1,,60,Rear End,Cross Road,Daylight,,Not Raining
2017-5921-8/11/2018,0,0,0,0,1: PDO,Full,1,,50,Rear End,Divided Road,Daylight,,Not Raining
2017-5922-8/11/2018,0,0,0,0,1: PDO,Full,1,,110,Rear End,Interchange,Daylight,,Not Raining
2017-5923-8/11/2018,2,0,0,2,2: MI,,0,,60,Hit Fixed Object,Divided Road,Daylight,,Not Raining
2017-5924-8/11/2018,1,0,0,1,2: MI,Full,1,,50,Hit Pedestrian,Not Divided,Daylight,,Not Raining
2017-5925-8/11/2018,0,0,0,0,1: PDO,Full,1,,40,Hit Parked Vehicle,Not Divided,Night,,Not Raining
2017-5926-8/11/2018,1,0,0,1,2: MI,Full,1,,50,Hit Fixed Object,Not Divided,Night,,Not Raining
2017-5927-8/11/2018,1,0,0,1,2: MI,Provisional 2,2,,50,Hit Parked Vehicle,Not Divided,Night,Y,Not Raining
2017-5928-8/11/2018,1,0,0,1,2: MI,Full,2,,50,Hit Fixed Object,Not Divided,Night,,Not Raining
2017-5929-8/11/2018,0,0,0,0,1: PDO,Full,2,,50,Hit Fixed Object,Not Divided,Night,,Not Raining
2017-5930-8/11/2018,0,0,0,0,1: PDO,Full,1,,60,Side Swipe,T-Junction,Daylight,,Not Raining
2017-5931-8/11/2018,0,0,0,0,1: PDO,Full,1,,50,Hit Fixed Object,Not Divided,Daylight,,Not Raining
2017-5932-8/11/2018,1,0,0,1,2: MI,Unknown,1,,25,Hit Pedestrian,Not Divided,Daylight,,Not Raining
2017-5933-8/11/2018,0,0,0,0,1: PDO,Full,1,,60,Right Angle,Cross Road,Daylight,,Not Raining
2017-5934-8/11/2018,0,0,0,0,1: PDO,Full,2,,60,Rear End,Not Divided,Daylight,,Not Raining
2017-5935-8/11/2018,0,0,0,0,1: PDO,,1,,50,Hit Parked Vehicle,Not Divided,Daylight,,Not Raining
2017-5936-8/11/2018,0,0,0,0,1: PDO,Unlicenced,1,,100,Hit Fixed Object,Not Divided,Daylight,,Not Raining
2017-5937-8/11/2018,0,0,0,0,1: PDO,,,,50,Side Swipe,Not Divided,Daylight,,Not Raining
2017-5938-8/11/2018,0,0,0,0,1: PDO,Full,3,,50,Hit Parked Vehicle,Not Divided,Daylight,,Not Raining
2017-5939-8/11/2018,0,0,0,0,1: PDO,Full,1,,50,Right Angle,Cross Road,Daylight,,Not Raining
2017-5940-8/11/2018,0,0,0,0,1: PDO,Full,1,,100,Roll Over,Not Divided,Daylight,,Not Raining
2017-5941-8/11/2018,0,0,0,0,1: PDO,,,,60,Right Turn,Cross Road,Night,,Not Raining
2017-5942-8/11/2018,1,0,0,1,2: MI,Full,1,,50,Rear End,T-Junction,Daylight,,Not Raining
2017-5943-8/11/2018,0,0,0,0,1: PDO,Full,1,,40,Right Angle,Divided Road,Daylight,,Not Raining
2017-5944-8/11/2018,1,0,0,1,2: MI,Full,1,,60,Right Angle,Cross Road,Daylight,,Not Raining
2017-5945-8/11/2018,0,0,0,0,1: PDO,Full,1,,60,Hit Fixed Object,Divided Road,Daylight,,Not Raining
2017-5946-8/11/2018,0,0,0,0,1: PDO,Full,1,,40,Side Swipe,Divided Road,Daylight,,Not Raining
2017-5947-8/11/2018,0,0,0,0,1: PDO,,0,,90,Rear End,Divided Road,Daylight,,Not Raining
2017-5948-8/11/2018,2,0,0,2,2: MI,Full,1,,50,Right Angle,Not Divided,Daylight,,Not Raining