REPORT_ID,Total Cas,Total Fats,Total SI,Total MI,CSEF Severity,Licence Type,Number Occupants,Drugs Involved,Area Speed,Crash Type,Position Type,DayNight,DUI Involved,Weather Cond
2017-5949-8/11/2018,1,0,1,0,3: SI,,,,40,Roll Over,Not Divided,Daylight,,Not Raining
2017-5950-8/11/2018,1,0,0,1,2: MI,,,Y,80,Hit Fixed Object,Not Divided,Daylight,,Not Raining
2017-5951-8/11/2018,0,0,0,0,1: PDO,Full,1,,60,Side Swipe,T-Junction,Daylight,,Not Raining
2017-5952-8/11/2018,1,0,0,1,2: MI,Full,4,,60,Rear End,Divided Road,Daylight,,Not Raining
2017-5953-8/11/2018,1,0,1,0,3: SI,Full,1,,110,Roll Over,Not Divided,Night,,Raining
2017-5954-8/11/2018,0,0,0,0,1: PDO,,,,60,Rear End,Divided Road,Night,,Not Raining
2017-5955-8/11/2018,1,0,0,1,2: MI,Full,1,,60,Rear End,Divided Road,Daylight,,Not Raining
2017-5956-8/11/2018,0,0,0,0,1: PDO,Unknown,1,,60,Side Swipe,Cross Road,Daylight,,Not Raining
2017-5957-8/11/2018,0,0,0,0,1: PDO,Full,1,,50,Right Angle,T-Junction,Daylight,,Not Raining
2017-5958-8/11/2018,0,0,0,0,1: PDO,,,,60,Rear End,Divided Road,Daylight,,Not Raining
2017-5959-8/11/2018,0,0,0,0,1: PDO,Full,1,,60,Hit Parked Vehicle,Not Divided,Daylight,,Not Raining
2017-5960-8/11/2018,1,0,0,1,2: MI,Full,1,,50,Right Turn,Not Divided,Daylight,,Not Raining
2017-5961-8/11/2018,0,0,0,0,1: PDO,Full,1,,60,Hit Fixed Object,Not Divided,Night,,Not Raining
2017-5962-8/11/2018,0,0,0,0,1: PDO,Full,1,,60,Side Swipe,Divided Road,Daylight,,Not Raining
2017-5963-8/11/2018,0,0,0,0,1: PDO,Learners,1,,90,Rear End,Freeway,Daylight,,Not Raining
2017-5964-8/11/2018,0,0,0,0,1: PDO,Full,1,,60,Right Angle,Divided Road,Daylight,,Not Raining
2017-5965-8/11/2018,0,0,0,0,1: PDO,Full,1,,60,Hit Parked Vehicle,Not Divided,Daylight,,Not Raining
2017-5966-8/11/2018,1,0,0,1,2: MI,Full,1,Y,50,Hit Fixed Object,Not Divided,Daylight,,Not Raining
2017-5967-8/11/2018,0,0,0,0,1: PDO,Full,1,,70,Rear End,Divided Road,Daylight,,Not Raining
2017-5968-8/11/2018,1,0,0,1,2: MI,Full,1,,60,Hit Pedestrian,Cross Road,Daylight,,Not Raining
2017-5969-8/11/2018,2,0,0,2,2: MI,,0,,60,Rear End,Divided Road,Night,,Not Raining
2017-5970-8/11/2018,0,0,0,0,1: PDO,,1,,50,Rear End,Not Divided,Night,,Not Raining
2017-5971-8/11/2018,1,0,0,1,2: MI,,,,60,Rear End,T-Junction,Night,,Not Raining
2017-5972-8/11/2018,0,0,0,0,1: PDO,Provisional 2,1,,60,Rear End,T-Junction,Night,,Not Raining
2017-5973-8/11/2018,1,0,0,1,2: MI,,,Y,60,Hit Fixed Object,Not Divided,Daylight,,Not Raining
2017-5974-8/11/2018,1,0,0,1,2: MI,Provisional 2,1,,100,Hit Fixed Object,Ramp On,Night,,Not Raining
2017-5975-8/11/2018,0,0,0,0,1: PDO,Unknown,1,,100,Rear End,Freeway,Night,,Not Raining
2017-5976-8/11/2018,1,0,0,1,2: MI,Full,1,,60,Roll Over,Not Divided,Night,Y,Not Raining
2017-5977-8/11/2018,0,0,0,0,1: PDO,Full,1,,50,Hit Fixed Object,Not Divided,Night,,Not Raining
2017-5978-8/11/2018,1,0,0,1,2: MI,Full,1,,60,Hit Pedestrian,T-Junction,Night,,Not Raining
2017-5979-8/11/2018,1,0,0,1,2: MI,Full,1,,50,Right Angle,Cross Road,Daylight,,Not Raining
2017-5980-8/11/2018,0,0,0,0,1: PDO,Full,2,,60,Right Angle,Divided Road,Night,,Not Raining
2017-5981-8/11/2018,0,0,0,0,1: PDO,,,,50,Rear End,Not Divided,Daylight,,Not Raining
2017-5982-8/11/2018,0,0,0,0,1: PDO,Full,1,,50,Hit Parked Vehicle,Divided Road,Night,,Not Raining
2017-5983-8/11/2018,2,0,0,2,2: MI,,0,,80,Hit Fixed Object,Not Divided,Night,,Not Raining
2017-5984-8/11/2018,0,0,0,0,1: PDO,Full,1,,80,Hit Fixed Object,Not Divided,Night,Y,Not Raining
2017-5985-8/11/2018,1,1,0,0,4: Fatal,Full,1,,40,Hit Pedestrian,Cross Road,Night,,Not Raining
2017-5986-8/11/2018,0,0,0,0,1: PDO,Full,1,,80,Hit Fixed Object,Not Divided,Night,,Not Raining
2017-5987-8/11/2018,0,0,0,0,1: PDO,,,,50,Hit Pedestrian,Not Divided,Night,,Not Raining
2017-5988-8/11/2018,1,0,0,1,2: MI,Full,2,,50,Rear End,Cross Road,Night,,Not Raining
2017-5989-8/11/2018,0,0,0,0,1: PDO,,1,,80,Rear End,T-Junction,Daylight,,Not Raining
2017-5990-8/11/2018,0,0,0,0,1: PDO,Provisional 2,2,,100,Hit Fixed Object,T-Junction,Daylight,,Not Raining
2017-5991-8/11/2018,2,0,0,2,2: MI,Full,1,,60,Right Angle,T-Junction,Daylight,,Not Raining
2017-5992-8/11/2018,0,0,0,0,1: PDO,,,,50,Hit Parked Vehicle,Not Divided,Daylight,,Not Raining
2017-5993-8/11/2018,0,0,0,0,1: PDO,Full,1,,60,Right Angle,T-Junction,Daylight,,Not Raining
2017-5994-8/11/2018,0,0,0,0,1: PDO,Full,3,,100,Hit Fixed Object,Not Divided,Night,,Not Raining
2017-5995-8/11/2018,0,0,0,0,1: PDO,Probationary,1,,60,Side Swipe,T-Junction,Daylight,,Not Raining
2017-5996-8/11/2018,0,0,0,0,1: PDO,Full,2,,50,Side Swipe,Not Divided,Daylight,,Not Raining
2017-5997-8/11/2018,0,0,0,0,1: PDO,Unknown,1,,50,Right Angle,Not Divided,Daylight,,Not Raining
2017-5998-8/11/2018,1,0,0,1,2: MI,Full,1,,60,Right Turn,Cross Road,Daylight,,Not Raining
2017-5999-8/11/2018,1,0,0,1,2: MI,Full,1,,60,Rear End,Divided Road,Daylight,,Not Raining
2017-6000-8/11/2018,0,0,0,0,1: PDO,Full,1,Y,60,Right Angle,Cross Road,Daylight,,Not Raining
2017-6001-8/11/2018,0,0,0,0,1: PDO,Full,1,,50,Hit Fixed Object,Not Divided,Night,,Not Raining
2017-6002-8/11/2018,0,0,0,0,1: PDO,Full,1,,50,Hit Parked Vehicle,Not Divided,Daylight,,Not Raining
2017-6003-8/11/2018,0,0,0,0,1: PDO,Full,1,,50,Hit Fixed Object,Not Divided,Daylight,,Not Raining
2017-6004-8/11/2018,1,0,0,1,2: MI,Full,1,,50,Hit Fixed Object,T-Junction,Daylight,,Not Raining
2017-6005-8/11/2018,1,0,0,1,2: MI,,1,,80,Hit Fixed Object,Divided Road,Daylight,,Not Raining
2017-6006-8/11/2018,0,0,0,0,1: PDO,Full,2,,60,Rear End,Cross Road,Daylight,,Not Raining
2017-6007-8/11/2018,1,0,0,1,2: MI,Full,1,,60,Side Swipe,Cross Road,Daylight,,Not Raining
2017-6008-8/11/2018,0,0,0,0,1: PDO,Full,1,,50,Hit Parked Vehicle,Not Divided,Daylight,,Not Raining
2017-6009-8/11/2018,0,0,0,0,1: PDO,,0,,60,Right Angle,T-Junction,Daylight,,Not Raining
2017-6010-8/11/2018,1,0,0,1,2: MI,Provisional 2,3,,90,Roll Over,Divided Road,Night,,Not Raining
2017-6011-8/11/2018,0,0,0,0,1: PDO,Full,2,,50,Rear End,Not Divided,Daylight,,Not Raining
2017-6012-8/11/2018,1,0,0,1,2: MI,Full,1,,60,Side Swipe,T-Junction,Daylight,,Not Raining
2017-6013-8/11/2018,0,0,0,0,1: PDO,Unknown,1,,80,Side Swipe,Divided Road,Daylight,,Not Raining
2017-6014-8/11/2018,0,0,0,0,1: PDO,,1,,80,Right Angle,Cross Road,Daylight,,Not Raining
2017-6015-8/11/2018,0,0,0,0,1: PDO,Unknown,1,,60,Rear End,Divided Road,Night,,Not Raining
2017-6016-8/11/2018,1,0,0,1,2: MI,Full,21,,60,Hit Pedestrian,Divided Road,Daylight,,Not Raining
2017-6017-8/11/2018,1,0,0,1,2: MI,Full,1,,60,Rear End,Divided Road,Daylight,,Not Raining
2017-6018-8/11/2018,0,0,0,0,1: PDO,,1,,50,Hit Fixed Object,Cross Road,Night,,Not Raining
2017-6019-8/11/2018,0,0,0,0,1: PDO,Unknown,1,,60,Rear End,Divided Road,Night,,Not Raining
2017-6020-8/11/2018,1,0,0,1,2: MI,Full,1,,50,Right Angle,Cross Road,Daylight,,Not Raining
2017-6021-8/11/2018,0,0,0,0,1: PDO,,0,,60,Right Turn,T-Junction,Night,,Not Raining
2017-6022-8/11/2018,0,0,0,0,1: PDO,Full,1,,50,Hit Pedestrian,One Way,Night,,Not Raining
2017-6023-8/11/2018,0,0,0,0,1: PDO,,,,50,Side Swipe,Not Divided,Night,,Not Raining
2017-6024-8/11/2018,0,0,0,0,1: PDO,Full,3,,60,Rear End,T-Junction,Daylight,,Not Raining
2017-6025-8/11/2018,0,0,0,0,1: PDO,,,,50,Hit Parked Vehicle,Not Divided,Night,Y,Not Raining
2017-6026-8/11/2018,4,2,2,0,4: Fatal,Provisional 2,1,,110,Hit Fixed Object,Not Divided,Night,,Not Raining
2017-6027-8/11/2018,0,0,0,0,1: PDO,,,,100,Hit Animal,Not Divided,Daylight,,Not Raining
2017-6028-8/11/2018,0,0,0,0,1: PDO,Full,1,,110,Hit Fixed Object,Divided Road,Daylight,,Not Raining
2017-6029-8/11/2018,0,0,0,0,1: PDO,Full,1,,80,Rear End,Cross Road,Daylight,,Not Raining
2017-6030-8/11/2018,0,0,0,0,1: PDO,Full,1,,60,Rear End,Cross Road,Daylight,,Not Raining
2017-6031-8/11/2018,0,0,0,0,1: PDO,Provisional 2,1,,60,Rear End,Divided Road,Daylight,,Not Raining
2017-6032-8/11/2018,1,0,0,1,2: MI,Full,1,,50,Hit Pedestrian,Pedestrian Crossing,Daylight,,Not Raining
2017-6033-8/11/2018,0,0,0,0,1: PDO,Full,1,,60,Rear End,Divided Road,Daylight,,Not Raining
2017-6034-8/11/2018,1,0,0,1,2: MI,Full,1,,60,Rear End,Cross Road,Daylight,,Not Raining
2017-6035-8/11/2018,2,0,0,2,2: MI,Full,1,,60,Right Angle,Cross Road,Daylight,,Not Raining
2017-6036-8/11/2018,0,0,0,0,1: PDO,,,,60,Hit Pedestrian,Divided Road,Daylight,,Not Raining
2017-6037-8/11/2018,0,0,0,0,1: PDO,Full,1,,50,Hit Parked Vehicle,Not Divided,Daylight,,Not Raining
2017-6038-8/11/2018,1,0,0,1,2: MI,Full,1,,60,Rear End,Cross Road,Night,,Not Raining
2017-6039-8/11/2018,1,0,0,1,2: MI,Full,1,Y,80,Hit Fixed Object,Divided Road,Daylight,,Not Raining
2017-6040-8/11/2018,0,0,0,0,1: PDO,,1,,60,Rear End,Divided Road,Daylight,,Not Raining
2017-6041-8/11/2018,0,0,0,0,1: PDO,,0,,80,Rear End,T-Junction,Daylight,,Not Raining
2017-6042-8/11/2018,0,0,0,0,1: PDO,Unknown,1,,60,Rear End,Pedestrian Crossing,Night,,Not Raining
2017-6043-8/11/2018,0,0,0,0,1: PDO,Full,1,,70,Side Swipe,T-Junction,Daylight,,Not Raining
2017-6044-8/11/2018,1,0,0,1,2: MI,Full,1,,70,Rear End,Divided Road,Night,,Not Raining
2017-6045-8/11/2018,0,0,0,0,1: PDO,Provisional 1 ,2,,60,Right Turn,Cross Road,Night,,Not Raining
2017-6046-8/11/2018,1,0,0,1,2: MI,,,,60,Rear End,Divided Road,Night,,Not Raining
2017-6047-8/11/2018,0,0,0,0,1: PDO,Full,1,,100,Hit Fixed Object,Freeway,Night,,Not Raining
2017-6048-8/11/2018,1,0,0,1,2: MI,Provisional 2,3,,60,Right Angle,Cross Road,Night,,Not Raining
2017-6049-8/11/2018,1,0,0,1,2: MI,Full,1,,50,Right Angle,Cross Road,Daylight,,Not Raining
2017-6050-8/11/2018,0,0,0,0,1: PDO,Full,1,,50,Rear End,Not Divided,Daylight,,Not Raining
2017-6051-8/11/2018,1,0,0,1,2: MI,Provisional 2,2,,100,Hit Fixed Object,Not Divided,Night,,Raining
2017-6052-8/11/2018,0,0,0,0,1: PDO,,,,80,Rear End,Divided Road,Daylight,,Raining
2017-6053-8/11/2018,1,0,1,0,3: SI,Full,1,,80,Side Swipe,Cross Road,Daylight,,Not Raining
2017-6054-8/11/2018,1,0,1,0,3: SI,,0,,100,Roll Over,Not Divided,Daylight,,Not Raining
2017-6055-8/11/2018,2,0,0,2,2: MI,Full,1,,50,Hit Pedestrian,Not Divided,Daylight,,Not Raining
2017-6056-8/11/2018,0,0,0,0,1: PDO,,1,,60,Right Angle,T-Junction,Night,,Not Raining
2017-6057-8/11/2018,0,0,0,0,1: PDO,,0,,60,Side Swipe,Not Divided,Daylight,,Raining
2017-6058-8/11/2018,0,0,0,0,1: PDO,Full,1,Y,90,Hit Fixed Object,Not Divided,Daylight,,Raining
2017-6059-8/11/2018,0,0,0,0,1: PDO,Full,1,,60,Hit Parked Vehicle,Cross Road,Daylight,,Raining
2017-6060-8/11/2018,1,0,0,1,2: MI,,1,,60,Roll Over,Divided Road,Daylight,,Raining
2017-6061-8/11/2018,2,0,1,1,3: SI,,,,70,Head On,T-Junction,Daylight,,Not Raining
2017-6062-8/11/2018,1,0,0,1,2: MI,Full,1,,50,Hit Pedestrian,Not Divided,Daylight,,Not Raining
2017-6063-8/11/2018,0,0,0,0,1: PDO,Full,1,,80,Rear End,Divided Road,Daylight,,Raining
2017-6064-8/11/2018,0,0,0,0,1: PDO,Provisional 1 ,1,,80,Hit Fixed Object,Not Divided,Night,,Not Raining
2017-6065-8/11/2018,0,0,0,0,1: PDO,Probationary,1,,60,Rear End,Divided Road,Daylight,,Raining
2017-6066-8/11/2018,1,0,0,1,2: MI,Full,1,,80,Right Angle,T-Junction,Daylight,,Not Raining
2017-6067-8/11/2018,0,0,0,0,1: PDO,,,,50,Hit Fixed Object,Cross Road,Daylight,,Not Raining
2017-6068-8/11/2018,0,0,0,0,1: PDO,Full,3,,50,Right Angle,Not Divided,Daylight,,Raining
2017-6069-8/11/2018,0,0,0,0,1: PDO,,1,,60,Right Angle,Cross Road,Daylight,,Not Raining
2017-6070-8/11/2018,1,0,0,1,2: MI,Full,2,,40,Side Swipe,Not Divided,Daylight,,Not Raining
2017-6071-8/11/2018,1,0,0,1,2: MI,Provisional 2,1,,60,Rear End,Divided Road,Daylight,,Not Raining
2017-6072-8/11/2018,0,0,0,0,1: PDO,Full,2,,60,Right Angle,T-Junction,Daylight,,Not Raining
2017-6073-8/11/2018,1,0,0,1,2: MI,Unlicenced,1,,50,Hit Parked Vehicle,Not Divided,Daylight,,Unknown
2017-6074-8/11/2018,0,0,0,0,1: PDO,Full,1,,80,Side Swipe,Divided Road,Daylight,,Not Raining
2017-6075-8/11/2018,0,0,0,0,1: PDO,Full,6,,60,Hit Parked Vehicle,Not Divided,Daylight,,Not Raining
2017-6076-8/11/2018,0,0,0,0,1: PDO,,0,,60,Hit Fixed Object,T-Junction,Daylight,,Not Raining
2017-6077-8/11/2018,0,0,0,0,1: PDO,Unknown,1,,60,Rear End,Not Divided,Daylight,,Not Raining
2017-6078-8/11/2018,0,0,0,0,1: PDO,Full,1,,50,Rear End,Not Divided,Daylight,,Not Raining
2017-6079-8/11/2018,0,0,0,0,1: PDO,,,,60,Rear End,Not Divided,Night,,Not Raining
2017-6080-8/11/2018,1,0,1,0,3: SI,Full,1,,100,Roll Over,Not Divided,Daylight,,Not Raining
2017-6081-8/11/2018,0,0,0,0,1: PDO,Unknown,1,,50,Right Angle,Cross Road,Night,,Not Raining
2017-6082-8/11/2018,0,0,0,0,1: PDO,Provisional 1 ,1,,60,Rear End,Divided Road,Night,,Not Raining
2017-6083-8/11/2018,1,0,0,1,2: MI,Full,1,,80,Hit Fixed Object,Divided Road,Night,,Not Raining
2017-6084-8/11/2018,0,0,0,0,1: PDO,Full,2,,60,Rear End,Divided Road,Night,,Not Raining
2017-6085-8/11/2018,1,0,0,1,2: MI,Full,1,,50,Hit Pedestrian,Divided Road,Daylight,,Not Raining
2017-6086-8/11/2018,1,0,0,1,2: MI,Full,1,,60,Rear End,Divided Road,Daylight,,Raining
2017-6087-8/11/2018,0,0,0,0,1: PDO,Provisional 2,2,,50,Hit Parked Vehicle,Not Divided,Night,,Not Raining
2017-6088-8/11/2018,0,0,0,0,1: PDO,Full,2,,80,Hit Fixed Object,T-Junction,Night,,Not Raining
2017-6089-8/11/2018,0,0,0,0,1: PDO,Full,1,,60,Hit Parked Vehicle,Divided Road,Night,,Not Raining
2017-6090-8/11/2018,0,0,0,0,1: PDO,Full,1,,50,Hit Parked Vehicle,Not Divided,Night,Y,Not Raining
2017-6091-8/11/2018,0,0,0,0,1: PDO,Full,1,,80,Roll Over,Not Divided,Night,,Not Raining
2017-6092-8/11/2018,0,0,0,0,1: PDO,Unknown,1,,40,Rear End,Divided Road,Daylight,,Not Raining
2017-6093-8/11/2018,1,0,0,1,2: MI,Full,1,,60,Hit Parked Vehicle,Divided Road,Daylight,,Not Raining
2017-6094-8/11/2018,0,0,0,0,1: PDO,Full,1,,110,Left Road - Out of Control,T-Junction,Night,,Not Raining
2017-6095-8/11/2018,0,0,0,0,1: PDO,Full,2,,100,Side Swipe,T-Junction,Daylight,,Not Raining
2017-6096-8/11/2018,3,0,0,3,2: MI,Unknown,1,,60,Right Angle,T-Junction,Daylight,,Not Raining
2017-6097-8/11/2018,0,0,0,0,1: PDO,Full,1,,60,Hit Fixed Object,Not Divided,Daylight,,Not Raining
2017-6098-8/11/2018,0,0,0,0,1: PDO,Full,2,,80,Hit Fixed Object,Divided Road,Daylight,,Not Raining
2017-6099-8/11/2018,0,0,0,0,1: PDO,Full,1,,60,Rear End,Cross Road,Daylight,,Not Raining
2017-6100-8/11/2018,1,1,0,0,4: Fatal,Full,3,Y,60,Roll Over,Divided Road,Daylight,Y,Not Raining
2017-6101-8/11/2018,0,0,0,0,1: PDO,Full,1,,50,Hit Parked Vehicle,Not Divided,Night,,Not Raining
2017-6102-8/11/2018,0,0,0,0,1: PDO,Unknown,3,,50,Right Angle,T-Junction,Daylight,,Not Raining
2017-6103-8/11/2018,1,0,0,1,2: MI,Full,1,Y,60,Hit Fixed Object,Cross Road,Daylight,,Not Raining
2017-6104-8/11/2018,1,0,0,1,2: MI,Unknown,1,,50,Hit Pedestrian,T-Junction,Daylight,,Not Raining
2017-6105-8/11/2018,0,0,0,0,1: PDO,Probationary,1,,60,Rear End,Not Divided,Night,,Not Raining
2017-6106-8/11/2018,0,0,0,0,1: PDO,Full,1,,50,Hit Fixed Object,Cross Road,Night,,Not Raining
2017-6107-8/11/2018,1,0,0,1,2: MI,Full,2,Y,60,Left Road - Out of Control,Cross Road,Daylight,Y,Not Raining
2017-6108-8/11/2018,0,0,0,0,1: PDO,Full,1,,60,Rear End,T-Junction,Night,,Not Raining
2017-6109-8/11/2018,1,0,0,1,2: MI,,,Y,60,Hit Fixed Object,Cross Road,Night,,Not Raining
2017-6110-8/11/2018,1,0,0,1,2: MI,Full,1,,50,Hit Parked Vehicle,Not Divided,Daylight,,Not Raining
2017-6111-8/11/2018,2,0,0,2,2: MI,,,,60,Right Angle,Cross Road,Daylight,,Not Raining
2017-6112-8/11/2018,1,0,1,0,3: SI,Provisional 2,1,,40,Hit Fixed Object,Not Divided,Daylight,,Not Raining
2017-6113-8/11/2018,0,0,0,0,1: PDO,Full,1,,60,Right Angle,Cross Road,Night,,Not Raining
2017-6114-8/11/2018,0,0,0,0,1: PDO,Unknown,1,,60,Right Angle,T-Junction,Daylight,,Not Raining
2017-6115-8/11/2018,0,0,0,0,1: PDO,Full,1,,90,Right Angle,T-Junction,Daylight,,Not Raining
2017-6116-8/11/2018,0,0,0,0,1: PDO,Full,1,,50,Hit Parked Vehicle,Not Divided,Daylight,,Not Raining
2017-6117-8/11/2018,0,0,0,0,1: PDO,Unknown,1,,110,Left Road - Out of Control,Divided Road,Daylight,,Not Raining
2017-6118-8/11/2018,0,0,0,0,1: PDO,Full,2,,100,Roll Over,Not Divided,Night,,Raining
2017-6119-8/11/2018,0,0,0,0,1: PDO,Full,1,,60,Right Angle,T-Junction,Daylight,,Not Raining
2017-6120-8/11/2018,0,0,0,0,1: PDO,Full,1,,60,Rear End,T-Junction,Daylight,,Not Raining
2017-6121-8/11/2018,1,0,0,1,2: MI,Full,1,,50,Rear End,T-Junction,Daylight,,Not Raining
2017-6122-8/11/2018,0,0,0,0,1: PDO,Full,1,,90,Rear End,Divided Road,Night,,Not Raining
2017-6123-8/11/2018,0,0,0,0,1: PDO,Full,1,Y,100,Roll Over,Not Divided,Daylight,,Not Raining
2017-6124-8/11/2018,0,0,0,0,1: PDO,Full,2,,25,Rear End,Divided Road,Daylight,,Not Raining
2017-6125-8/11/2018,0,0,0,0,1: PDO,Full,1,,60,Rear End,T-Junction,Daylight,,Not Raining
2017-6126-8/11/2018,0,0,0,0,1: PDO,,0,,100,Right Angle,Cross Road,Daylight,,Not Raining
2017-6127-8/11/2018,0,0,0,0,1: PDO,Full,4,,25,Rear End,Divided Road,Daylight,,Not Raining
2017-6128-8/11/2018,1,0,1,0,3: SI,Full,1,,60,Hit Fixed Object,Not Divided,Daylight,,Not Raining
2017-6129-8/11/2018,0,0,0,0,1: PDO,Provisional 2,2,,60,Rear End,T-Junction,Daylight,,Not Raining
2017-6130-8/11/2018,0,0,0,0,1: PDO,Full,1,,60,Right Angle,Cross Road,Daylight,,Not Raining
2017-6131-8/11/2018,1,0,0,1,2: MI,Full,1,,60,Right Angle,Divided Road,Daylight,,Not Raining
2017-6132-8/11/2018,1,0,0,1,2: MI,,,,110,Hit Fixed Object,Not Divided,Daylight,,Not Raining
2017-6133-8/11/2018,2,0,1,1,3: SI,,,,60,Right Angle,T-Junction,Night,,Not Raining
2017-6134-8/11/2018,2,0,0,2,2: MI,,,,60,Right Turn,Divided Road,Daylight,,Not Raining
2017-6135-8/11/2018,0,0,0,0,1: PDO,Full,1,,60,Side Swipe,T-Junction,Night,,Not Raining
2017-6136-8/11/2018,1,0,0,1,2: MI,,,,60,Hit Fixed Object,Not Divided,Night,,Not Raining
2017-6137-8/11/2018,0,0,0,0,1: PDO,Full,1,,50,Hit Pedestrian,Not Divided,Night,,Not Raining
2017-6138-8/11/2018,3,0,0,3,2: MI,Full,1,,60,Side Swipe,T-Junction,Night,,Not Raining
2017-6139-8/11/2018,0,0,0,0,1: PDO,Provisional 2,1,,60,Hit Fixed Object,Cross Road,Night,Y,Not Raining
2017-6140-8/11/2018,0,0,0,0,1: PDO,Provisional 2,1,,50,Right Turn,T-Junction,Daylight,,Not Raining
2017-6141-8/11/2018,0,0,0,0,1: PDO,Full,1,,60,Side Swipe,T-Junction,Daylight,,Not Raining
2017-6142-8/11/2018,0,0,0,0,1: PDO,,1,,60,Rear End,Cross Road,Daylight,,Not Raining
2017-6143-8/11/2018,1,0,0,1,2: MI,Full,4,,60,Right Turn,T-Junction,Daylight,,Not Raining
2017-6144-8/11/2018,2,0,0,2,2: MI,Unknown,1,Y,60,Right Angle,T-Junction,Daylight,,Not Raining
2017-6145-8/11/2018,0,0,0,0,1: PDO,Full,1,,50,Rear End,Cross Road,Daylight,,Not Raining
2017-6146-8/11/2018,1,0,0,1,2: MI,Full,2,,70,Rear End,Cross Road,Daylight,,Raining
2017-6147-8/11/2018,1,0,0,1,2: MI,Full,1,,10,Hit Pedestrian,Not Divided,Daylight,,Not Raining
2017-6148-8/11/2018,1,0,1,0,3: SI,Full,1,Y,50,Hit Fixed Object,Not Divided,Daylight,,Not Raining
2017-6149-8/11/2018,1,0,0,1,2: MI,Provisional 2,1,,70,Hit Pedestrian,Not Divided,Daylight,,Not Raining
2017-6150-8/11/2018,2,0,0,2,2: MI,,,,60,Right Angle,T-Junction,Night,,Not Raining
2017-6151-8/11/2018,1,0,0,1,2: MI,Full,1,,50,Rear End,Not Divided,Daylight,,Not Raining
2017-6152-8/11/2018,0,0,0,0,1: PDO,,,,50,Rear End,Cross Road,Daylight,,Not Raining
2017-6153-8/11/2018,0,0,0,0,1: PDO,,,,90,Side Swipe,Divided Road,Night,,Not Raining
2017-6154-8/11/2018,1,0,0,1,2: MI,Full,1,,80,Side Swipe,Divided Road,Daylight,,Not Raining
2017-6155-8/11/2018,1,0,0,1,2: MI,,1,,50,Right Angle,Cross Road,Daylight,,Not Raining
2017-6156-8/11/2018,0,0,0,0,1: PDO,Full,1,,50,Rear End,Not Divided,Daylight,,Not Raining
2017-6157-8/11/2018,1,0,0,1,2: MI,Unknown,1,,60,Right Turn,Cross Road,Night,,Not Raining
2017-6158-8/11/2018,0,0,0,0,1: PDO,Full,1,,50,Hit Fixed Object,T-Junction,Daylight,,Not Raining
2017-6159-8/11/2018,0,0,0,0,1: PDO,Full,1,,60,Side Swipe,T-Junction,Daylight,,Not Raining
2017-6160-8/11/2018,0,0,0,0,1: PDO,Provisional 2,1,,50,Rear End,T-Junction,Night,,Not Raining
2017-6161-8/11/2018,1,0,0,1,2: MI,Full,2,,70,Rear End,Not Divided,Night,,Not Raining
2017-6162-8/11/2018,1,0,0,1,2: MI,Full,1,,50,Right Angle,T-Junction,Night,,Not Raining
2017-6163-8/11/2018,2,0,0,2,2: MI,,0,,50,Right Turn,Cross Road,Night,,Not Raining
2017-6164-8/11/2018,1,0,0,1,2: MI,Full,1,,60,Rear End,Divided Road,Night,,Not Raining
2017-6165-8/11/2018,1,0,0,1,2: MI,Unknown,1,,60,Roll Over,Not Divided,Night,,Not Raining
2017-6166-8/11/2018,0,0,0,0,1: PDO,Provisional 2,2,,60,Side Swipe,Divided Road,Daylight,,Not Raining
2017-6167-8/11/2018,0,0,0,0,1: PDO,,,,50,Right Angle,T-Junction,Night,,Not Raining
2017-6168-8/11/2018,2,0,0,2,2: MI,Provisional 2,1,,80,Right Angle,Cross Road,Daylight,,Not Raining