REPORT_ID,Total Cas,Total Fats,Total SI,Total MI,CSEF Severity,Licence Type,Number Occupants,Drugs Involved,Area Speed,Crash Type,Position Type,DayNight,DUI Involved,Weather Cond
2017-6169-8/11/2018,0,0,0,0,1: PDO,Learners,1,Y,50,Hit Fixed Object,Not Divided,Night,,Not Raining
2017-6170-8/11/2018,1,0,0,1,2: MI,Full,1,,50,Hit Fixed Object,Cross Road,Night,,Not Raining
2017-6171-8/11/2018,0,0,0,0,1: PDO,,,,50,Hit Fixed Object,Not Divided,Daylight,,Not Raining
2017-6172-8/11/2018,1,0,0,1,2: MI,Full,1,,80,Right Angle,Multiple,Daylight,,Not Raining
2017-6173-8/11/2018,0,0,0,0,1: PDO,,0,,50,Hit Parked Vehicle,Not Divided,Night,,Not Raining
2017-6174-8/11/2018,0,0,0,0,1: PDO,Full,1,,60,Side Swipe,Divided Road,Daylight,,Not Raining
2017-6175-8/11/2018,0,0,0,0,1: PDO,,0,,110,Hit Animal,Not Divided,Daylight,,Unknown
2017-6176-8/11/2018,0,0,0,0,1: PDO,Provisional 2,1,,60,Right Turn,Divided Road,Daylight,,Not Raining
2017-6177-8/11/2018,2,0,0,2,2: MI,,,,60,Right Angle,T-Junction,Daylight,,Not Raining
2017-6178-8/11/2018,0,0,0,0,1: PDO,Unknown,1,,60,Rear End,Cross Road,Daylight,,Not Raining
2017-6179-8/11/2018,0,0,0,0,1: PDO,Learners,1,,50,Head On,Not Divided,Daylight,,Not Raining
2017-6180-8/11/2018,1,0,0,1,2: MI,Full,2,,60,Right Angle,T-Junction,Daylight,,Not Raining
2017-6181-8/11/2018,0,0,0,0,1: PDO,Full,1,,40,Rear End,Divided Road,Daylight,,Not Raining
2017-6182-8/11/2018,0,0,0,0,1: PDO,,,,60,Right Angle,Cross Road,Daylight,,Not Raining
2017-6183-8/11/2018,0,0,0,0,1: PDO,Full,1,,50,Hit Parked Vehicle,Not Divided,Daylight,,Not Raining
2017-6184-8/11/2018,1,0,0,1,2: MI,Full,1,,60,Hit Parked Vehicle,Not Divided,Daylight,,Not Raining
2017-6185-8/11/2018,0,0,0,0,1: PDO,Full,2,,50,Hit Fixed Object,T-Junction,Daylight,,Not Raining
2017-6186-8/11/2018,1,0,0,1,2: MI,Full,1,,60,Rear End,T-Junction,Daylight,,Not Raining
2017-6187-8/11/2018,0,0,0,0,1: PDO,Full,1,,60,Right Turn,Cross Road,Daylight,,Not Raining
2017-6188-8/11/2018,0,0,0,0,1: PDO,Unknown,1,,100,Hit Fixed Object,Interchange,Daylight,,Not Raining
2017-6189-8/11/2018,1,0,0,1,2: MI,Full,1,,90,Rear End,T-Junction,Night,,Not Raining
2017-6190-8/11/2018,2,0,0,2,2: MI,Full,1,,60,Right Angle,Divided Road,Daylight,,Not Raining
2017-6191-8/11/2018,0,0,0,0,1: PDO,Full,1,,50,Hit Fixed Object,T-Junction,Daylight,,Not Raining
2017-6192-8/11/2018,1,0,0,1,2: MI,,0,,50,Hit Fixed Object,T-Junction,Night,,Not Raining
2017-6193-8/11/2018,0,0,0,0,1: PDO,Full,2,,100,Roll Over,Not Divided,Daylight,,Not Raining
2017-6194-8/11/2018,0,0,0,0,1: PDO,Full,1,,50,Right Turn,T-Junction,Daylight,,Not Raining
2017-6195-8/11/2018,0,0,0,0,1: PDO,Full,4,,60,Right Angle,T-Junction,Daylight,,Not Raining
2017-6196-8/11/2018,0,0,0,0,1: PDO,Full,1,,60,Side Swipe,Divided Road,Daylight,,Not Raining
2017-6197-8/11/2018,0,0,0,0,1: PDO,Full,1,,60,Hit Parked Vehicle,Divided Road,Daylight,,Not Raining
2017-6198-8/11/2018,0,0,0,0,1: PDO,Unknown,1,,50,Side Swipe,Cross Road,Daylight,,Not Raining
2017-6199-8/11/2018,1,0,0,1,2: MI,Full,1,,60,Right Turn,Cross Road,Daylight,,Not Raining
2017-6200-8/11/2018,0,0,0,0,1: PDO,Full,1,,60,Side Swipe,Not Divided,Daylight,,Not Raining
2017-6201-8/11/2018,1,0,1,0,3: SI,Full,1,,110,Rear End,Freeway,Daylight,,Not Raining
2017-6202-8/11/2018,1,0,0,1,2: MI,Full,1,,50,Right Angle,Cross Road,Daylight,,Not Raining
2017-6203-8/11/2018,0,0,0,0,1: PDO,Full,1,,60,Side Swipe,Cross Road,Night,,Not Raining
2017-6204-8/11/2018,1,0,0,1,2: MI,Full,1,,60,Rear End,Divided Road,Daylight,,Not Raining
2017-6205-8/11/2018,0,0,0,0,1: PDO,Full,2,,60,Rear End,T-Junction,Daylight,,Not Raining
2017-6206-8/11/2018,0,0,0,0,1: PDO,,0,,60,Right Angle,Cross Road,Night,,Not Raining
2017-6207-8/11/2018,1,0,0,1,2: MI,,,,50,Right Angle,T-Junction,Daylight,,Not Raining
2017-6208-8/11/2018,1,0,0,1,2: MI,Full,1,,60,Rear End,Divided Road,Night,,Not Raining
2017-6209-8/11/2018,2,0,0,2,2: MI,Unknown,1,,90,Rear End,T-Junction,Night,,Not Raining
2017-6210-8/11/2018,0,0,0,0,1: PDO,,1,,60,Hit Pedestrian,Divided Road,Night,,Not Raining
2017-6211-8/11/2018,2,0,0,2,2: MI,Unknown,1,Y,60,Side Swipe,Not Divided,Night,,Not Raining
2017-6212-8/11/2018,0,0,0,0,1: PDO,,0,,110,Hit Animal,Not Divided,Night,,Not Raining
2017-6213-8/11/2018,0,0,0,0,1: PDO,Full,2,,50,Hit Fixed Object,Not Divided,Night,,Not Raining
2017-6214-8/11/2018,0,0,0,0,1: PDO,Full,1,,80,Hit Fixed Object,T-Junction,Night,Y,Not Raining
2017-6215-8/11/2018,1,0,0,1,2: MI,Full,1,Y,80,Hit Fixed Object,Not Divided,Night,Y,Not Raining
2017-6216-8/11/2018,0,0,0,0,1: PDO,Full,1,,50,Hit Fixed Object,Not Divided,Night,,Not Raining
2017-6217-8/11/2018,0,0,0,0,1: PDO,Unlicenced,3,,50,Hit Fixed Object,T-Junction,Night,Y,Not Raining
2017-6218-8/11/2018,0,0,0,0,1: PDO,Unknown,1,,50,Hit Parked Vehicle,Not Divided,Daylight,,Not Raining
2017-6219-8/11/2018,1,0,0,1,2: MI,,0,,70,Rear End,T-Junction,Daylight,,Not Raining
2017-6220-8/11/2018,0,0,0,0,1: PDO,,0,,80,Rear End,Divided Road,Daylight,,Not Raining
2017-6221-8/11/2018,0,0,0,0,1: PDO,Full,3,,60,Rear End,Cross Road,Daylight,,Not Raining
2017-6222-8/11/2018,2,0,0,2,2: MI,Full,1,,60,Hit Object on Road,Not Divided,Night,,Not Raining
2017-6223-8/11/2018,1,0,0,1,2: MI,,1,,60,Other,Divided Road,Night,,Not Raining
2017-6224-8/11/2018,0,0,0,0,1: PDO,Full,1,,60,Right Angle,T-Junction,Daylight,,Not Raining
2017-6225-8/11/2018,0,0,0,0,1: PDO,Full,1,,50,Rear End,Not Divided,Night,,Not Raining
2017-6226-8/11/2018,1,0,0,1,2: MI,,1,,50,Right Angle,T-Junction,Daylight,,Not Raining
2017-6227-8/11/2018,2,0,0,2,2: MI,Full,3,,50,Right Angle,Cross Road,Daylight,,Not Raining
2017-6228-8/11/2018,0,0,0,0,1: PDO,Unknown,1,,60,Right Turn,Divided Road,Daylight,,Not Raining
2017-6229-8/11/2018,0,0,0,0,1: PDO,Full,1,,90,Other,Freeway,Daylight,,Not Raining
2017-6230-8/11/2018,0,0,0,0,1: PDO,Full,1,,50,Side Swipe,T-Junction,Daylight,,Not Raining
2017-6231-8/11/2018,0,0,0,0,1: PDO,Full,4,Y,60,Right Angle,T-Junction,Daylight,,Not Raining
2017-6232-8/11/2018,0,0,0,0,1: PDO,,1,,60,Rear End,Cross Road,Daylight,,Not Raining
2017-6233-8/11/2018,2,0,0,2,2: MI,Full,2,,60,Right Turn,T-Junction,Daylight,,Not Raining
2017-6234-8/11/2018,0,0,0,0,1: PDO,,1,,70,Side Swipe,Divided Road,Daylight,,Not Raining
2017-6235-8/11/2018,0,0,0,0,1: PDO,Full,1,,50,Hit Pedestrian,T-Junction,Daylight,,Not Raining
2017-6236-8/11/2018,0,0,0,0,1: PDO,Provisional 2,1,,60,Right Angle,Cross Road,Daylight,,Not Raining
2017-6237-8/11/2018,0,0,0,0,1: PDO,Full,1,,50,Hit Parked Vehicle,Not Divided,Daylight,,Not Raining
2017-6238-8/11/2018,0,0,0,0,1: PDO,Full,1,,60,Right Angle,Cross Road,Daylight,,Not Raining
2017-6239-8/11/2018,0,0,0,0,1: PDO,Full,1,,60,Right Angle,Cross Road,Daylight,,Not Raining
2017-6240-8/11/2018,0,0,0,0,1: PDO,Full,1,,80,Rear End,T-Junction,Daylight,,Not Raining
2017-6241-8/11/2018,1,0,0,1,2: MI,Full,1,,90,Rear End,Divided Road,Daylight,,Not Raining
2017-6242-8/11/2018,2,0,1,1,3: SI,Full,1,,60,Rear End,Divided Road,Daylight,,Not Raining
2017-6243-8/11/2018,1,0,0,1,2: MI,Unlicenced,1,,60,Right Angle,T-Junction,Night,,Not Raining
2017-6244-8/11/2018,0,0,0,0,1: PDO,Full,3,,50,Hit Fixed Object,Not Divided,Night,,Not Raining
2017-6245-8/11/2018,0,0,0,0,1: PDO,Full,1,,60,Rear End,Cross Road,Night,,Not Raining
2017-6246-8/11/2018,0,0,0,0,1: PDO,Learners,1,,60,Rear End,T-Junction,Daylight,,Not Raining
2017-6247-8/11/2018,0,0,0,0,1: PDO,Full,1,,50,Rear End,T-Junction,Daylight,,Not Raining
2017-6248-8/11/2018,0,0,0,0,1: PDO,,0,,80,Hit Fixed Object,Not Divided,Daylight,,Not Raining
2017-6249-8/11/2018,0,0,0,0,1: PDO,Provisional 2,1,,50,Hit Fixed Object,Not Divided,Night,Y,Not Raining
2017-6250-8/11/2018,0,0,0,0,1: PDO,,,,60,Hit Parked Vehicle,Not Divided,Night,,Not Raining
2017-6251-8/11/2018,0,0,0,0,1: PDO,Provisional 1 ,2,Y,50,Hit Fixed Object,Not Divided,Night,,Not Raining
2017-6252-8/11/2018,1,0,0,1,2: MI,Provisional 1 ,2,Y,60,Roll Over,T-Junction,Night,,Not Raining
2017-6253-8/11/2018,0,0,0,0,1: PDO,Full,1,,60,Hit Parked Vehicle,Not Divided,Night,Y,Not Raining
2017-6254-8/11/2018,1,0,0,1,2: MI,Unknown,1,,60,Right Angle,Cross Road,Daylight,,Not Raining
2017-6255-8/11/2018,3,0,0,3,2: MI,,,,60,Hit Fixed Object,Divided Road,Daylight,,Not Raining
2017-6256-8/11/2018,1,0,0,1,2: MI,Provisional 2,1,,50,Side Swipe,Not Divided,Daylight,,Not Raining
2017-6257-8/11/2018,0,0,0,0,1: PDO,,,,50,Right Turn,Cross Road,Daylight,,Not Raining
2017-6258-8/11/2018,0,0,0,0,1: PDO,Provisional 2,2,,60,Rear End,Divided Road,Daylight,,Not Raining
2017-6259-8/11/2018,2,0,0,2,2: MI,Unlicenced,1,Y,50,Right Turn,T-Junction,Daylight,,Not Raining
2017-6260-8/11/2018,1,0,0,1,2: MI,Full,1,,60,Rear End,Divided Road,Daylight,,Not Raining
2017-6261-8/11/2018,0,0,0,0,1: PDO,Unknown,1,,60,Side Swipe,T-Junction,Night,,Not Raining
2017-6262-8/11/2018,0,0,0,0,1: PDO,Unknown,1,,60,Rear End,Divided Road,Daylight,,Not Raining
2017-6263-8/11/2018,0,0,0,0,1: PDO,,0,,60,Hit Fixed Object,T-Junction,Daylight,,Not Raining
2017-6264-8/11/2018,0,0,0,0,1: PDO,Provisional 2,1,,60,Right Turn,Cross Road,Daylight,,Not Raining
2017-6265-8/11/2018,0,0,0,0,1: PDO,Full,1,,50,Hit Fixed Object,T-Junction,Night,,Not Raining
2017-6266-8/11/2018,0,0,0,0,1: PDO,,,,60,Rear End,Cross Road,Daylight,,Not Raining
2017-6267-8/11/2018,1,0,0,1,2: MI,Provisional 2,1,,60,Rear End,Divided Road,Daylight,,Not Raining
2017-6268-8/11/2018,1,0,0,1,2: MI,Full,1,,50,Roll Over,Cross Road,Daylight,,Not Raining
2017-6269-8/11/2018,1,0,0,1,2: MI,Full,1,,80,Rear End,Divided Road,Daylight,,Not Raining
2017-6270-8/11/2018,0,0,0,0,1: PDO,Full,1,,60,Right Angle,Cross Road,Daylight,,Not Raining
2017-6271-8/11/2018,0,0,0,0,1: PDO,Unknown,1,,60,Rear End,Cross Road,Daylight,,Not Raining
2017-6272-8/11/2018,1,0,0,1,2: MI,Probationary,1,,60,Side Swipe,Divided Road,Daylight,,Not Raining
2017-6273-8/11/2018,0,0,0,0,1: PDO,,0,,60,Rear End,Divided Road,Daylight,,Not Raining
2017-6274-8/11/2018,0,0,0,0,1: PDO,,0,,60,Side Swipe,Divided Road,Daylight,,Not Raining
2017-6275-8/11/2018,0,0,0,0,1: PDO,Probationary,2,,60,Rear End,Divided Road,Daylight,,Not Raining
2017-6276-8/11/2018,0,0,0,0,1: PDO,Full,1,,80,Rear End,Divided Road,Daylight,,Not Raining
2017-6277-8/11/2018,0,0,0,0,1: PDO,Full,1,,60,Right Turn,Cross Road,Night,,Not Raining
2017-6278-8/11/2018,0,0,0,0,1: PDO,,,,50,Hit Parked Vehicle,Not Divided,Daylight,,Not Raining
2017-6279-8/11/2018,1,0,0,1,2: MI,Full,4,,60,Hit Pedestrian,Cross Road,Daylight,,Not Raining
2017-6280-8/11/2018,2,0,0,2,2: MI,Full,2,,60,Right Angle,Divided Road,Daylight,Y,Not Raining
2017-6281-8/11/2018,1,0,0,1,2: MI,Full,1,,50,Hit Parked Vehicle,Not Divided,Daylight,,Not Raining
2017-6282-8/11/2018,0,0,0,0,1: PDO,Unknown,1,,100,Right Angle,Cross Road,Daylight,,Not Raining
2017-6283-8/11/2018,0,0,0,0,1: PDO,Unknown,1,,50,Hit Parked Vehicle,Not Divided,Daylight,,Not Raining
2017-6284-8/11/2018,1,0,0,1,2: MI,Full,2,,50,Right Angle,Cross Road,Daylight,,Not Raining
2017-6285-8/11/2018,0,0,0,0,1: PDO,Full,1,,50,Right Angle,Cross Road,Daylight,,Not Raining
2017-6286-8/11/2018,3,0,0,3,2: MI,,,,50,Rear End,T-Junction,Daylight,,Not Raining
2017-6287-8/11/2018,0,0,0,0,1: PDO,Full,1,,90,Rear End,T-Junction,Daylight,,Not Raining
2017-6288-8/11/2018,0,0,0,0,1: PDO,Full,2,,50,Right Angle,Cross Road,Daylight,,Not Raining
2017-6289-8/11/2018,1,0,0,1,2: MI,,1,Y,60,Hit Fixed Object,T-Junction,Daylight,,Not Raining
2017-6290-8/11/2018,1,0,0,1,2: MI,Full,1,,50,Hit Pedestrian,Not Divided,Daylight,,Not Raining
2017-6291-8/11/2018,1,0,0,1,2: MI,Full,1,,60,Right Turn,Cross Road,Night,,Not Raining
2017-6292-8/11/2018,0,0,0,0,1: PDO,Full,1,,110,Side Swipe,Freeway,Daylight,,Not Raining
2017-6293-8/11/2018,1,0,0,1,2: MI,Full,1,,50,Rear End,Not Divided,Night,,Not Raining
2017-6294-8/11/2018,0,0,0,0,1: PDO,Full,1,,60,Hit Fixed Object,Not Divided,Daylight,,Not Raining
2017-6295-8/11/2018,0,0,0,0,1: PDO,,1,,60,Right Turn,Cross Road,Night,,Not Raining
2017-6296-8/11/2018,1,0,0,1,2: MI,,1,,70,Right Angle,T-Junction,Daylight,,Not Raining
2017-6297-8/11/2018,1,0,0,1,2: MI,Full,1,,80,Rear End,Divided Road,Daylight,,Not Raining
2017-6298-8/11/2018,0,0,0,0,1: PDO,Full,2,,60,Right Turn,Cross Road,Night,,Not Raining
2017-6299-8/11/2018,1,0,1,0,3: SI,Unknown,1,,50,Hit Pedestrian,Not Divided,Night,,Not Raining
2017-6300-8/11/2018,0,0,0,0,1: PDO,Full,1,,60,Rear End,Multiple,Night,,Not Raining
2017-6301-8/11/2018,0,0,0,0,1: PDO,,0,,60,Right Angle,Multiple,Night,,Not Raining
2017-6302-8/11/2018,0,0,0,0,1: PDO,Full,2,,50,Right Angle,Cross Road,Night,,Not Raining
2017-6303-8/11/2018,0,0,0,0,1: PDO,Full,1,,80,Right Turn,T-Junction,Night,,Not Raining
2017-6304-8/11/2018,0,0,0,0,1: PDO,Full,1,,60,Hit Parked Vehicle,Divided Road,Night,,Not Raining
2017-6305-8/11/2018,0,0,0,0,1: PDO,Full,1,,50,Hit Parked Vehicle,Not Divided,Night,,Not Raining
2017-6306-8/11/2018,0,0,0,0,1: PDO,Full,1,,70,Rear End,Not Divided,Daylight,,Not Raining
2017-6307-8/11/2018,0,0,0,0,1: PDO,Full,1,,100,Hit Fixed Object,Not Divided,Daylight,,Not Raining
2017-6308-8/11/2018,0,0,0,0,1: PDO,Full,3,,50,Hit Fixed Object,Divided Road,Daylight,,Not Raining
2017-6309-8/11/2018,0,0,0,0,1: PDO,Full,2,,60,Rear End,T-Junction,Daylight,,Not Raining
2017-6310-8/11/2018,0,0,0,0,1: PDO,Unknown,1,,60,Rear End,Not Divided,Night,,Not Raining
2017-6311-8/11/2018,1,0,0,1,2: MI,Full,1,,50,Right Turn,T-Junction,Daylight,,Not Raining
2017-6312-8/11/2018,1,0,0,1,2: MI,Full,1,,60,Side Swipe,Divided Road,Night,,Not Raining
2017-6313-8/11/2018,1,0,0,1,2: MI,Full,1,,60,Rear End,T-Junction,Daylight,,Not Raining
2017-6314-8/11/2018,0,0,0,0,1: PDO,Full,1,,50,Hit Fixed Object,Not Divided,Night,,Not Raining
2017-6315-8/11/2018,0,0,0,0,1: PDO,Full,1,,60,Right Angle,Cross Road,Daylight,,Not Raining
2017-6316-8/11/2018,0,0,0,0,1: PDO,Full,1,,60,Hit Parked Vehicle,T-Junction,Daylight,,Not Raining
2017-6317-8/11/2018,1,0,0,1,2: MI,Full,1,,80,Hit Animal,Not Divided,Night,,Not Raining
2017-6318-8/11/2018,1,0,0,1,2: MI,Full,1,,50,Right Angle,T-Junction,Daylight,,Not Raining
2017-6319-8/11/2018,1,0,0,1,2: MI,Full,2,,50,Right Angle,Not Divided,Daylight,,Not Raining
2017-6320-8/11/2018,0,0,0,0,1: PDO,,1,,80,Right Angle,Cross Road,Daylight,,Not Raining
2017-6321-8/11/2018,0,0,0,0,1: PDO,Full,1,,60,Side Swipe,Cross Road,Daylight,,Not Raining
2017-6322-8/11/2018,0,0,0,0,1: PDO,Full,1,,100,Roll Over,Not Divided,Daylight,,Not Raining
2017-6323-8/11/2018,0,0,0,0,1: PDO,,,,50,Hit Parked Vehicle,Not Divided,Daylight,,Not Raining
2017-6324-8/11/2018,1,0,0,1,2: MI,Full,1,,60,Rear End,Not Divided,Daylight,,Not Raining
2017-6325-8/11/2018,1,0,0,1,2: MI,Unknown,1,,70,Right Angle,Cross Road,Daylight,,Not Raining
2017-6326-8/11/2018,0,0,0,0,1: PDO,Full,1,,60,Hit Parked Vehicle,Divided Road,Daylight,,Not Raining
2017-6327-8/11/2018,2,0,1,1,3: SI,,,,60,Right Turn,Cross Road,Daylight,,Not Raining
2017-6328-8/11/2018,1,0,1,0,3: SI,Full,1,,50,Rear End,Not Divided,Night,,Not Raining
2017-6329-8/11/2018,1,0,0,1,2: MI,,,,60,Right Angle,T-Junction,Daylight,,Not Raining
2017-6330-8/11/2018,0,0,0,0,1: PDO,Unknown,2,,50,Rear End,T-Junction,Daylight,,Not Raining
2017-6331-8/11/2018,1,0,0,1,2: MI,,,,50,Right Turn,Divided Road,Daylight,,Not Raining
2017-6332-8/11/2018,1,0,0,1,2: MI,Full,1,,100,Roll Over,Not Divided,Daylight,,Not Raining
2017-6333-8/11/2018,0,0,0,0,1: PDO,,,,60,Rear End,Cross Road,Daylight,,Not Raining
2017-6334-8/11/2018,0,0,0,0,1: PDO,Unlicenced,1,,60,Right Turn,Cross Road,Daylight,,Not Raining
2017-6335-8/11/2018,0,0,0,0,1: PDO,Unknown,1,,60,Right Angle,T-Junction,Daylight,,Not Raining
2017-6336-8/11/2018,0,0,0,0,1: PDO,,,,60,Right Angle,T-Junction,Daylight,,Not Raining
2017-6337-8/11/2018,1,0,0,1,2: MI,Probationary,1,,100,Side Swipe,Divided Road,Daylight,,Not Raining
2017-6338-8/11/2018,2,0,0,2,2: MI,,,,60,Rear End,Divided Road,Daylight,,Not Raining
2017-6339-8/11/2018,0,0,0,0,1: PDO,Full,1,,50,Hit Fixed Object,Cross Road,Daylight,Y,Not Raining
2017-6340-8/11/2018,2,0,1,1,3: SI,,,,60,Rear End,T-Junction,Daylight,,Not Raining
2017-6341-8/11/2018,0,0,0,0,1: PDO,Full,1,,50,Hit Fixed Object,Not Divided,Daylight,,Not Raining
2017-6342-8/11/2018,0,0,0,0,1: PDO,,0,,60,Right Angle,Cross Road,Daylight,,Not Raining
2017-6343-8/11/2018,0,0,0,0,1: PDO,Full,2,,60,Right Angle,T-Junction,Daylight,,Not Raining
2017-6344-8/11/2018,0,0,0,0,1: PDO,Full,2,,60,Rear End,Cross Road,Daylight,,Not Raining
2017-6345-8/11/2018,0,0,0,0,1: PDO,Unknown,1,,60,Right Turn,T-Junction,Night,,Not Raining
2017-6346-8/11/2018,1,0,0,1,2: MI,,,,60,Right Angle,T-Junction,Night,,Not Raining
2017-6347-8/11/2018,0,0,0,0,1: PDO,Full,1,,60,Rear End,T-Junction,Night,,Not Raining
2017-6348-8/11/2018,0,0,0,0,1: PDO,Full,1,,60,Right Angle,Cross Road,Night,,Not Raining
2017-6349-8/11/2018,1,0,0,1,2: MI,Full,1,,80,Rear End,Divided Road,Night,,Not Raining
2017-6350-8/11/2018,2,0,0,2,2: MI,Full,1,,60,Right Turn,Cross Road,Night,,Not Raining
2017-6351-8/11/2018,1,0,0,1,2: MI,,1,,60,Rear End,Cross Road,Night,Y,Not Raining
2017-6352-8/11/2018,0,0,0,0,1: PDO,,1,,50,Right Angle,Cross Road,Night,,Not Raining
2017-6353-8/11/2018,4,0,2,2,3: SI,Full,1,,110,Rear End,Not Divided,Night,,Not Raining
2017-6354-8/11/2018,0,0,0,0,1: PDO,Unknown,1,,110,Left Road - Out of Control,Not Divided,Night,,Not Raining
2017-6355-8/11/2018,1,1,0,0,4: Fatal,Full,2,,100,Hit Fixed Object,T-Junction,Night,Y,Not Raining
2017-6356-8/11/2018,1,0,1,0,3: SI,Full,1,,50,Hit Pedestrian,Not Divided,Night,,Raining
2017-6357-8/11/2018,3,1,0,2,4: Fatal,Provisional 2,1,,110,Rear End,T-Junction,Night,,Raining
2017-6358-8/11/2018,1,0,0,1,2: MI,,,,50,Hit Fixed Object,Not Divided,Night,,Raining
2017-6359-8/11/2018,0,0,0,0,1: PDO,Unknown,3,,50,Hit Parked Vehicle,Not Divided,Night,,Not Raining
2017-6360-8/11/2018,0,0,0,0,1: PDO,,1,,60,Hit Fixed Object,Not Divided,Night,,Not Raining
2017-6361-8/11/2018,0,0,0,0,1: PDO,,1,,50,Hit Fixed Object,Not Divided,Night,,Not Raining
2017-6362-8/11/2018,0,0,0,0,1: PDO,Full,1,,60,Side Swipe,T-Junction,Daylight,,Not Raining
2017-6363-8/11/2018,0,0,0,0,1: PDO,,,,50,Hit Parked Vehicle,Not Divided,Daylight,,Not Raining
2017-6364-8/11/2018,0,0,0,0,1: PDO,Unknown,2,,60,Right Angle,Cross Road,Daylight,,Not Raining
2017-6365-8/11/2018,0,0,0,0,1: PDO,Unknown,1,,110,Rear End,Not Divided,Night,,Raining
2017-6366-8/11/2018,0,0,0,0,1: PDO,Full,1,,60,Rear End,Divided Road,Night,,Not Raining
2017-6367-8/11/2018,0,0,0,0,1: PDO,,,,50,Hit Parked Vehicle,Not Divided,Daylight,,Not Raining
2017-6368-8/11/2018,1,0,0,1,2: MI,,,,60,Right Angle,Divided Road,Daylight,,Not Raining
2017-6369-8/11/2018,0,0,0,0,1: PDO,,,,40,Right Angle,One Way,Daylight,,Not Raining
2017-6370-8/11/2018,0,0,0,0,1: PDO,Unknown,1,,90,Rear End,Freeway,Daylight,,Not Raining
2017-6371-8/11/2018,0,0,0,0,1: PDO,Provisional 2,2,,80,Roll Over,Not Divided,Night,,Not Raining
2017-6372-8/11/2018,0,0,0,0,1: PDO,,,,60,Right Angle,T-Junction,Daylight,,Not Raining
2017-6373-8/11/2018,0,0,0,0,1: PDO,Full,2,,60,Hit Parked Vehicle,Divided Road,Daylight,,Not Raining
2017-6374-8/11/2018,0,0,0,0,1: PDO,Full,1,,50,Right Angle,Not Divided,Daylight,,Not Raining
2017-6375-8/11/2018,0,0,0,0,1: PDO,Provisional 2,2,,40,Other,Not Divided,Daylight,,Not Raining
2017-6376-8/11/2018,0,0,0,0,1: PDO,Unknown,1,,60,Rear End,Divided Road,Daylight,,Not Raining
2017-6377-8/11/2018,1,0,0,1,2: MI,Unlicenced,2,,90,Rear End,T-Junction,Daylight,,Not Raining
2017-6378-8/11/2018,0,0,0,0,1: PDO,Provisional 2,1,,60,Rear End,T-Junction,Daylight,,Not Raining
2017-6379-8/11/2018,0,0,0,0,1: PDO,,,,60,Rear End,Divided Road,Daylight,,Not Raining
2017-6380-8/11/2018,1,0,0,1,2: MI,Full,1,,60,Right Angle,T-Junction,Daylight,,Not Raining
2017-6381-8/11/2018,1,0,0,1,2: MI,,,,50,Right Angle,Cross Road,Night,,Not Raining
2017-6382-8/11/2018,0,0,0,0,1: PDO,Full,2,,60,Hit Fixed Object,T-Junction,Night,,Not Raining
2017-6383-8/11/2018,0,0,0,0,1: PDO,Provisional 2,3,,50,Hit Fixed Object,Not Divided,Daylight,,Not Raining
2017-6384-8/11/2018,0,0,0,0,1: PDO,Provisional 1 ,1,,60,Hit Fixed Object,Not Divided,Daylight,,Not Raining
2017-6385-8/11/2018,0,0,0,0,1: PDO,,,,60,Hit Pedestrian,Pedestrian Crossing,Night,,Not Raining
2017-6386-8/11/2018,0,0,0,0,1: PDO,Full,1,,60,Hit Parked Vehicle,Divided Road,Night,,Not Raining
2017-6387-8/11/2018,0,0,0,0,1: PDO,Full,1,,60,Rear End,Not Divided,Night,,Not Raining
2017-6388-8/11/2018,0,0,0,0,1: PDO,Learners,3,,90,Rear End,T-Junction,Night,,Not Raining
2017-6389-8/11/2018,1,0,0,1,2: MI,Full,3,,60,Roll Over,Divided Road,Night,,Not Raining