REPORT_ID,Total Cas,Total Fats,Total SI,Total MI,CSEF Severity,Licence Type,Number Occupants,Drugs Involved,Area Speed,Crash Type,Position Type,DayNight,DUI Involved,Weather Cond
2017-6390-8/11/2018,0,0,0,0,1: PDO,Full,1,,60,Rear End,Divided Road,Night,,Not Raining
2017-6391-8/11/2018,1,0,0,1,2: MI,Provisional 2,1,,60,Right Angle,Cross Road,Daylight,,Not Raining
2017-6392-8/11/2018,0,0,0,0,1: PDO,,,,50,Hit Fixed Object,Not Divided,Night,,Not Raining
2017-6393-8/11/2018,0,0,0,0,1: PDO,Probationary,1,,50,Hit Fixed Object,T-Junction,Night,,Not Raining
2017-6394-8/11/2018,0,0,0,0,1: PDO,Unknown,1,,60,Rear End,Rail Crossing,Daylight,,Not Raining
2017-6395-8/11/2018,1,0,1,0,3: SI,Full,2,,60,Side Swipe,Divided Road,Daylight,,Not Raining
2017-6396-8/11/2018,1,0,0,1,2: MI,Full,2,,50,Hit Fixed Object,T-Junction,Night,,Not Raining
2017-6397-8/11/2018,0,0,0,0,1: PDO,,,,50,Hit Fixed Object,Not Divided,Daylight,,Not Raining
2017-6398-8/11/2018,0,0,0,0,1: PDO,Full,1,,60,Right Turn,Cross Road,Daylight,,Not Raining
2017-6399-8/11/2018,0,0,0,0,1: PDO,,,,50,Hit Pedestrian,Not Divided,Daylight,,Not Raining
2017-6400-8/11/2018,0,0,0,0,1: PDO,,,,60,Right Turn,Multiple,Daylight,,Not Raining
2017-6401-8/11/2018,1,0,0,1,2: MI,,1,,60,Rear End,Divided Road,Daylight,,Unknown
2017-6402-8/11/2018,1,0,0,1,2: MI,Provisional 2,1,Y,50,Hit Fixed Object,Not Divided,Daylight,,Not Raining
2017-6403-8/11/2018,0,0,0,0,1: PDO,Full,3,,60,Hit Fixed Object,Not Divided,Daylight,,Raining
2017-6404-8/11/2018,0,0,0,0,1: PDO,Full,1,,50,Rear End,T-Junction,Daylight,,Not Raining
2017-6405-8/11/2018,0,0,0,0,1: PDO,Full,1,,60,Right Angle,Cross Road,Daylight,,Not Raining
2017-6406-8/11/2018,1,0,0,1,2: MI,Full,1,,80,Hit Fixed Object,Not Divided,Daylight,,Raining
2017-6407-8/11/2018,0,0,0,0,1: PDO,Full,2,,60,Right Angle,Divided Road,Night,,Not Raining
2017-6408-8/11/2018,1,0,0,1,2: MI,,0,,80,Rear End,Divided Road,Daylight,,Raining
2017-6409-8/11/2018,0,0,0,0,1: PDO,Full,1,,60,Rear End,Pedestrian Crossing,Daylight,,Not Raining
2017-6410-8/11/2018,1,0,0,1,2: MI,Full,1,,50,Head On,Not Divided,Daylight,,Not Raining
2017-6411-8/11/2018,1,0,1,0,3: SI,Full,1,,60,Head On,Not Divided,Daylight,,Not Raining
2017-6412-8/11/2018,0,0,0,0,1: PDO,Full,1,,60,Right Turn,Cross Road,Daylight,,Not Raining
2017-6413-8/11/2018,0,0,0,0,1: PDO,Full,1,,60,Right Turn,Cross Road,Night,Y,Not Raining
2017-6414-8/11/2018,0,0,0,0,1: PDO,Full,3,,50,Hit Fixed Object,Not Divided,Night,,Not Raining
2017-6415-8/11/2018,0,0,0,0,1: PDO,Full,1,Y,50,Hit Fixed Object,Not Divided,Night,,Not Raining
2017-6416-8/11/2018,0,0,0,0,1: PDO,Full,1,,60,Hit Fixed Object,Divided Road,Daylight,,Not Raining
2017-6417-8/11/2018,0,0,0,0,1: PDO,Full,2,,60,Rear End,Cross Road,Night,,Not Raining
2017-6418-8/11/2018,0,0,0,0,1: PDO,Full,1,,80,Hit Fixed Object,Not Divided,Night,,Raining
2017-6419-8/11/2018,0,0,0,0,1: PDO,Full,2,,60,Hit Fixed Object,Not Divided,Daylight,,Not Raining
2017-6420-8/11/2018,0,0,0,0,1: PDO,Full,1,,60,Rear End,T-Junction,Night,,Not Raining
2017-6421-8/11/2018,0,0,0,0,1: PDO,,1,,50,Hit Parked Vehicle,Not Divided,Night,,Not Raining
2017-6422-8/11/2018,0,0,0,0,1: PDO,Full,1,,90,Hit Fixed Object,T-Junction,Night,,Raining
2017-6423-8/11/2018,1,0,0,1,2: MI,Full,1,,60,Hit Fixed Object,Not Divided,Daylight,,Not Raining
2017-6424-8/11/2018,1,0,0,1,2: MI,Full,1,Y,60,Hit Fixed Object,Not Divided,Daylight,,Raining
2017-6425-8/11/2018,1,0,0,1,2: MI,,,,50,Roll Over,Cross Road,Night,,Not Raining
2017-6426-8/11/2018,0,0,0,0,1: PDO,Full,1,,60,Hit Animal,Not Divided,Night,,Not Raining
2017-6427-8/11/2018,1,0,0,1,2: MI,Full,1,,60,Rear End,Divided Road,Daylight,,Raining
2017-6428-8/11/2018,1,0,0,1,2: MI,Full,2,,60,Rear End,Not Divided,Daylight,,Not Raining
2017-6429-8/11/2018,0,0,0,0,1: PDO,Unknown,1,,80,Rear End,T-Junction,Daylight,,Not Raining
2017-6430-8/11/2018,0,0,0,0,1: PDO,Full,2,,110,Hit Animal,Not Divided,Daylight,,Not Raining
2017-6431-8/11/2018,0,0,0,0,1: PDO,Full,1,,60,Side Swipe,Divided Road,Daylight,,Not Raining
2017-6432-8/11/2018,1,0,0,1,2: MI,Provisional 2,1,,60,Hit Fixed Object,Not Divided,Daylight,,Not Raining
2017-6433-8/11/2018,0,0,0,0,1: PDO,Full,1,,80,Right Angle,Not Divided,Daylight,,Not Raining
2017-6434-8/11/2018,1,0,0,1,2: MI,Full,1,,60,Right Angle,T-Junction,Daylight,,Not Raining
2017-6435-8/11/2018,1,0,0,1,2: MI,Full,1,,60,Rear End,Cross Road,Daylight,,Not Raining
2017-6436-8/11/2018,1,0,0,1,2: MI,,,,80,Hit Fixed Object,Not Divided,Daylight,,Raining
2017-6437-8/11/2018,0,0,0,0,1: PDO,Provisional 2,1,,60,Rear End,T-Junction,Daylight,,Not Raining
2017-6438-8/11/2018,0,0,0,0,1: PDO,,0,,90,Rear End,Divided Road,Night,,Raining
2017-6439-8/11/2018,1,0,0,1,2: MI,Full,3,,60,Hit Fixed Object,Not Divided,Daylight,,Not Raining
2017-6440-8/11/2018,0,0,0,0,1: PDO,Provisional 2,1,,50,Right Angle,Cross Road,Daylight,,Not Raining
2017-6441-8/11/2018,0,0,0,0,1: PDO,Full,1,,60,Side Swipe,Divided Road,Night,,Not Raining
2017-6442-8/11/2018,0,0,0,0,1: PDO,Full,1,,60,Rear End,T-Junction,Daylight,,Not Raining
2017-6443-8/11/2018,0,0,0,0,1: PDO,Full,1,,60,Right Angle,T-Junction,Daylight,,Not Raining
2017-6444-8/11/2018,0,0,0,0,1: PDO,Full,1,,50,Rear End,Pedestrian Crossing,Daylight,,Not Raining
2017-6445-8/11/2018,1,0,0,1,2: MI,Unknown,1,,50,Hit Animal,Not Divided,Daylight,,Not Raining
2017-6446-8/11/2018,0,0,0,0,1: PDO,Full,1,,50,Rear End,Not Divided,Daylight,,Not Raining
2017-6447-8/11/2018,0,0,0,0,1: PDO,Full,1,,50,Right Angle,Not Divided,Daylight,,Not Raining
2017-6448-8/11/2018,0,0,0,0,1: PDO,Full,1,,60,Rear End,Cross Road,Daylight,,Not Raining
2017-6449-8/11/2018,0,0,0,0,1: PDO,Full,1,,40,Rear End,Not Divided,Daylight,,Not Raining
2017-6450-8/11/2018,1,0,0,1,2: MI,Probationary,2,,60,Rear End,Divided Road,Daylight,,Not Raining
2017-6451-8/11/2018,1,0,0,1,2: MI,,,,60,Hit Pedestrian,T-Junction,Daylight,,Not Raining
2017-6452-8/11/2018,0,0,0,0,1: PDO,,,,60,Right Angle,T-Junction,Daylight,,Not Raining
2017-6453-8/11/2018,1,0,0,1,2: MI,,,,90,Rear End,Freeway,Daylight,,Not Raining
2017-6454-8/11/2018,0,0,0,0,1: PDO,Provisional 2,2,,80,Rear End,Not Divided,Night,,Not Raining
2017-6455-8/11/2018,1,0,0,1,2: MI,Full,2,,60,Right Turn,Cross Road,Night,,Not Raining
2017-6456-8/11/2018,0,0,0,0,1: PDO,Full,1,,40,Hit Parked Vehicle,Not Divided,Night,,Not Raining
2017-6457-8/11/2018,0,0,0,0,1: PDO,Full,1,,60,Rear End,Divided Road,Daylight,,Not Raining
2017-6458-8/11/2018,2,0,0,2,2: MI,Full,2,,110,Hit Fixed Object,Divided Road,Night,,Not Raining
2017-6459-8/11/2018,1,0,0,1,2: MI,Full,1,,50,Hit Fixed Object,Cross Road,Night,,Not Raining
2017-6460-8/11/2018,1,0,0,1,2: MI,Full,1,,60,Right Angle,Divided Road,Night,,Not Raining
2017-6461-8/11/2018,0,0,0,0,1: PDO,,0,,60,Hit Fixed Object,Not Divided,Night,,Not Raining
2017-6462-8/11/2018,0,0,0,0,1: PDO,,0,,50,Right Angle,T-Junction,Daylight,,Not Raining
2017-6463-8/11/2018,1,0,0,1,2: MI,,0,,60,Rear End,Divided Road,Daylight,,Not Raining
2017-6464-8/11/2018,1,0,0,1,2: MI,Full,1,,100,Hit Animal,Not Divided,Night,,Raining
2017-6465-8/11/2018,1,0,0,1,2: MI,Full,1,,60,Rear End,Divided Road,Daylight,,Not Raining
2017-6466-8/11/2018,0,0,0,0,1: PDO,Full,1,,60,Right Angle,T-Junction,Night,,Not Raining
2017-6467-8/11/2018,0,0,0,0,1: PDO,Full,1,,80,Rear End,Divided Road,Night,,Not Raining
2017-6468-8/11/2018,1,0,0,1,2: MI,Full,1,,60,Hit Fixed Object,Divided Road,Daylight,,Not Raining
2017-6469-8/11/2018,1,0,0,1,2: MI,Unknown,1,,80,Rear End,Divided Road,Daylight,,Not Raining
2017-6470-8/11/2018,2,0,0,2,2: MI,Full,1,,60,Right Angle,T-Junction,Daylight,,Not Raining
2017-6471-8/11/2018,1,0,0,1,2: MI,Full,1,,80,Rear End,Cross Road,Daylight,,Not Raining
2017-6472-8/11/2018,1,0,0,1,2: MI,Full,1,,60,Right Turn,Cross Road,Night,,Not Raining
2017-6473-8/11/2018,0,0,0,0,1: PDO,Provisional 1 ,4,,60,Side Swipe,Divided Road,Daylight,,Not Raining
2017-6474-8/11/2018,0,0,0,0,1: PDO,,,,60,Side Swipe,Not Divided,Night,,Not Raining
2017-6475-8/11/2018,0,0,0,0,1: PDO,Full,1,,110,Hit Animal,Not Divided,Daylight,,Not Raining
2017-6476-8/11/2018,0,0,0,0,1: PDO,Full,1,,60,Right Angle,Not Divided,Daylight,,Not Raining
2017-6477-8/11/2018,1,0,0,1,2: MI,Full,1,,50,Right Turn,Cross Road,Daylight,,Not Raining
2017-6478-8/11/2018,1,0,1,0,3: SI,Full,1,,60,Roll Over,Cross Road,Daylight,,Not Raining
2017-6479-8/11/2018,1,0,0,1,2: MI,,1,,50,Right Angle,Cross Road,Daylight,,Not Raining
2017-6480-8/11/2018,2,0,0,2,2: MI,Full,1,,100,Right Angle,T-Junction,Daylight,,Not Raining
2017-6481-8/11/2018,0,0,0,0,1: PDO,,,,60,Right Angle,T-Junction,Daylight,,Not Raining
2017-6482-8/11/2018,0,0,0,0,1: PDO,Provisional 1 ,1,,60,Rear End,Divided Road,Night,,Not Raining
2017-6483-8/11/2018,0,0,0,0,1: PDO,,,,60,Side Swipe,Divided Road,Night,,Not Raining
2017-6484-8/11/2018,0,0,0,0,1: PDO,Full,1,,50,Rear End,Cross Road,Night,,Not Raining
2017-6485-8/11/2018,0,0,0,0,1: PDO,,0,,100,Rear End,Freeway,Daylight,,Not Raining
2017-6486-8/11/2018,0,0,0,0,1: PDO,Full,1,,50,Rear End,Cross Road,Daylight,,Not Raining
2017-6487-8/11/2018,1,0,0,1,2: MI,Unlicenced,2,,60,Side Swipe,Not Divided,Night,,Not Raining
2017-6488-8/11/2018,0,0,0,0,1: PDO,Full,1,,80,Hit Fixed Object,Not Divided,Night,,Not Raining
2017-6489-8/11/2018,0,0,0,0,1: PDO,Learners,1,,50,Right Angle,Cross Road,Daylight,,Raining
2017-6490-8/11/2018,2,0,0,2,2: MI,Full,1,Y,60,Rear End,Divided Road,Daylight,,Not Raining
2017-6491-8/11/2018,0,0,0,0,1: PDO,,,,60,Right Angle,Cross Road,Daylight,,Not Raining
2017-6492-8/11/2018,1,0,0,1,2: MI,,1,,60,Rear End,Cross Road,Daylight,,Not Raining
2017-6493-8/11/2018,0,0,0,0,1: PDO,Full,1,,50,Right Turn,Cross Road,Daylight,,Not Raining
2017-6494-8/11/2018,0,0,0,0,1: PDO,,0,,40,Hit Fixed Object,T-Junction,Daylight,,Not Raining
2017-6495-8/11/2018,1,0,0,1,2: MI,Full,1,,50,Side Swipe,Divided Road,Daylight,,Not Raining
2017-6496-8/11/2018,0,0,0,0,1: PDO,Unknown,2,,60,Side Swipe,T-Junction,Daylight,,Not Raining
2017-6497-8/11/2018,0,0,0,0,1: PDO,Full,2,,50,Roll Over,Not Divided,Daylight,,Raining
2017-6498-8/11/2018,0,0,0,0,1: PDO,Full,3,,50,Side Swipe,Not Divided,Daylight,,Not Raining
2017-6499-8/11/2018,2,0,0,2,2: MI,Full,2,,60,Rear End,Cross Road,Daylight,,Not Raining
2017-6500-8/11/2018,0,0,0,0,1: PDO,Full,1,,50,Hit Parked Vehicle,Not Divided,Daylight,,Not Raining
2017-6501-8/11/2018,0,0,0,0,1: PDO,Unlicenced,1,,60,Side Swipe,T-Junction,Daylight,,Not Raining
2017-6502-8/11/2018,0,0,0,0,1: PDO,,,,80,Hit Fixed Object,Not Divided,Night,Y,Not Raining
2017-6503-8/11/2018,0,0,0,0,1: PDO,Provisional 2,1,,50,Hit Parked Vehicle,Not Divided,Daylight,,Not Raining
2017-6504-8/11/2018,2,0,2,0,3: SI,,1,,60,Right Turn,Cross Road,Daylight,,Not Raining
2017-6505-8/11/2018,0,0,0,0,1: PDO,Full,1,,50,Right Turn,Cross Road,Night,,Not Raining
2017-6506-8/11/2018,2,0,2,0,3: SI,Full,1,,100,Left Road - Out of Control,Not Divided,Daylight,,Not Raining
2017-6507-8/11/2018,1,0,0,1,2: MI,Full,3,,60,Rear End,T-Junction,Night,,Not Raining
2017-6508-8/11/2018,0,0,0,0,1: PDO,Unlicenced,1,,60,Right Turn,Cross Road,Daylight,,Not Raining
2017-6509-8/11/2018,4,0,0,4,2: MI,Unknown,1,Y,100,Hit Fixed Object,Not Divided,Daylight,,Raining
2017-6510-8/11/2018,0,0,0,0,1: PDO,,,,60,Right Turn,Not Divided,Night,,Not Raining
2017-6511-8/11/2018,0,0,0,0,1: PDO,Full,1,,50,Hit Parked Vehicle,T-Junction,Daylight,,Raining
2017-6512-8/11/2018,0,0,0,0,1: PDO,Full,1,,50,Rear End,Not Divided,Daylight,,Not Raining
2017-6513-8/11/2018,2,0,1,1,3: SI,Full,2,,60,Rear End,Cross Road,Daylight,,Raining
2017-6514-8/11/2018,2,0,0,2,2: MI,Full,1,,50,Right Turn,Cross Road,Daylight,,Raining
2017-6515-8/11/2018,1,0,0,1,2: MI,,,,50,Right Angle,Divided Road,Daylight,,Raining
2017-6516-8/11/2018,2,0,0,2,2: MI,,1,Y,60,Rear End,Divided Road,Daylight,,Raining
2017-6517-8/11/2018,1,0,0,1,2: MI,Full,1,,80,Right Angle,Cross Road,Daylight,,Not Raining
2017-6518-8/11/2018,1,0,0,1,2: MI,,1,,60,Rear End,Divided Road,Daylight,,Not Raining
2017-6519-8/11/2018,0,0,0,0,1: PDO,Unknown,1,,100,Left Road - Out of Control,Not Divided,Night,,Not Raining
2017-6520-8/11/2018,0,0,0,0,1: PDO,Full,1,,60,Right Angle,Cross Road,Daylight,,Not Raining
2017-6521-8/11/2018,1,0,0,1,2: MI,,,,60,Side Swipe,Cross Road,Night,,Not Raining
2017-6522-8/11/2018,3,0,1,2,3: SI,Full,1,,60,Head On,Not Divided,Night,,Raining
2017-6523-8/11/2018,0,0,0,0,1: PDO,Full,1,,80,Hit Fixed Object,Not Divided,Daylight,,Not Raining
2017-6524-8/11/2018,0,0,0,0,1: PDO,Full,1,,60,Rear End,T-Junction,Night,,Raining
2017-6525-8/11/2018,1,0,0,1,2: MI,,0,,60,Right Turn,Cross Road,Night,,Not Raining
2017-6526-8/11/2018,0,0,0,0,1: PDO,,0,,100,Rear End,Freeway,Night,,Raining
2017-6527-8/11/2018,1,0,0,1,2: MI,Full,5,,50,Hit Pedestrian,Cross Road,Night,,Not Raining
2017-6528-8/11/2018,0,0,0,0,1: PDO,Unknown,1,,60,Side Swipe,Divided Road,Daylight,,Raining
2017-6529-8/11/2018,0,0,0,0,1: PDO,Full,1,,60,Rear End,Divided Road,Night,,Raining
2017-6530-8/11/2018,1,0,0,1,2: MI,Full,1,,80,Rear End,Cross Road,Night,,Raining
2017-6531-8/11/2018,1,0,0,1,2: MI,Full,1,,50,Side Swipe,Not Divided,Daylight,,Not Raining
2017-6532-8/11/2018,0,0,0,0,1: PDO,Unknown,1,,50,Right Angle,Cross Road,Night,,Raining
2017-6533-8/11/2018,0,0,0,0,1: PDO,Provisional 2,3,,60,Hit Fixed Object,Cross Road,Night,Y,Raining
2017-6534-8/11/2018,1,0,0,1,2: MI,Full,2,,50,Hit Fixed Object,Divided Road,Daylight,,Not Raining
2017-6535-8/11/2018,0,0,0,0,1: PDO,Full,1,,60,Rear End,Divided Road,Night,,Not Raining
2017-6536-8/11/2018,0,0,0,0,1: PDO,Full,2,,50,Rear End,Not Divided,Daylight,,Not Raining
2017-6537-8/11/2018,2,0,1,1,3: SI,,,,100,Head On,Not Divided,Night,,Raining
2017-6538-8/11/2018,0,0,0,0,1: PDO,Full,2,,60,Hit Fixed Object,Divided Road,Daylight,,Not Raining
2017-6539-8/11/2018,0,0,0,0,1: PDO,Unknown,1,,50,Right Angle,Not Divided,Daylight,,Raining
2017-6540-8/11/2018,0,0,0,0,1: PDO,Full,2,,60,Right Angle,T-Junction,Daylight,,Raining
2017-6541-8/11/2018,0,0,0,0,1: PDO,Full,1,,80,Hit Fixed Object,Not Divided,Daylight,,Raining
2017-6542-8/11/2018,1,0,0,1,2: MI,Full,1,,60,Right Angle,T-Junction,Daylight,,Not Raining
2017-6543-8/11/2018,1,0,0,1,2: MI,Full,1,,90,Rear End,Freeway,Night,,Not Raining
2017-6544-8/11/2018,0,0,0,0,1: PDO,Full,3,,80,Right Angle,Cross Road,Daylight,,Not Raining
2017-6545-8/11/2018,1,0,0,1,2: MI,Unknown,1,,90,Rear End,Freeway,Daylight,,Not Raining
2017-6546-8/11/2018,0,0,0,0,1: PDO,Full,2,,25,Right Angle,Cross Road,Night,,Raining
2017-6547-8/11/2018,1,0,0,1,2: MI,Learners,5,Y,60,Side Swipe,Divided Road,Daylight,,Not Raining
2017-6548-8/11/2018,0,0,0,0,1: PDO,Full,3,,50,Hit Parked Vehicle,Not Divided,Daylight,,Not Raining
2017-6549-8/11/2018,0,0,0,0,1: PDO,Full,1,,50,Hit Parked Vehicle,Not Divided,Night,,Raining
2017-6550-8/11/2018,0,0,0,0,1: PDO,Full,1,,60,Side Swipe,Divided Road,Daylight,,Not Raining
2017-6551-8/11/2018,0,0,0,0,1: PDO,Full,1,,60,Right Angle,T-Junction,Daylight,,Raining
2017-6552-8/11/2018,0,0,0,0,1: PDO,Unknown,1,,60,Rear End,T-Junction,Daylight,,Raining
2017-6553-8/11/2018,0,0,0,0,1: PDO,Full,1,,50,Hit Parked Vehicle,Not Divided,Daylight,,Not Raining
2017-6554-8/11/2018,0,0,0,0,1: PDO,Provisional 1 ,1,,100,Hit Fixed Object,Not Divided,Night,,Raining
2017-6555-8/11/2018,0,0,0,0,1: PDO,Full,2,,60,Right Angle,Cross Road,Daylight,,Not Raining
2017-6556-8/11/2018,0,0,0,0,1: PDO,Provisional 1 ,1,,50,Right Angle,Cross Road,Daylight,,Not Raining
2017-6557-8/11/2018,0,0,0,0,1: PDO,Full,1,Y,80,Right Angle,T-Junction,Night,,Raining
2017-6558-8/11/2018,0,0,0,0,1: PDO,Full,1,,60,Rear End,Cross Road,Daylight,,Raining
2017-6559-8/11/2018,0,0,0,0,1: PDO,Full,1,,60,Rear End,Cross Road,Daylight,,Raining
2017-6560-8/11/2018,1,0,0,1,2: MI,Unknown,1,,60,Rear End,Divided Road,Night,,Raining
2017-6561-8/11/2018,0,0,0,0,1: PDO,Full,1,,50,Head On,Not Divided,Daylight,,Not Raining
2017-6562-8/11/2018,0,0,0,0,1: PDO,,,,50,Hit Fixed Object,Not Divided,Night,,Unknown
2017-6563-8/11/2018,2,0,0,2,2: MI,Full,1,,60,Rear End,Not Divided,Daylight,,Not Raining
2017-6564-8/11/2018,0,0,0,0,1: PDO,Full,1,,110,Hit Fixed Object,Not Divided,Daylight,,Not Raining
2017-6565-8/11/2018,2,0,0,2,2: MI,,1,,60,Hit Pedestrian,T-Junction,Night,,Raining
2017-6566-8/11/2018,1,0,0,1,2: MI,,,,60,Right Angle,T-Junction,Daylight,,Raining
2017-6567-8/11/2018,0,0,0,0,1: PDO,Full,1,,60,Right Turn,Cross Road,Daylight,,Not Raining
2017-6568-8/11/2018,2,0,0,2,2: MI,Full,1,,80,Rear End,Not Divided,Daylight,,Not Raining
2017-6569-8/11/2018,0,0,0,0,1: PDO,Full,1,,60,Right Angle,Cross Road,Night,,Raining
2017-6570-8/11/2018,0,0,0,0,1: PDO,Full,2,,60,Right Angle,Cross Road,Night,,Raining
2017-6571-8/11/2018,1,0,0,1,2: MI,Unknown,1,,100,Hit Fixed Object,Freeway,Night,,Raining
2017-6572-8/11/2018,1,0,0,1,2: MI,,,,80,Rear End,Divided Road,Night,,Raining
2017-6573-8/11/2018,1,0,0,1,2: MI,Provisional 1 ,2,,60,Roll Over,Not Divided,Night,,Raining
2017-6574-8/11/2018,0,0,0,0,1: PDO,,,,60,Rear End,Divided Road,Night,,Raining
2017-6575-8/11/2018,0,0,0,0,1: PDO,,,,50,Rear End,T-Junction,Night,Y,Raining
2017-6576-8/11/2018,0,0,0,0,1: PDO,Full,2,,50,Right Angle,Cross Road,Night,,Raining
2017-6577-8/11/2018,0,0,0,0,1: PDO,,,,100,Roll Over,Not Divided,Night,,Not Raining
2017-6578-8/11/2018,0,0,0,0,1: PDO,Full,1,,50,Right Angle,Cross Road,Night,,Raining
2017-6579-8/11/2018,0,0,0,0,1: PDO,Full,1,,60,Hit Fixed Object,Divided Road,Night,,Raining
2017-6580-8/11/2018,0,0,0,0,1: PDO,Unknown,1,,50,Hit Parked Vehicle,Not Divided,Night,,Not Raining
2017-6581-8/11/2018,1,0,0,1,2: MI,Unknown,1,,50,Hit Pedestrian,T-Junction,Night,,Not Raining
2017-6582-8/11/2018,0,0,0,0,1: PDO,Full,1,,80,Rear End,Divided Road,Night,,Raining
2017-6583-8/11/2018,0,0,0,0,1: PDO,Full,1,,60,Right Turn,Cross Road,Daylight,,Not Raining
2017-6584-8/11/2018,0,0,0,0,1: PDO,Full,1,,50,Hit Parked Vehicle,T-Junction,Night,,Not Raining
2017-6585-8/11/2018,0,0,0,0,1: PDO,Unknown,1,,60,Right Angle,Cross Road,Daylight,,Not Raining
2017-6586-8/11/2018,1,0,0,1,2: MI,Full,1,,60,Rear End,Pedestrian Crossing,Daylight,,Not Raining
2017-6587-8/11/2018,0,0,0,0,1: PDO,Full,3,,60,Right Angle,Not Divided,Daylight,,Not Raining
2017-6588-8/11/2018,0,0,0,0,1: PDO,Full,1,,100,Roll Over,Not Divided,Daylight,,Not Raining
2017-6589-8/11/2018,1,0,0,1,2: MI,Full,1,,80,Rear End,Divided Road,Daylight,,Not Raining
2017-6590-8/11/2018,0,0,0,0,1: PDO,Full,1,,110,Side Swipe,Freeway,Daylight,,Raining
2017-6591-8/11/2018,0,0,0,0,1: PDO,Provisional 1 ,2,,100,Hit Fixed Object,Not Divided,Daylight,,Not Raining
2017-6592-8/11/2018,0,0,0,0,1: PDO,Full,1,,80,Hit Fixed Object,Not Divided,Daylight,,Raining
2017-6593-8/11/2018,1,0,0,1,2: MI,Full,1,,60,Right Angle,T-Junction,Daylight,,Not Raining
2017-6594-8/11/2018,0,0,0,0,1: PDO,Full,1,,50,Right Angle,Cross Road,Night,,Raining
2017-6595-8/11/2018,1,0,0,1,2: MI,Full,1,,60,Right Angle,T-Junction,Daylight,,Not Raining
2017-6596-8/11/2018,0,0,0,0,1: PDO,Full,1,,60,Right Angle,T-Junction,Daylight,,Not Raining
2017-6597-8/11/2018,1,0,0,1,2: MI,Full,1,,50,Hit Fixed Object,Not Divided,Daylight,,Not Raining
2017-6598-8/11/2018,0,0,0,0,1: PDO,Full,1,,25,Rear End,Not Divided,Daylight,,Not Raining
2017-6599-8/11/2018,3,0,0,3,2: MI,Full,1,,60,Side Swipe,T-Junction,Daylight,,Not Raining
2017-6600-8/11/2018,1,0,0,1,2: MI,Full,1,,80,Rear End,Divided Road,Daylight,,Not Raining
2017-6601-8/11/2018,0,0,0,0,1: PDO,Unknown,1,,60,Rear End,T-Junction,Daylight,,Not Raining
2017-6602-8/11/2018,0,0,0,0,1: PDO,Full,2,,40,Right Angle,Cross Road,Night,,Not Raining
2017-6603-8/11/2018,0,0,0,0,1: PDO,Full,2,,90,Rear End,Divided Road,Daylight,,Not Raining
2017-6604-8/11/2018,0,0,0,0,1: PDO,Full,1,,60,Side Swipe,Not Divided,Night,,Raining
2017-6605-8/11/2018,0,0,0,0,1: PDO,Full,1,,60,Right Angle,T-Junction,Night,,Raining
2017-6606-8/11/2018,0,0,0,0,1: PDO,Full,2,,60,Rear End,Divided Road,Daylight,,Not Raining
2017-6607-8/11/2018,1,0,0,1,2: MI,Unknown,1,,50,Right Angle,Not Divided,Daylight,,Not Raining
2017-6608-8/11/2018,0,0,0,0,1: PDO,Full,2,,50,Side Swipe,T-Junction,Daylight,,Not Raining
2017-6609-8/11/2018,0,0,0,0,1: PDO,Full,1,,50,Hit Pedestrian,Divided Road,Daylight,,Not Raining
2017-6610-8/11/2018,0,0,0,0,1: PDO,Full,1,,60,Rear End,Divided Road,Daylight,,Not Raining
2017-6611-8/11/2018,1,0,0,1,2: MI,Full,2,,60,Rear End,Cross Road,Daylight,,Not Raining
2017-6612-8/11/2018,1,0,0,1,2: MI,,1,,60,Right Angle,T-Junction,Daylight,,Not Raining
2017-6613-8/11/2018,1,0,0,1,2: MI,Full,1,,50,Right Turn,T-Junction,Night,,Not Raining