REPORT_ID,Total Cas,Total Fats,Total SI,Total MI,CSEF Severity,Licence Type,Number Occupants,Drugs Involved,Area Speed,Crash Type,Position Type,DayNight,DUI Involved,Weather Cond
2017-6614-8/11/2018,1,0,0,1,2: MI,Full,1,,60,Hit Pedestrian,Not Divided,Daylight,,Not Raining
2017-6615-8/11/2018,0,0,0,0,1: PDO,Provisional 2,1,,60,Rear End,Cross Road,Night,,Not Raining
2017-6616-8/11/2018,1,0,0,1,2: MI,Full,1,,50,Hit Pedestrian,Not Divided,Daylight,,Not Raining
2017-6617-8/11/2018,0,0,0,0,1: PDO,Full,1,,70,Side Swipe,Divided Road,Night,,Not Raining
2017-6618-8/11/2018,0,0,0,0,1: PDO,,,,50,Hit Object on Road,Not Divided,Daylight,,Not Raining
2017-6619-8/11/2018,0,0,0,0,1: PDO,Learners,2,,100,Rear End,Interchange,Night,,Not Raining
2017-6620-8/11/2018,0,0,0,0,1: PDO,,,,80,Side Swipe,Divided Road,Night,,Not Raining
2017-6621-8/11/2018,0,0,0,0,1: PDO,,1,,50,Right Angle,T-Junction,Night,,Not Raining
2017-6622-8/11/2018,0,0,0,0,1: PDO,Full,1,,60,Side Swipe,Divided Road,Night,,Not Raining
2017-6623-8/11/2018,1,0,0,1,2: MI,Full,1,,60,Rear End,Not Divided,Night,,Not Raining
2017-6624-8/11/2018,0,0,0,0,1: PDO,Full,1,,50,Right Angle,T-Junction,Daylight,,Not Raining
2017-6625-8/11/2018,1,0,0,1,2: MI,Provisional 2,2,,50,Hit Pedestrian,Cross Road,Night,,Not Raining
2017-6626-8/11/2018,0,0,0,0,1: PDO,,,,60,Rear End,Cross Road,Night,,Not Raining
2017-6627-8/11/2018,1,0,0,1,2: MI,Full,1,,60,Rear End,T-Junction,Night,,Not Raining
2017-6628-8/11/2018,0,0,0,0,1: PDO,Full,1,,50,Hit Parked Vehicle,Not Divided,Night,,Not Raining
2017-6629-8/11/2018,0,0,0,0,1: PDO,Provisional 2,1,,50,Hit Parked Vehicle,Not Divided,Night,Y,Not Raining
2017-6630-8/11/2018,2,0,0,2,2: MI,Unknown,1,Y,80,Hit Fixed Object,Divided Road,Night,Y,Not Raining
2017-6631-8/11/2018,0,0,0,0,1: PDO,,1,,40,Right Angle,Not Divided,Night,,Not Raining
2017-6632-8/11/2018,0,0,0,0,1: PDO,Unknown,1,,50,Hit Parked Vehicle,Not Divided,Night,,Unknown
2017-6633-8/11/2018,0,0,0,0,1: PDO,Provisional 2,1,,60,Right Turn,T-Junction,Daylight,,Not Raining
2017-6634-8/11/2018,0,0,0,0,1: PDO,Full,2,,60,Right Angle,T-Junction,Daylight,,Not Raining
2017-6635-8/11/2018,1,0,0,1,2: MI,Full,1,,50,Right Angle,T-Junction,Daylight,,Not Raining
2017-6636-8/11/2018,0,0,0,0,1: PDO,Unknown,1,,60,Hit Fixed Object,Divided Road,Night,Y,Not Raining
2017-6637-8/11/2018,0,0,0,0,1: PDO,Full,1,,70,Rear End,Divided Road,Daylight,,Not Raining
2017-6638-8/11/2018,1,0,0,1,2: MI,,0,,60,Rear End,Pedestrian Crossing,Daylight,,Not Raining
2017-6639-8/11/2018,0,0,0,0,1: PDO,Full,1,,60,Right Angle,T-Junction,Daylight,,Not Raining
2017-6640-8/11/2018,0,0,0,0,1: PDO,,,,60,Right Turn,T-Junction,Daylight,,Not Raining
2017-6641-8/11/2018,1,0,0,1,2: MI,,,,60,Hit Pedestrian,Cross Road,Daylight,,Not Raining
2017-6642-8/11/2018,0,0,0,0,1: PDO,Full,1,,50,Rear End,T-Junction,Daylight,,Not Raining
2017-6643-8/11/2018,0,0,0,0,1: PDO,,0,,60,Rear End,Divided Road,Daylight,,Not Raining
2017-6644-8/11/2018,0,0,0,0,1: PDO,Full,5,,60,Rear End,Not Divided,Daylight,,Not Raining
2017-6645-8/11/2018,0,0,0,0,1: PDO,Provisional 2,3,,60,Right Angle,Cross Road,Daylight,,Not Raining
2017-6646-8/11/2018,1,0,0,1,2: MI,Unlicenced,1,,100,Roll Over,Not Divided,Daylight,,Not Raining
2017-6647-8/11/2018,0,0,0,0,1: PDO,Full,1,,60,Right Angle,Not Divided,Daylight,,Not Raining
2017-6648-8/11/2018,0,0,0,0,1: PDO,Full,2,,50,Hit Fixed Object,T-Junction,Night,,Not Raining
2017-6649-8/11/2018,0,0,0,0,1: PDO,Full,1,,100,Rear End,Freeway,Night,,Raining
2017-6650-8/11/2018,0,0,0,0,1: PDO,,,,60,Side Swipe,Divided Road,Daylight,,Not Raining
2017-6651-8/11/2018,0,0,0,0,1: PDO,Provisional 2,2,,50,Right Angle,T-Junction,Daylight,,Not Raining
2017-6652-8/11/2018,0,0,0,0,1: PDO,Full,3,,60,Hit Fixed Object,T-Junction,Night,,Raining
2017-6653-8/11/2018,0,0,0,0,1: PDO,Full,1,,60,Rear End,Divided Road,Night,,Raining
2017-6654-8/11/2018,0,0,0,0,1: PDO,Full,1,,110,Side Swipe,Freeway,Daylight,,Not Raining
2017-6655-8/11/2018,0,0,0,0,1: PDO,Full,1,,110,Hit Fixed Object,Ramp On,Daylight,,Not Raining
2017-6656-8/11/2018,1,0,1,0,3: SI,Full,1,,60,Hit Pedestrian,Cross Road,Daylight,,Not Raining
2017-6657-8/11/2018,0,0,0,0,1: PDO,Full,1,,40,Rear End,Pedestrian Crossing,Night,,Not Raining
2017-6658-8/11/2018,0,0,0,0,1: PDO,Full,1,,60,Hit Pedestrian,T-Junction,Night,Y,Not Raining
2017-6659-8/11/2018,0,0,0,0,1: PDO,Provisional 2,1,,50,Right Angle,Cross Road,Daylight,,Not Raining
2017-6660-8/11/2018,0,0,0,0,1: PDO,,,,50,Hit Fixed Object,Not Divided,Night,Y,Not Raining
2017-6661-8/11/2018,0,0,0,0,1: PDO,Full,1,,40,Hit Parked Vehicle,Not Divided,Night,,Not Raining
2017-6662-8/11/2018,0,0,0,0,1: PDO,Full,1,,50,Head On,Not Divided,Night,,Not Raining
2017-6663-8/11/2018,1,0,0,1,2: MI,Unknown,1,,50,Hit Parked Vehicle,Not Divided,Night,,Not Raining
2017-6664-8/11/2018,1,0,1,0,3: SI,,,Y,80,Side Swipe,Cross Road,Daylight,,Not Raining
2017-6665-8/11/2018,0,0,0,0,1: PDO,Learners,2,,50,Right Angle,Cross Road,Daylight,,Not Raining
2017-6666-8/11/2018,1,0,0,1,2: MI,,,,60,Right Angle,T-Junction,Daylight,,Not Raining
2017-6667-8/11/2018,0,0,0,0,1: PDO,Full,1,,60,Right Angle,Cross Road,Daylight,Y,Not Raining
2017-6668-8/11/2018,2,0,0,2,2: MI,,1,,70,Right Angle,Cross Road,Daylight,,Not Raining
2017-6669-8/11/2018,0,0,0,0,1: PDO,,0,,100,Roll Over,Not Divided,Daylight,,Not Raining
2017-6670-8/11/2018,0,0,0,0,1: PDO,Unknown,1,,80,Hit Fixed Object,Not Divided,Night,,Not Raining
2017-6671-8/11/2018,0,0,0,0,1: PDO,Full,1,,60,Roll Over,Cross Road,Night,,Not Raining
2017-6672-8/11/2018,2,0,0,2,2: MI,Provisional 2,1,,50,Rear End,Not Divided,Night,,Not Raining
2017-6673-8/11/2018,1,0,0,1,2: MI,Full,1,,60,Rear End,T-Junction,Daylight,,Not Raining
2017-6674-8/11/2018,1,0,0,1,2: MI,Full,1,,60,Rear End,Not Divided,Daylight,,Not Raining
2017-6675-8/11/2018,2,0,0,2,2: MI,Full,2,,60,Rear End,Divided Road,Daylight,,Not Raining
2017-6676-8/11/2018,0,0,0,0,1: PDO,Full,1,,50,Hit Parked Vehicle,Not Divided,Daylight,,Not Raining
2017-6677-8/11/2018,1,0,0,1,2: MI,Full,1,,50,Right Turn,Not Divided,Daylight,,Not Raining
2017-6678-8/11/2018,1,0,0,1,2: MI,Full,1,,80,Hit Fixed Object,Not Divided,Daylight,,Not Raining
2017-6679-8/11/2018,0,0,0,0,1: PDO,Unknown,1,,50,Hit Fixed Object,Not Divided,Daylight,Y,Not Raining
2017-6680-8/11/2018,0,0,0,0,1: PDO,,,,80,Hit Object on Road,Divided Road,Night,,Not Raining
2017-6681-8/11/2018,0,0,0,0,1: PDO,Full,1,,80,Rear End,Divided Road,Daylight,,Not Raining
2017-6682-8/11/2018,0,0,0,0,1: PDO,Full,1,,50,Roll Over,T-Junction,Daylight,,Not Raining
2017-6683-8/11/2018,0,0,0,0,1: PDO,Full,1,,60,Rear End,Divided Road,Daylight,,Not Raining
2017-6684-8/11/2018,1,1,0,0,4: Fatal,Unknown,1,,100,Hit Animal,Not Divided,Daylight,,Not Raining
2017-6685-8/11/2018,1,0,0,1,2: MI,Unknown,1,,70,Right Angle,T-Junction,Daylight,,Not Raining
2017-6686-8/11/2018,0,0,0,0,1: PDO,Full,1,,80,Right Angle,T-Junction,Daylight,,Not Raining
2017-6687-8/11/2018,0,0,0,0,1: PDO,Unknown,1,,60,Right Angle,T-Junction,Daylight,,Not Raining
2017-6688-8/11/2018,1,0,1,0,3: SI,Provisional 2,1,,80,Head On,Cross Road,Daylight,,Not Raining
2017-6689-8/11/2018,1,0,0,1,2: MI,Provisional 2,1,,50,Hit Parked Vehicle,Not Divided,Daylight,,Not Raining
2017-6690-8/11/2018,1,0,0,1,2: MI,Full,1,,60,Rear End,Divided Road,Daylight,,Not Raining
2017-6691-8/11/2018,0,0,0,0,1: PDO,Full,1,,60,Rear End,T-Junction,Daylight,,Not Raining
2017-6692-8/11/2018,0,0,0,0,1: PDO,Full,1,,50,Hit Pedestrian,T-Junction,Daylight,,Not Raining
2017-6693-8/11/2018,1,0,0,1,2: MI,Full,1,,80,Hit Fixed Object,Not Divided,Night,,Not Raining
2017-6694-8/11/2018,1,0,0,1,2: MI,Full,1,,50,Hit Fixed Object,T-Junction,Night,Y,Raining
2017-6695-8/11/2018,0,0,0,0,1: PDO,Full,1,,50,Rear End,T-Junction,Daylight,,Not Raining
2017-6696-8/11/2018,1,0,0,1,2: MI,Full,2,,100,Hit Fixed Object,Not Divided,Daylight,,Not Raining
2017-6697-8/11/2018,1,0,0,1,2: MI,Full,1,Y,110,Right Turn,T-Junction,Night,,Not Raining
2017-6698-8/11/2018,1,0,1,0,3: SI,Full,1,,100,Roll Over,Not Divided,Night,,Not Raining
2017-6699-8/11/2018,0,0,0,0,1: PDO,,,,80,Hit Fixed Object,Not Divided,Daylight,,Not Raining
2017-6700-8/11/2018,1,0,0,1,2: MI,Full,1,,60,Rear End,T-Junction,Night,,Not Raining
2017-6701-8/11/2018,0,0,0,0,1: PDO,Full,1,,90,Right Angle,T-Junction,Daylight,,Not Raining
2017-6702-8/11/2018,1,0,1,0,3: SI,Provisional 2,1,,80,Head On,Not Divided,Daylight,,Not Raining
2017-6703-8/11/2018,1,0,0,1,2: MI,Full,1,,100,Roll Over,Not Divided,Daylight,,Not Raining
2017-6704-8/11/2018,1,0,0,1,2: MI,,,,80,Side Swipe,Divided Road,Night,,Raining
2017-6705-8/11/2018,0,0,0,0,1: PDO,Full,2,Y,50,Hit Fixed Object,Not Divided,Daylight,,Not Raining
2017-6706-8/11/2018,1,0,0,1,2: MI,Full,2,,110,Roll Over,Not Divided,Night,,Not Raining
2017-6707-8/11/2018,0,0,0,0,1: PDO,Full,1,,60,Side Swipe,Divided Road,Daylight,,Not Raining
2017-6708-8/11/2018,0,0,0,0,1: PDO,,0,,60,Rear End,Divided Road,Daylight,,Not Raining
2017-6709-8/11/2018,0,0,0,0,1: PDO,Provisional 2,1,,60,Rear End,Divided Road,Daylight,,Not Raining
2017-6710-8/11/2018,0,0,0,0,1: PDO,Unknown,1,,50,Right Angle,Cross Road,Daylight,,Raining
2017-6711-8/11/2018,0,0,0,0,1: PDO,Full,1,,60,Right Angle,T-Junction,Daylight,,Unknown
2017-6712-8/11/2018,1,0,0,1,2: MI,Full,4,,60,Rear End,Cross Road,Daylight,,Not Raining
2017-6713-8/11/2018,0,0,0,0,1: PDO,Full,1,,50,Hit Parked Vehicle,Not Divided,Night,Y,Not Raining
2017-6714-8/11/2018,1,0,0,1,2: MI,,,,40,Side Swipe,Not Divided,Daylight,,Raining
2017-6715-8/11/2018,0,0,0,0,1: PDO,Full,3,,60,Hit Fixed Object,T-Junction,Daylight,,Not Raining
2017-6716-8/11/2018,1,0,0,1,2: MI,,0,Y,80,Hit Fixed Object,Not Divided,Daylight,,Not Raining
2017-6717-8/11/2018,0,0,0,0,1: PDO,,1,,60,Side Swipe,Divided Road,Night,,Not Raining
2017-6718-8/11/2018,2,0,1,1,3: SI,Full,1,Y,100,Head On,Not Divided,Night,,Not Raining
2017-6719-8/11/2018,1,0,1,0,3: SI,Full,1,,60,Rear End,Cross Road,Daylight,,Not Raining
2017-6720-8/11/2018,2,0,0,2,2: MI,Full,1,,50,Hit Fixed Object,Divided Road,Daylight,,Not Raining
2017-6721-8/11/2018,0,0,0,0,1: PDO,,,,50,Hit Parked Vehicle,Not Divided,Daylight,,Not Raining
2017-6722-8/11/2018,0,0,0,0,1: PDO,Unknown,1,,100,Hit Fixed Object,Not Divided,Daylight,,Unknown
2017-6723-8/11/2018,1,0,0,1,2: MI,Full,1,,50,Rear End,Cross Road,Daylight,,Not Raining
2017-6724-8/11/2018,0,0,0,0,1: PDO,Full,1,,50,Rear End,T-Junction,Daylight,,Not Raining
2017-6725-8/11/2018,0,0,0,0,1: PDO,Provisional 2,1,,60,Side Swipe,Divided Road,Daylight,,Not Raining
2017-6726-8/11/2018,1,0,0,1,2: MI,Full,2,,80,Hit Fixed Object,T-Junction,Daylight,,Raining
2017-6727-8/11/2018,0,0,0,0,1: PDO,Full,1,,60,Side Swipe,Divided Road,Daylight,,Raining
2017-6728-8/11/2018,0,0,0,0,1: PDO,Full,1,,90,Side Swipe,Freeway,Daylight,,Not Raining
2017-6729-8/11/2018,0,0,0,0,1: PDO,Full,1,,50,Hit Fixed Object,Not Divided,Daylight,,Raining
2017-6730-8/11/2018,0,0,0,0,1: PDO,Full,2,,100,Left Road - Out of Control,Not Divided,Daylight,,Not Raining
2017-6731-8/11/2018,0,0,0,0,1: PDO,Unlicenced,1,,60,Right Turn,Cross Road,Night,,Raining
2017-6732-8/11/2018,1,0,1,0,3: SI,,,,100,Hit Fixed Object,Not Divided,Daylight,Y,Not Raining
2017-6733-8/11/2018,1,0,0,1,2: MI,Unknown,1,,80,Right Turn,T-Junction,Night,,Unknown
2017-6734-8/11/2018,0,0,0,0,1: PDO,,,,100,Rear End,Not Divided,Night,,Unknown
2017-6735-8/11/2018,1,0,0,1,2: MI,Full,1,,50,Hit Fixed Object,Not Divided,Night,,Not Raining
2017-6736-8/11/2018,0,0,0,0,1: PDO,,,,50,Side Swipe,Not Divided,Night,,Raining
2017-6737-8/11/2018,0,0,0,0,1: PDO,Provisional 2,1,,50,Hit Fixed Object,Not Divided,Night,,Not Raining
2017-6738-8/11/2018,1,0,0,1,2: MI,,,,60,Hit Fixed Object,Not Divided,Night,,Raining
2017-6739-8/11/2018,0,0,0,0,1: PDO,Full,1,,60,Right Angle,Cross Road,Night,,Not Raining
2017-6740-8/11/2018,4,0,1,3,3: SI,,1,,110,Hit Fixed Object,Not Divided,Night,,Raining
2017-6741-8/11/2018,0,0,0,0,1: PDO,Full,1,,60,Right Turn,Cross Road,Night,,Raining
2017-6742-8/11/2018,1,1,0,0,4: Fatal,Full,1,,60,Hit Pedestrian,T-Junction,Daylight,,Not Raining
2017-6743-8/11/2018,2,0,0,2,2: MI,Provisional 2,1,,60,Right Turn,Cross Road,Daylight,,Raining
2017-6744-8/11/2018,1,0,0,1,2: MI,Full,1,,60,Rear End,T-Junction,Daylight,,Not Raining
2017-6745-8/11/2018,0,0,0,0,1: PDO,Unknown,1,,90,Hit Fixed Object,Not Divided,Daylight,,Not Raining
2017-6746-8/11/2018,0,0,0,0,1: PDO,Full,1,,60,Right Turn,T-Junction,Daylight,,Raining
2017-6747-8/11/2018,1,0,0,1,2: MI,Provisional 2,1,,80,Rear End,Cross Road,Daylight,,Not Raining
2017-6748-8/11/2018,0,0,0,0,1: PDO,Full,1,,50,Right Angle,Not Divided,Daylight,,Not Raining
2017-6749-8/11/2018,2,0,0,2,2: MI,Full,1,,100,Right Angle,Cross Road,Daylight,,Not Raining
2017-6750-8/11/2018,1,0,0,1,2: MI,Full,2,,80,Hit Parked Vehicle,Not Divided,Daylight,,Not Raining
2017-6751-8/11/2018,2,0,0,2,2: MI,,,,80,Rear End,Divided Road,Daylight,,Raining
2017-6752-8/11/2018,1,0,0,1,2: MI,Full,3,,50,Hit Parked Vehicle,Not Divided,Daylight,,Not Raining
2017-6753-8/11/2018,0,0,0,0,1: PDO,Unknown,1,,50,Hit Fixed Object,Not Divided,Daylight,,Raining
2017-6754-8/11/2018,1,0,0,1,2: MI,Unknown,2,,60,Rear End,Divided Road,Daylight,,Raining
2017-6755-8/11/2018,0,0,0,0,1: PDO,Full,2,,60,Hit Parked Vehicle,Divided Road,Night,,Raining
2017-6756-8/11/2018,0,0,0,0,1: PDO,Full,1,,60,Rear End,Cross Road,Daylight,,Not Raining
2017-6757-8/11/2018,0,0,0,0,1: PDO,Full,1,,60,Side Swipe,Not Divided,Daylight,,Not Raining
2017-6758-8/11/2018,1,0,0,1,2: MI,Full,1,,60,Rear End,Divided Road,Daylight,,Not Raining
2017-6759-8/11/2018,0,0,0,0,1: PDO,,1,,60,Rear End,T-Junction,Daylight,,Raining
2017-6760-8/11/2018,0,0,0,0,1: PDO,Unknown,1,,60,Rear End,Divided Road,Night,,Raining
2017-6761-8/11/2018,0,0,0,0,1: PDO,Full,2,,60,Right Turn,T-Junction,Night,,Raining
2017-6762-8/11/2018,0,0,0,0,1: PDO,Full,1,,60,Side Swipe,Divided Road,Daylight,,Not Raining
2017-6763-8/11/2018,0,0,0,0,1: PDO,,0,,50,Hit Fixed Object,Not Divided,Night,,Raining
2017-6764-8/11/2018,0,0,0,0,1: PDO,,,,80,Rear End,Divided Road,Night,,Raining
2017-6765-8/11/2018,0,0,0,0,1: PDO,Full,1,,60,Right Angle,Cross Road,Night,,Raining
2017-6766-8/11/2018,2,0,0,2,2: MI,Full,1,,50,Hit Pedestrian,Not Divided,Night,,Raining
2017-6767-8/11/2018,1,0,0,1,2: MI,Full,5,,50,Side Swipe,Cross Road,Daylight,,Not Raining
2017-6768-8/11/2018,1,0,0,1,2: MI,Full,2,,60,Hit Fixed Object,Divided Road,Night,,Raining
2017-6769-8/11/2018,0,0,0,0,1: PDO,Full,2,,60,Right Angle,Divided Road,Night,,Not Raining
2017-6770-8/11/2018,0,0,0,0,1: PDO,Probationary,2,,60,Rear End,T-Junction,Night,,Raining
2017-6771-8/11/2018,0,0,0,0,1: PDO,,,,100,Hit Fixed Object,Not Divided,Night,,Not Raining
2017-6772-8/11/2018,1,1,0,0,4: Fatal,,,,50,Hit Pedestrian,Not Divided,Night,,Raining
2017-6773-8/11/2018,1,0,0,1,2: MI,Probationary,3,,50,Hit Pedestrian,T-Junction,Night,,Raining
2017-6774-8/11/2018,0,0,0,0,1: PDO,,,,80,Rear End,Divided Road,Night,,Not Raining
2017-6775-8/11/2018,1,0,0,1,2: MI,Provisional 2,2,,80,Hit Fixed Object,Not Divided,Night,,Not Raining
2017-6776-8/11/2018,0,0,0,0,1: PDO,Full,4,,40,Right Turn,Cross Road,Daylight,,Not Raining
2017-6777-8/11/2018,0,0,0,0,1: PDO,,,,60,Rear End,Divided Road,Daylight,,Not Raining
2017-6778-8/11/2018,1,0,0,1,2: MI,Provisional 1 ,1,,80,Rear End,Cross Road,Night,,Not Raining
2017-6779-8/11/2018,1,0,0,1,2: MI,,,,60,Rear End,Not Divided,Daylight,,Not Raining
2017-6780-8/11/2018,0,0,0,0,1: PDO,,,,80,Right Turn,Cross Road,Daylight,,Not Raining
2017-6781-8/11/2018,0,0,0,0,1: PDO,Learners,1,,60,Hit Fixed Object,T-Junction,Daylight,,Raining
2017-6782-8/11/2018,2,0,0,2,2: MI,,0,,60,Right Turn,T-Junction,Daylight,,Not Raining
2017-6783-8/11/2018,2,0,1,1,3: SI,Full,1,Y,60,Right Angle,Cross Road,Daylight,,Not Raining
2017-6784-8/11/2018,0,0,0,0,1: PDO,Full,3,,110,Right Angle,T-Junction,Night,,Not Raining
2017-6785-8/11/2018,0,0,0,0,1: PDO,Full,2,,100,Hit Fixed Object,Not Divided,Daylight,,Raining
2017-6786-8/11/2018,0,0,0,0,1: PDO,Unknown,1,,60,Right Angle,T-Junction,Daylight,,Not Raining
2017-6787-8/11/2018,0,0,0,0,1: PDO,Unknown,1,,110,Side Swipe,Not Divided,Daylight,,Not Raining
2017-6788-8/11/2018,1,0,0,1,2: MI,Unknown,1,,50,Rear End,Cross Road,Daylight,,Not Raining
2017-6789-8/11/2018,1,0,0,1,2: MI,Full,1,,60,Rear End,Cross Road,Daylight,,Raining
2017-6790-8/11/2018,1,0,1,0,3: SI,Full,2,,60,Hit Pedestrian,T-Junction,Daylight,,Not Raining
2017-6791-8/11/2018,0,0,0,0,1: PDO,Full,1,,100,Hit Animal,Not Divided,Night,,Raining
2017-6792-8/11/2018,2,0,1,1,3: SI,Full,1,,50,Right Turn,T-Junction,Daylight,,Not Raining
2017-6793-8/11/2018,0,0,0,0,1: PDO,,,,50,Side Swipe,Not Divided,Daylight,,Not Raining
2017-6794-8/11/2018,1,0,1,0,3: SI,Provisional 1 ,1,,60,Side Swipe,Divided Road,Daylight,,Not Raining
2017-6795-8/11/2018,0,0,0,0,1: PDO,,,,60,Right Angle,T-Junction,Daylight,,Not Raining
2017-6796-8/11/2018,0,0,0,0,1: PDO,Full,2,,60,Rear End,Cross Road,Night,,Not Raining
2017-6797-8/11/2018,1,0,0,1,2: MI,Full,2,,60,Rear End,Divided Road,Daylight,,Raining
2017-6798-8/11/2018,0,0,0,0,1: PDO,,,,60,Side Swipe,Cross Road,Night,,Not Raining
2017-6799-8/11/2018,0,0,0,0,1: PDO,Full,1,,50,Right Angle,T-Junction,Night,,Not Raining
2017-6800-8/11/2018,0,0,0,0,1: PDO,Full,1,,50,Right Angle,Cross Road,Daylight,,Not Raining
2017-6801-8/11/2018,2,0,2,0,3: SI,Full,1,,70,Rear End,T-Junction,Daylight,,Not Raining
2017-6802-8/11/2018,1,0,0,1,2: MI,Full,1,,60,Hit Pedestrian,Not Divided,Night,,Not Raining
2017-6803-8/11/2018,0,0,0,0,1: PDO,Unknown,1,,50,Right Turn,T-Junction,Daylight,,Not Raining
2017-6804-8/11/2018,1,0,0,1,2: MI,Full,1,,50,Hit Pedestrian,Cross Road,Night,,Raining
2017-6805-8/11/2018,3,0,0,3,2: MI,Full,1,,40,Right Turn,T-Junction,Daylight,,Not Raining
2017-6806-8/11/2018,0,0,0,0,1: PDO,Full,1,,50,Side Swipe,Not Divided,Night,,Not Raining
2017-6807-8/11/2018,0,0,0,0,1: PDO,Full,1,,60,Right Turn,Cross Road,Night,,Not Raining
2017-6808-8/11/2018,1,0,0,1,2: MI,Full,1,,100,Hit Fixed Object,T-Junction,Night,Y,Not Raining
2017-6809-8/11/2018,0,0,0,0,1: PDO,Full,1,,80,Hit Fixed Object,T-Junction,Daylight,,Not Raining
2017-6810-8/11/2018,1,0,1,0,3: SI,Full,1,,60,Hit Pedestrian,T-Junction,Night,,Raining
2017-6811-8/11/2018,0,0,0,0,1: PDO,Full,1,,60,Rear End,T-Junction,Daylight,,Not Raining
2017-6812-8/11/2018,0,0,0,0,1: PDO,Full,1,,60,Other,Cross Road,Daylight,,Not Raining
2017-6813-8/11/2018,0,0,0,0,1: PDO,,1,,60,Hit Parked Vehicle,Divided Road,Daylight,,Not Raining
2017-6814-8/11/2018,0,0,0,0,1: PDO,Full,1,,60,Rear End,Divided Road,Night,,Not Raining
2017-6815-8/11/2018,0,0,0,0,1: PDO,Unknown,1,,80,Rear End,Divided Road,Night,,Raining
2017-6816-8/11/2018,0,0,0,0,1: PDO,Full,1,,60,Right Angle,T-Junction,Daylight,,Unknown
2017-6817-8/11/2018,0,0,0,0,1: PDO,Full,2,,50,Hit Fixed Object,Not Divided,Daylight,,Unknown
2017-6818-8/11/2018,0,0,0,0,1: PDO,Full,3,,50,Right Angle,Cross Road,Daylight,,Not Raining
2017-6819-8/11/2018,1,0,0,1,2: MI,,,,60,Right Angle,Cross Road,Daylight,,Not Raining
2017-6820-8/11/2018,0,0,0,0,1: PDO,Unlicenced,1,,50,Left Road - Out of Control,Not Divided,Daylight,,Not Raining
2017-6821-8/11/2018,1,0,0,1,2: MI,Full,1,,40,Rear End,T-Junction,Daylight,,Not Raining
2017-6822-8/11/2018,1,0,0,1,2: MI,Full,1,,70,Roll Over,Divided Road,Daylight,,Not Raining
2017-6823-8/11/2018,1,0,0,1,2: MI,Full,1,,60,Rear End,Cross Road,Night,,Raining
2017-6824-8/11/2018,1,0,0,1,2: MI,Unknown,1,,50,Right Angle,Cross Road,Daylight,,Raining
2017-6825-8/11/2018,0,0,0,0,1: PDO,,,,110,Hit Animal,Not Divided,Daylight,,Not Raining
2017-6826-8/11/2018,3,0,2,1,3: SI,Full,1,,60,Head On,T-Junction,Daylight,,Raining
2017-6827-8/11/2018,0,0,0,0,1: PDO,Full,1,,60,Rear End,Cross Road,Daylight,,Not Raining
2017-6828-8/11/2018,2,0,0,2,2: MI,Full,1,,60,Right Turn,T-Junction,Daylight,,Not Raining
2017-6829-8/11/2018,0,0,0,0,1: PDO,Full,1,,60,Right Angle,T-Junction,Daylight,,Not Raining
2017-6830-8/11/2018,0,0,0,0,1: PDO,Full,1,,80,Rear End,Divided Road,Night,,Not Raining
2017-6831-8/11/2018,0,0,0,0,1: PDO,Provisional 2,1,,80,Hit Fixed Object,Not Divided,Night,,Raining
2017-6832-8/11/2018,1,0,0,1,2: MI,Provisional 2,1,,60,Rear End,Cross Road,Daylight,,Not Raining
2017-6833-8/11/2018,2,0,0,2,2: MI,Provisional 2,1,,60,Rear End,Cross Road,Night,,Not Raining
2017-6834-8/11/2018,0,0,0,0,1: PDO,Full,1,,60,Rear End,Not Divided,Night,,Not Raining
2017-6835-8/11/2018,0,0,0,0,1: PDO,Unknown,1,,50,Rear End,Not Divided,Daylight,,Unknown