REPORT_ID,Total Cas,Total Fats,Total SI,Total MI,CSEF Severity,Licence Type,Number Occupants,Drugs Involved,Area Speed,Crash Type,Position Type,DayNight,DUI Involved,Weather Cond
2017-6836-8/11/2018,0,0,0,0,1: PDO,,,,60,Right Angle,T-Junction,Daylight,,Not Raining
2017-6837-8/11/2018,0,0,0,0,1: PDO,,,,50,Hit Parked Vehicle,Not Divided,Night,Y,Not Raining
2017-6838-8/11/2018,0,0,0,0,1: PDO,Full,1,,50,Hit Fixed Object,Not Divided,Night,,Not Raining
2017-6839-8/11/2018,0,0,0,0,1: PDO,Full,1,,80,Right Angle,T-Junction,Night,,Raining
2017-6840-8/11/2018,0,0,0,0,1: PDO,Full,1,,110,Hit Animal,Not Divided,Daylight,,Not Raining
2017-6841-8/11/2018,1,0,0,1,2: MI,Full,1,,60,Hit Fixed Object,Cross Road,Night,,Raining
2017-6842-8/11/2018,2,0,0,2,2: MI,Full,1,,60,Rear End,Divided Road,Daylight,,Raining
2017-6843-8/11/2018,0,0,0,0,1: PDO,Full,3,,50,Rear End,Cross Road,Daylight,,Raining
2017-6844-8/11/2018,0,0,0,0,1: PDO,Full,2,,60,Rear End,Divided Road,Daylight,,Raining
2017-6845-8/11/2018,0,0,0,0,1: PDO,Full,1,,60,Hit Parked Vehicle,Not Divided,Night,,Not Raining
2017-6846-8/11/2018,0,0,0,0,1: PDO,,0,,50,Right Angle,Not Divided,Daylight,,Not Raining
2017-6847-8/11/2018,0,0,0,0,1: PDO,Full,3,,50,Hit Fixed Object,Divided Road,Daylight,,Raining
2017-6848-8/11/2018,0,0,0,0,1: PDO,Full,1,,80,Hit Animal,Not Divided,Night,,Raining
2017-6849-8/11/2018,1,0,0,1,2: MI,Provisional 2,1,,60,Right Angle,Cross Road,Daylight,,Not Raining
2017-6850-8/11/2018,1,0,1,0,3: SI,Full,2,,60,Rear End,Divided Road,Daylight,,Raining
2017-6851-8/11/2018,0,0,0,0,1: PDO,,,,90,Side Swipe,Divided Road,Daylight,,Not Raining
2017-6852-8/11/2018,0,0,0,0,1: PDO,Full,1,,60,Hit Parked Vehicle,Not Divided,Daylight,,Raining
2017-6853-8/11/2018,0,0,0,0,1: PDO,,,,50,Side Swipe,Cross Road,Night,,Raining
2017-6854-8/11/2018,1,0,0,1,2: MI,Full,1,,60,Rear End,Divided Road,Daylight,,Raining
2017-6855-8/11/2018,0,0,0,0,1: PDO,Full,1,,50,Rear End,T-Junction,Daylight,,Not Raining
2017-6856-8/11/2018,0,0,0,0,1: PDO,Unlicenced,2,,60,Right Angle,Cross Road,Daylight,,Not Raining
2017-6857-8/11/2018,0,0,0,0,1: PDO,Provisional 2,1,,50,Right Angle,Cross Road,Daylight,,Unknown
2017-6858-8/11/2018,1,1,0,0,4: Fatal,Full,1,,50,Hit Pedestrian,Cross Road,Daylight,,Raining
2017-6859-8/11/2018,0,0,0,0,1: PDO,Full,1,,60,Side Swipe,Divided Road,Daylight,,Raining
2017-6860-8/11/2018,0,0,0,0,1: PDO,Full,2,,60,Hit Pedestrian,T-Junction,Daylight,,Not Raining
2017-6861-8/11/2018,1,0,1,0,3: SI,Full,2,,60,Hit Pedestrian,Not Divided,Daylight,,Not Raining
2017-6862-8/11/2018,0,0,0,0,1: PDO,Full,1,,60,Rear End,Cross Road,Daylight,,Not Raining
2017-6863-8/11/2018,2,0,0,2,2: MI,Full,1,,60,Side Swipe,Cross Road,Daylight,,Not Raining
2017-6864-8/11/2018,0,0,0,0,1: PDO,Unlicenced,1,,60,Right Turn,Not Divided,Daylight,,Raining
2017-6865-8/11/2018,4,0,2,2,3: SI,Full,2,,110,Rear End,Cross Road,Daylight,,Not Raining
2017-6866-8/11/2018,0,0,0,0,1: PDO,Provisional 2,1,,60,Side Swipe,T-Junction,Daylight,,Raining
2017-6867-8/11/2018,0,0,0,0,1: PDO,Full,1,,60,Right Turn,T-Junction,Daylight,,Raining
2017-6868-8/11/2018,0,0,0,0,1: PDO,Full,1,,50,Side Swipe,Not Divided,Daylight,,Not Raining
2017-6869-8/11/2018,0,0,0,0,1: PDO,Full,2,,60,Side Swipe,Divided Road,Night,,Raining
2017-6870-8/11/2018,0,0,0,0,1: PDO,Full,1,,60,Right Angle,Cross Road,Daylight,,Not Raining
2017-6871-8/11/2018,0,0,0,0,1: PDO,Provisional 2,2,,50,Hit Parked Vehicle,Not Divided,Daylight,,Not Raining
2017-6872-8/11/2018,0,0,0,0,1: PDO,,,Y,60,Hit Fixed Object,Divided Road,Daylight,,Raining
2017-6873-8/11/2018,0,0,0,0,1: PDO,,,,50,Right Angle,T-Junction,Daylight,,Raining
2017-6874-8/11/2018,0,0,0,0,1: PDO,Provisional 2,2,,60,Side Swipe,Cross Road,Daylight,,Not Raining
2017-6875-8/11/2018,0,0,0,0,1: PDO,,,,60,Rear End,Pedestrian Crossing,Night,,Raining
2017-6876-8/11/2018,1,0,0,1,2: MI,Full,1,,50,Right Angle,Not Divided,Night,,Raining
2017-6877-8/11/2018,0,0,0,0,1: PDO,Full,4,,50,Hit Pedestrian,Cross Road,Night,,Raining
2017-6878-8/11/2018,1,0,1,0,3: SI,Provisional 1 ,1,,50,Hit Pedestrian,T-Junction,Night,,Raining
2017-6879-8/11/2018,1,0,0,1,2: MI,,0,,60,Rear End,T-Junction,Daylight,,Raining
2017-6880-8/11/2018,0,0,0,0,1: PDO,Full,1,,50,Hit Fixed Object,Not Divided,Night,Y,Raining
2017-6881-8/11/2018,0,0,0,0,1: PDO,Full,1,,60,Right Turn,Multiple,Daylight,,Raining
2017-6882-8/11/2018,0,0,0,0,1: PDO,Full,1,,60,Right Angle,Cross Road,Night,,Raining
2017-6883-8/11/2018,0,0,0,0,1: PDO,Full,1,,60,Right Angle,T-Junction,Night,,Raining
2017-6884-8/11/2018,0,0,0,0,1: PDO,Full,1,,60,Right Angle,T-Junction,Night,,Raining
2017-6885-8/11/2018,0,0,0,0,1: PDO,Full,1,,60,Head On,Not Divided,Daylight,,Raining
2017-6886-8/11/2018,0,0,0,0,1: PDO,Unknown,1,,70,Right Turn,Cross Road,Night,,Raining
2017-6887-8/11/2018,2,0,1,1,3: SI,Full,2,,60,Right Angle,Cross Road,Night,,Raining
2017-6888-8/11/2018,3,0,1,2,3: SI,,,,100,Roll Over,Not Divided,Daylight,,Not Raining
2017-6889-8/11/2018,0,0,0,0,1: PDO,Full,1,,50,Hit Parked Vehicle,T-Junction,Night,,Raining
2017-6890-8/11/2018,0,0,0,0,1: PDO,Unknown,1,,80,Hit Fixed Object,Not Divided,Night,,Raining
2017-6891-8/11/2018,0,0,0,0,1: PDO,Unknown,1,,60,Hit Fixed Object,Divided Road,Night,,Raining
2017-6892-8/11/2018,0,0,0,0,1: PDO,Full,2,,50,Hit Fixed Object,Not Divided,Night,,Not Raining
2017-6893-8/11/2018,1,0,0,1,2: MI,Full,1,,60,Rear End,Cross Road,Night,Y,Raining
2017-6894-8/11/2018,0,0,0,0,1: PDO,Full,1,,60,Hit Fixed Object,Divided Road,Night,,Raining
2017-6895-8/11/2018,3,1,1,1,4: Fatal,Unknown,1,,50,Hit Fixed Object,Not Divided,Night,Y,Not Raining
2017-6896-8/11/2018,1,0,0,1,2: MI,Full,1,,60,Rear End,Cross Road,Daylight,,Not Raining
2017-6897-8/11/2018,1,1,0,0,4: Fatal,Unknown,1,,50,Hit Pedestrian,Not Divided,Night,,Not Raining
2017-6898-8/11/2018,1,0,0,1,2: MI,Full,1,,60,Rear End,Not Divided,Daylight,,Unknown
2017-6899-8/11/2018,0,0,0,0,1: PDO,Full,1,,60,Right Turn,T-Junction,Night,,Raining
2017-6900-8/11/2018,0,0,0,0,1: PDO,,,,50,Hit Fixed Object,Multiple,Night,,Unknown
2017-6901-8/11/2018,0,0,0,0,1: PDO,Full,1,,70,Rear End,Cross Road,Daylight,,Not Raining
2017-6902-8/11/2018,1,0,0,1,2: MI,,,,50,Right Angle,Cross Road,Daylight,,Not Raining
2017-6903-8/11/2018,0,0,0,0,1: PDO,Full,1,,50,Hit Parked Vehicle,Not Divided,Daylight,,Raining
2017-6904-8/11/2018,0,0,0,0,1: PDO,,1,,80,Rear End,Cross Road,Daylight,,Not Raining
2017-6905-8/11/2018,0,0,0,0,1: PDO,Full,2,,60,Rear End,T-Junction,Daylight,,Not Raining
2017-6906-8/11/2018,0,0,0,0,1: PDO,Full,1,,60,Rear End,Divided Road,Daylight,,Not Raining
2017-6907-8/11/2018,1,0,1,0,3: SI,Full,1,,110,Roll Over,Not Divided,Night,,Raining
2017-6908-8/11/2018,1,0,0,1,2: MI,Unknown,1,,80,Roll Over,Divided Road,Night,,Not Raining
2017-6909-8/11/2018,0,0,0,0,1: PDO,Full,1,,60,Rear End,T-Junction,Daylight,,Raining
2017-6910-8/11/2018,0,0,0,0,1: PDO,Unknown,1,,60,Right Angle,T-Junction,Night,,Not Raining
2017-6911-8/11/2018,0,0,0,0,1: PDO,Full,2,,60,Right Turn,T-Junction,Daylight,,Not Raining
2017-6912-8/11/2018,0,0,0,0,1: PDO,,,,60,Right Turn,Cross Road,Night,,Not Raining
2017-6913-8/11/2018,0,0,0,0,1: PDO,Full,1,,90,Right Angle,Cross Road,Daylight,,Not Raining
2017-6914-8/11/2018,1,0,0,1,2: MI,Unknown,1,,50,Right Angle,Cross Road,Night,,Raining
2017-6915-8/11/2018,0,0,0,0,1: PDO,Full,1,,50,Hit Fixed Object,Not Divided,Daylight,,Not Raining
2017-6916-8/11/2018,0,0,0,0,1: PDO,Full,1,,60,Right Angle,T-Junction,Night,,Raining
2017-6917-8/11/2018,0,0,0,0,1: PDO,Provisional 2,2,,60,Hit Fixed Object,Divided Road,Night,,Raining
2017-6918-8/11/2018,0,0,0,0,1: PDO,,,,60,Rear End,Cross Road,Night,,Raining
2017-6919-8/11/2018,1,0,0,1,2: MI,Full,2,,80,Hit Fixed Object,Not Divided,Night,,Not Raining
2017-6920-8/11/2018,0,0,0,0,1: PDO,Full,1,,50,Hit Fixed Object,T-Junction,Night,,Not Raining
2017-6921-8/11/2018,1,0,0,1,2: MI,Full,1,,60,Rear End,Divided Road,Night,Y,Unknown
2017-6922-8/11/2018,0,0,0,0,1: PDO,Provisional 2,1,,50,Rear End,Cross Road,Night,,Raining
2017-6923-8/11/2018,1,0,0,1,2: MI,,,,50,Right Angle,T-Junction,Night,,Unknown
2017-6924-8/11/2018,1,0,0,1,2: MI,Learners,1,,60,Right Angle,T-Junction,Night,,Raining
2017-6925-8/11/2018,0,0,0,0,1: PDO,Full,1,,50,Hit Fixed Object,T-Junction,Night,Y,Not Raining
2017-6926-8/11/2018,1,0,0,1,2: MI,,,,50,Hit Fixed Object,Not Divided,Daylight,,Not Raining
2017-6927-8/11/2018,1,1,0,0,4: Fatal,Full,3,,100,Hit Fixed Object,Not Divided,Night,Y,Raining
2017-6928-8/11/2018,1,0,0,1,2: MI,Full,1,,60,Hit Fixed Object,Not Divided,Night,Y,Raining
2017-6929-8/11/2018,0,0,0,0,1: PDO,Full,3,,50,Hit Parked Vehicle,Not Divided,Night,,Raining
2017-6930-8/11/2018,0,0,0,0,1: PDO,Full,1,,60,Hit Fixed Object,T-Junction,Daylight,,Not Raining
2017-6931-8/11/2018,0,0,0,0,1: PDO,,,,50,Right Angle,Not Divided,Daylight,,Not Raining
2017-6932-8/11/2018,1,0,0,1,2: MI,Unknown,1,,50,Right Angle,Cross Road,Daylight,,Not Raining
2017-6933-8/11/2018,1,0,0,1,2: MI,Full,2,,60,Rear End,Cross Road,Daylight,,Not Raining
2017-6934-8/11/2018,0,0,0,0,1: PDO,Full,1,,90,Other,Freeway,Daylight,,Not Raining
2017-6935-8/11/2018,0,0,0,0,1: PDO,Provisional 2,1,,60,Side Swipe,Not Divided,Daylight,,Not Raining
2017-6936-8/11/2018,0,0,0,0,1: PDO,Unknown,2,,60,Side Swipe,T-Junction,Daylight,,Not Raining
2017-6937-8/11/2018,0,0,0,0,1: PDO,Full,2,,50,Hit Fixed Object,Not Divided,Daylight,,Not Raining
2017-6938-8/11/2018,1,0,0,1,2: MI,Full,1,,60,Right Angle,T-Junction,Night,,Raining
2017-6939-8/11/2018,0,0,0,0,1: PDO,Full,2,,50,Right Angle,Cross Road,Daylight,,Not Raining
2017-6940-8/11/2018,0,0,0,0,1: PDO,,,,60,Rear End,Not Divided,Daylight,,Not Raining
2017-6941-8/11/2018,0,0,0,0,1: PDO,Unknown,2,,60,Right Angle,T-Junction,Daylight,,Not Raining
2017-6942-8/11/2018,0,0,0,0,1: PDO,Full,1,,60,Right Angle,T-Junction,Daylight,,Not Raining
2017-6943-8/11/2018,0,0,0,0,1: PDO,,,,60,Rear End,Divided Road,Daylight,,Not Raining
2017-6944-8/11/2018,1,0,0,1,2: MI,Full,3,,50,Hit Fixed Object,Not Divided,Daylight,,Not Raining
2017-6945-8/11/2018,0,0,0,0,1: PDO,Full,4,,60,Side Swipe,Divided Road,Night,,Not Raining
2017-6946-8/11/2018,0,0,0,0,1: PDO,Full,1,,60,Right Turn,Cross Road,Daylight,,Raining
2017-6947-8/11/2018,0,0,0,0,1: PDO,Unknown,1,,60,Right Angle,Cross Road,Night,,Not Raining
2017-6948-8/11/2018,0,0,0,0,1: PDO,Full,2,,40,Hit Fixed Object,Not Divided,Night,,Raining
2017-6949-8/11/2018,1,0,0,1,2: MI,,1,,100,Hit Animal,Not Divided,Night,,Not Raining
2017-6950-8/11/2018,0,0,0,0,1: PDO,,,,50,Hit Fixed Object,Divided Road,Night,,Raining
2017-6951-8/11/2018,1,0,1,0,3: SI,Provisional 1 ,1,Y,50,Hit Fixed Object,Not Divided,Daylight,,Not Raining
2017-6952-8/11/2018,0,0,0,0,1: PDO,,,,50,Hit Parked Vehicle,Not Divided,Night,Y,Not Raining
2017-6953-8/11/2018,1,0,0,1,2: MI,Unknown,1,,80,Rear End,Divided Road,Daylight,,Not Raining
2017-6954-8/11/2018,0,0,0,0,1: PDO,,,,80,Right Turn,Cross Road,Night,,Not Raining
2017-6955-8/11/2018,0,0,0,0,1: PDO,Full,1,,50,Right Turn,Cross Road,Night,,Not Raining
2017-6956-8/11/2018,0,0,0,0,1: PDO,Full,1,,60,Right Turn,Cross Road,Night,,Not Raining
2017-6957-8/11/2018,0,0,0,0,1: PDO,Full,2,,60,Right Angle,T-Junction,Daylight,,Not Raining
2017-6958-8/11/2018,0,0,0,0,1: PDO,Full,1,,60,Rear End,Divided Road,Night,,Not Raining
2017-6959-8/11/2018,0,0,0,0,1: PDO,Full,3,,50,Hit Parked Vehicle,Not Divided,Daylight,,Not Raining
2017-6960-8/11/2018,0,0,0,0,1: PDO,Unknown,1,,100,Right Angle,Cross Road,Night,,Not Raining
2017-6961-8/11/2018,2,0,0,2,2: MI,Unlicenced,1,,60,Hit Fixed Object,Not Divided,Night,,Not Raining
2017-6962-8/11/2018,0,0,0,0,1: PDO,Unlicenced,1,,50,Hit Parked Vehicle,Not Divided,Daylight,,Not Raining
2017-6963-8/11/2018,0,0,0,0,1: PDO,,,,60,Hit Fixed Object,Cross Road,Daylight,,Not Raining
2017-6964-8/11/2018,0,0,0,0,1: PDO,Full,1,,80,Hit Fixed Object,Not Divided,Daylight,,Raining
2017-6965-8/11/2018,0,0,0,0,1: PDO,Provisional 1 ,1,,60,Rear End,T-Junction,Daylight,,Not Raining
2017-6966-8/11/2018,0,0,0,0,1: PDO,,0,,60,Side Swipe,Not Divided,Night,,Not Raining
2017-6967-8/11/2018,0,0,0,0,1: PDO,Unknown,1,,50,Hit Pedestrian,Not Divided,Daylight,,Not Raining
2017-6968-8/11/2018,2,0,1,1,3: SI,,0,,100,Right Angle,T-Junction,Daylight,,Not Raining
2017-6969-8/11/2018,1,0,0,1,2: MI,,0,,60,Side Swipe,Cross Road,Daylight,,Unknown
2017-6970-8/11/2018,1,0,0,1,2: MI,Full,1,,50,Rear End,Divided Road,Daylight,,Not Raining
2017-6971-8/11/2018,0,0,0,0,1: PDO,,,,90,Hit Fixed Object,Divided Road,Night,,Not Raining
2017-6972-8/11/2018,0,0,0,0,1: PDO,Full,1,,110,Hit Fixed Object,Not Divided,Daylight,,Raining
2017-6973-8/11/2018,1,0,0,1,2: MI,Unknown,1,,100,Hit Fixed Object,Not Divided,Night,,Not Raining
2017-6974-8/11/2018,0,0,0,0,1: PDO,Unknown,2,,60,Rear End,Divided Road,Daylight,,Not Raining
2017-6975-8/11/2018,0,0,0,0,1: PDO,Unknown,1,,80,Rear End,Divided Road,Daylight,,Not Raining
2017-6976-8/11/2018,0,0,0,0,1: PDO,Full,1,,60,Hit Fixed Object,Divided Road,Daylight,,Not Raining
2017-6977-8/11/2018,0,0,0,0,1: PDO,Full,1,,60,Other,Divided Road,Daylight,,Unknown
2017-6978-8/11/2018,0,0,0,0,1: PDO,Full,1,,60,Right Turn,T-Junction,Daylight,,Not Raining
2017-6979-8/11/2018,0,0,0,0,1: PDO,Unknown,4,,50,Hit Fixed Object,Not Divided,Daylight,,Not Raining
2017-6980-8/11/2018,1,0,0,1,2: MI,Unknown,2,,60,Right Angle,T-Junction,Daylight,,Not Raining
2017-6981-8/11/2018,0,0,0,0,1: PDO,Unknown,4,,60,Right Angle,Divided Road,Night,,Not Raining
2017-6982-8/11/2018,2,0,0,2,2: MI,Full,2,,60,Right Angle,T-Junction,Daylight,,Not Raining
2017-6983-8/11/2018,1,0,0,1,2: MI,,,,50,Hit Pedestrian,Divided Road,Night,,Not Raining
2017-6984-8/11/2018,1,0,0,1,2: MI,Full,2,Y,60,Side Swipe,Freeway,Daylight,,Not Raining
2017-6985-8/11/2018,0,0,0,0,1: PDO,Unlicenced,1,,60,Right Angle,Cross Road,Night,,Not Raining
2017-6986-8/11/2018,1,0,0,1,2: MI,Provisional 2,1,,60,Hit Pedestrian,Divided Road,Night,,Not Raining
2017-6987-8/11/2018,0,0,0,0,1: PDO,,,,100,Hit Animal,Not Divided,Night,,Not Raining
2017-6988-8/11/2018,0,0,0,0,1: PDO,Provisional 1 ,2,,50,Side Swipe,Divided Road,Night,,Not Raining
2017-6989-8/11/2018,1,0,0,1,2: MI,,,,110,Hit Fixed Object,Freeway,Night,,Not Raining
2017-6990-8/11/2018,0,0,0,0,1: PDO,Unlicenced,1,,60,Rear End,T-Junction,Daylight,,Not Raining
2017-6991-8/11/2018,1,0,0,1,2: MI,,,,60,Rear End,Cross Road,Daylight,,Not Raining
2017-6992-8/11/2018,1,0,0,1,2: MI,Full,1,,50,Right Angle,Not Divided,Daylight,,Not Raining
2017-6993-8/11/2018,1,0,0,1,2: MI,Full,3,,50,Roll Over,Divided Road,Night,,Not Raining
2017-6994-8/11/2018,0,0,0,0,1: PDO,Full,1,,60,Side Swipe,Divided Road,Daylight,,Not Raining
2017-6995-8/11/2018,2,0,0,2,2: MI,,0,,60,Right Turn,Cross Road,Daylight,,Not Raining
2017-6996-8/11/2018,0,0,0,0,1: PDO,Full,1,,50,Side Swipe,Not Divided,Daylight,,Not Raining
2017-6997-8/11/2018,2,0,0,2,2: MI,Full,1,,80,Rear End,Not Divided,Daylight,,Not Raining
2017-6998-8/11/2018,1,0,0,1,2: MI,Full,1,,50,Side Swipe,Not Divided,Night,,Not Raining
2017-6999-8/11/2018,0,0,0,0,1: PDO,,,,60,Hit Parked Vehicle,Not Divided,Daylight,,Not Raining
2017-7000-8/11/2018,0,0,0,0,1: PDO,Full,1,,50,Right Angle,Cross Road,Daylight,,Not Raining
2017-7001-8/11/2018,0,0,0,0,1: PDO,Learners,1,,50,Rear End,Not Divided,Daylight,,Not Raining
2017-7002-8/11/2018,0,0,0,0,1: PDO,,0,,50,Hit Pedestrian,Divided Road,Daylight,,Not Raining
2017-7003-8/11/2018,0,0,0,0,1: PDO,Full,1,,60,Hit Fixed Object,T-Junction,Daylight,,Not Raining
2017-7004-8/11/2018,0,0,0,0,1: PDO,Provisional 2,1,,50,Hit Fixed Object,T-Junction,Daylight,,Not Raining
2017-7005-8/11/2018,1,0,0,1,2: MI,Unlicenced,1,,50,Hit Parked Vehicle,Not Divided,Daylight,,Not Raining
2017-7006-8/11/2018,0,0,0,0,1: PDO,Unknown,2,,70,Rear End,Divided Road,Daylight,,Not Raining
2017-7007-8/11/2018,1,0,0,1,2: MI,Full,1,,60,Hit Parked Vehicle,Not Divided,Daylight,,Not Raining
2017-7008-8/11/2018,0,0,0,0,1: PDO,Full,1,,50,Right Angle,Cross Road,Night,,Not Raining
2017-7009-8/11/2018,0,0,0,0,1: PDO,Full,2,,80,Rear End,Divided Road,Daylight,,Not Raining
2017-7010-8/11/2018,0,0,0,0,1: PDO,Full,1,,60,Right Angle,T-Junction,Daylight,,Not Raining
2017-7011-8/11/2018,1,0,0,1,2: MI,,,,80,Rear End,Ramp On,Daylight,,Not Raining
2017-7012-8/11/2018,1,0,0,1,2: MI,,1,,60,Right Angle,Divided Road,Daylight,,Not Raining
2017-7013-8/11/2018,0,0,0,0,1: PDO,Unknown,1,,60,Side Swipe,Not Divided,Daylight,,Not Raining
2017-7014-8/11/2018,1,0,0,1,2: MI,,,,100,Roll Over,Not Divided,Daylight,,Not Raining
2017-7015-8/11/2018,0,0,0,0,1: PDO,Full,1,,50,Hit Fixed Object,Not Divided,Night,,Not Raining
2017-7016-8/11/2018,0,0,0,0,1: PDO,Full,1,,70,Side Swipe,Divided Road,Daylight,,Not Raining
2017-7017-8/11/2018,0,0,0,0,1: PDO,Full,5,,40,Side Swipe,Not Divided,Night,,Not Raining
2017-7018-8/11/2018,0,0,0,0,1: PDO,,,,50,Hit Fixed Object,Not Divided,Night,,Not Raining
2017-7019-8/11/2018,0,0,0,0,1: PDO,Provisional 1 ,2,,80,Hit Fixed Object,Not Divided,Night,,Not Raining
2017-7020-8/11/2018,0,0,0,0,1: PDO,Unknown,1,,80,Hit Animal,Not Divided,Night,,Not Raining
2017-7021-8/11/2018,0,0,0,0,1: PDO,Full,3,,50,Right Angle,Cross Road,Night,,Not Raining
2017-7022-8/11/2018,0,0,0,0,1: PDO,Full,1,,50,Right Angle,Cross Road,Daylight,,Not Raining
2017-7023-8/11/2018,0,0,0,0,1: PDO,Full,1,,60,Side Swipe,Multiple,Night,,Not Raining
2017-7024-8/11/2018,1,0,1,0,3: SI,Full,1,,100,Roll Over,Cross Road,Night,,Raining
2017-7025-8/11/2018,0,0,0,0,1: PDO,Full,2,,50,Right Angle,Cross Road,Night,,Not Raining
2017-7026-8/11/2018,0,0,0,0,1: PDO,Full,1,,90,Right Angle,T-Junction,Night,,Not Raining
2017-7027-8/11/2018,1,0,0,1,2: MI,,,,60,Rear End,Cross Road,Daylight,,Not Raining
2017-7028-8/11/2018,2,0,0,2,2: MI,,,,50,Rear End,T-Junction,Daylight,,Not Raining
2017-7029-8/11/2018,1,0,0,1,2: MI,Unknown,1,,50,Right Angle,Not Divided,Daylight,,Not Raining
2017-7030-8/11/2018,0,0,0,0,1: PDO,Full,1,,60,Hit Pedestrian,Not Divided,Daylight,,Not Raining
2017-7031-8/11/2018,0,0,0,0,1: PDO,,1,,50,Rear End,T-Junction,Daylight,,Not Raining
2017-7032-8/11/2018,0,0,0,0,1: PDO,Unknown,1,,50,Rear End,Not Divided,Daylight,,Not Raining
2017-7033-8/11/2018,0,0,0,0,1: PDO,Full,1,,60,Side Swipe,T-Junction,Daylight,,Not Raining
2017-7034-8/11/2018,0,0,0,0,1: PDO,Full,1,,70,Rear End,Cross Road,Daylight,,Not Raining
2017-7035-8/11/2018,0,0,0,0,1: PDO,Provisional 1 ,5,,60,Side Swipe,Divided Road,Daylight,,Not Raining
2017-7036-8/11/2018,1,0,0,1,2: MI,Full,1,,60,Rear End,Divided Road,Daylight,,Not Raining
2017-7037-8/11/2018,0,0,0,0,1: PDO,Full,1,,50,Rear End,Cross Road,Daylight,,Not Raining
2017-7038-8/11/2018,0,0,0,0,1: PDO,Full,1,,60,Side Swipe,Divided Road,Daylight,,Not Raining
2017-7039-8/11/2018,2,0,0,2,2: MI,Full,1,,60,Right Turn,T-Junction,Daylight,,Not Raining
2017-7040-8/11/2018,2,1,0,1,4: Fatal,Full,1,,80,Head On,Freeway,Daylight,,Not Raining
2017-7041-8/11/2018,0,0,0,0,1: PDO,Full,1,,50,Rear End,Divided Road,Night,,Not Raining
2017-7042-8/11/2018,0,0,0,0,1: PDO,Full,1,,80,Right Angle,T-Junction,Night,,Not Raining
2017-7043-8/11/2018,1,0,0,1,2: MI,Full,1,,60,Rear End,T-Junction,Daylight,,Not Raining
2017-7044-8/11/2018,1,0,0,1,2: MI,Full,6,Y,60,Hit Parked Vehicle,Divided Road,Night,Y,Not Raining
2017-7045-8/11/2018,0,0,0,0,1: PDO,Full,1,,50,Right Angle,Cross Road,Daylight,,Not Raining
2017-7046-8/11/2018,1,0,0,1,2: MI,Full,1,,80,Head On,Not Divided,Daylight,,Not Raining
2017-7047-8/11/2018,0,0,0,0,1: PDO,Full,1,,100,Hit Parked Vehicle,Not Divided,Night,,Not Raining
2017-7048-8/11/2018,1,0,0,1,2: MI,Full,1,,60,Roll Over,Divided Road,Night,,Not Raining
2017-7049-8/11/2018,0,0,0,0,1: PDO,Full,2,,100,Rear End,Divided Road,Night,,Not Raining
2017-7050-8/11/2018,0,0,0,0,1: PDO,Full,2,,50,Side Swipe,T-Junction,Night,,Not Raining
2017-7051-8/11/2018,1,0,0,1,2: MI,Full,1,,50,Right Angle,Multiple,Night,,Not Raining
2017-7052-8/11/2018,2,0,0,2,2: MI,Full,1,,60,Right Turn,Cross Road,Night,,Raining
2017-7053-8/11/2018,0,0,0,0,1: PDO,Full,2,,50,Roll Over,T-Junction,Night,,Not Raining
2017-7054-8/11/2018,0,0,0,0,1: PDO,Full,1,,60,Rear End,T-Junction,Night,,Not Raining
2017-7055-8/11/2018,0,0,0,0,1: PDO,Full,2,,40,Hit Fixed Object,Divided Road,Night,,Not Raining
2017-7056-8/11/2018,1,0,0,1,2: MI,,0,,70,Hit Fixed Object,Not Divided,Daylight,,Not Raining
2017-7057-8/11/2018,1,0,0,1,2: MI,Full,1,,50,Roll Over,Cross Road,Daylight,,Raining
2017-7058-8/11/2018,0,0,0,0,1: PDO,,,,80,Right Angle,Divided Road,Daylight,,Raining