REPORT_ID,Total Cas,Total Fats,Total SI,Total MI,CSEF Severity,Licence Type,Number Occupants,Drugs Involved,Area Speed,Crash Type,Position Type,DayNight,DUI Involved,Weather Cond
2017-7059-8/11/2018,0,0,0,0,1: PDO,Full,1,,60,Side Swipe,Cross Road,Daylight,,Not Raining
2017-7060-8/11/2018,0,0,0,0,1: PDO,Full,1,,80,Rear End,T-Junction,Daylight,,Not Raining
2017-7061-8/11/2018,0,0,0,0,1: PDO,Full,2,,60,Hit Fixed Object,Divided Road,Daylight,,Not Raining
2017-7062-8/11/2018,1,0,0,1,2: MI,Full,4,,60,Rear End,Not Divided,Daylight,,Not Raining
2017-7063-8/11/2018,0,0,0,0,1: PDO,Provisional 1 ,1,,50,Right Turn,Cross Road,Daylight,,Not Raining
2017-7064-8/11/2018,0,0,0,0,1: PDO,Full,4,,60,Right Angle,T-Junction,Daylight,,Not Raining
2017-7065-8/11/2018,0,0,0,0,1: PDO,,,,100,Hit Fixed Object,Not Divided,Night,,Raining
2017-7066-8/11/2018,0,0,0,0,1: PDO,Unknown,1,,80,Side Swipe,T-Junction,Daylight,,Raining
2017-7067-8/11/2018,1,0,0,1,2: MI,Provisional 1 ,1,,110,Hit Fixed Object,Not Divided,Daylight,,Not Raining
2017-7068-8/11/2018,1,0,0,1,2: MI,,,,50,Hit Fixed Object,Not Divided,Daylight,,Not Raining
2017-7069-8/11/2018,1,0,0,1,2: MI,,,,50,Right Angle,Cross Road,Daylight,,Not Raining
2017-7070-8/11/2018,0,0,0,0,1: PDO,Full,1,,50,Side Swipe,Divided Road,Daylight,,Not Raining
2017-7071-8/11/2018,0,0,0,0,1: PDO,,,,80,Head On,Not Divided,Daylight,,Not Raining
2017-7072-8/11/2018,0,0,0,0,1: PDO,Unknown,1,,25,Right Angle,Cross Road,Daylight,,Not Raining
2017-7073-8/11/2018,1,0,0,1,2: MI,,,,50,Hit Fixed Object,Not Divided,Daylight,,Not Raining
2017-7074-8/11/2018,0,0,0,0,1: PDO,Unlicenced,1,,60,Rear End,Divided Road,Daylight,,Not Raining
2017-7075-8/11/2018,0,0,0,0,1: PDO,,,,60,Right Angle,T-Junction,Daylight,,Not Raining
2017-7076-8/11/2018,3,0,0,3,2: MI,Full,2,,80,Right Angle,Cross Road,Daylight,,Not Raining
2017-7077-8/11/2018,1,0,0,1,2: MI,,,,60,Hit Fixed Object,Cross Road,Daylight,,Not Raining
2017-7078-8/11/2018,0,0,0,0,1: PDO,Full,1,,50,Right Angle,Cross Road,Daylight,,Not Raining
2017-7079-8/11/2018,1,0,0,1,2: MI,,,,60,Rear End,Not Divided,Daylight,,Not Raining
2017-7080-8/11/2018,0,0,0,0,1: PDO,Provisional 2,1,,60,Rear End,Divided Road,Daylight,,Not Raining
2017-7081-8/11/2018,0,0,0,0,1: PDO,Unknown,1,,80,Rear End,Divided Road,Daylight,,Not Raining
2017-7082-8/11/2018,0,0,0,0,1: PDO,Full,1,,60,Right Turn,Cross Road,Night,,Not Raining
2017-7083-8/11/2018,4,0,0,4,2: MI,Full,1,,60,Right Angle,T-Junction,Daylight,,Not Raining
2017-7084-8/11/2018,0,0,0,0,1: PDO,Full,1,,60,Hit Parked Vehicle,Divided Road,Daylight,,Not Raining
2017-7085-8/11/2018,0,0,0,0,1: PDO,Full,1,,60,Right Turn,Cross Road,Night,,Not Raining
2017-7086-8/11/2018,0,0,0,0,1: PDO,Full,1,,60,Right Angle,Cross Road,Night,,Not Raining
2017-7087-8/11/2018,0,0,0,0,1: PDO,,1,,50,Hit Parked Vehicle,Not Divided,Night,,Not Raining
2017-7088-8/11/2018,0,0,0,0,1: PDO,Full,1,,100,Rear End,Freeway,Daylight,,Not Raining
2017-7089-8/11/2018,1,0,0,1,2: MI,Full,2,,60,Right Angle,Cross Road,Daylight,,Not Raining
2017-7090-8/11/2018,0,0,0,0,1: PDO,Full,2,,50,Hit Parked Vehicle,Not Divided,Night,,Raining
2017-7091-8/11/2018,0,0,0,0,1: PDO,Learners,1,,60,Rear End,Divided Road,Night,,Not Raining
2017-7092-8/11/2018,0,0,0,0,1: PDO,Full,1,,100,Hit Fixed Object,Not Divided,Night,,Raining
2017-7093-8/11/2018,0,0,0,0,1: PDO,Full,1,,80,Hit Fixed Object,Not Divided,Night,,Not Raining
2017-7094-8/11/2018,4,0,0,4,2: MI,Full,1,Y,80,Head On,Not Divided,Night,,Not Raining
2017-7095-8/11/2018,0,0,0,0,1: PDO,Full,1,,80,Right Angle,Cross Road,Night,,Not Raining
2017-7096-8/11/2018,0,0,0,0,1: PDO,Unknown,1,,60,Hit Object on Road,Not Divided,Night,,Not Raining
2017-7097-8/11/2018,0,0,0,0,1: PDO,Full,1,,80,Right Angle,T-Junction,Night,,Not Raining
2017-7098-8/11/2018,0,0,0,0,1: PDO,Provisional 2,1,,80,Right Angle,Cross Road,Daylight,,Not Raining
2017-7099-8/11/2018,0,0,0,0,1: PDO,Full,1,,80,Hit Fixed Object,Not Divided,Night,,Not Raining
2017-7100-8/11/2018,1,0,0,1,2: MI,Full,1,,60,Right Turn,T-Junction,Daylight,,Not Raining
2017-7101-8/11/2018,0,0,0,0,1: PDO,Full,2,,60,Right Angle,Cross Road,Night,,Not Raining
2017-7102-8/11/2018,0,0,0,0,1: PDO,Full,1,,60,Rear End,Rail Crossing,Night,,Not Raining
2017-7103-8/11/2018,1,0,0,1,2: MI,Full,2,,60,Right Angle,T-Junction,Daylight,,Not Raining
2017-7104-8/11/2018,0,0,0,0,1: PDO,,,,100,Hit Fixed Object,Not Divided,Daylight,,Not Raining
2017-7105-8/11/2018,0,0,0,0,1: PDO,Full,1,,60,Right Angle,T-Junction,Daylight,,Not Raining
2017-7106-8/11/2018,0,0,0,0,1: PDO,Unknown,1,,100,Rear End,Not Divided,Daylight,,Raining
2017-7107-8/11/2018,0,0,0,0,1: PDO,Full,2,,110,Left Road - Out of Control,Not Divided,Daylight,,Raining
2017-7108-8/11/2018,0,0,0,0,1: PDO,Full,2,,50,Hit Fixed Object,Not Divided,Night,Y,Not Raining
2017-7109-8/11/2018,0,0,0,0,1: PDO,,,,50,Rear End,Not Divided,Night,,Raining
2017-7110-8/11/2018,0,0,0,0,1: PDO,,,,50,Hit Fixed Object,Not Divided,Daylight,,Not Raining
2017-7111-8/11/2018,0,0,0,0,1: PDO,Full,1,,60,Side Swipe,Divided Road,Daylight,,Raining
2017-7112-8/11/2018,1,0,0,1,2: MI,Full,2,,60,Right Turn,T-Junction,Daylight,,Not Raining
2017-7113-8/11/2018,0,0,0,0,1: PDO,Full,1,,60,Right Angle,T-Junction,Night,,Unknown
2017-7114-8/11/2018,0,0,0,0,1: PDO,Full,1,,110,Side Swipe,Cross Road,Daylight,,Not Raining
2017-7115-8/11/2018,0,0,0,0,1: PDO,Full,2,,50,Side Swipe,Cross Road,Daylight,,Not Raining
2017-7116-8/11/2018,0,0,0,0,1: PDO,Full,1,,50,Hit Parked Vehicle,Not Divided,Daylight,,Not Raining
2017-7117-8/11/2018,1,0,0,1,2: MI,Full,1,,60,Rear End,Divided Road,Daylight,,Not Raining
2017-7118-8/11/2018,1,0,0,1,2: MI,Full,1,,80,Hit Fixed Object,Not Divided,Daylight,,Not Raining
2017-7119-8/11/2018,1,0,0,1,2: MI,Full,1,,50,Right Angle,Not Divided,Daylight,,Not Raining
2017-7120-8/11/2018,0,0,0,0,1: PDO,Full,2,,60,Right Turn,T-Junction,Daylight,,Not Raining
2017-7121-8/11/2018,0,0,0,0,1: PDO,Full,1,,60,Right Angle,T-Junction,Daylight,,Raining
2017-7122-8/11/2018,0,0,0,0,1: PDO,Provisional 1 ,1,,60,Right Angle,T-Junction,Daylight,,Not Raining
2017-7123-8/11/2018,0,0,0,0,1: PDO,Full,1,,80,Rear End,Divided Road,Night,,Raining
2017-7124-8/11/2018,1,0,0,1,2: MI,Full,1,,60,Rear End,Divided Road,Daylight,,Raining
2017-7125-8/11/2018,0,0,0,0,1: PDO,Full,1,,50,Hit Fixed Object,Divided Road,Daylight,,Not Raining
2017-7126-8/11/2018,0,0,0,0,1: PDO,Full,1,,90,Right Angle,Cross Road,Night,,Raining
2017-7127-8/11/2018,1,0,0,1,2: MI,,1,,60,Right Turn,Cross Road,Night,,Not Raining
2017-7128-8/11/2018,0,0,0,0,1: PDO,Full,1,,90,Side Swipe,Divided Road,Night,,Raining
2017-7129-8/11/2018,0,0,0,0,1: PDO,Full,1,,90,Roll Over,Divided Road,Night,,Raining
2017-7130-8/11/2018,0,0,0,0,1: PDO,,,,50,Hit Fixed Object,Divided Road,Night,,Raining
2017-7131-8/11/2018,0,0,0,0,1: PDO,Full,1,,50,Hit Fixed Object,Not Divided,Night,Y,Not Raining
2017-7132-8/11/2018,0,0,0,0,1: PDO,Full,30,,60,Right Angle,T-Junction,Daylight,,Not Raining
2017-7133-8/11/2018,1,0,0,1,2: MI,,0,,70,Right Angle,Cross Road,Night,,Not Raining
2017-7134-8/11/2018,0,0,0,0,1: PDO,Provisional 1 ,1,,100,Right Angle,T-Junction,Daylight,,Raining
2017-7135-8/11/2018,0,0,0,0,1: PDO,Provisional 1 ,1,,50,Side Swipe,Not Divided,Night,,Not Raining
2017-7136-8/11/2018,0,0,0,0,1: PDO,Full,2,,90,Hit Fixed Object,Ramp Off,Night,,Raining
2017-7137-8/11/2018,1,0,0,1,2: MI,Full,1,,50,Hit Fixed Object,Not Divided,Night,,Not Raining
2017-7138-8/11/2018,1,0,0,1,2: MI,Provisional 1 ,1,,50,Right Angle,Cross Road,Daylight,,Not Raining
2017-7139-8/11/2018,0,0,0,0,1: PDO,Full,1,,80,Hit Fixed Object,Not Divided,Night,,Not Raining
2017-7140-8/11/2018,0,0,0,0,1: PDO,Full,1,,60,Right Turn,Cross Road,Night,,Raining
2017-7141-8/11/2018,0,0,0,0,1: PDO,Full,2,,60,Rear End,Divided Road,Daylight,,Not Raining
2017-7142-8/11/2018,0,0,0,0,1: PDO,Full,1,,110,Hit Animal,T-Junction,Night,,Not Raining
2017-7143-8/11/2018,0,0,0,0,1: PDO,Unknown,2,,100,Hit Fixed Object,Not Divided,Night,,Not Raining
2017-7144-8/11/2018,1,0,0,1,2: MI,Full,1,,80,Hit Fixed Object,Not Divided,Daylight,,Not Raining
2017-7145-8/11/2018,1,0,0,1,2: MI,Full,1,,80,Roll Over,Not Divided,Daylight,,Not Raining
2017-7146-8/11/2018,1,0,0,1,2: MI,Full,1,,60,Right Angle,T-Junction,Daylight,,Not Raining
2017-7147-8/11/2018,0,0,0,0,1: PDO,,,,50,Hit Object on Road,Not Divided,Daylight,,Not Raining
2017-7148-8/11/2018,0,0,0,0,1: PDO,Probationary,1,,110,Hit Fixed Object,Divided Road,Night,,Raining
2017-7149-8/11/2018,1,0,0,1,2: MI,Unknown,1,,60,Right Angle,T-Junction,Daylight,,Not Raining
2017-7150-8/11/2018,0,0,0,0,1: PDO,Full,1,,60,Rear End,Cross Road,Daylight,,Not Raining
2017-7151-8/11/2018,1,0,0,1,2: MI,,0,,110,Side Swipe,Divided Road,Daylight,,Not Raining
2017-7152-8/11/2018,1,0,1,0,3: SI,,0,,50,Right Angle,Cross Road,Daylight,,Not Raining
2017-7153-8/11/2018,0,0,0,0,1: PDO,Provisional 1 ,1,,80,Right Angle,T-Junction,Daylight,,Not Raining
2017-7154-8/11/2018,0,0,0,0,1: PDO,,,,50,Hit Fixed Object,Not Divided,Daylight,,Not Raining
2017-7155-8/11/2018,0,0,0,0,1: PDO,Full,1,,25,Side Swipe,Divided Road,Daylight,,Not Raining
2017-7156-8/11/2018,1,0,0,1,2: MI,Full,2,,110,Roll Over,Not Divided,Daylight,,Not Raining
2017-7157-8/11/2018,1,0,0,1,2: MI,Full,1,,100,Right Turn,Not Divided,Daylight,,Not Raining
2017-7158-8/11/2018,1,0,0,1,2: MI,Full,1,,60,Rear End,Cross Road,Night,,Not Raining
2017-7159-8/11/2018,0,0,0,0,1: PDO,,,,60,Hit Fixed Object,Not Divided,Night,,Not Raining
2017-7160-8/11/2018,0,0,0,0,1: PDO,Unknown,1,,60,Right Turn,Cross Road,Night,,Not Raining
2017-7161-8/11/2018,0,0,0,0,1: PDO,Full,1,,60,Hit Fixed Object,Divided Road,Night,,Raining
2017-7162-8/11/2018,1,0,0,1,2: MI,Full,1,,60,Rear End,Divided Road,Night,,Not Raining
2017-7163-8/11/2018,1,0,0,1,2: MI,Full,1,,50,Right Angle,Cross Road,Daylight,,Not Raining
2017-7164-8/11/2018,1,0,0,1,2: MI,,,,80,Rear End,T-Junction,Night,,Not Raining
2017-7165-8/11/2018,0,0,0,0,1: PDO,Full,1,,70,Right Angle,T-Junction,Night,,Not Raining
2017-7166-8/11/2018,1,0,0,1,2: MI,Full,1,,60,Rear End,T-Junction,Daylight,,Not Raining
2017-7167-8/11/2018,0,0,0,0,1: PDO,Unlicenced,1,,60,Rear End,Cross Road,Daylight,,Not Raining
2017-7168-8/11/2018,0,0,0,0,1: PDO,,,,60,Side Swipe,Not Divided,Daylight,,Not Raining
2017-7169-8/11/2018,1,0,0,1,2: MI,,,,110,Hit Fixed Object,Not Divided,Night,Y,Not Raining
2017-7170-8/11/2018,2,0,0,2,2: MI,Full,6,,60,Right Angle,T-Junction,Daylight,,Not Raining
2017-7171-8/11/2018,0,0,0,0,1: PDO,,,,60,Right Turn,T-Junction,Daylight,,Not Raining
2017-7172-8/11/2018,0,0,0,0,1: PDO,Provisional 1 ,1,,50,Side Swipe,Cross Road,Daylight,,Not Raining
2017-7173-8/11/2018,0,0,0,0,1: PDO,,,,60,Hit Fixed Object,Divided Road,Daylight,,Not Raining
2017-7174-8/11/2018,0,0,0,0,1: PDO,Full,2,,80,Rear End,Divided Road,Night,,Raining
2017-7175-8/11/2018,0,0,0,0,1: PDO,Full,30,,50,Hit Pedestrian,T-Junction,Night,,Not Raining
2017-7176-8/11/2018,0,0,0,0,1: PDO,Full,1,,60,Right Angle,Cross Road,Daylight,,Not Raining
2017-7177-8/11/2018,0,0,0,0,1: PDO,Full,1,,80,Rear End,Divided Road,Daylight,,Not Raining
2017-7178-8/11/2018,0,0,0,0,1: PDO,Full,1,,50,Right Turn,Divided Road,Daylight,,Raining
2017-7179-8/11/2018,1,0,0,1,2: MI,Full,1,,60,Rear End,T-Junction,Night,,Not Raining
2017-7180-8/11/2018,0,0,0,0,1: PDO,Full,1,,60,Right Angle,T-Junction,Daylight,,Raining
2017-7181-8/11/2018,1,0,0,1,2: MI,Full,1,,80,Hit Fixed Object,Not Divided,Daylight,,Not Raining
2017-7182-8/11/2018,0,0,0,0,1: PDO,,0,,60,Right Angle,Cross Road,Daylight,,Raining
2017-7183-8/11/2018,0,0,0,0,1: PDO,Full,1,,110,Hit Animal,Not Divided,Night,,Not Raining
2017-7184-8/11/2018,1,0,0,1,2: MI,Full,5,,60,Rear End,Divided Road,Daylight,,Raining
2017-7185-8/11/2018,0,0,0,0,1: PDO,Unlicenced,1,,60,Right Turn,T-Junction,Night,,Raining
2017-7186-8/11/2018,0,0,0,0,1: PDO,Full,2,,50,Hit Fixed Object,Not Divided,Night,Y,Raining
2017-7187-8/11/2018,0,0,0,0,1: PDO,Full,2,,100,Hit Fixed Object,Not Divided,Night,,Not Raining
2017-7188-8/11/2018,1,0,0,1,2: MI,Full,1,,60,Right Angle,T-Junction,Night,,Raining
2017-7189-8/11/2018,0,0,0,0,1: PDO,Full,1,,60,Right Angle,T-Junction,Night,,Raining
2017-7190-8/11/2018,0,0,0,0,1: PDO,Full,1,,60,Right Angle,T-Junction,Night,,Raining
2017-7191-8/11/2018,0,0,0,0,1: PDO,Probationary,1,,100,Hit Fixed Object,Not Divided,Night,,Raining
2017-7192-8/11/2018,0,0,0,0,1: PDO,Full,1,,60,Right Angle,Cross Road,Night,,Raining
2017-7193-8/11/2018,1,0,0,1,2: MI,Provisional 1 ,1,,60,Rear End,Cross Road,Daylight,,Unknown
2017-7194-8/11/2018,1,0,0,1,2: MI,,,,100,Right Angle,T-Junction,Daylight,,Not Raining
2017-7195-8/11/2018,1,0,0,1,2: MI,Full,1,Y,80,Hit Fixed Object,Not Divided,Daylight,,Not Raining
2017-7196-8/11/2018,1,0,0,1,2: MI,,,,50,Right Angle,T-Junction,Night,,Raining
2017-7197-8/11/2018,0,0,0,0,1: PDO,Provisional 2,2,,60,Hit Fixed Object,T-Junction,Daylight,,Raining
2017-7198-8/11/2018,1,0,1,0,3: SI,Full,2,,60,Hit Pedestrian,Pedestrian Crossing,Night,,Not Raining
2017-7199-8/11/2018,0,0,0,0,1: PDO,Full,1,,60,Rear End,Not Divided,Daylight,,Raining
2017-7200-8/11/2018,0,0,0,0,1: PDO,Unknown,1,,50,Hit Parked Vehicle,Not Divided,Daylight,,Not Raining
2017-7201-8/11/2018,1,0,0,1,2: MI,Unknown,1,,60,Right Turn,T-Junction,Daylight,,Raining
2017-7202-8/11/2018,1,0,0,1,2: MI,Full,1,,60,Rear End,Not Divided,Night,,Raining
2017-7203-8/11/2018,0,0,0,0,1: PDO,Full,1,,60,Hit Fixed Object,Cross Road,Night,Y,Raining
2017-7204-8/11/2018,0,0,0,0,1: PDO,Full,1,,100,Roll Over,Not Divided,Daylight,,Not Raining
2017-7205-8/11/2018,0,0,0,0,1: PDO,Full,1,,100,Hit Fixed Object,Not Divided,Night,,Not Raining
2017-7206-8/11/2018,0,0,0,0,1: PDO,Full,1,,100,Hit Fixed Object,Not Divided,Daylight,,Raining
2017-7207-8/11/2018,0,0,0,0,1: PDO,Full,2,,50,Side Swipe,Not Divided,Daylight,,Not Raining
2017-7208-8/11/2018,0,0,0,0,1: PDO,Full,3,,60,Rear End,Divided Road,Night,,Not Raining
2017-7209-8/11/2018,0,0,0,0,1: PDO,Full,1,,70,Rear End,Cross Road,Daylight,,Raining
2017-7210-8/11/2018,0,0,0,0,1: PDO,Full,1,,110,Side Swipe,Divided Road,Daylight,,Raining
2017-7211-8/11/2018,0,0,0,0,1: PDO,Full,2,,70,Side Swipe,Not Divided,Daylight,,Not Raining
2017-7212-8/11/2018,1,0,0,1,2: MI,Full,1,,40,Roll Over,Not Divided,Daylight,,Raining
2017-7213-8/11/2018,0,0,0,0,1: PDO,Full,1,,60,Rear End,T-Junction,Daylight,,Not Raining
2017-7214-8/11/2018,0,0,0,0,1: PDO,Full,1,,60,Right Turn,T-Junction,Daylight,,Not Raining
2017-7215-8/11/2018,0,0,0,0,1: PDO,Full,1,,50,Hit Parked Vehicle,Not Divided,Daylight,,Raining
2017-7216-8/11/2018,1,0,0,1,2: MI,Full,1,,70,Rear End,Cross Road,Daylight,,Not Raining
2017-7217-8/11/2018,0,0,0,0,1: PDO,Full,1,,100,Left Road - Out of Control,T-Junction,Night,,Raining
2017-7218-8/11/2018,1,0,0,1,2: MI,,0,,100,Hit Fixed Object,Not Divided,Night,,Raining
2017-7219-8/11/2018,2,0,0,2,2: MI,,1,,50,Rear End,T-Junction,Night,,Not Raining
2017-7220-8/11/2018,0,0,0,0,1: PDO,Full,1,,50,Right Angle,Cross Road,Night,,Not Raining
2017-7221-8/11/2018,0,0,0,0,1: PDO,Learners,1,,50,Hit Fixed Object,T-Junction,Night,,Raining
2017-7222-8/11/2018,0,0,0,0,1: PDO,Full,1,,60,Rear End,Cross Road,Daylight,,Raining
2017-7223-8/11/2018,0,0,0,0,1: PDO,Unknown,1,,90,Rear End,Interchange,Night,,Not Raining
2017-7224-8/11/2018,0,0,0,0,1: PDO,Full,1,,50,Right Angle,Cross Road,Daylight,,Not Raining
2017-7225-8/11/2018,0,0,0,0,1: PDO,,,,60,Rear End,T-Junction,Daylight,,Raining
2017-7226-8/11/2018,0,0,0,0,1: PDO,Full,1,,60,Rear End,Divided Road,Daylight,,Not Raining
2017-7227-8/11/2018,0,0,0,0,1: PDO,Full,1,,60,Rear End,Cross Road,Daylight,,Not Raining
2017-7228-8/11/2018,2,0,0,2,2: MI,Full,1,,50,Hit Pedestrian,Not Divided,Daylight,,Raining
2017-7229-8/11/2018,0,0,0,0,1: PDO,Full,1,,50,Hit Parked Vehicle,Divided Road,Night,,Raining
2017-7230-8/11/2018,0,0,0,0,1: PDO,Provisional 2,1,,60,Hit Parked Vehicle,Not Divided,Night,,Unknown
2017-7231-8/11/2018,0,0,0,0,1: PDO,Full,1,,60,Right Angle,Cross Road,Daylight,,Raining
2017-7232-8/11/2018,0,0,0,0,1: PDO,Full,1,,80,Hit Fixed Object,Not Divided,Daylight,,Raining
2017-7233-8/11/2018,2,0,0,2,2: MI,Provisional 1 ,1,,110,Rear End,Divided Road,Daylight,,Raining
2017-7234-8/11/2018,0,0,0,0,1: PDO,Full,1,,50,Right Angle,T-Junction,Daylight,,Not Raining
2017-7235-8/11/2018,0,0,0,0,1: PDO,Full,1,,80,Hit Fixed Object,Not Divided,Night,,Raining
2017-7236-8/11/2018,0,0,0,0,1: PDO,Full,1,,50,Hit Fixed Object,Divided Road,Night,,Raining
2017-7237-8/11/2018,0,0,0,0,1: PDO,Full,3,,60,Hit Fixed Object,Divided Road,Daylight,,Raining
2017-7238-8/11/2018,0,0,0,0,1: PDO,Full,15,,50,Side Swipe,T-Junction,Daylight,,Not Raining
2017-7239-8/11/2018,0,0,0,0,1: PDO,Provisional 1 ,1,,60,Rear End,Cross Road,Daylight,,Not Raining
2017-7240-8/11/2018,1,0,0,1,2: MI,,,,60,Right Turn,T-Junction,Night,,Not Raining
2017-7241-8/11/2018,0,0,0,0,1: PDO,Full,1,,60,Hit Fixed Object,T-Junction,Daylight,Y,Raining
2017-7242-8/11/2018,0,0,0,0,1: PDO,Full,2,,60,Rear End,Divided Road,Daylight,,Not Raining
2017-7243-8/11/2018,0,0,0,0,1: PDO,Full,1,,60,Head On,Cross Road,Night,,Not Raining
2017-7244-8/11/2018,0,0,0,0,1: PDO,,1,,60,Right Turn,Cross Road,Night,,Unknown
2017-7245-8/11/2018,0,0,0,0,1: PDO,Full,1,,50,Rear End,T-Junction,Night,,Not Raining
2017-7246-8/11/2018,0,0,0,0,1: PDO,,1,,50,Right Angle,T-Junction,Daylight,,Not Raining
2017-7247-8/11/2018,0,0,0,0,1: PDO,,1,,60,Side Swipe,Not Divided,Night,,Not Raining
2017-7248-8/11/2018,1,0,0,1,2: MI,Full,1,,60,Rear End,Multiple,Daylight,,Not Raining
2017-7249-8/11/2018,0,0,0,0,1: PDO,Full,1,,80,Right Angle,Cross Road,Daylight,,Raining
2017-7250-8/11/2018,0,0,0,0,1: PDO,Full,1,,60,Other,Ramp Off,Night,,Raining
2017-7251-8/11/2018,1,0,0,1,2: MI,Full,1,,60,Rear End,Cross Road,Daylight,,Raining
2017-7252-8/11/2018,0,0,0,0,1: PDO,Unknown,2,,60,Rear End,Divided Road,Daylight,,Not Raining
2017-7253-8/11/2018,1,0,0,1,2: MI,Full,1,,80,Rear End,Divided Road,Daylight,,Not Raining
2017-7254-8/11/2018,1,0,0,1,2: MI,Full,1,,60,Right Angle,Cross Road,Daylight,,Not Raining
2017-7255-8/11/2018,0,0,0,0,1: PDO,,0,,60,Side Swipe,Divided Road,Daylight,,Not Raining
2017-7256-8/11/2018,0,0,0,0,1: PDO,Full,1,,60,Hit Parked Vehicle,Not Divided,Daylight,,Not Raining
2017-7257-8/11/2018,0,0,0,0,1: PDO,Unknown,1,,60,Side Swipe,Multiple,Daylight,,Not Raining
2017-7258-8/11/2018,0,0,0,0,1: PDO,,0,,60,Rear End,Cross Road,Daylight,,Not Raining
2017-7259-8/11/2018,0,0,0,0,1: PDO,Full,2,,60,Right Angle,T-Junction,Daylight,,Not Raining
2017-7260-8/11/2018,0,0,0,0,1: PDO,,,,60,Right Turn,Cross Road,Daylight,,Not Raining
2017-7261-8/11/2018,0,0,0,0,1: PDO,Full,1,,60,Rear End,Divided Road,Daylight,,Not Raining
2017-7262-8/11/2018,0,0,0,0,1: PDO,,,,60,Right Turn,Cross Road,Night,,Raining
2017-7263-8/11/2018,0,0,0,0,1: PDO,Full,1,,80,Rear End,Divided Road,Night,,Not Raining
2017-7264-8/11/2018,2,0,1,1,3: SI,Full,1,,80,Right Angle,Divided Road,Daylight,,Not Raining
2017-7265-8/11/2018,0,0,0,0,1: PDO,Unknown,1,,70,Right Angle,Divided Road,Daylight,,Not Raining
2017-7266-8/11/2018,0,0,0,0,1: PDO,Full,1,,50,Hit Parked Vehicle,Not Divided,Daylight,,Not Raining
2017-7267-8/11/2018,1,0,0,1,2: MI,Full,1,,60,Right Turn,Cross Road,Night,,Not Raining
2017-7268-8/11/2018,0,0,0,0,1: PDO,Full,1,,80,Hit Fixed Object,Not Divided,Daylight,Y,Not Raining
2017-7269-8/11/2018,0,0,0,0,1: PDO,,1,,60,Rear End,Divided Road,Daylight,,Not Raining
2017-7270-8/11/2018,1,0,0,1,2: MI,Full,1,,60,Rear End,T-Junction,Night,,Not Raining
2017-7271-8/11/2018,0,0,0,0,1: PDO,,1,,100,Right Turn,Not Divided,Night,,Not Raining
2017-7272-8/11/2018,0,0,0,0,1: PDO,Full,1,,20,Hit Fixed Object,Not Divided,Night,,Not Raining
2017-7273-8/11/2018,1,0,0,1,2: MI,Full,1,,60,Right Angle,Cross Road,Daylight,,Not Raining
2017-7274-8/11/2018,1,0,0,1,2: MI,,,,50,Hit Fixed Object,Not Divided,Night,,Not Raining
2017-7275-8/11/2018,0,0,0,0,1: PDO,Full,2,,50,Rear End,Not Divided,Daylight,,Not Raining
2017-7276-8/11/2018,1,0,0,1,2: MI,Full,3,,70,Right Angle,Cross Road,Night,,Not Raining
2017-7277-8/11/2018,0,0,0,0,1: PDO,Full,1,,40,Hit Parked Vehicle,Divided Road,Daylight,,Not Raining
2017-7278-8/11/2018,1,0,0,1,2: MI,Full,1,,50,Rear End,Divided Road,Night,,Not Raining
2017-7279-8/11/2018,3,0,0,3,2: MI,Full,1,,60,Rear End,Divided Road,Daylight,,Not Raining
2017-7280-8/11/2018,1,0,1,0,3: SI,Full,3,,60,Rear End,T-Junction,Daylight,,Not Raining
2017-7281-8/11/2018,0,0,0,0,1: PDO,Full,2,,60,Right Angle,T-Junction,Daylight,,Not Raining