REPORT_ID,Total Cas,Total Fats,Total SI,Total MI,CSEF Severity,Licence Type,Number Occupants,Drugs Involved,Area Speed,Crash Type,Position Type,DayNight,DUI Involved,Weather Cond
2017-7282-8/11/2018,0,0,0,0,1: PDO,Full,1,,100,Hit Fixed Object,Not Divided,Night,,Not Raining
2017-7283-8/11/2018,0,0,0,0,1: PDO,Full,1,,40,Side Swipe,Not Divided,Daylight,,Not Raining
2017-7284-8/11/2018,0,0,0,0,1: PDO,Full,2,,80,Hit Animal,Not Divided,Night,,Not Raining
2017-7285-8/11/2018,2,0,1,1,3: SI,,1,,110,Side Swipe,Not Divided,Daylight,,Not Raining
2017-7286-8/11/2018,0,0,0,0,1: PDO,Full,1,,50,Hit Fixed Object,Not Divided,Daylight,,Not Raining
2017-7287-8/11/2018,0,0,0,0,1: PDO,Full,1,,60,Side Swipe,Multiple,Daylight,,Raining
2017-7288-8/11/2018,0,0,0,0,1: PDO,Provisional 1 ,1,,110,Roll Over,Not Divided,Night,,Not Raining
2017-7289-8/11/2018,1,0,0,1,2: MI,,,,60,Right Turn,Cross Road,Daylight,,Not Raining
2017-7290-8/11/2018,0,0,0,0,1: PDO,Full,1,,60,Rear End,T-Junction,Daylight,,Not Raining
2017-7291-8/11/2018,0,0,0,0,1: PDO,Full,1,,90,Other,Divided Road,Daylight,,Not Raining
2017-7292-8/11/2018,0,0,0,0,1: PDO,Unknown,1,,60,Hit Parked Vehicle,Not Divided,Night,,Not Raining
2017-7293-8/11/2018,1,0,0,1,2: MI,Full,2,,60,Right Turn,Cross Road,Daylight,,Not Raining
2017-7294-8/11/2018,0,0,0,0,1: PDO,Full,3,,60,Right Angle,Not Divided,Daylight,,Not Raining
2017-7295-8/11/2018,1,1,0,0,4: Fatal,Full,1,,80,Side Swipe,Not Divided,Daylight,,Not Raining
2017-7296-8/11/2018,0,0,0,0,1: PDO,,,,50,Side Swipe,Not Divided,Daylight,,Not Raining
2017-7297-8/11/2018,0,0,0,0,1: PDO,Full,5,,60,Right Angle,T-Junction,Daylight,,Not Raining
2017-7298-8/11/2018,1,0,0,1,2: MI,Full,1,,60,Right Turn,T-Junction,Night,,Not Raining
2017-7299-8/11/2018,0,0,0,0,1: PDO,Unknown,2,,70,Rear End,Cross Road,Daylight,,Not Raining
2017-7300-8/11/2018,1,0,0,1,2: MI,Unknown,2,,60,Rear End,Divided Road,Night,,Not Raining
2017-7301-8/11/2018,1,0,0,1,2: MI,Full,1,,60,Rear End,Cross Road,Night,,Not Raining
2017-7302-8/11/2018,0,0,0,0,1: PDO,Full,1,,60,Rear End,Divided Road,Daylight,,Not Raining
2017-7303-8/11/2018,0,0,0,0,1: PDO,,0,,40,Side Swipe,Divided Road,Daylight,,Not Raining
2017-7304-8/11/2018,0,0,0,0,1: PDO,Unknown,1,,50,Right Angle,T-Junction,Night,,Not Raining
2017-7305-8/11/2018,0,0,0,0,1: PDO,Full,1,,60,Right Angle,Divided Road,Night,,Not Raining
2017-7306-8/11/2018,0,0,0,0,1: PDO,Unknown,1,,60,Right Turn,Cross Road,Night,,Not Raining
2017-7307-8/11/2018,0,0,0,0,1: PDO,Full,1,,100,Rear End,T-Junction,Daylight,,Not Raining
2017-7308-8/11/2018,0,0,0,0,1: PDO,Learners,1,,110,Rear End,T-Junction,Night,,Not Raining
2017-7309-8/11/2018,0,0,0,0,1: PDO,Full,5,,90,Hit Fixed Object,Cross Road,Night,,Not Raining
2017-7310-8/11/2018,0,0,0,0,1: PDO,,,,110,Hit Fixed Object,Not Divided,Night,,Not Raining
2017-7311-8/11/2018,1,0,0,1,2: MI,Full,1,,60,Rear End,Divided Road,Daylight,,Not Raining
2017-7312-8/11/2018,1,0,0,1,2: MI,Full,1,,60,Rear End,T-Junction,Daylight,,Not Raining
2017-7313-8/11/2018,0,0,0,0,1: PDO,Provisional 2,1,,50,Hit Parked Vehicle,Not Divided,Daylight,,Not Raining
2017-7314-8/11/2018,1,0,1,0,3: SI,Provisional 2,1,,50,Hit Pedestrian,Not Divided,Daylight,,Not Raining
2017-7315-8/11/2018,0,0,0,0,1: PDO,Full,1,,60,Side Swipe,Not Divided,Daylight,,Not Raining
2017-7316-8/11/2018,1,0,0,1,2: MI,Full,1,,60,Rear End,T-Junction,Night,,Not Raining
2017-7317-8/11/2018,1,0,1,0,3: SI,Full,1,,60,Rear End,Divided Road,Daylight,,Not Raining
2017-7318-8/11/2018,0,0,0,0,1: PDO,Full,1,,80,Side Swipe,T-Junction,Night,,Not Raining
2017-7319-8/11/2018,0,0,0,0,1: PDO,Full,1,,100,Hit Fixed Object,Not Divided,Daylight,,Not Raining
2017-7320-8/11/2018,0,0,0,0,1: PDO,,,,60,Right Angle,Cross Road,Daylight,,Not Raining
2017-7321-8/11/2018,0,0,0,0,1: PDO,Full,1,,50,Hit Parked Vehicle,Not Divided,Daylight,,Not Raining
2017-7322-8/11/2018,1,0,1,0,3: SI,Full,1,,80,Hit Fixed Object,Not Divided,Daylight,,Not Raining
2017-7323-8/11/2018,1,0,0,1,2: MI,Full,1,,110,Right Angle,T-Junction,Daylight,,Not Raining
2017-7324-8/11/2018,2,0,0,2,2: MI,Full,2,,80,Rear End,Divided Road,Daylight,,Not Raining
2017-7325-8/11/2018,1,0,0,1,2: MI,Full,1,,60,Right Angle,T-Junction,Daylight,,Not Raining
2017-7326-8/11/2018,0,0,0,0,1: PDO,Full,1,,60,Side Swipe,Not Divided,Daylight,,Not Raining
2017-7327-8/11/2018,1,0,0,1,2: MI,Provisional 2,1,Y,110,Roll Over,Not Divided,Night,Y,Not Raining
2017-7328-8/11/2018,1,0,0,1,2: MI,Provisional 1 ,1,Y,100,Roll Over,Ramp Off,Daylight,,Not Raining
2017-7329-8/11/2018,1,0,0,1,2: MI,Full,1,,50,Right Angle,Cross Road,Daylight,,Not Raining
2017-7330-8/11/2018,1,0,0,1,2: MI,Full,1,,60,Rear End,T-Junction,Daylight,,Not Raining
2017-7331-8/11/2018,1,0,0,1,2: MI,Full,1,,80,Right Angle,Cross Road,Daylight,,Not Raining
2017-7332-8/11/2018,2,0,0,2,2: MI,Full,2,,90,Rear End,Divided Road,Daylight,,Not Raining
2017-7333-8/11/2018,1,0,0,1,2: MI,Full,1,,60,Hit Pedestrian,Cross Road,Daylight,,Not Raining
2017-7334-8/11/2018,0,0,0,0,1: PDO,Full,1,,60,Right Turn,Cross Road,Daylight,,Not Raining
2017-7335-8/11/2018,0,0,0,0,1: PDO,,,,60,Rear End,Divided Road,Daylight,,Not Raining
2017-7336-8/11/2018,0,0,0,0,1: PDO,Full,1,,60,Right Angle,Cross Road,Daylight,,Not Raining
2017-7337-8/11/2018,0,0,0,0,1: PDO,Unknown,1,,80,Rear End,Divided Road,Daylight,,Not Raining
2017-7338-8/11/2018,0,0,0,0,1: PDO,Provisional 2,1,,90,Rear End,Divided Road,Night,,Not Raining
2017-7339-8/11/2018,4,0,0,4,2: MI,Full,1,,80,Rear End,Divided Road,Night,,Not Raining
2017-7340-8/11/2018,0,0,0,0,1: PDO,,1,,60,Right Turn,T-Junction,Daylight,,Not Raining
2017-7341-8/11/2018,0,0,0,0,1: PDO,Full,1,,110,Head On,Not Divided,Daylight,,Not Raining
2017-7342-8/11/2018,0,0,0,0,1: PDO,Full,1,,60,Rear End,Divided Road,Daylight,,Not Raining
2017-7343-8/11/2018,0,0,0,0,1: PDO,Unknown,1,,90,Rear End,Divided Road,Daylight,,Not Raining
2017-7344-8/11/2018,0,0,0,0,1: PDO,Unknown,2,,60,Rear End,T-Junction,Daylight,,Not Raining
2017-7345-8/11/2018,0,0,0,0,1: PDO,Unknown,1,,80,Rear End,Divided Road,Night,,Not Raining
2017-7346-8/11/2018,2,0,0,2,2: MI,Full,1,Y,60,Right Turn,T-Junction,Night,,Not Raining
2017-7347-8/11/2018,1,0,0,1,2: MI,,,,50,Hit Parked Vehicle,Not Divided,Night,,Not Raining
2017-7348-8/11/2018,0,0,0,0,1: PDO,Provisional 2,1,,60,Side Swipe,Divided Road,Night,,Not Raining
2017-7349-8/11/2018,1,0,0,1,2: MI,Full,1,,50,Rear End,Cross Road,Night,,Not Raining
2017-7350-8/11/2018,0,0,0,0,1: PDO,Full,1,,70,Rear End,Cross Road,Night,,Not Raining
2017-7351-8/11/2018,0,0,0,0,1: PDO,Full,1,,60,Hit Fixed Object,Not Divided,Night,Y,Not Raining
2017-7352-8/11/2018,0,0,0,0,1: PDO,,,,110,Left Road - Out of Control,Not Divided,Night,,Not Raining
2017-7353-8/11/2018,0,0,0,0,1: PDO,Full,1,Y,90,Roll Over,Not Divided,Night,Y,Not Raining
2017-7354-8/11/2018,0,0,0,0,1: PDO,Unknown,1,,80,Right Turn,Cross Road,Night,,Not Raining
2017-7355-8/11/2018,0,0,0,0,1: PDO,Provisional 2,1,,60,Hit Fixed Object,Not Divided,Night,,Not Raining
2017-7356-8/11/2018,0,0,0,0,1: PDO,Provisional 2,1,,50,Right Angle,Not Divided,Daylight,,Not Raining
2017-7357-8/11/2018,1,0,0,1,2: MI,Full,1,,100,Roll Over,Not Divided,Daylight,,Not Raining
2017-7358-8/11/2018,0,0,0,0,1: PDO,Provisional 1 ,1,,110,Other,Freeway,Night,,Not Raining
2017-7359-8/11/2018,0,0,0,0,1: PDO,,1,,60,Rear End,Multiple,Night,,Not Raining
2017-7360-8/11/2018,0,0,0,0,1: PDO,Provisional 2,1,,80,Right Turn,T-Junction,Daylight,,Not Raining
2017-7361-8/11/2018,0,0,0,0,1: PDO,Unlicenced,1,,80,Roll Over,Not Divided,Daylight,,Not Raining
2017-7362-8/11/2018,1,0,0,1,2: MI,,,,110,Hit Fixed Object,Ramp Off,Daylight,,Not Raining
2017-7363-8/11/2018,1,0,0,1,2: MI,Full,1,,60,Side Swipe,T-Junction,Daylight,,Not Raining
2017-7364-8/11/2018,1,0,0,1,2: MI,Unknown,1,,50,Right Turn,T-Junction,Night,,Not Raining
2017-7365-8/11/2018,0,0,0,0,1: PDO,Full,1,,60,Rear End,Cross Road,Daylight,,Not Raining
2017-7366-8/11/2018,0,0,0,0,1: PDO,Full,1,,50,Right Angle,Cross Road,Daylight,,Not Raining
2017-7367-8/11/2018,0,0,0,0,1: PDO,Unknown,2,,50,Right Angle,Cross Road,Night,,Not Raining
2017-7368-8/11/2018,0,0,0,0,1: PDO,Full,1,,60,Right Angle,Cross Road,Daylight,,Not Raining
2017-7369-8/11/2018,0,0,0,0,1: PDO,Full,1,,60,Right Turn,Cross Road,Daylight,,Not Raining
2017-7370-8/11/2018,0,0,0,0,1: PDO,,,,50,Hit Parked Vehicle,Not Divided,Daylight,Y,Not Raining
2017-7371-8/11/2018,2,0,0,2,2: MI,Full,4,,60,Rear End,Not Divided,Daylight,,Not Raining
2017-7372-8/11/2018,0,0,0,0,1: PDO,Full,1,,60,Hit Parked Vehicle,Not Divided,Daylight,,Not Raining
2017-7373-8/11/2018,1,0,0,1,2: MI,Full,2,Y,90,Hit Fixed Object,Freeway,Daylight,,Not Raining
2017-7374-8/11/2018,1,0,0,1,2: MI,Full,1,,50,Right Turn,T-Junction,Night,,Not Raining
2017-7375-8/11/2018,1,0,0,1,2: MI,Full,2,,80,Rear End,Divided Road,Night,,Not Raining
2017-7376-8/11/2018,0,0,0,0,1: PDO,Full,3,,50,Hit Parked Vehicle,Not Divided,Night,Y,Not Raining
2017-7377-8/11/2018,0,0,0,0,1: PDO,Full,1,,60,Right Turn,T-Junction,Night,,Not Raining
2017-7378-8/11/2018,2,0,0,2,2: MI,Provisional 2,2,,60,Rear End,T-Junction,Night,,Not Raining
2017-7379-8/11/2018,1,0,0,1,2: MI,Full,2,,100,Rear End,Freeway,Daylight,,Not Raining
2017-7380-8/11/2018,1,0,0,1,2: MI,Full,2,,60,Rear End,Cross Road,Daylight,,Not Raining
2017-7381-8/11/2018,0,0,0,0,1: PDO,Full,1,,60,Right Turn,Cross Road,Night,,Not Raining
2017-7382-8/11/2018,1,0,0,1,2: MI,Provisional 2,1,,50,Hit Parked Vehicle,Not Divided,Night,Y,Not Raining
2017-7383-8/11/2018,0,0,0,0,1: PDO,Full,1,,50,Hit Parked Vehicle,Not Divided,Night,,Not Raining
2017-7384-8/11/2018,0,0,0,0,1: PDO,,,,60,Hit Fixed Object,Cross Road,Night,,Not Raining
2017-7385-8/11/2018,0,0,0,0,1: PDO,Full,1,,80,Hit Fixed Object,Not Divided,Night,,Raining
2017-7386-8/11/2018,0,0,0,0,1: PDO,Unknown,1,,60,Side Swipe,Divided Road,Night,,Not Raining
2017-7387-8/11/2018,1,0,0,1,2: MI,Full,1,,50,Right Angle,Cross Road,Daylight,,Not Raining
2017-7388-8/11/2018,0,0,0,0,1: PDO,Full,2,,60,Side Swipe,T-Junction,Daylight,,Not Raining
2017-7389-8/11/2018,2,0,0,2,2: MI,Full,2,,60,Right Turn,Cross Road,Daylight,,Not Raining
2017-7390-8/11/2018,0,0,0,0,1: PDO,Full,4,,60,Rear End,Divided Road,Daylight,,Not Raining
2017-7391-8/11/2018,1,0,0,1,2: MI,Full,1,,50,Hit Parked Vehicle,Not Divided,Daylight,,Not Raining
2017-7392-8/11/2018,1,0,0,1,2: MI,Unknown,1,,60,Roll Over,Divided Road,Night,,Not Raining
2017-7393-8/11/2018,0,0,0,0,1: PDO,Full,2,,60,Roll Over,Not Divided,Daylight,,Raining
2017-7394-8/11/2018,4,0,0,4,2: MI,Full,3,,110,Rear End,Freeway,Night,,Not Raining
2017-7395-8/11/2018,1,0,0,1,2: MI,Unknown,1,,60,Right Turn,T-Junction,Daylight,,Not Raining
2017-7396-8/11/2018,0,0,0,0,1: PDO,Full,2,,50,Hit Fixed Object,Not Divided,Daylight,Y,Not Raining
2017-7397-8/11/2018,0,0,0,0,1: PDO,Disqualified,1,,70,Right Turn,T-Junction,Night,,Raining
2017-7398-8/11/2018,1,0,1,0,3: SI,Provisional 2,1,,50,Hit Fixed Object,T-Junction,Night,,Not Raining
2017-7399-8/11/2018,0,0,0,0,1: PDO,Full,1,,70,Right Turn,T-Junction,Night,,Not Raining
2017-7400-8/11/2018,0,0,0,0,1: PDO,Full,1,,110,Hit Animal,Not Divided,Night,,Not Raining
2017-7401-8/11/2018,0,0,0,0,1: PDO,Provisional 1 ,1,,50,Right Angle,Cross Road,Daylight,,Not Raining
2017-7402-8/11/2018,0,0,0,0,1: PDO,Full,1,,60,Hit Fixed Object,Divided Road,Night,,Not Raining
2017-7403-8/11/2018,0,0,0,0,1: PDO,,1,,60,Rear End,Divided Road,Daylight,,Not Raining
2017-7404-8/11/2018,0,0,0,0,1: PDO,Full,1,,60,Right Angle,T-Junction,Daylight,,Not Raining
2017-7405-8/11/2018,1,0,0,1,2: MI,Full,1,,60,Hit Fixed Object,Divided Road,Daylight,,Not Raining
2017-7406-8/11/2018,0,0,0,0,1: PDO,Full,2,,60,Rear End,Cross Road,Daylight,,Not Raining
2017-7407-8/11/2018,1,0,1,0,3: SI,Full,1,,50,Roll Over,Not Divided,Daylight,,Not Raining
2017-7408-8/11/2018,0,0,0,0,1: PDO,Provisional 2,2,,60,Side Swipe,Divided Road,Daylight,,Not Raining
2017-7409-8/11/2018,0,0,0,0,1: PDO,Full,1,,50,Hit Pedestrian,T-Junction,Daylight,,Not Raining
2017-7410-8/11/2018,2,0,1,1,3: SI,Full,1,,60,Rear End,Cross Road,Daylight,,Raining
2017-7411-8/11/2018,0,0,0,0,1: PDO,Full,2,,60,Right Angle,Cross Road,Night,,Not Raining
2017-7412-8/11/2018,1,0,0,1,2: MI,Full,2,,50,Hit Pedestrian,Not Divided,Daylight,,Not Raining
2017-7413-8/11/2018,1,0,0,1,2: MI,Full,1,,60,Right Angle,T-Junction,Daylight,,Not Raining
2017-7414-8/11/2018,0,0,0,0,1: PDO,Full,1,,60,Side Swipe,Divided Road,Daylight,,Not Raining
2017-7415-8/11/2018,1,0,0,1,2: MI,Full,1,,60,Rear End,Cross Road,Daylight,,Not Raining
2017-7416-8/11/2018,1,0,0,1,2: MI,Full,1,,60,Side Swipe,Multiple,Daylight,,Not Raining
2017-7417-8/11/2018,0,0,0,0,1: PDO,Unknown,1,,50,Hit Pedestrian,Not Divided,Daylight,,Not Raining
2017-7418-8/11/2018,6,1,4,1,4: Fatal,,,,110,Right Angle,Cross Road,Daylight,,Not Raining
2017-7419-8/11/2018,0,0,0,0,1: PDO,Provisional 2,2,,60,Side Swipe,Not Divided,Daylight,,Not Raining
2017-7420-8/11/2018,0,0,0,0,1: PDO,,,,60,Side Swipe,Not Divided,Daylight,,Not Raining
2017-7421-8/11/2018,0,0,0,0,1: PDO,,,,50,Rear End,Cross Road,Daylight,,Not Raining
2017-7422-8/11/2018,0,0,0,0,1: PDO,Unknown,1,,50,Right Angle,T-Junction,Daylight,,Not Raining
2017-7423-8/11/2018,1,0,1,0,3: SI,Unknown,1,,60,Hit Fixed Object,Cross Road,Daylight,,Not Raining
2017-7424-8/11/2018,0,0,0,0,1: PDO,Provisional 2,1,,60,Rear End,Divided Road,Daylight,,Not Raining
2017-7425-8/11/2018,1,0,0,1,2: MI,Full,2,,70,Right Angle,T-Junction,Daylight,,Not Raining
2017-7426-8/11/2018,0,0,0,0,1: PDO,Full,2,,60,Side Swipe,Divided Road,Daylight,,Not Raining
2017-7427-8/11/2018,0,0,0,0,1: PDO,,1,,50,Right Angle,Not Divided,Daylight,,Not Raining
2017-7428-8/11/2018,1,0,0,1,2: MI,Full,1,,60,Rear End,Not Divided,Daylight,,Not Raining
2017-7429-8/11/2018,0,0,0,0,1: PDO,Full,1,,60,Hit Parked Vehicle,Divided Road,Daylight,,Not Raining
2017-7430-8/11/2018,0,0,0,0,1: PDO,Full,2,,60,Side Swipe,T-Junction,Night,,Not Raining
2017-7431-8/11/2018,1,0,0,1,2: MI,Full,1,,60,Right Angle,T-Junction,Daylight,,Not Raining
2017-7432-8/11/2018,0,0,0,0,1: PDO,Full,1,,60,Hit Fixed Object,T-Junction,Night,,Not Raining
2017-7433-8/11/2018,0,0,0,0,1: PDO,Unknown,1,,50,Right Turn,Cross Road,Daylight,,Not Raining
2017-7434-8/11/2018,1,0,0,1,2: MI,Full,1,,50,Right Angle,Not Divided,Daylight,,Not Raining
2017-7435-8/11/2018,0,0,0,0,1: PDO,Full,3,,60,Rear End,T-Junction,Night,,Not Raining
2017-7436-8/11/2018,0,0,0,0,1: PDO,,0,,60,Rear End,T-Junction,Daylight,,Not Raining
2017-7437-8/11/2018,0,0,0,0,1: PDO,Unknown,1,,60,Side Swipe,Divided Road,Daylight,,Not Raining
2017-7438-8/11/2018,0,0,0,0,1: PDO,Full,1,,100,Hit Fixed Object,Not Divided,Night,,Unknown
2017-7439-8/11/2018,0,0,0,0,1: PDO,Full,2,,80,Hit Animal,Not Divided,Night,,Not Raining
2017-7440-8/11/2018,0,0,0,0,1: PDO,Full,1,,50,Hit Parked Vehicle,Divided Road,Night,,Not Raining
2017-7441-8/11/2018,0,0,0,0,1: PDO,Full,3,,50,Hit Fixed Object,Not Divided,Night,,Not Raining
2017-7442-8/11/2018,0,0,0,0,1: PDO,,1,,100,Roll Over,Not Divided,Night,,Not Raining
2017-7443-8/11/2018,0,0,0,0,1: PDO,Full,1,,60,Rear End,Divided Road,Daylight,,Not Raining
2017-7444-8/11/2018,0,0,0,0,1: PDO,,,,110,Left Road - Out of Control,Not Divided,Night,,Not Raining
2017-7445-8/11/2018,0,0,0,0,1: PDO,Full,6,,60,Side Swipe,Divided Road,Daylight,,Not Raining
2017-7446-8/11/2018,0,0,0,0,1: PDO,Full,1,,60,Side Swipe,Divided Road,Daylight,,Not Raining
2017-7447-8/11/2018,1,0,0,1,2: MI,,1,,60,Right Angle,Divided Road,Daylight,,Not Raining
2017-7448-8/11/2018,0,0,0,0,1: PDO,Full,1,,60,Right Angle,Cross Road,Daylight,,Not Raining
2017-7449-8/11/2018,0,0,0,0,1: PDO,,1,,50,Rear End,Not Divided,Daylight,,Not Raining
2017-7450-8/11/2018,0,0,0,0,1: PDO,Full,1,,50,Right Turn,Cross Road,Daylight,,Not Raining
2017-7451-8/11/2018,4,0,0,4,2: MI,Full,1,,60,Rear End,Cross Road,Daylight,,Not Raining
2017-7452-8/11/2018,0,0,0,0,1: PDO,Full,1,,50,Right Angle,T-Junction,Daylight,,Not Raining
2017-7453-8/11/2018,0,0,0,0,1: PDO,,,,50,Hit Parked Vehicle,Not Divided,Daylight,,Not Raining
2017-7454-8/11/2018,2,0,0,2,2: MI,,,,60,Right Turn,Cross Road,Daylight,,Not Raining
2017-7455-8/11/2018,0,0,0,0,1: PDO,Probationary,1,,50,Hit Fixed Object,Not Divided,Daylight,,Not Raining
2017-7456-8/11/2018,1,0,0,1,2: MI,Unknown,1,,50,Right Angle,Cross Road,Daylight,,Not Raining
2017-7457-8/11/2018,2,0,2,0,3: SI,Full,1,,80,Right Angle,Cross Road,Daylight,,Not Raining
2017-7458-8/11/2018,1,0,0,1,2: MI,,0,,60,Right Angle,Cross Road,Daylight,,Not Raining
2017-7459-8/11/2018,0,0,0,0,1: PDO,Full,5,,100,Rear End,Not Divided,Daylight,,Not Raining
2017-7460-8/11/2018,0,0,0,0,1: PDO,Full,1,,60,Right Angle,T-Junction,Daylight,,Not Raining
2017-7461-8/11/2018,0,0,0,0,1: PDO,Full,1,,60,Right Angle,Cross Road,Night,,Not Raining
2017-7462-8/11/2018,0,0,0,0,1: PDO,Full,1,,50,Right Angle,Cross Road,Daylight,,Not Raining
2017-7463-8/11/2018,0,0,0,0,1: PDO,Full,2,,90,Rear End,Freeway,Daylight,,Not Raining
2017-7464-8/11/2018,0,0,0,0,1: PDO,Full,2,,50,Rear End,T-Junction,Daylight,,Not Raining
2017-7465-8/11/2018,0,0,0,0,1: PDO,Full,1,,50,Hit Pedestrian,Divided Road,Daylight,,Not Raining
2017-7466-8/11/2018,0,0,0,0,1: PDO,Full,2,,50,Side Swipe,Not Divided,Daylight,,Not Raining
2017-7467-8/11/2018,1,0,0,1,2: MI,Full,2,,60,Rear End,Divided Road,Daylight,,Not Raining
2017-7468-8/11/2018,0,0,0,0,1: PDO,Full,1,,50,Right Angle,T-Junction,Daylight,,Not Raining
2017-7469-8/11/2018,0,0,0,0,1: PDO,Full,2,,50,Hit Parked Vehicle,Not Divided,Night,,Not Raining
2017-7470-8/11/2018,0,0,0,0,1: PDO,Learners,1,,50,Hit Fixed Object,Not Divided,Night,,Not Raining
2017-7471-8/11/2018,1,0,0,1,2: MI,Unknown,2,,60,Left Road - Out of Control,Cross Road,Daylight,,Not Raining
2017-7472-8/11/2018,0,0,0,0,1: PDO,Unknown,3,,60,Right Angle,T-Junction,Daylight,,Not Raining
2017-7473-8/11/2018,0,0,0,0,1: PDO,Provisional 1 ,1,,50,Hit Fixed Object,Not Divided,Night,,Not Raining
2017-7474-8/11/2018,0,0,0,0,1: PDO,Full,1,,50,Hit Parked Vehicle,Not Divided,Daylight,,Not Raining
2017-7475-8/11/2018,0,0,0,0,1: PDO,Full,2,,60,Right Turn,Cross Road,Night,,Raining
2017-7476-8/11/2018,1,0,0,1,2: MI,Unknown,1,,60,Rear End,Cross Road,Night,,Not Raining
2017-7477-8/11/2018,0,0,0,0,1: PDO,Full,2,,60,Hit Fixed Object,Not Divided,Night,,Raining
2017-7478-8/11/2018,1,0,0,1,2: MI,,,,50,Hit Pedestrian,Cross Road,Night,,Raining
2017-7479-8/11/2018,0,0,0,0,1: PDO,Provisional 1 ,2,,60,Roll Over,Cross Road,Night,,Not Raining
2017-7480-8/11/2018,0,0,0,0,1: PDO,Full,3,,100,Hit Fixed Object,Not Divided,Night,,Not Raining
2017-7481-8/11/2018,1,0,0,1,2: MI,Full,4,,60,Hit Fixed Object,Cross Road,Night,,Not Raining
2017-7482-8/11/2018,1,0,0,1,2: MI,,,,60,Rear End,T-Junction,Daylight,,Not Raining
2017-7483-8/11/2018,0,0,0,0,1: PDO,Provisional 2,1,,60,Hit Parked Vehicle,Not Divided,Daylight,,Not Raining
2017-7484-8/11/2018,0,0,0,0,1: PDO,,,,60,Side Swipe,T-Junction,Daylight,,Not Raining
2017-7485-8/11/2018,0,0,0,0,1: PDO,Unlicenced,3,,80,Side Swipe,Divided Road,Daylight,,Not Raining
2017-7486-8/11/2018,1,0,0,1,2: MI,,,,50,Side Swipe,Divided Road,Daylight,,Not Raining
2017-7487-8/11/2018,0,0,0,0,1: PDO,Full,1,,60,Hit Fixed Object,T-Junction,Daylight,,Not Raining
2017-7488-8/11/2018,0,0,0,0,1: PDO,Full,1,,50,Hit Parked Vehicle,Not Divided,Daylight,,Not Raining
2017-7489-8/11/2018,1,0,0,1,2: MI,,,,60,Right Angle,T-Junction,Daylight,,Not Raining
2017-7490-8/11/2018,1,0,0,1,2: MI,,,,60,Rear End,Cross Road,Night,,Raining
2017-7491-8/11/2018,1,0,0,1,2: MI,Provisional 2,1,,60,Rear End,Cross Road,Daylight,,Not Raining
2017-7492-8/11/2018,1,0,0,1,2: MI,Full,1,,60,Right Angle,Not Divided,Daylight,,Not Raining
2017-7493-8/11/2018,0,0,0,0,1: PDO,Provisional 2,1,,50,Hit Fixed Object,Cross Road,Daylight,,Not Raining
2017-7494-8/11/2018,1,0,0,1,2: MI,Full,1,,50,Hit Pedestrian,Cross Road,Daylight,,Not Raining
2017-7495-8/11/2018,0,0,0,0,1: PDO,Learners,1,,60,Hit Parked Vehicle,Divided Road,Daylight,,Not Raining
2017-7496-8/11/2018,1,0,1,0,3: SI,Provisional 2,1,,50,Hit Pedestrian,Divided Road,Daylight,,Not Raining
2017-7497-8/11/2018,0,0,0,0,1: PDO,,0,,50,Hit Parked Vehicle,Not Divided,Daylight,,Not Raining
2017-7498-8/11/2018,0,0,0,0,1: PDO,,,,60,Side Swipe,Cross Road,Daylight,,Not Raining
2017-7499-8/11/2018,0,0,0,0,1: PDO,,0,,50,Hit Parked Vehicle,Cross Road,Night,Y,Not Raining
2017-7500-8/11/2018,1,0,0,1,2: MI,Unknown,1,,60,Hit Pedestrian,Divided Road,Daylight,,Not Raining
2017-7501-8/11/2018,0,0,0,0,1: PDO,,1,,40,Hit Fixed Object,Not Divided,Daylight,,Not Raining