REPORT_ID,Total Cas,Total Fats,Total SI,Total MI,CSEF Severity,Licence Type,Number Occupants,Drugs Involved,Area Speed,Crash Type,Position Type,DayNight,DUI Involved,Weather Cond
2017-7502-8/11/2018,0,0,0,0,1: PDO,Unknown,1,,50,Hit Parked Vehicle,Not Divided,Daylight,,Not Raining
2017-7503-8/11/2018,1,0,1,0,3: SI,Full,1,,60,Hit Parked Vehicle,Not Divided,Daylight,,Not Raining
2017-7504-8/11/2018,0,0,0,0,1: PDO,,,,50,Right Angle,T-Junction,Daylight,,Not Raining
2017-7505-8/11/2018,1,0,0,1,2: MI,Unlicenced,1,,60,Rear End,Cross Road,Night,,Raining
2017-7506-8/11/2018,0,0,0,0,1: PDO,,,,50,Hit Parked Vehicle,Divided Road,Daylight,,Not Raining
2017-7507-8/11/2018,0,0,0,0,1: PDO,Full,1,,60,Rear End,Rail Crossing,Daylight,,Not Raining
2017-7508-8/11/2018,1,0,0,1,2: MI,Unknown,1,,80,Roll Over,Not Divided,Daylight,,Not Raining
2017-7509-8/11/2018,1,0,0,1,2: MI,Unknown,1,,60,Right Angle,T-Junction,Daylight,,Not Raining
2017-7510-8/11/2018,0,0,0,0,1: PDO,,0,,60,Right Turn,Cross Road,Night,,Not Raining
2017-7511-8/11/2018,0,0,0,0,1: PDO,Full,1,,50,Rear End,T-Junction,Night,,Not Raining
2017-7512-8/11/2018,1,0,0,1,2: MI,Full,1,,60,Side Swipe,Divided Road,Night,,Not Raining
2017-7513-8/11/2018,0,0,0,0,1: PDO,Full,1,,80,Hit Fixed Object,Ramp Off,Daylight,,Not Raining
2017-7514-8/11/2018,1,0,1,0,3: SI,,,,60,Right Angle,Cross Road,Daylight,,Not Raining
2017-7515-8/11/2018,0,0,0,0,1: PDO,Full,1,,60,Hit Fixed Object,Divided Road,Night,,Not Raining
2017-7516-8/11/2018,0,0,0,0,1: PDO,Full,1,,60,Right Angle,T-Junction,Daylight,,Not Raining
2017-7517-8/11/2018,1,0,0,1,2: MI,,1,,80,Right Angle,Cross Road,Night,,Not Raining
2017-7518-8/11/2018,0,0,0,0,1: PDO,Full,1,,80,Roll Over,Not Divided,Night,,Not Raining
2017-7519-8/11/2018,0,0,0,0,1: PDO,,,,60,Hit Parked Vehicle,Divided Road,Night,Y,Not Raining
2017-7520-8/11/2018,0,0,0,0,1: PDO,Full,2,,50,Hit Fixed Object,Not Divided,Night,,Not Raining
2017-7521-8/11/2018,0,0,0,0,1: PDO,,,,50,Right Angle,T-Junction,Daylight,,Not Raining
2017-7522-8/11/2018,0,0,0,0,1: PDO,Full,1,,50,Right Angle,Cross Road,Daylight,,Not Raining
2017-7523-8/11/2018,0,0,0,0,1: PDO,,,,60,Rear End,Divided Road,Daylight,,Not Raining
2017-7524-8/11/2018,0,0,0,0,1: PDO,Full,3,,60,Rear End,T-Junction,Daylight,,Not Raining
2017-7525-8/11/2018,1,0,0,1,2: MI,Unknown,1,,100,Hit Fixed Object,Not Divided,Night,,Not Raining
2017-7526-8/11/2018,1,0,0,1,2: MI,Full,1,,50,Hit Fixed Object,T-Junction,Daylight,Y,Not Raining
2017-7527-8/11/2018,0,0,0,0,1: PDO,Full,2,,50,Rear End,Not Divided,Daylight,,Not Raining
2017-7528-8/11/2018,1,0,0,1,2: MI,,,,60,Side Swipe,Divided Road,Night,,Not Raining
2017-7529-8/11/2018,1,0,0,1,2: MI,Full,2,Y,50,Other,Not Divided,Daylight,,Not Raining
2017-7530-8/11/2018,1,0,0,1,2: MI,,,,60,Rear End,T-Junction,Daylight,,Not Raining
2017-7531-8/11/2018,0,0,0,0,1: PDO,Unknown,1,,60,Side Swipe,T-Junction,Daylight,,Raining
2017-7532-8/11/2018,0,0,0,0,1: PDO,,0,,60,Rear End,T-Junction,Daylight,,Not Raining
2017-7533-8/11/2018,1,0,0,1,2: MI,,,,60,Hit Pedestrian,Pedestrian Crossing,Daylight,,Raining
2017-7534-8/11/2018,0,0,0,0,1: PDO,Provisional 2,1,,80,Rear End,Divided Road,Daylight,,Raining
2017-7535-8/11/2018,1,0,0,1,2: MI,,,,50,Right Angle,T-Junction,Daylight,,Not Raining
2017-7536-8/11/2018,0,0,0,0,1: PDO,Full,3,,50,Right Angle,Cross Road,Daylight,,Not Raining
2017-7537-8/11/2018,1,0,0,1,2: MI,,,,60,Rear End,Divided Road,Daylight,,Raining
2017-7538-8/11/2018,0,0,0,0,1: PDO,Full,1,,50,Hit Fixed Object,Not Divided,Night,,Not Raining
2017-7539-8/11/2018,1,0,0,1,2: MI,,,,60,Rear End,T-Junction,Daylight,,Not Raining
2017-7540-8/11/2018,0,0,0,0,1: PDO,Full,1,,50,Right Turn,T-Junction,Night,,Not Raining
2017-7541-8/11/2018,0,0,0,0,1: PDO,,,,50,Right Angle,T-Junction,Night,,Raining
2017-7542-8/11/2018,0,0,0,0,1: PDO,,,,60,Rear End,Divided Road,Daylight,,Raining
2017-7543-8/11/2018,1,0,0,1,2: MI,Provisional 1 ,2,,60,Right Angle,Cross Road,Daylight,,Not Raining
2017-7544-8/11/2018,0,0,0,0,1: PDO,,,,50,Hit Fixed Object,Not Divided,Night,,Not Raining
2017-7545-8/11/2018,0,0,0,0,1: PDO,Full,1,,80,Hit Fixed Object,Not Divided,Night,,Raining
2017-7546-8/11/2018,0,0,0,0,1: PDO,Full,1,,60,Hit Fixed Object,Cross Road,Night,,Not Raining
2017-7547-8/11/2018,0,0,0,0,1: PDO,Provisional 2,1,,50,Rear End,T-Junction,Daylight,,Not Raining
2017-7548-8/11/2018,0,0,0,0,1: PDO,,,,50,Right Angle,T-Junction,Night,,Not Raining
2017-7549-8/11/2018,1,0,0,1,2: MI,Full,1,,100,Roll Over,Not Divided,Daylight,,Not Raining
2017-7550-8/11/2018,0,0,0,0,1: PDO,Full,1,,70,Rear End,Cross Road,Daylight,,Not Raining
2017-7551-8/11/2018,1,0,0,1,2: MI,Full,1,,60,Rear End,Cross Road,Daylight,,Raining
2017-7552-8/11/2018,0,0,0,0,1: PDO,Provisional 1 ,1,,60,Rear End,Divided Road,Daylight,,Not Raining
2017-7553-8/11/2018,0,0,0,0,1: PDO,Full,1,,60,Rear End,T-Junction,Daylight,,Not Raining
2017-7554-8/11/2018,1,0,1,0,3: SI,Unknown,1,,50,Hit Pedestrian,Not Divided,Daylight,,Not Raining
2017-7555-8/11/2018,2,1,1,0,4: Fatal,Full,1,Y,50,Hit Fixed Object,Not Divided,Night,,Raining
2017-7556-8/11/2018,0,0,0,0,1: PDO,Full,1,,50,Hit Fixed Object,Divided Road,Night,,Not Raining
2017-7557-8/11/2018,0,0,0,0,1: PDO,Full,1,,50,Right Angle,Not Divided,Daylight,,Not Raining
2017-7558-8/11/2018,0,0,0,0,1: PDO,,,,80,Rear End,Cross Road,Daylight,,Not Raining
2017-7559-8/11/2018,0,0,0,0,1: PDO,,,Y,50,Right Angle,Cross Road,Daylight,,Not Raining
2017-7560-8/11/2018,0,0,0,0,1: PDO,Full,3,,50,Hit Fixed Object,Not Divided,Daylight,,Raining
2017-7561-8/11/2018,0,0,0,0,1: PDO,Full,1,,60,Rear End,Divided Road,Daylight,,Not Raining
2017-7562-8/11/2018,0,0,0,0,1: PDO,Full,1,,60,Side Swipe,Divided Road,Daylight,,Not Raining
2017-7563-8/11/2018,0,0,0,0,1: PDO,Full,1,,80,Rear End,Cross Road,Daylight,,Not Raining
2017-7564-8/11/2018,1,0,0,1,2: MI,Unknown,1,,80,Roll Over,Not Divided,Night,,Not Raining
2017-7565-8/11/2018,0,0,0,0,1: PDO,,,,60,Right Angle,T-Junction,Daylight,,Not Raining
2017-7566-8/11/2018,1,0,1,0,3: SI,Learners,2,,100,Roll Over,Not Divided,Daylight,,Not Raining
2017-7567-8/11/2018,1,0,0,1,2: MI,,,,100,Hit Fixed Object,Not Divided,Daylight,,Not Raining
2017-7568-8/11/2018,1,0,0,1,2: MI,,0,,110,Left Road - Out of Control,Not Divided,Daylight,,Raining
2017-7569-8/11/2018,0,0,0,0,1: PDO,Full,1,,50,Side Swipe,Cross Road,Daylight,,Not Raining
2017-7570-8/11/2018,1,0,0,1,2: MI,Full,1,,80,Hit Fixed Object,Cross Road,Daylight,,Not Raining
2017-7571-8/11/2018,1,0,0,1,2: MI,Full,1,,60,Rear End,Divided Road,Daylight,,Not Raining
2017-7572-8/11/2018,0,0,0,0,1: PDO,Provisional 1 ,1,,60,Right Turn,Cross Road,Daylight,,Not Raining
2017-7573-8/11/2018,0,0,0,0,1: PDO,,,,60,Rear End,Divided Road,Daylight,,Not Raining
2017-7574-8/11/2018,1,0,1,0,3: SI,Full,1,,110,Hit Fixed Object,Not Divided,Daylight,,Not Raining
2017-7575-8/11/2018,0,0,0,0,1: PDO,Full,1,,60,Right Angle,T-Junction,Daylight,,Not Raining
2017-7576-8/11/2018,0,0,0,0,1: PDO,,1,,60,Right Angle,Cross Road,Night,,Not Raining
2017-7577-8/11/2018,2,0,0,2,2: MI,Full,1,,100,Roll Over,Not Divided,Daylight,,Not Raining
2017-7578-8/11/2018,0,0,0,0,1: PDO,Provisional 2,1,,80,Rear End,Divided Road,Night,,Not Raining
2017-7579-8/11/2018,0,0,0,0,1: PDO,Full,1,,80,Rear End,Divided Road,Daylight,,Not Raining
2017-7580-8/11/2018,0,0,0,0,1: PDO,Provisional 2,1,,60,Side Swipe,Divided Road,Daylight,,Not Raining
2017-7581-8/11/2018,1,0,0,1,2: MI,,0,,60,Right Turn,Cross Road,Night,,Not Raining
2017-7582-8/11/2018,1,0,0,1,2: MI,Full,1,,60,Right Turn,Cross Road,Night,,Not Raining
2017-7583-8/11/2018,0,0,0,0,1: PDO,Provisional 2,1,,80,Hit Fixed Object,Divided Road,Night,,Not Raining
2017-7584-8/11/2018,0,0,0,0,1: PDO,Full,2,,60,Right Angle,T-Junction,Night,,Not Raining
2017-7585-8/11/2018,0,0,0,0,1: PDO,Full,1,,50,Hit Parked Vehicle,Not Divided,Night,,Not Raining
2017-7586-8/11/2018,1,0,1,0,3: SI,Full,1,,60,Roll Over,T-Junction,Night,,Not Raining
2017-7587-8/11/2018,0,0,0,0,1: PDO,Full,1,,60,Side Swipe,Cross Road,Night,,Not Raining
2017-7588-8/11/2018,1,0,1,0,3: SI,Full,1,,50,Hit Pedestrian,Not Divided,Night,Y,Not Raining
2017-7589-8/11/2018,0,0,0,0,1: PDO,Full,2,,60,Hit Parked Vehicle,Not Divided,Night,,Not Raining
2017-7590-8/11/2018,1,0,0,1,2: MI,Full,1,,110,Roll Over,Not Divided,Night,,Not Raining
2017-7591-8/11/2018,1,0,0,1,2: MI,Full,2,,60,Rear End,Cross Road,Daylight,,Not Raining
2017-7592-8/11/2018,0,0,0,0,1: PDO,,,,60,Side Swipe,Cross Road,Night,,Unknown
2017-7593-8/11/2018,0,0,0,0,1: PDO,Full,1,,50,Left Road - Out of Control,Not Divided,Daylight,,Not Raining
2017-7594-8/11/2018,0,0,0,0,1: PDO,Unknown,1,,60,Right Angle,Cross Road,Daylight,,Not Raining
2017-7595-8/11/2018,0,0,0,0,1: PDO,Full,2,,60,Rear End,T-Junction,Daylight,,Not Raining
2017-7596-8/11/2018,1,0,0,1,2: MI,Full,1,,60,Rear End,Divided Road,Daylight,,Not Raining
2017-7597-8/11/2018,0,0,0,0,1: PDO,Full,1,,50,Hit Fixed Object,Not Divided,Daylight,,Not Raining
2017-7598-8/11/2018,1,0,0,1,2: MI,Unknown,1,,80,Rear End,T-Junction,Daylight,,Not Raining
2017-7599-8/11/2018,0,0,0,0,1: PDO,Full,1,,70,Rear End,Cross Road,Daylight,,Not Raining
2017-7600-8/11/2018,0,0,0,0,1: PDO,Full,1,,50,Hit Fixed Object,T-Junction,Daylight,,Not Raining
2017-7601-8/11/2018,0,0,0,0,1: PDO,Full,1,,80,Side Swipe,Freeway,Daylight,,Not Raining
2017-7602-8/11/2018,1,0,1,0,3: SI,Unknown,2,,80,Hit Fixed Object,Cross Road,Daylight,,Not Raining
2017-7603-8/11/2018,1,0,0,1,2: MI,Unknown,1,,60,Right Angle,T-Junction,Daylight,,Raining
2017-7604-8/11/2018,1,0,0,1,2: MI,Provisional 1 ,1,,90,Hit Fixed Object,Not Divided,Daylight,,Not Raining
2017-7605-8/11/2018,2,0,0,2,2: MI,Unknown,1,,100,Roll Over,Not Divided,Daylight,,Not Raining
2017-7606-8/11/2018,0,0,0,0,1: PDO,Full,3,,60,Hit Fixed Object,T-Junction,Daylight,,Raining
2017-7607-8/11/2018,0,0,0,0,1: PDO,Full,16,,60,Rear End,Divided Road,Daylight,,Raining
2017-7608-8/11/2018,0,0,0,0,1: PDO,Full,1,,60,Side Swipe,T-Junction,Daylight,,Raining
2017-7609-8/11/2018,0,0,0,0,1: PDO,Full,4,,80,Hit Fixed Object,Not Divided,Daylight,,Raining
2017-7610-8/11/2018,0,0,0,0,1: PDO,Full,1,,60,Rear End,Divided Road,Daylight,,Not Raining
2017-7611-8/11/2018,0,0,0,0,1: PDO,,,,50,Hit Fixed Object,Not Divided,Daylight,,Not Raining
2017-7612-8/11/2018,1,0,0,1,2: MI,Full,1,,100,Hit Fixed Object,Not Divided,Daylight,,Raining
2017-7613-8/11/2018,1,0,0,1,2: MI,Full,2,,50,Roll Over,Not Divided,Daylight,,Not Raining
2017-7614-8/11/2018,1,0,0,1,2: MI,Full,1,,50,Hit Parked Vehicle,T-Junction,Night,Y,Raining
2017-7615-8/11/2018,7,0,0,7,2: MI,Full,1,,60,Right Angle,Cross Road,Night,,Raining
2017-7616-8/11/2018,1,0,0,1,2: MI,,,,80,Hit Fixed Object,Divided Road,Night,,Raining
2017-7617-8/11/2018,1,0,0,1,2: MI,Provisional 1 ,1,Y,50,Hit Parked Vehicle,Not Divided,Night,Y,Raining
2017-7618-8/11/2018,0,0,0,0,1: PDO,,,,50,Right Angle,Cross Road,Night,,Not Raining
2017-7619-8/11/2018,3,0,0,3,2: MI,Full,3,,80,Right Turn,Cross Road,Night,,Not Raining
2017-7620-8/11/2018,0,0,0,0,1: PDO,Full,2,,50,Hit Fixed Object,Rail Xing,Night,Y,Not Raining
2017-7621-8/11/2018,1,0,0,1,2: MI,Full,2,,80,Hit Object on Road,Not Divided,Daylight,,Not Raining
2017-7622-8/11/2018,0,0,0,0,1: PDO,Full,1,,60,Hit Fixed Object,Cross Road,Daylight,,Not Raining
2017-7623-8/11/2018,1,0,0,1,2: MI,,1,,50,Hit Pedestrian,T-Junction,Daylight,,Not Raining
2017-7624-8/11/2018,0,0,0,0,1: PDO,Full,1,,60,Right Angle,T-Junction,Daylight,,Not Raining
2017-7625-8/11/2018,0,0,0,0,1: PDO,Full,1,,60,Rear End,Divided Road,Daylight,,Not Raining
2017-7626-8/11/2018,1,0,1,0,3: SI,Full,1,,90,Rear End,T-Junction,Daylight,,Not Raining
2017-7627-8/11/2018,0,0,0,0,1: PDO,Full,1,,60,Head On,Not Divided,Daylight,,Not Raining
2017-7628-8/11/2018,1,0,0,1,2: MI,Full,1,,60,Other,T-Junction,Daylight,,Not Raining
2017-7629-8/11/2018,0,0,0,0,1: PDO,Full,1,,60,Hit Parked Vehicle,Divided Road,Night,,Not Raining
2017-7630-8/11/2018,0,0,0,0,1: PDO,,1,,60,Right Angle,T-Junction,Daylight,,Not Raining
2017-7631-8/11/2018,1,0,0,1,2: MI,Unknown,1,,60,Rear End,Cross Road,Daylight,,Not Raining
2017-7632-8/11/2018,2,0,0,2,2: MI,Full,1,,110,Hit Fixed Object,Not Divided,Daylight,,Not Raining
2017-7633-8/11/2018,0,0,0,0,1: PDO,Unknown,1,,50,Right Turn,Not Divided,Daylight,,Not Raining
2017-7634-8/11/2018,0,0,0,0,1: PDO,,,,50,Right Angle,T-Junction,Daylight,,Not Raining
2017-7635-8/11/2018,0,0,0,0,1: PDO,,,,60,Rear End,Not Divided,Night,,Not Raining
2017-7636-8/11/2018,0,0,0,0,1: PDO,Full,1,,60,Rear End,Divided Road,Night,,Raining
2017-7637-8/11/2018,0,0,0,0,1: PDO,,,,50,Hit Fixed Object,T-Junction,Daylight,,Not Raining
2017-7638-8/11/2018,0,0,0,0,1: PDO,Learners,2,,100,Hit Fixed Object,Not Divided,Night,Y,Not Raining
2017-7639-8/11/2018,0,0,0,0,1: PDO,,,,100,Hit Fixed Object,Ramp On,Night,,Unknown
2017-7640-8/11/2018,0,0,0,0,1: PDO,,0,,50,Roll Over,T-Junction,Night,,Raining
2017-7641-8/11/2018,0,0,0,0,1: PDO,Unknown,1,,60,Hit Fixed Object,Cross Road,Night,,Not Raining
2017-7642-8/11/2018,0,0,0,0,1: PDO,,0,,50,Hit Fixed Object,Not Divided,Night,,Not Raining
2017-7643-8/11/2018,1,0,0,1,2: MI,Unlicenced,1,,60,Rear End,Cross Road,Night,,Raining
2017-7644-8/11/2018,0,0,0,0,1: PDO,Full,1,,90,Right Turn,T-Junction,Night,,Not Raining
2017-7645-8/11/2018,0,0,0,0,1: PDO,Full,1,,60,Right Turn,Cross Road,Daylight,,Not Raining
2017-7646-8/11/2018,1,0,0,1,2: MI,Full,1,,80,Rear End,T-Junction,Daylight,,Not Raining
2017-7647-8/11/2018,0,0,0,0,1: PDO,,1,,90,Rear End,Divided Road,Daylight,,Raining
2017-7648-8/11/2018,0,0,0,0,1: PDO,Full,1,,60,Hit Fixed Object,Not Divided,Daylight,,Not Raining
2017-7649-8/11/2018,1,0,0,1,2: MI,Full,2,,60,Rear End,Not Divided,Daylight,,Raining
2017-7650-8/11/2018,0,0,0,0,1: PDO,,,,60,Right Angle,Cross Road,Night,,Not Raining
2017-7651-8/11/2018,0,0,0,0,1: PDO,Full,1,,60,Rear End,Divided Road,Daylight,,Raining
2017-7652-8/11/2018,0,0,0,0,1: PDO,Full,3,,60,Right Angle,T-Junction,Daylight,,Raining
2017-7653-8/11/2018,0,0,0,0,1: PDO,Full,2,,60,Hit Fixed Object,Divided Road,Night,,Raining
2017-7654-8/11/2018,1,0,0,1,2: MI,Full,1,,100,Roll Over,Not Divided,Daylight,,Not Raining
2017-7655-8/11/2018,0,0,0,0,1: PDO,Full,1,,60,Side Swipe,Divided Road,Daylight,,Not Raining
2017-7656-8/11/2018,0,0,0,0,1: PDO,Full,1,,60,Hit Parked Vehicle,Not Divided,Night,,Raining
2017-7657-8/11/2018,1,0,0,1,2: MI,Full,1,,60,Right Angle,Divided Road,Daylight,,Raining
2017-7658-8/11/2018,0,0,0,0,1: PDO,,,,90,Side Swipe,Divided Road,Daylight,,Not Raining
2017-7659-8/11/2018,0,0,0,0,1: PDO,Provisional 2,2,,60,Side Swipe,Not Divided,Daylight,,Not Raining
2017-7660-8/11/2018,0,0,0,0,1: PDO,,,,50,Side Swipe,Not Divided,Daylight,,Not Raining
2017-7661-8/11/2018,0,0,0,0,1: PDO,Unknown,1,,60,Side Swipe,Divided Road,Daylight,,Not Raining
2017-7662-8/11/2018,0,0,0,0,1: PDO,,,,50,Right Angle,T-Junction,Daylight,,Not Raining
2017-7663-8/11/2018,1,0,0,1,2: MI,Full,1,,50,Roll Over,Not Divided,Daylight,,Not Raining
2017-7664-8/11/2018,1,0,0,1,2: MI,Full,1,,60,Rear End,Divided Road,Daylight,,Not Raining
2017-7665-8/11/2018,0,0,0,0,1: PDO,Full,1,,80,Rear End,Divided Road,Daylight,,Not Raining
2017-7666-8/11/2018,0,0,0,0,1: PDO,Full,2,,80,Rear End,Cross Road,Daylight,,Not Raining
2017-7667-8/11/2018,1,0,0,1,2: MI,Full,1,Y,60,Rear End,T-Junction,Daylight,,Not Raining
2017-7668-8/11/2018,1,0,0,1,2: MI,Full,1,,60,Side Swipe,Not Divided,Daylight,,Not Raining
2017-7669-8/11/2018,0,0,0,0,1: PDO,Full,2,,60,Right Angle,T-Junction,Daylight,,Not Raining
2017-7670-8/11/2018,1,0,0,1,2: MI,Full,4,,60,Rear End,Cross Road,Night,,Not Raining
2017-7671-8/11/2018,2,0,1,1,3: SI,Full,1,Y,110,Roll Over,Not Divided,Daylight,,Not Raining
2017-7672-8/11/2018,0,0,0,0,1: PDO,,,,60,Right Turn,T-Junction,Daylight,,Not Raining
2017-7673-8/11/2018,1,0,0,1,2: MI,,1,,60,Rear End,T-Junction,Daylight,,Raining
2017-7674-8/11/2018,0,0,0,0,1: PDO,Unknown,1,,50,Hit Parked Vehicle,Not Divided,Daylight,,Unknown
2017-7675-8/11/2018,1,0,0,1,2: MI,,0,,60,Hit Parked Vehicle,Divided Road,Night,,Not Raining
2017-7676-8/11/2018,0,0,0,0,1: PDO,Full,10,,50,Roll Over,Not Divided,Daylight,,Not Raining
2017-7677-8/11/2018,1,0,0,1,2: MI,Unknown,3,,110,Hit Fixed Object,Not Divided,Night,,Not Raining
2017-7678-8/11/2018,0,0,0,0,1: PDO,Full,1,,50,Hit Parked Vehicle,Not Divided,Night,,Raining
2017-7679-8/11/2018,4,0,0,4,2: MI,Full,1,,60,Right Turn,Cross Road,Night,,Not Raining
2017-7680-8/11/2018,0,0,0,0,1: PDO,Full,1,,60,Right Angle,T-Junction,Daylight,,Not Raining
2017-7681-8/11/2018,0,0,0,0,1: PDO,Full,1,,60,Hit Fixed Object,Not Divided,Night,,Raining
2017-7682-8/11/2018,0,0,0,0,1: PDO,Unknown,2,,80,Hit Fixed Object,Divided Road,Night,,Raining
2017-7683-8/11/2018,0,0,0,0,1: PDO,Full,4,,50,Hit Parked Vehicle,Not Divided,Night,,Raining
2017-7684-8/11/2018,1,0,0,1,2: MI,Full,1,,50,Right Angle,Cross Road,Night,,Not Raining
2017-7685-8/11/2018,0,0,0,0,1: PDO,Full,40,,50,Hit Parked Vehicle,Not Divided,Night,,Not Raining
2017-7686-8/11/2018,0,0,0,0,1: PDO,Full,1,,60,Hit Fixed Object,Not Divided,Daylight,,Raining
2017-7687-8/11/2018,0,0,0,0,1: PDO,Full,1,,50,Hit Parked Vehicle,Not Divided,Night,,Not Raining
2017-7688-8/11/2018,1,0,0,1,2: MI,,0,,60,Right Angle,T-Junction,Daylight,,Not Raining
2017-7689-8/11/2018,1,0,0,1,2: MI,Full,1,,60,Rear End,Cross Road,Daylight,,Not Raining
2017-7690-8/11/2018,0,0,0,0,1: PDO,Full,1,,110,Right Angle,Cross Road,Night,,Raining
2017-7691-8/11/2018,0,0,0,0,1: PDO,Full,1,,60,Hit Parked Vehicle,Not Divided,Daylight,,Not Raining
2017-7692-8/11/2018,0,0,0,0,1: PDO,,1,,60,Rear End,Divided Road,Daylight,,Not Raining
2017-7693-8/11/2018,1,0,0,1,2: MI,Full,1,,70,Rear End,T-Junction,Daylight,,Not Raining
2017-7694-8/11/2018,1,0,0,1,2: MI,Full,1,,50,Right Angle,T-Junction,Daylight,,Not Raining
2017-7695-8/11/2018,0,0,0,0,1: PDO,Full,1,,60,Rear End,Cross Road,Night,,Not Raining
2017-7696-8/11/2018,0,0,0,0,1: PDO,Unknown,1,,50,Hit Fixed Object,Not Divided,Night,Y,Not Raining
2017-7697-8/11/2018,0,0,0,0,1: PDO,Full,1,,60,Hit Pedestrian,Divided Road,Daylight,,Not Raining
2017-7698-8/11/2018,1,0,0,1,2: MI,Unknown,1,,60,Rear End,Divided Road,Daylight,,Not Raining
2017-7699-8/11/2018,0,0,0,0,1: PDO,Full,1,,90,Hit Fixed Object,Divided Road,Night,,Not Raining
2017-7700-8/11/2018,1,0,1,0,3: SI,Full,1,,60,Right Turn,T-Junction,Daylight,,Not Raining
2017-7701-8/11/2018,0,0,0,0,1: PDO,Full,1,,50,Right Angle,Not Divided,Daylight,,Not Raining
2017-7702-8/11/2018,0,0,0,0,1: PDO,,,,50,Hit Fixed Object,Not Divided,Daylight,,Not Raining
2017-7703-8/11/2018,0,0,0,0,1: PDO,Full,1,,60,Hit Parked Vehicle,Divided Road,Daylight,,Not Raining
2017-7704-8/11/2018,0,0,0,0,1: PDO,Full,1,,60,Rear End,Divided Road,Daylight,,Not Raining
2017-7705-8/11/2018,1,0,0,1,2: MI,Full,1,,50,Side Swipe,Divided Road,Daylight,,Not Raining
2017-7706-8/11/2018,1,0,0,1,2: MI,,1,,70,Rear End,Cross Road,Daylight,,Not Raining
2017-7707-8/11/2018,1,0,0,1,2: MI,Full,2,,50,Rear End,Cross Road,Daylight,,Not Raining
2017-7708-8/11/2018,1,0,0,1,2: MI,Unknown,2,,90,Hit Fixed Object,Freeway,Daylight,,Not Raining
2017-7709-8/11/2018,1,0,0,1,2: MI,Full,1,,50,Right Angle,Cross Road,Daylight,,Not Raining
2017-7710-8/11/2018,0,0,0,0,1: PDO,Unknown,1,,50,Hit Parked Vehicle,Not Divided,Daylight,,Not Raining
2017-7711-8/11/2018,1,0,0,1,2: MI,Full,1,,60,Rear End,Cross Road,Daylight,,Not Raining
2017-7712-8/11/2018,1,0,0,1,2: MI,Full,1,,110,Head On,Not Divided,Daylight,,Not Raining
2017-7713-8/11/2018,1,0,0,1,2: MI,Full,3,,60,Right Angle,T-Junction,Daylight,,Not Raining
2017-7714-8/11/2018,1,0,0,1,2: MI,Full,1,,60,Right Turn,T-Junction,Daylight,,Not Raining
2017-7715-8/11/2018,0,0,0,0,1: PDO,Full,1,,50,Right Angle,T-Junction,Daylight,,Not Raining
2017-7716-8/11/2018,0,0,0,0,1: PDO,Full,2,,60,Rear End,Divided Road,Daylight,,Not Raining
2017-7717-8/11/2018,0,0,0,0,1: PDO,Full,2,,80,Head On,Cross Road,Daylight,,Not Raining
2017-7718-8/11/2018,0,0,0,0,1: PDO,,0,,60,Right Turn,T-Junction,Night,,Not Raining
2017-7719-8/11/2018,1,0,0,1,2: MI,Unknown,1,,50,Right Angle,Not Divided,Daylight,,Not Raining
2017-7720-8/11/2018,0,0,0,0,1: PDO,Full,2,,70,Rear End,Divided Road,Night,,Not Raining
2017-7721-8/11/2018,0,0,0,0,1: PDO,Full,1,,60,Rear End,Multiple,Night,,Not Raining
2017-7722-8/11/2018,0,0,0,0,1: PDO,Full,1,,50,Rear End,Not Divided,Daylight,,Not Raining
2017-7723-8/11/2018,2,0,1,1,3: SI,Full,3,,60,Rear End,Not Divided,Night,,Not Raining