REPORT_ID,Total Cas,Total Fats,Total SI,Total MI,CSEF Severity,Licence Type,Number Occupants,Drugs Involved,Area Speed,Crash Type,Position Type,DayNight,DUI Involved,Weather Cond
2017-7724-8/11/2018,2,1,0,1,4: Fatal,Full,1,,90,Head On,Freeway,Night,,Not Raining
2017-7725-8/11/2018,0,0,0,0,1: PDO,Provisional 2,1,,60,Rear End,Divided Road,Night,Y,Not Raining
2017-7726-8/11/2018,0,0,0,0,1: PDO,Full,1,,110,Hit Fixed Object,Not Divided,Night,Y,Not Raining
2017-7727-8/11/2018,0,0,0,0,1: PDO,Full,1,,100,Hit Animal,Not Divided,Night,,Not Raining
2017-7728-8/11/2018,0,0,0,0,1: PDO,Full,1,,60,Hit Fixed Object,Not Divided,Night,Y,Not Raining
2017-7729-8/11/2018,1,0,0,1,2: MI,Full,3,,60,Rear End,T-Junction,Daylight,,Not Raining
2017-7730-8/11/2018,1,0,0,1,2: MI,Full,1,,60,Rear End,T-Junction,Daylight,,Not Raining
2017-7731-8/11/2018,1,0,0,1,2: MI,Full,1,,50,Hit Pedestrian,Not Divided,Daylight,,Not Raining
2017-7732-8/11/2018,0,0,0,0,1: PDO,Full,1,,90,Rear End,Divided Road,Night,,Not Raining
2017-7733-8/11/2018,0,0,0,0,1: PDO,Unknown,1,,40,Right Angle,Not Divided,Daylight,,Not Raining
2017-7734-8/11/2018,0,0,0,0,1: PDO,Full,1,,50,Right Turn,Cross Road,Daylight,,Not Raining
2017-7735-8/11/2018,2,0,0,2,2: MI,Full,1,,60,Rear End,T-Junction,Night,,Not Raining
2017-7736-8/11/2018,0,0,0,0,1: PDO,Full,1,,50,Hit Fixed Object,Not Divided,Night,,Not Raining
2017-7737-8/11/2018,0,0,0,0,1: PDO,,,,70,Rear End,Freeway,Daylight,,Not Raining
2017-7738-8/11/2018,0,0,0,0,1: PDO,Full,1,,60,Right Turn,Cross Road,Daylight,,Not Raining
2017-7739-8/11/2018,1,0,0,1,2: MI,Full,1,,70,Rear End,T-Junction,Daylight,,Not Raining
2017-7740-8/11/2018,0,0,0,0,1: PDO,Full,1,,60,Rear End,T-Junction,Daylight,,Not Raining
2017-7741-8/11/2018,1,0,0,1,2: MI,Full,1,,60,Right Turn,Cross Road,Daylight,,Not Raining
2017-7742-8/11/2018,0,0,0,0,1: PDO,Full,1,,90,Rear End,Divided Road,Daylight,,Not Raining
2017-7743-8/11/2018,0,0,0,0,1: PDO,Full,1,,60,Side Swipe,Rail Crossing,Daylight,,Not Raining
2017-7744-8/11/2018,0,0,0,0,1: PDO,Full,1,,110,Rear End,Not Divided,Daylight,,Not Raining
2017-7745-8/11/2018,0,0,0,0,1: PDO,Unknown,1,,60,Right Angle,T-Junction,Daylight,,Not Raining
2017-7746-8/11/2018,1,1,0,0,4: Fatal,,1,,60,Hit Fixed Object,Not Divided,Daylight,,Not Raining
2017-7747-8/11/2018,0,0,0,0,1: PDO,Full,1,,40,Side Swipe,Not Divided,Daylight,,Not Raining
2017-7748-8/11/2018,0,0,0,0,1: PDO,Full,1,,60,Side Swipe,T-Junction,Daylight,,Unknown
2017-7749-8/11/2018,0,0,0,0,1: PDO,Full,1,,60,Right Angle,T-Junction,Daylight,,Not Raining
2017-7750-8/11/2018,0,0,0,0,1: PDO,,,,60,Side Swipe,Divided Road,Daylight,,Not Raining
2017-7751-8/11/2018,0,0,0,0,1: PDO,Full,1,,60,Side Swipe,Not Divided,Night,,Raining
2017-7752-8/11/2018,0,0,0,0,1: PDO,,,,50,Hit Pedestrian,Not Divided,Daylight,,Not Raining
2017-7753-8/11/2018,2,0,0,2,2: MI,Full,1,,100,Hit Fixed Object,Not Divided,Night,,Not Raining
2017-7754-8/11/2018,0,0,0,0,1: PDO,Full,1,,60,Rear End,Cross Road,Daylight,,Not Raining
2017-7755-8/11/2018,1,0,0,1,2: MI,Full,1,,90,Rear End,Freeway,Daylight,,Not Raining
2017-7756-8/11/2018,0,0,0,0,1: PDO,Unknown,1,,80,Side Swipe,Not Divided,Daylight,,Raining
2017-7757-8/11/2018,0,0,0,0,1: PDO,Full,1,,25,Side Swipe,Not Divided,Daylight,,Raining
2017-7758-8/11/2018,0,0,0,0,1: PDO,Full,1,,60,Rear End,Freeway,Night,,Not Raining
2017-7759-8/11/2018,0,0,0,0,1: PDO,Full,1,,70,Rear End,Divided Road,Night,,Not Raining
2017-7760-8/11/2018,0,0,0,0,1: PDO,Full,1,,70,Rear End,Divided Road,Daylight,,Not Raining
2017-7761-8/11/2018,0,0,0,0,1: PDO,Full,2,,110,Side Swipe,Freeway,Night,,Raining
2017-7762-8/11/2018,2,0,1,1,3: SI,Unknown,1,,110,Hit Parked Vehicle,Freeway,Night,,Raining
2017-7763-8/11/2018,1,0,1,0,3: SI,Full,1,,110,Left Road - Out of Control,Divided Road,Night,,Raining
2017-7764-8/11/2018,1,0,0,1,2: MI,,1,,100,Hit Animal,Not Divided,Night,,Not Raining
2017-7765-8/11/2018,0,0,0,0,1: PDO,Full,1,,50,Hit Fixed Object,Cross Road,Night,,Raining
2017-7766-8/11/2018,1,0,0,1,2: MI,Full,1,,50,Right Angle,Cross Road,Daylight,,Not Raining
2017-7767-8/11/2018,0,0,0,0,1: PDO,Full,2,,50,Hit Parked Vehicle,Not Divided,Daylight,,Not Raining
2017-7768-8/11/2018,0,0,0,0,1: PDO,Full,1,,80,Rear End,T-Junction,Night,,Raining
2017-7769-8/11/2018,0,0,0,0,1: PDO,Full,1,,60,Right Angle,T-Junction,Daylight,,Not Raining
2017-7770-8/11/2018,0,0,0,0,1: PDO,Full,1,,80,Right Angle,Cross Road,Daylight,,Raining
2017-7771-8/11/2018,1,0,0,1,2: MI,Full,2,,50,Hit Pedestrian,T-Junction,Night,,Not Raining
2017-7772-8/11/2018,1,0,1,0,3: SI,Unknown,1,,100,Hit Fixed Object,Not Divided,Night,,Unknown
2017-7773-8/11/2018,0,0,0,0,1: PDO,,,,60,Right Turn,Divided Road,Daylight,,Not Raining
2017-7774-8/11/2018,0,0,0,0,1: PDO,Full,1,,60,Right Turn,Cross Road,Night,,Not Raining
2017-7775-8/11/2018,0,0,0,0,1: PDO,Full,4,,60,Side Swipe,Divided Road,Daylight,,Not Raining
2017-7776-8/11/2018,0,0,0,0,1: PDO,Full,1,,80,Rear End,Not Divided,Night,,Raining
2017-7777-8/11/2018,0,0,0,0,1: PDO,Full,1,,50,Hit Parked Vehicle,Not Divided,Daylight,,Not Raining
2017-7778-8/11/2018,0,0,0,0,1: PDO,Provisional 2,1,,60,Right Angle,Cross Road,Daylight,,Not Raining
2017-7779-8/11/2018,0,0,0,0,1: PDO,,,,60,Head On,Not Divided,Daylight,,Not Raining
2017-7780-8/11/2018,0,0,0,0,1: PDO,Full,2,,60,Hit Fixed Object,Cross Road,Daylight,,Not Raining
2017-7781-8/11/2018,1,0,0,1,2: MI,Unknown,1,,60,Rear End,Divided Road,Daylight,,Not Raining
2017-7782-8/11/2018,1,0,0,1,2: MI,Probationary,1,,50,Right Angle,Cross Road,Night,,Not Raining
2017-7783-8/11/2018,0,0,0,0,1: PDO,Unknown,1,,60,Right Angle,T-Junction,Daylight,,Not Raining
2017-7784-8/11/2018,0,0,0,0,1: PDO,Full,2,,60,Rear End,T-Junction,Daylight,,Not Raining
2017-7785-8/11/2018,0,0,0,0,1: PDO,Full,1,,50,Hit Parked Vehicle,Not Divided,Night,,Not Raining
2017-7786-8/11/2018,0,0,0,0,1: PDO,Full,1,,60,Right Angle,T-Junction,Daylight,,Not Raining
2017-7787-8/11/2018,0,0,0,0,1: PDO,Full,3,,80,Right Angle,Cross Road,Daylight,,Not Raining
2017-7788-8/11/2018,0,0,0,0,1: PDO,Full,1,,50,Hit Fixed Object,Cross Road,Night,,Raining
2017-7789-8/11/2018,0,0,0,0,1: PDO,Probationary,2,,50,Hit Parked Vehicle,Not Divided,Daylight,,Not Raining
2017-7790-8/11/2018,0,0,0,0,1: PDO,Unknown,1,,60,Rear End,T-Junction,Night,,Not Raining
2017-7791-8/11/2018,0,0,0,0,1: PDO,,0,,50,Right Angle,T-Junction,Daylight,,Not Raining
2017-7792-8/11/2018,1,0,0,1,2: MI,Full,1,,60,Rear End,Divided Road,Night,,Not Raining
2017-7793-8/11/2018,0,0,0,0,1: PDO,Full,2,,60,Rear End,Divided Road,Daylight,,Not Raining
2017-7794-8/11/2018,0,0,0,0,1: PDO,Full,1,,60,Right Turn,Cross Road,Night,,Not Raining
2017-7795-8/11/2018,0,0,0,0,1: PDO,Full,3,,50,Hit Fixed Object,Not Divided,Night,,Not Raining
2017-7796-8/11/2018,0,0,0,0,1: PDO,Full,1,,50,Hit Parked Vehicle,Not Divided,Daylight,,Not Raining
2017-7797-8/11/2018,1,0,0,1,2: MI,Full,1,,60,Rear End,Cross Road,Daylight,,Not Raining
2017-7798-8/11/2018,0,0,0,0,1: PDO,Full,1,,80,Rear End,Divided Road,Daylight,,Not Raining
2017-7799-8/11/2018,0,0,0,0,1: PDO,,,,110,Hit Fixed Object,Not Divided,Night,,Not Raining
2017-7800-8/11/2018,0,0,0,0,1: PDO,Full,1,,50,Hit Parked Vehicle,Not Divided,Daylight,,Not Raining
2017-7801-8/11/2018,1,0,0,1,2: MI,Full,2,,60,Right Turn,Cross Road,Daylight,,Not Raining
2017-7802-8/11/2018,0,0,0,0,1: PDO,Full,1,,50,Right Angle,Not Divided,Daylight,,Not Raining
2017-7803-8/11/2018,0,0,0,0,1: PDO,Provisional 2,1,,60,Side Swipe,Divided Road,Daylight,,Not Raining
2017-7804-8/11/2018,1,0,1,0,3: SI,Full,3,,50,Right Angle,Multiple,Daylight,,Not Raining
2017-7805-8/11/2018,0,0,0,0,1: PDO,Unknown,1,,50,Right Angle,Not Divided,Daylight,,Not Raining
2017-7806-8/11/2018,0,0,0,0,1: PDO,Provisional 2,1,,60,Rear End,T-Junction,Daylight,,Not Raining
2017-7807-8/11/2018,0,0,0,0,1: PDO,,,,60,Rear End,Divided Road,Daylight,,Not Raining
2017-7808-8/11/2018,1,0,0,1,2: MI,Full,4,,60,Right Turn,Multiple,Daylight,,Not Raining
2017-7809-8/11/2018,0,0,0,0,1: PDO,Full,2,,50,Side Swipe,Not Divided,Daylight,,Not Raining
2017-7810-8/11/2018,0,0,0,0,1: PDO,Full,1,,50,Right Angle,T-Junction,Daylight,,Not Raining
2017-7811-8/11/2018,1,0,0,1,2: MI,Unknown,1,Y,60,Roll Over,Divided Road,Daylight,,Not Raining
2017-7812-8/11/2018,1,0,0,1,2: MI,,,,50,Hit Pedestrian,T-Junction,Daylight,,Not Raining
2017-7813-8/11/2018,0,0,0,0,1: PDO,Full,2,,50,Hit Fixed Object,T-Junction,Daylight,,Not Raining
2017-7814-8/11/2018,0,0,0,0,1: PDO,Full,1,,50,Hit Fixed Object,Not Divided,Daylight,,Not Raining
2017-7815-8/11/2018,0,0,0,0,1: PDO,Full,2,,70,Rear End,Divided Road,Daylight,,Not Raining
2017-7816-8/11/2018,0,0,0,0,1: PDO,Full,1,,60,Hit Pedestrian,T-Junction,Daylight,,Unknown
2017-7817-8/11/2018,0,0,0,0,1: PDO,Full,1,,50,Rear End,Not Divided,Daylight,,Not Raining
2017-7818-8/11/2018,1,0,0,1,2: MI,Full,1,,90,Side Swipe,Divided Road,Daylight,,Raining
2017-7819-8/11/2018,0,0,0,0,1: PDO,Provisional 2,1,,100,Roll Over,Not Divided,Daylight,,Raining
2017-7820-8/11/2018,0,0,0,0,1: PDO,Full,2,,60,Right Angle,Cross Road,Night,,Not Raining
2017-7821-8/11/2018,0,0,0,0,1: PDO,Full,2,,70,Hit Fixed Object,Ramp On,Daylight,,Raining
2017-7822-8/11/2018,0,0,0,0,1: PDO,Learners,1,,80,Rear End,Divided Road,Daylight,,Raining
2017-7823-8/11/2018,0,0,0,0,1: PDO,Provisional 1 ,1,,60,Rear End,Cross Road,Daylight,,Not Raining
2017-7824-8/11/2018,0,0,0,0,1: PDO,Full,1,,60,Hit Fixed Object,T-Junction,Daylight,,Raining
2017-7825-8/11/2018,0,0,0,0,1: PDO,Full,2,,80,Hit Fixed Object,Divided Road,Daylight,,Raining
2017-7826-8/11/2018,1,0,0,1,2: MI,,,Y,50,Head On,Cross Road,Daylight,,Not Raining
2017-7827-8/11/2018,1,0,0,1,2: MI,Full,1,,80,Rear End,Cross Road,Daylight,,Raining
2017-7828-8/11/2018,0,0,0,0,1: PDO,,1,,60,Side Swipe,Divided Road,Daylight,,Raining
2017-7829-8/11/2018,0,0,0,0,1: PDO,Full,1,,90,Hit Fixed Object,Divided Road,Daylight,,Raining
2017-7830-8/11/2018,0,0,0,0,1: PDO,Full,1,,60,Hit Fixed Object,T-Junction,Daylight,,Raining
2017-7831-8/11/2018,0,0,0,0,1: PDO,Unlicenced,2,,70,Rear End,Not Divided,Daylight,,Not Raining
2017-7832-8/11/2018,0,0,0,0,1: PDO,Full,3,,60,Rear End,Not Divided,Daylight,,Raining
2017-7833-8/11/2018,0,0,0,0,1: PDO,Full,2,,50,Rear End,Not Divided,Daylight,,Raining
2017-7834-8/11/2018,1,0,0,1,2: MI,,0,,60,Hit Parked Vehicle,Not Divided,Night,Y,Not Raining
2017-7835-8/11/2018,0,0,0,0,1: PDO,Full,40,,50,Side Swipe,Cross Road,Daylight,,Not Raining
2017-7836-8/11/2018,1,0,0,1,2: MI,Full,5,,50,Right Angle,Divided Road,Night,,Not Raining
2017-7837-8/11/2018,0,0,0,0,1: PDO,Full,4,,60,Right Turn,T-Junction,Daylight,,Raining
2017-7838-8/11/2018,0,0,0,0,1: PDO,Full,2,,60,Right Turn,T-Junction,Daylight,,Raining
2017-7839-8/11/2018,0,0,0,0,1: PDO,Learners,1,,60,Hit Fixed Object,Divided Road,Night,,Raining
2017-7840-8/11/2018,0,0,0,0,1: PDO,Full,1,,50,Hit Fixed Object,Not Divided,Night,,Raining
2017-7841-8/11/2018,0,0,0,0,1: PDO,Full,1,,100,Rear End,Interchange,Night,,Raining
2017-7842-8/11/2018,0,0,0,0,1: PDO,,1,,80,Rear End,Divided Road,Daylight,,Not Raining
2017-7843-8/11/2018,0,0,0,0,1: PDO,,,,60,Right Angle,T-Junction,Daylight,,Raining
2017-7844-8/11/2018,0,0,0,0,1: PDO,Full,2,,50,Side Swipe,Pedestrian Crossing,Night,,Raining
2017-7845-8/11/2018,0,0,0,0,1: PDO,,1,,60,Hit Fixed Object,Cross Road,Night,,Unknown
2017-7846-8/11/2018,0,0,0,0,1: PDO,Full,1,,60,Hit Fixed Object,Cross Road,Night,,Not Raining
2017-7847-8/11/2018,0,0,0,0,1: PDO,Unknown,1,,50,Hit Fixed Object,T-Junction,Night,,Raining
2017-7848-8/11/2018,0,0,0,0,1: PDO,Full,1,,80,Hit Fixed Object,Divided Road,Daylight,,Not Raining
2017-7849-8/11/2018,0,0,0,0,1: PDO,Full,2,,50,Hit Parked Vehicle,Not Divided,Night,,Not Raining
2017-7850-8/11/2018,0,0,0,0,1: PDO,Full,1,,60,Side Swipe,Divided Road,Night,,Not Raining
2017-7851-8/11/2018,0,0,0,0,1: PDO,Full,1,,60,Rear End,Divided Road,Daylight,,Not Raining
2017-7852-8/11/2018,1,0,0,1,2: MI,Full,2,,40,Hit Parked Vehicle,Pedestrian Crossing,Daylight,,Not Raining
2017-7853-8/11/2018,0,0,0,0,1: PDO,Full,2,,110,Side Swipe,Not Divided,Daylight,,Not Raining
2017-7854-8/11/2018,0,0,0,0,1: PDO,,,,60,Rear End,Divided Road,Daylight,,Not Raining
2017-7855-8/11/2018,0,0,0,0,1: PDO,Full,1,,60,Right Angle,Cross Road,Daylight,,Not Raining
2017-7856-8/11/2018,0,0,0,0,1: PDO,,,,50,Right Angle,T-Junction,Daylight,,Not Raining
2017-7857-8/11/2018,1,0,0,1,2: MI,Full,1,,50,Hit Pedestrian,Not Divided,Night,,Not Raining
2017-7858-8/11/2018,2,0,0,2,2: MI,,,,50,Rear End,Divided Road,Daylight,,Not Raining
2017-7859-8/11/2018,0,0,0,0,1: PDO,Full,1,,50,Right Angle,Not Divided,Daylight,,Not Raining
2017-7860-8/11/2018,0,0,0,0,1: PDO,,,,50,Right Angle,Cross Road,Daylight,,Not Raining
2017-7861-8/11/2018,0,0,0,0,1: PDO,Probationary,1,,50,Right Angle,Cross Road,Daylight,,Not Raining
2017-7862-8/11/2018,1,0,0,1,2: MI,,,,110,Roll Over,Not Divided,Daylight,,Not Raining
2017-7863-8/11/2018,0,0,0,0,1: PDO,Unknown,1,,110,Head On,Not Divided,Daylight,,Raining
2017-7864-8/11/2018,2,0,0,2,2: MI,,,,70,Rear End,Divided Road,Night,,Not Raining
2017-7865-8/11/2018,1,0,0,1,2: MI,,1,,60,Rear End,Not Divided,Daylight,,Not Raining
2017-7866-8/11/2018,0,0,0,0,1: PDO,Full,3,,60,Right Turn,Cross Road,Night,,Not Raining
2017-7867-8/11/2018,0,0,0,0,1: PDO,Full,1,,60,Right Angle,Divided Road,Night,,Raining
2017-7868-8/11/2018,0,0,0,0,1: PDO,Unlicenced,1,,60,Right Angle,Cross Road,Night,,Raining
2017-7869-8/11/2018,1,0,0,1,2: MI,Full,3,,50,Side Swipe,Divided Road,Night,,Raining
2017-7870-8/11/2018,0,0,0,0,1: PDO,,,,60,Hit Fixed Object,Divided Road,Night,,Raining
2017-7871-8/11/2018,1,0,0,1,2: MI,Full,1,,100,Head On,Not Divided,Daylight,,Not Raining
2017-7872-8/11/2018,1,0,0,1,2: MI,Unknown,1,,60,Rear End,Divided Road,Daylight,,Not Raining
2017-7873-8/11/2018,1,0,0,1,2: MI,,0,,100,Hit Fixed Object,Not Divided,Daylight,,Raining
2017-7874-8/11/2018,0,0,0,0,1: PDO,Full,1,,60,Hit Fixed Object,Not Divided,Daylight,,Raining
2017-7875-8/11/2018,0,0,0,0,1: PDO,Full,1,,110,Left Road - Out of Control,Divided Road,Daylight,,Raining
2017-7876-8/11/2018,0,0,0,0,1: PDO,Full,1,,50,Hit Fixed Object,Divided Road,Daylight,,Unknown
2017-7877-8/11/2018,1,0,0,1,2: MI,Full,1,,60,Rear End,Divided Road,Daylight,,Not Raining
2017-7878-8/11/2018,1,0,0,1,2: MI,Full,1,Y,80,Hit Fixed Object,Not Divided,Daylight,,Raining
2017-7879-8/11/2018,0,0,0,0,1: PDO,Full,1,,50,Hit Parked Vehicle,Not Divided,Night,,Raining
2017-7880-8/11/2018,1,0,0,1,2: MI,Probationary,1,Y,50,Roll Over,Not Divided,Daylight,,Raining
2017-7881-8/11/2018,0,0,0,0,1: PDO,,,,50,Hit Parked Vehicle,Not Divided,Daylight,,Not Raining
2017-7882-8/11/2018,0,0,0,0,1: PDO,Full,2,,50,Hit Parked Vehicle,Not Divided,Daylight,,Unknown
2017-7883-8/11/2018,0,0,0,0,1: PDO,Full,2,,110,Hit Fixed Object,Not Divided,Daylight,,Raining
2017-7884-8/11/2018,0,0,0,0,1: PDO,Full,1,,80,Hit Fixed Object,Not Divided,Night,,Raining
2017-7885-8/11/2018,0,0,0,0,1: PDO,Full,2,,100,Hit Fixed Object,Not Divided,Night,,Raining
2017-7886-8/11/2018,0,0,0,0,1: PDO,,,,100,Hit Object on Road,Not Divided,Night,,Raining
2017-7887-8/11/2018,0,0,0,0,1: PDO,Unknown,1,,60,Left Road - Out of Control,Divided Road,Daylight,,Raining
2017-7888-8/11/2018,1,0,1,0,3: SI,Full,1,,60,Roll Over,Divided Road,Night,,Raining
2017-7889-8/11/2018,0,0,0,0,1: PDO,Provisional 1 ,1,,50,Hit Fixed Object,Not Divided,Night,,Raining
2017-7890-8/11/2018,0,0,0,0,1: PDO,,,,60,Side Swipe,Divided Road,Night,,Raining
2017-7891-8/11/2018,0,0,0,0,1: PDO,Learners,2,,60,Left Road - Out of Control,Not Divided,Night,,Raining
2017-7892-8/11/2018,0,0,0,0,1: PDO,,,,80,Rear End,Cross Road,Daylight,Y,Raining
2017-7893-8/11/2018,0,0,0,0,1: PDO,Full,3,,60,Left Road - Out of Control,Not Divided,Daylight,,Raining
2017-7894-8/11/2018,1,0,0,1,2: MI,Probationary,1,,50,Other,Not Divided,Daylight,,Raining
2017-7895-8/11/2018,0,0,0,0,1: PDO,Full,1,,60,Right Turn,T-Junction,Night,,Unknown
2017-7896-8/11/2018,1,0,0,1,2: MI,,,Y,100,Hit Fixed Object,Not Divided,Daylight,,Raining
2017-7897-8/11/2018,0,0,0,0,1: PDO,Full,1,,90,Hit Fixed Object,Divided Road,Night,,Raining
2017-7898-8/11/2018,1,0,0,1,2: MI,,,,50,Hit Fixed Object,T-Junction,Night,,Unknown
2017-7899-8/11/2018,0,0,0,0,1: PDO,Full,2,,50,Head On,Not Divided,Night,,Not Raining
2017-7900-8/11/2018,1,0,0,1,2: MI,,1,,50,Right Angle,T-Junction,Night,,Not Raining
2017-7901-8/11/2018,0,0,0,0,1: PDO,Full,1,,50,Hit Fixed Object,Divided Road,Night,,Not Raining
2017-7902-8/11/2018,1,0,0,1,2: MI,,,,110,Hit Fixed Object,Not Divided,Night,,Not Raining
2017-7903-8/11/2018,1,0,0,1,2: MI,Full,1,,60,Rear End,Divided Road,Night,,Unknown
2017-7904-8/11/2018,0,0,0,0,1: PDO,,,,50,Hit Fixed Object,Not Divided,Daylight,,Raining
2017-7905-8/11/2018,0,0,0,0,1: PDO,Unknown,2,,60,Rear End,Multiple,Daylight,,Not Raining
2017-7906-8/11/2018,0,0,0,0,1: PDO,,,,110,Roll Over,Not Divided,Daylight,,Raining
2017-7907-8/11/2018,0,0,0,0,1: PDO,Full,1,,60,Right Angle,Cross Road,Daylight,,Not Raining
2017-7908-8/11/2018,0,0,0,0,1: PDO,Full,3,,60,Rear End,T-Junction,Daylight,,Not Raining
2017-7909-8/11/2018,1,0,0,1,2: MI,Full,1,,40,Right Angle,Cross Road,Daylight,,Not Raining
2017-7910-8/11/2018,0,0,0,0,1: PDO,,,,50,Hit Parked Vehicle,Not Divided,Daylight,,Not Raining
2017-7911-8/11/2018,0,0,0,0,1: PDO,Full,2,,60,Right Turn,Cross Road,Daylight,,Not Raining
2017-7912-8/11/2018,0,0,0,0,1: PDO,Full,1,,50,Side Swipe,Divided Road,Daylight,,Not Raining
2017-7913-8/11/2018,0,0,0,0,1: PDO,Full,2,,50,Right Angle,Divided Road,Daylight,,Not Raining
2017-7914-8/11/2018,0,0,0,0,1: PDO,Full,1,,50,Side Swipe,Not Divided,Daylight,,Not Raining
2017-7915-8/11/2018,0,0,0,0,1: PDO,Full,2,,100,Hit Fixed Object,Not Divided,Night,,Raining
2017-7916-8/11/2018,2,0,0,2,2: MI,Provisional 2,1,,80,Right Angle,Cross Road,Daylight,,Not Raining
2017-7917-8/11/2018,1,0,0,1,2: MI,Full,2,,60,Rear End,T-Junction,Daylight,,Not Raining
2017-7918-8/11/2018,0,0,0,0,1: PDO,,,,60,Right Turn,Cross Road,Daylight,,Not Raining
2017-7919-8/11/2018,0,0,0,0,1: PDO,Full,1,,90,Hit Fixed Object,Divided Road,Daylight,,Not Raining
2017-7920-8/11/2018,1,0,0,1,2: MI,Full,1,,50,Hit Fixed Object,Cross Road,Daylight,,Not Raining
2017-7921-8/11/2018,0,0,0,0,1: PDO,Full,2,,60,Side Swipe,T-Junction,Daylight,,Not Raining
2017-7922-8/11/2018,2,0,0,2,2: MI,Provisional 2,1,,100,Rear End,Not Divided,Daylight,,Raining
2017-7923-8/11/2018,0,0,0,0,1: PDO,Full,1,,110,Hit Fixed Object,Not Divided,Night,,Raining
2017-7924-8/11/2018,0,0,0,0,1: PDO,,0,,60,Rear End,Divided Road,Daylight,,Not Raining
2017-7925-8/11/2018,1,0,0,1,2: MI,Full,1,Y,80,Hit Fixed Object,Not Divided,Daylight,,Unknown
2017-7926-8/11/2018,1,0,0,1,2: MI,,,,50,Right Angle,Multiple,Daylight,,Not Raining
2017-7927-8/11/2018,1,0,0,1,2: MI,,,,100,Hit Fixed Object,Not Divided,Daylight,,Raining
2017-7928-8/11/2018,0,0,0,0,1: PDO,Learners,1,,60,Rear End,T-Junction,Daylight,,Not Raining
2017-7929-8/11/2018,0,0,0,0,1: PDO,Full,1,,60,Right Angle,T-Junction,Daylight,,Not Raining
2017-7930-8/11/2018,1,0,0,1,2: MI,Full,3,,100,Left Road - Out of Control,Not Divided,Daylight,,Raining
2017-7931-8/11/2018,0,0,0,0,1: PDO,,0,,60,Right Turn,T-Junction,Daylight,,Not Raining
2017-7932-8/11/2018,0,0,0,0,1: PDO,Full,2,,60,Hit Fixed Object,Divided Road,Daylight,,Not Raining
2017-7933-8/11/2018,0,0,0,0,1: PDO,Full,2,,100,Rear End,Ramp Off,Night,,Not Raining
2017-7934-8/11/2018,1,0,0,1,2: MI,Full,2,,100,Roll Over,Not Divided,Daylight,,Raining
2017-7935-8/11/2018,1,0,0,1,2: MI,Unknown,1,,60,Rear End,T-Junction,Daylight,,Not Raining
2017-7936-8/11/2018,1,0,0,1,2: MI,Unknown,1,,50,Hit Pedestrian,Cross Road,Daylight,,Not Raining
2017-7937-8/11/2018,0,0,0,0,1: PDO,Full,1,,60,Rear End,Divided Road,Daylight,,Not Raining
2017-7938-8/11/2018,0,0,0,0,1: PDO,,,,50,Right Angle,Cross Road,Daylight,,Not Raining
2017-7939-8/11/2018,0,0,0,0,1: PDO,Full,2,,50,Side Swipe,T-Junction,Daylight,,Not Raining
2017-7940-8/11/2018,0,0,0,0,1: PDO,Full,3,,100,Side Swipe,Freeway,Daylight,,Not Raining
2017-7941-8/11/2018,0,0,0,0,1: PDO,Provisional 2,1,,80,Hit Fixed Object,Cross Road,Daylight,,Not Raining
2017-7942-8/11/2018,1,0,0,1,2: MI,,0,,50,Rear End,Not Divided,Night,,Not Raining
2017-7943-8/11/2018,0,0,0,0,1: PDO,,0,,50,Right Angle,Cross Road,Daylight,,Not Raining
2017-7944-8/11/2018,1,0,0,1,2: MI,Full,1,,80,Right Angle,Not Divided,Daylight,,Not Raining
2017-7945-8/11/2018,0,0,0,0,1: PDO,,0,,60,Right Turn,Cross Road,Daylight,,Not Raining
2017-7946-8/11/2018,0,0,0,0,1: PDO,Unknown,1,,50,Right Angle,Cross Road,Daylight,,Raining