REPORT_ID,Total Cas,Total Fats,Total SI,Total MI,CSEF Severity,Licence Type,Number Occupants,Drugs Involved,Area Speed,Crash Type,Position Type,DayNight,DUI Involved,Weather Cond
2017-7947-8/11/2018,1,0,0,1,2: MI,,,,60,Right Turn,Cross Road,Daylight,,Not Raining
2017-7948-8/11/2018,0,0,0,0,1: PDO,Full,1,,50,Hit Pedestrian,Cross Road,Daylight,,Not Raining
2017-7949-8/11/2018,0,0,0,0,1: PDO,Full,1,,50,Hit Fixed Object,Divided Road,Daylight,,Not Raining
2017-7950-8/11/2018,1,0,1,0,3: SI,,,,100,Head On,Not Divided,Daylight,,Raining
2017-7951-8/11/2018,0,0,0,0,1: PDO,Full,1,,60,Right Angle,T-Junction,Daylight,,Not Raining
2017-7952-8/11/2018,4,0,0,4,2: MI,,,,60,Head On,Not Divided,Daylight,,Not Raining
2017-7953-8/11/2018,0,0,0,0,1: PDO,Full,1,,100,Hit Fixed Object,Not Divided,Night,,Not Raining
2017-7954-8/11/2018,0,0,0,0,1: PDO,,0,,60,Rear End,T-Junction,Night,,Raining
2017-7955-8/11/2018,0,0,0,0,1: PDO,Unknown,1,,60,Side Swipe,Divided Road,Daylight,,Not Raining
2017-7956-8/11/2018,0,0,0,0,1: PDO,Unknown,1,,60,Right Turn,Divided Road,Daylight,,Not Raining
2017-7957-8/11/2018,3,0,0,3,2: MI,Unknown,1,,60,Right Angle,Cross Road,Daylight,,Raining
2017-7958-8/11/2018,0,0,0,0,1: PDO,,0,,70,Side Swipe,T-Junction,Daylight,,Not Raining
2017-7959-8/11/2018,1,0,0,1,2: MI,,,,60,Hit Pedestrian,Not Divided,Daylight,,Not Raining
2017-7960-8/11/2018,1,0,0,1,2: MI,Full,2,,60,Side Swipe,Divided Road,Daylight,,Not Raining
2017-7961-8/11/2018,1,0,0,1,2: MI,Full,1,,100,Hit Fixed Object,Not Divided,Daylight,,Not Raining
2017-7962-8/11/2018,0,0,0,0,1: PDO,,,,50,Right Angle,Not Divided,Night,,Not Raining
2017-7963-8/11/2018,0,0,0,0,1: PDO,Full,1,,50,Side Swipe,Not Divided,Daylight,,Not Raining
2017-7964-8/11/2018,0,0,0,0,1: PDO,Unknown,1,,90,Side Swipe,Freeway,Daylight,,Not Raining
2017-7965-8/11/2018,0,0,0,0,1: PDO,Provisional 1 ,1,,60,Right Angle,Cross Road,Daylight,,Not Raining
2017-7966-8/11/2018,0,0,0,0,1: PDO,,,,80,Rear End,Divided Road,Daylight,,Not Raining
2017-7967-8/11/2018,1,0,0,1,2: MI,Full,1,,50,Hit Parked Vehicle,Not Divided,Daylight,,Not Raining
2017-7968-8/11/2018,0,0,0,0,1: PDO,Full,2,,60,Side Swipe,Divided Road,Daylight,,Not Raining
2017-7969-8/11/2018,1,0,0,1,2: MI,Full,2,,100,Rear End,Interchange,Daylight,,Not Raining
2017-7970-8/11/2018,4,0,2,2,3: SI,Learners,1,,60,Right Angle,Cross Road,Daylight,,Not Raining
2017-7971-8/11/2018,0,0,0,0,1: PDO,Unknown,1,,50,Roll Over,Not Divided,Daylight,,Not Raining
2017-7972-8/11/2018,1,0,0,1,2: MI,Full,1,,60,Rear End,Divided Road,Daylight,,Not Raining
2017-7973-8/11/2018,1,0,0,1,2: MI,Probationary,1,,50,Right Angle,Cross Road,Night,,Not Raining
2017-7974-8/11/2018,0,0,0,0,1: PDO,Full,1,,60,Hit Fixed Object,Divided Road,Daylight,,Not Raining
2017-7975-8/11/2018,0,0,0,0,1: PDO,,0,,50,Right Angle,T-Junction,Daylight,,Not Raining
2017-7976-8/11/2018,0,0,0,0,1: PDO,Full,4,,50,Right Angle,Cross Road,Night,,Not Raining
2017-7977-8/11/2018,0,0,0,0,1: PDO,,,,60,Side Swipe,Divided Road,Daylight,,Not Raining
2017-7978-8/11/2018,0,0,0,0,1: PDO,Provisional 1 ,1,,60,Rear End,Divided Road,Night,,Not Raining
2017-7979-8/11/2018,1,0,0,1,2: MI,,0,,100,Left Road - Out of Control,Not Divided,Daylight,,Raining
2017-7980-8/11/2018,0,0,0,0,1: PDO,Provisional 2,1,,60,Right Angle,T-Junction,Night,,Not Raining
2017-7981-8/11/2018,0,0,0,0,1: PDO,Full,1,,100,Hit Fixed Object,Not Divided,Daylight,,Unknown
2017-7982-8/11/2018,0,0,0,0,1: PDO,Full,1,,60,Right Angle,Cross Road,Night,,Not Raining
2017-7983-8/11/2018,0,0,0,0,1: PDO,,,,50,Hit Fixed Object,T-Junction,Night,,Not Raining
2017-7984-8/11/2018,1,0,0,1,2: MI,Full,2,,70,Rear End,Not Divided,Daylight,,Not Raining
2017-7985-8/11/2018,1,0,0,1,2: MI,,,,80,Side Swipe,Divided Road,Night,,Not Raining
2017-7986-8/11/2018,1,0,0,1,2: MI,Full,2,,80,Right Turn,Divided Road,Night,,Not Raining
2017-7987-8/11/2018,1,0,0,1,2: MI,,1,,60,Roll Over,Divided Road,Night,,Not Raining
2017-7988-8/11/2018,0,0,0,0,1: PDO,Full,1,,50,Right Angle,Not Divided,Daylight,,Not Raining
2017-7989-8/11/2018,0,0,0,0,1: PDO,Full,1,,50,Hit Fixed Object,Not Divided,Daylight,,Not Raining
2017-7990-8/11/2018,0,0,0,0,1: PDO,Full,1,,60,Rear End,Cross Road,Daylight,,Not Raining
2017-7991-8/11/2018,1,0,1,0,3: SI,Full,2,,100,Hit Animal,Not Divided,Daylight,,Not Raining
2017-7992-8/11/2018,0,0,0,0,1: PDO,,1,,60,Right Turn,Cross Road,Daylight,,Not Raining
2017-7993-8/11/2018,0,0,0,0,1: PDO,,1,,60,Rear End,Cross Road,Night,,Not Raining
2017-7994-8/11/2018,0,0,0,0,1: PDO,,1,,60,Hit Fixed Object,Cross Road,Daylight,,Raining
2017-7995-8/11/2018,0,0,0,0,1: PDO,Full,1,,60,Right Angle,T-Junction,Daylight,,Not Raining
2017-7996-8/11/2018,0,0,0,0,1: PDO,Full,1,,80,Right Angle,Cross Road,Daylight,,Not Raining
2017-7997-8/11/2018,0,0,0,0,1: PDO,Full,1,,50,Right Angle,Cross Road,Daylight,,Not Raining
2017-7998-8/11/2018,1,0,0,1,2: MI,Full,1,,50,Hit Parked Vehicle,Not Divided,Daylight,,Not Raining
2017-7999-8/11/2018,0,0,0,0,1: PDO,Full,1,,50,Side Swipe,Cross Road,Daylight,,Not Raining
2017-8000-8/11/2018,0,0,0,0,1: PDO,Unknown,3,,50,Hit Fixed Object,Not Divided,Daylight,,Not Raining
2017-8001-8/11/2018,0,0,0,0,1: PDO,Full,2,,50,Hit Parked Vehicle,Not Divided,Daylight,,Not Raining
2017-8002-8/11/2018,0,0,0,0,1: PDO,Full,4,,50,Rear End,Not Divided,Daylight,,Not Raining
2017-8003-8/11/2018,0,0,0,0,1: PDO,Provisional 2,2,,60,Side Swipe,Not Divided,Night,,Not Raining
2017-8004-8/11/2018,1,0,0,1,2: MI,Provisional 2,1,,60,Hit Pedestrian,Not Divided,Daylight,,Not Raining
2017-8005-8/11/2018,1,0,0,1,2: MI,Unlicenced,1,,60,Hit Parked Vehicle,Divided Road,Night,,Not Raining
2017-8006-8/11/2018,1,0,0,1,2: MI,Unknown,1,,50,Hit Animal,Not Divided,Daylight,,Not Raining
2017-8007-8/11/2018,1,0,0,1,2: MI,Full,2,,60,Right Turn,Multiple,Daylight,,Not Raining
2017-8008-8/11/2018,2,0,0,2,2: MI,Full,5,,50,Right Angle,T-Junction,Daylight,,Not Raining
2017-8009-8/11/2018,0,0,0,0,1: PDO,Full,1,,60,Side Swipe,Divided Road,Daylight,,Not Raining
2017-8010-8/11/2018,0,0,0,0,1: PDO,Full,3,,50,Right Angle,Not Divided,Daylight,,Not Raining
2017-8011-8/11/2018,1,0,1,0,3: SI,,0,,60,Hit Parked Vehicle,Divided Road,Daylight,,Not Raining
2017-8012-8/11/2018,0,0,0,0,1: PDO,Full,1,,50,Rear End,Cross Road,Daylight,,Not Raining
2017-8013-8/11/2018,1,0,0,1,2: MI,,,,80,Hit Fixed Object,Not Divided,Daylight,,Not Raining
2017-8014-8/11/2018,0,0,0,0,1: PDO,Full,2,,60,Hit Fixed Object,Not Divided,Daylight,,Raining
2017-8015-8/11/2018,0,0,0,0,1: PDO,Full,2,,60,Rear End,Divided Road,Daylight,,Not Raining
2017-8016-8/11/2018,0,0,0,0,1: PDO,Full,1,,60,Rear End,T-Junction,Daylight,,Not Raining
2017-8017-8/11/2018,0,0,0,0,1: PDO,Full,3,,60,Rear End,Divided Road,Daylight,,Not Raining
2017-8018-8/11/2018,1,0,0,1,2: MI,Full,4,,60,Right Turn,T-Junction,Night,,Not Raining
2017-8019-8/11/2018,0,0,0,0,1: PDO,Full,1,,60,Right Turn,Multiple,Night,,Not Raining
2017-8020-8/11/2018,2,0,0,2,2: MI,,,,60,Right Angle,T-Junction,Daylight,,Not Raining
2017-8021-8/11/2018,0,0,0,0,1: PDO,Full,1,,60,Right Angle,T-Junction,Night,,Not Raining
2017-8022-8/11/2018,0,0,0,0,1: PDO,,,,50,Right Angle,Not Divided,Daylight,,Not Raining
2017-8023-8/11/2018,1,0,0,1,2: MI,,,,60,Right Turn,T-Junction,Night,,Not Raining
2017-8024-8/11/2018,0,0,0,0,1: PDO,Full,2,,60,Hit Parked Vehicle,Not Divided,Night,,Not Raining
2017-8025-8/11/2018,0,0,0,0,1: PDO,Full,1,,60,Other,Not Divided,Night,,Not Raining
2017-8026-8/11/2018,0,0,0,0,1: PDO,Full,1,,60,Side Swipe,T-Junction,Daylight,,Not Raining
2017-8027-8/11/2018,0,0,0,0,1: PDO,,,,80,Rear End,Divided Road,Daylight,,Not Raining
2017-8028-8/11/2018,1,0,0,1,2: MI,Provisional 1 ,1,,60,Rear End,T-Junction,Daylight,,Not Raining
2017-8029-8/11/2018,0,0,0,0,1: PDO,,,,50,Side Swipe,Cross Road,Daylight,,Not Raining
2017-8030-8/11/2018,1,0,0,1,2: MI,Provisional 2,1,,50,Hit Pedestrian,Not Divided,Daylight,,Not Raining
2017-8031-8/11/2018,1,0,0,1,2: MI,,,,50,Side Swipe,Divided Road,Night,,Not Raining
2017-8032-8/11/2018,0,0,0,0,1: PDO,Provisional 1 ,1,,50,Right Turn,T-Junction,Daylight,,Not Raining
2017-8033-8/11/2018,1,0,0,1,2: MI,,,,50,Hit Parked Vehicle,Not Divided,Daylight,,Not Raining
2017-8034-8/11/2018,0,0,0,0,1: PDO,Full,2,,60,Rear End,T-Junction,Night,,Not Raining
2017-8035-8/11/2018,0,0,0,0,1: PDO,Full,2,,50,Right Angle,T-Junction,Daylight,,Not Raining
2017-8036-8/11/2018,0,0,0,0,1: PDO,Full,3,,60,Side Swipe,T-Junction,Daylight,,Not Raining
2017-8037-8/11/2018,0,0,0,0,1: PDO,Provisional 2,1,,60,Right Turn,T-Junction,Night,,Not Raining
2017-8038-8/11/2018,1,0,0,1,2: MI,Full,1,,60,Right Angle,Pedestrian Crossing,Night,,Not Raining
2017-8039-8/11/2018,2,0,0,2,2: MI,,1,Y,60,Right Angle,Cross Road,Daylight,,Not Raining
2017-8040-8/11/2018,0,0,0,0,1: PDO,Full,1,,50,Hit Parked Vehicle,Not Divided,Daylight,,Not Raining
2017-8041-8/11/2018,0,0,0,0,1: PDO,Full,1,Y,110,Left Road - Out of Control,Not Divided,Daylight,,Not Raining
2017-8042-8/11/2018,1,0,0,1,2: MI,Full,2,,60,Rear End,Cross Road,Night,,Not Raining
2017-8043-8/11/2018,0,0,0,0,1: PDO,Full,2,,60,Rear End,Cross Road,Daylight,,Not Raining
2017-8044-8/11/2018,0,0,0,0,1: PDO,Provisional 1 ,1,,110,Hit Fixed Object,Not Divided,Daylight,,Not Raining
2017-8045-8/11/2018,0,0,0,0,1: PDO,Full,2,,60,Rear End,Divided Road,Night,,Not Raining
2017-8046-8/11/2018,0,0,0,0,1: PDO,Full,1,,60,Rear End,Divided Road,Daylight,,Not Raining
2017-8047-8/11/2018,0,0,0,0,1: PDO,Unknown,1,,80,Right Angle,Not Divided,Daylight,,Not Raining
2017-8048-8/11/2018,0,0,0,0,1: PDO,,1,,60,Right Angle,Not Divided,Daylight,,Not Raining
2017-8049-8/11/2018,1,0,0,1,2: MI,Unknown,1,,50,Right Angle,Cross Road,Daylight,,Not Raining
2017-8050-8/11/2018,0,0,0,0,1: PDO,Full,1,,50,Rear End,T-Junction,Daylight,,Not Raining
2017-8051-8/11/2018,0,0,0,0,1: PDO,,,,60,Rear End,Divided Road,Daylight,,Not Raining
2017-8052-8/11/2018,0,0,0,0,1: PDO,Full,1,,60,Rear End,Divided Road,Daylight,,Not Raining
2017-8053-8/11/2018,0,0,0,0,1: PDO,Unknown,1,,60,Right Turn,T-Junction,Daylight,,Not Raining
2017-8054-8/11/2018,0,0,0,0,1: PDO,Full,1,,50,Right Angle,Divided Road,Night,,Raining
2017-8055-8/11/2018,2,0,0,2,2: MI,Full,2,,60,Right Angle,Cross Road,Night,,Not Raining
2017-8056-8/11/2018,1,0,0,1,2: MI,Full,2,,60,Rear End,Divided Road,Night,,Not Raining
2017-8057-8/11/2018,0,0,0,0,1: PDO,Full,1,,60,Rear End,Divided Road,Daylight,,Not Raining
2017-8058-8/11/2018,1,0,0,1,2: MI,Full,1,,60,Right Turn,Cross Road,Daylight,,Not Raining
2017-8059-8/11/2018,0,0,0,0,1: PDO,Full,1,,60,Rear End,Divided Road,Daylight,,Not Raining
2017-8060-8/11/2018,0,0,0,0,1: PDO,Full,2,,60,Hit Parked Vehicle,Divided Road,Daylight,,Not Raining
2017-8061-8/11/2018,1,0,0,1,2: MI,Full,1,,60,Side Swipe,Not Divided,Daylight,,Not Raining
2017-8062-8/11/2018,0,0,0,0,1: PDO,Full,1,,80,Hit Fixed Object,Not Divided,Night,,Not Raining
2017-8063-8/11/2018,1,0,0,1,2: MI,Full,1,,50,Right Angle,Cross Road,Night,,Not Raining
2017-8064-8/11/2018,0,0,0,0,1: PDO,Learners,2,,80,Rear End,Not Divided,Night,,Not Raining
2017-8065-8/11/2018,0,0,0,0,1: PDO,Full,1,,50,Hit Parked Vehicle,Not Divided,Night,Y,Not Raining
2017-8066-8/11/2018,0,0,0,0,1: PDO,Full,2,,60,Hit Fixed Object,Divided Road,Night,,Not Raining
2017-8067-8/11/2018,0,0,0,0,1: PDO,Full,1,,50,Hit Parked Vehicle,Not Divided,Night,,Not Raining
2017-8068-8/11/2018,0,0,0,0,1: PDO,Full,3,,60,Side Swipe,Cross Road,Daylight,,Not Raining
2017-8069-8/11/2018,1,0,1,0,3: SI,Full,1,Y,60,Head On,Not Divided,Night,,Not Raining
2017-8070-8/11/2018,0,0,0,0,1: PDO,,0,,60,Side Swipe,Divided Road,Daylight,,Not Raining
2017-8071-8/11/2018,0,0,0,0,1: PDO,Unknown,1,,60,Side Swipe,T-Junction,Daylight,,Not Raining
2017-8072-8/11/2018,1,0,0,1,2: MI,Full,1,,100,Roll Over,Not Divided,Daylight,,Unknown
2017-8073-8/11/2018,0,0,0,0,1: PDO,Provisional 1 ,1,,60,Rear End,Divided Road,Night,,Not Raining
2017-8074-8/11/2018,0,0,0,0,1: PDO,Full,1,,80,Hit Fixed Object,Not Divided,Night,,Raining
2017-8075-8/11/2018,0,0,0,0,1: PDO,Full,1,,100,Hit Animal,Not Divided,Night,,Raining
2017-8076-8/11/2018,2,0,0,2,2: MI,Full,1,,60,Right Angle,T-Junction,Daylight,,Not Raining
2017-8077-8/11/2018,1,0,0,1,2: MI,,0,,60,Hit Pedestrian,Cross Road,Daylight,,Not Raining
2017-8078-8/11/2018,0,0,0,0,1: PDO,Unknown,2,,60,Rear End,Divided Road,Daylight,,Not Raining
2017-8079-8/11/2018,0,0,0,0,1: PDO,Provisional 1 ,1,,60,Right Angle,Cross Road,Daylight,,Not Raining
2017-8080-8/11/2018,2,0,0,2,2: MI,Full,1,,50,Right Angle,Cross Road,Night,,Not Raining
2017-8081-8/11/2018,0,0,0,0,1: PDO,Unknown,1,,60,Side Swipe,T-Junction,Daylight,,Not Raining
2017-8082-8/11/2018,1,0,0,1,2: MI,,,,50,Head On,Multiple,Night,Y,Not Raining
2017-8083-8/11/2018,0,0,0,0,1: PDO,Full,2,,60,Rear End,T-Junction,Daylight,,Not Raining
2017-8084-8/11/2018,0,0,0,0,1: PDO,Full,1,,60,Rear End,Cross Road,Daylight,,Not Raining
2017-8085-8/11/2018,1,0,0,1,2: MI,,,,60,Rear End,T-Junction,Daylight,,Not Raining
2017-8086-8/11/2018,0,0,0,0,1: PDO,Provisional 1 ,2,,60,Right Angle,T-Junction,Daylight,,Not Raining
2017-8087-8/11/2018,0,0,0,0,1: PDO,,,,50,Right Turn,Cross Road,Night,,Not Raining
2017-8088-8/11/2018,1,0,0,1,2: MI,Unknown,2,,60,Roll Over,Divided Road,Night,,Not Raining
2017-8089-8/11/2018,0,0,0,0,1: PDO,,,,60,Side Swipe,T-Junction,Daylight,,Not Raining
2017-8090-8/11/2018,0,0,0,0,1: PDO,Full,1,,60,Right Angle,Cross Road,Daylight,,Not Raining
2017-8091-8/11/2018,0,0,0,0,1: PDO,,,,60,Rear End,T-Junction,Night,,Not Raining
2017-8092-8/11/2018,1,0,0,1,2: MI,Full,1,,50,Right Angle,T-Junction,Daylight,,Not Raining
2017-8093-8/11/2018,1,0,0,1,2: MI,Full,2,,60,Rear End,Divided Road,Daylight,,Unknown
2017-8094-8/11/2018,0,0,0,0,1: PDO,Full,1,,60,Right Turn,T-Junction,Night,,Not Raining
2017-8095-8/11/2018,2,0,1,1,3: SI,Provisional 2,1,,80,Hit Fixed Object,Not Divided,Daylight,,Not Raining
2017-8096-8/11/2018,0,0,0,0,1: PDO,Full,1,,60,Side Swipe,Cross Road,Daylight,,Not Raining
2017-8097-8/11/2018,1,0,0,1,2: MI,Full,5,,50,Right Angle,Cross Road,Daylight,,Not Raining
2017-8098-8/11/2018,1,0,0,1,2: MI,Full,1,,50,Right Angle,Cross Road,Daylight,,Not Raining
2017-8099-8/11/2018,1,0,0,1,2: MI,,,,60,Rear End,Divided Road,Daylight,,Not Raining
2017-8100-8/11/2018,0,0,0,0,1: PDO,Unlicenced,1,,60,Right Angle,Cross Road,Night,,Not Raining
2017-8101-8/11/2018,1,0,0,1,2: MI,Unknown,5,,90,Right Angle,T-Junction,Night,,Not Raining
2017-8102-8/11/2018,0,0,0,0,1: PDO,Full,1,,50,Right Angle,Not Divided,Daylight,,Not Raining
2017-8103-8/11/2018,0,0,0,0,1: PDO,,1,,50,Hit Fixed Object,Not Divided,Night,Y,Not Raining
2017-8104-8/11/2018,0,0,0,0,1: PDO,Unknown,1,Y,100,Hit Fixed Object,Not Divided,Night,,Not Raining
2017-8105-8/11/2018,3,0,0,3,2: MI,Unknown,2,,25,Right Turn,Cross Road,Night,,Not Raining
2017-8106-8/11/2018,0,0,0,0,1: PDO,Full,1,Y,110,Hit Animal,Not Divided,Night,,Not Raining
2017-8107-8/11/2018,0,0,0,0,1: PDO,Full,1,,50,Hit Parked Vehicle,Divided Road,Night,,Not Raining
2017-8108-8/11/2018,0,0,0,0,1: PDO,Full,1,,80,Hit Fixed Object,Not Divided,Night,Y,Not Raining
2017-8109-8/11/2018,1,0,0,1,2: MI,Full,1,,60,Side Swipe,Divided Road,Daylight,,Not Raining
2017-8110-8/11/2018,0,0,0,0,1: PDO,Unknown,1,,50,Hit Fixed Object,T-Junction,Daylight,,Not Raining
2017-8111-8/11/2018,1,0,0,1,2: MI,Full,1,,60,Rear End,Cross Road,Daylight,,Not Raining
2017-8112-8/11/2018,0,0,0,0,1: PDO,Full,1,,60,Right Turn,Cross Road,Daylight,,Not Raining
2017-8113-8/11/2018,0,0,0,0,1: PDO,Full,1,,60,Hit Fixed Object,Not Divided,Daylight,,Not Raining
2017-8114-8/11/2018,1,0,0,1,2: MI,Unknown,1,,60,Rear End,Cross Road,Daylight,,Not Raining
2017-8115-8/11/2018,0,0,0,0,1: PDO,Full,1,,60,Right Turn,Cross Road,Daylight,,Not Raining
2017-8116-8/11/2018,1,0,0,1,2: MI,Full,1,,60,Rear End,Divided Road,Daylight,,Not Raining
2017-8117-8/11/2018,1,0,0,1,2: MI,Unlicenced,1,,50,Rear End,Not Divided,Daylight,,Not Raining
2017-8118-8/11/2018,2,0,0,2,2: MI,Full,1,,70,Rear End,Divided Road,Night,,Not Raining
2017-8119-8/11/2018,0,0,0,0,1: PDO,Full,1,,60,Right Turn,Cross Road,Night,,Not Raining
2017-8120-8/11/2018,0,0,0,0,1: PDO,Provisional 1 ,1,,50,Hit Fixed Object,Not Divided,Night,,Not Raining
2017-8121-8/11/2018,2,0,0,2,2: MI,Full,2,,100,Head On,Not Divided,Daylight,,Not Raining
2017-8122-8/11/2018,0,0,0,0,1: PDO,Full,3,,60,Rear End,T-Junction,Night,,Not Raining
2017-8123-8/11/2018,0,0,0,0,1: PDO,Full,3,,60,Hit Fixed Object,T-Junction,Daylight,,Not Raining
2017-8124-8/11/2018,0,0,0,0,1: PDO,Full,3,,50,Right Angle,Cross Road,Daylight,,Not Raining
2017-8125-8/11/2018,0,0,0,0,1: PDO,Full,2,,60,Side Swipe,Not Divided,Daylight,,Not Raining
2017-8126-8/11/2018,2,2,0,0,4: Fatal,,0,,100,Hit Fixed Object,Not Divided,Night,Y,Not Raining
2017-8127-8/11/2018,0,0,0,0,1: PDO,Full,1,,100,Roll Over,Not Divided,Daylight,,Raining
2017-8128-8/11/2018,0,0,0,0,1: PDO,Full,1,,60,Right Angle,Cross Road,Daylight,,Not Raining
2017-8129-8/11/2018,1,0,0,1,2: MI,Full,1,,60,Roll Over,Cross Road,Daylight,,Not Raining
2017-8130-8/11/2018,4,0,0,4,2: MI,Full,1,,60,Side Swipe,Divided Road,Daylight,,Not Raining
2017-8131-8/11/2018,0,0,0,0,1: PDO,Full,1,,60,Right Turn,Cross Road,Night,,Not Raining
2017-8132-8/11/2018,0,0,0,0,1: PDO,Full,1,,50,Right Turn,Not Divided,Daylight,,Not Raining
2017-8133-8/11/2018,0,0,0,0,1: PDO,Full,1,,100,Roll Over,Not Divided,Daylight,,Not Raining
2017-8134-8/11/2018,0,0,0,0,1: PDO,,0,,100,Hit Parked Vehicle,Freeway,Daylight,,Not Raining
2017-8135-8/11/2018,0,0,0,0,1: PDO,Full,2,,110,Hit Fixed Object,Divided Road,Night,,Not Raining
2017-8136-8/11/2018,0,0,0,0,1: PDO,Full,2,,50,Hit Parked Vehicle,Not Divided,Night,,Not Raining
2017-8137-8/11/2018,1,0,0,1,2: MI,Provisional 2,1,,80,Hit Fixed Object,Not Divided,Night,,Not Raining
2017-8138-8/11/2018,0,0,0,0,1: PDO,Full,1,,50,Hit Fixed Object,T-Junction,Night,,Not Raining
2017-8139-8/11/2018,0,0,0,0,1: PDO,Full,1,,60,Hit Parked Vehicle,Not Divided,Night,,Not Raining
2017-8140-8/11/2018,0,0,0,0,1: PDO,Full,1,,60,Right Angle,Cross Road,Daylight,,Not Raining
2017-8141-8/11/2018,0,0,0,0,1: PDO,Full,1,,50,Right Angle,T-Junction,Daylight,,Not Raining
2017-8142-8/11/2018,0,0,0,0,1: PDO,,1,,60,Hit Fixed Object,Pedestrian Crossing,Daylight,,Not Raining
2017-8143-8/11/2018,0,0,0,0,1: PDO,Provisional 2,3,,50,Rear End,Not Divided,Night,,Not Raining
2017-8144-8/11/2018,0,0,0,0,1: PDO,Full,1,,50,Hit Parked Vehicle,Not Divided,Night,,Raining
2017-8145-8/11/2018,0,0,0,0,1: PDO,Full,1,,80,Rear End,Cross Road,Daylight,,Not Raining
2017-8146-8/11/2018,0,0,0,0,1: PDO,Full,1,,100,Hit Fixed Object,Not Divided,Night,,Not Raining
2017-8147-8/11/2018,0,0,0,0,1: PDO,,,,50,Right Turn,Divided Road,Daylight,,Not Raining
2017-8148-8/11/2018,0,0,0,0,1: PDO,,0,,60,Rear End,Divided Road,Daylight,,Not Raining
2017-8149-8/11/2018,0,0,0,0,1: PDO,,0,,80,Right Turn,T-Junction,Daylight,,Not Raining
2017-8150-8/11/2018,0,0,0,0,1: PDO,Full,1,,50,Hit Parked Vehicle,Not Divided,Daylight,,Not Raining
2017-8151-8/11/2018,0,0,0,0,1: PDO,,,,60,Hit Parked Vehicle,Divided Road,Daylight,,Not Raining
2017-8152-8/11/2018,0,0,0,0,1: PDO,Provisional 2,3,,110,Hit Fixed Object,Not Divided,Daylight,,Not Raining
2017-8153-8/11/2018,1,1,0,0,4: Fatal,Unknown,1,,80,Hit Fixed Object,Not Divided,Daylight,,Not Raining
2017-8154-8/11/2018,0,0,0,0,1: PDO,,0,,60,Head On,Not Divided,Night,,Not Raining
2017-8155-8/11/2018,0,0,0,0,1: PDO,Full,1,,60,Side Swipe,Divided Road,Daylight,,Not Raining
2017-8156-8/11/2018,1,0,0,1,2: MI,Unlicenced,3,,50,Hit Fixed Object,Not Divided,Night,Y,Not Raining
2017-8157-8/11/2018,2,0,0,2,2: MI,Provisional 2,2,,80,Rear End,Cross Road,Daylight,,Not Raining
2017-8158-8/11/2018,1,0,1,0,3: SI,,,,50,Right Turn,Cross Road,Daylight,,Not Raining
2017-8159-8/11/2018,1,0,0,1,2: MI,Provisional 2,1,,50,Roll Over,Not Divided,Night,Y,Not Raining
2017-8160-8/11/2018,0,0,0,0,1: PDO,,,,60,Right Angle,Cross Road,Night,,Not Raining
2017-8161-8/11/2018,0,0,0,0,1: PDO,,,,50,Hit Pedestrian,Cross Road,Night,,Not Raining
2017-8162-8/11/2018,0,0,0,0,1: PDO,Full,1,,50,Head On,Not Divided,Daylight,,Not Raining
2017-8163-8/11/2018,0,0,0,0,1: PDO,Full,1,,50,Hit Parked Vehicle,Divided Road,Night,,Not Raining
2017-8164-8/11/2018,0,0,0,0,1: PDO,Full,1,,50,Right Angle,Cross Road,Night,,Not Raining
2017-8165-8/11/2018,0,0,0,0,1: PDO,Full,1,,110,Hit Fixed Object,Not Divided,Night,,Not Raining
2017-8166-8/11/2018,1,0,0,1,2: MI,Full,2,,110,Hit Animal,Not Divided,Night,,Not Raining