REPORT_ID,Total Cas,Total Fats,Total SI,Total MI,CSEF Severity,Licence Type,Number Occupants,Drugs Involved,Area Speed,Crash Type,Position Type,DayNight,DUI Involved,Weather Cond
2017-8167-8/11/2018,1,0,0,1,2: MI,Full,1,,80,Head On,Not Divided,Daylight,,Not Raining
2017-8168-8/11/2018,0,0,0,0,1: PDO,,,,60,Rear End,Divided Road,Daylight,,Not Raining
2017-8169-8/11/2018,1,0,0,1,2: MI,Full,1,,50,Right Angle,T-Junction,Daylight,,Not Raining
2017-8170-8/11/2018,1,0,0,1,2: MI,Unknown,1,,60,Rear End,Divided Road,Daylight,,Not Raining
2017-8171-8/11/2018,0,0,0,0,1: PDO,Provisional 2,2,,60,Rear End,Not Divided,Daylight,,Not Raining
2017-8172-8/11/2018,1,0,0,1,2: MI,Full,2,,60,Right Angle,Cross Road,Daylight,,Not Raining
2017-8173-8/11/2018,1,0,0,1,2: MI,Full,1,,50,Right Angle,T-Junction,Daylight,,Not Raining
2017-8174-8/11/2018,1,0,0,1,2: MI,Full,1,,90,Rear End,Freeway,Daylight,,Not Raining
2017-8175-8/11/2018,1,0,0,1,2: MI,Full,3,,60,Rear End,Divided Road,Daylight,,Not Raining
2017-8176-8/11/2018,1,0,0,1,2: MI,Full,2,,60,Right Turn,Cross Road,Daylight,,Not Raining
2017-8177-8/11/2018,0,0,0,0,1: PDO,Full,1,,60,Right Turn,T-Junction,Daylight,,Not Raining
2017-8178-8/11/2018,1,0,0,1,2: MI,Full,1,,60,Right Turn,T-Junction,Daylight,,Not Raining
2017-8179-8/11/2018,2,0,1,1,3: SI,Full,1,Y,50,Hit Fixed Object,Not Divided,Night,Y,Not Raining
2017-8180-8/11/2018,0,0,0,0,1: PDO,Full,1,,50,Hit Parked Vehicle,Divided Road,Daylight,,Not Raining
2017-8181-8/11/2018,1,0,0,1,2: MI,Full,1,,60,Rear End,Divided Road,Daylight,,Not Raining
2017-8182-8/11/2018,1,0,0,1,2: MI,Full,2,,50,Hit Parked Vehicle,Not Divided,Daylight,,Not Raining
2017-8183-8/11/2018,1,0,0,1,2: MI,Full,3,,70,Right Turn,T-Junction,Daylight,,Not Raining
2017-8184-8/11/2018,0,0,0,0,1: PDO,Unknown,1,,60,Right Turn,Cross Road,Daylight,,Not Raining
2017-8185-8/11/2018,0,0,0,0,1: PDO,Full,2,,80,Right Angle,Cross Road,Daylight,,Not Raining
2017-8186-8/11/2018,0,0,0,0,1: PDO,Full,1,,100,Hit Fixed Object,T-Junction,Night,,Unknown
2017-8187-8/11/2018,1,0,0,1,2: MI,Full,1,,60,Rear End,Divided Road,Daylight,,Not Raining
2017-8188-8/11/2018,0,0,0,0,1: PDO,Full,1,,50,Side Swipe,Divided Road,Night,,Not Raining
2017-8189-8/11/2018,0,0,0,0,1: PDO,Unknown,1,,60,Roll Over,T-Junction,Daylight,,Not Raining
2017-8190-8/11/2018,0,0,0,0,1: PDO,Full,1,,60,Right Turn,T-Junction,Daylight,,Not Raining
2017-8191-8/11/2018,0,0,0,0,1: PDO,Unknown,1,,60,Side Swipe,T-Junction,Daylight,,Not Raining
2017-8192-8/11/2018,0,0,0,0,1: PDO,,0,,60,Rear End,Divided Road,Daylight,,Not Raining
2017-8193-8/11/2018,0,0,0,0,1: PDO,Unknown,1,,60,Rear End,Divided Road,Daylight,,Not Raining
2017-8194-8/11/2018,0,0,0,0,1: PDO,Full,2,,60,Rear End,Divided Road,Daylight,,Raining
2017-8195-8/11/2018,0,0,0,0,1: PDO,,,,90,Side Swipe,Freeway,Daylight,,Not Raining
2017-8196-8/11/2018,1,0,0,1,2: MI,,0,,60,Right Angle,Cross Road,Night,,Not Raining
2017-8197-8/11/2018,0,0,0,0,1: PDO,Full,1,,110,Hit Fixed Object,Not Divided,Daylight,,Not Raining
2017-8198-8/11/2018,0,0,0,0,1: PDO,Full,1,,50,Rear End,Not Divided,Night,,Not Raining
2017-8199-8/11/2018,0,0,0,0,1: PDO,Full,2,,60,Side Swipe,Divided Road,Night,,Not Raining
2017-8200-8/11/2018,0,0,0,0,1: PDO,Full,1,,60,Rear End,Divided Road,Daylight,,Not Raining
2017-8201-8/11/2018,1,0,0,1,2: MI,Full,1,,60,Hit Pedestrian,Divided Road,Night,,Not Raining
2017-8202-8/11/2018,0,0,0,0,1: PDO,Full,1,,100,Hit Animal,Not Divided,Night,,Raining
2017-8203-8/11/2018,2,1,1,0,4: Fatal,Unknown,1,,60,Right Angle,T-Junction,Night,,Raining
2017-8204-8/11/2018,0,0,0,0,1: PDO,Unknown,1,,50,Hit Fixed Object,Not Divided,Night,,Raining
2017-8205-8/11/2018,2,0,0,2,2: MI,Full,1,Y,60,Hit Fixed Object,Divided Road,Night,,Raining
2017-8206-8/11/2018,0,0,0,0,1: PDO,Full,2,,60,Right Turn,Cross Road,Night,,Raining
2017-8207-8/11/2018,0,0,0,0,1: PDO,Full,2,,70,Side Swipe,T-Junction,Night,,Not Raining
2017-8208-8/11/2018,0,0,0,0,1: PDO,Full,1,,60,Side Swipe,Not Divided,Night,,Raining
2017-8209-8/11/2018,0,0,0,0,1: PDO,,,,60,Rear End,Multiple,Daylight,,Not Raining
2017-8210-8/11/2018,0,0,0,0,1: PDO,Full,2,,80,Rear End,T-Junction,Daylight,,Raining
2017-8211-8/11/2018,1,0,0,1,2: MI,Unknown,1,,60,Rear End,T-Junction,Daylight,,Not Raining
2017-8212-8/11/2018,1,0,0,1,2: MI,Full,1,,60,Rear End,Divided Road,Daylight,,Raining
2017-8213-8/11/2018,0,0,0,0,1: PDO,Full,1,,50,Side Swipe,Not Divided,Daylight,,Not Raining
2017-8214-8/11/2018,2,0,0,2,2: MI,,0,,60,Rear End,Divided Road,Daylight,,Raining
2017-8215-8/11/2018,0,0,0,0,1: PDO,Full,1,,60,Side Swipe,T-Junction,Daylight,,Not Raining
2017-8216-8/11/2018,0,0,0,0,1: PDO,,0,,60,Right Angle,Not Divided,Daylight,,Not Raining
2017-8217-8/11/2018,0,0,0,0,1: PDO,,,,80,Right Angle,Cross Road,Daylight,,Raining
2017-8218-8/11/2018,0,0,0,0,1: PDO,Full,1,,60,Rear End,Cross Road,Daylight,,Raining
2017-8219-8/11/2018,1,0,0,1,2: MI,Full,1,,60,Side Swipe,Divided Road,Night,,Raining
2017-8220-8/11/2018,1,0,0,1,2: MI,Provisional 2,1,,60,Hit Fixed Object,Divided Road,Daylight,,Raining
2017-8221-8/11/2018,0,0,0,0,1: PDO,Full,1,,60,Side Swipe,Divided Road,Daylight,,Not Raining
2017-8222-8/11/2018,2,0,0,2,2: MI,Learners,2,,60,Rear End,Divided Road,Daylight,,Raining
2017-8223-8/11/2018,1,0,0,1,2: MI,,,,60,Rear End,Cross Road,Daylight,,Not Raining
2017-8224-8/11/2018,0,0,0,0,1: PDO,,,,60,Side Swipe,Divided Road,Daylight,,Not Raining
2017-8225-8/11/2018,0,0,0,0,1: PDO,Full,2,,60,Right Angle,T-Junction,Daylight,,Raining
2017-8226-8/11/2018,0,0,0,0,1: PDO,Full,1,,50,Rear End,Cross Road,Daylight,,Raining
2017-8227-8/11/2018,0,0,0,0,1: PDO,Unknown,1,,50,Side Swipe,Not Divided,Daylight,,Not Raining
2017-8228-8/11/2018,0,0,0,0,1: PDO,,,,60,Hit Fixed Object,Not Divided,Daylight,,Raining
2017-8229-8/11/2018,2,0,0,2,2: MI,Full,1,,60,Right Angle,T-Junction,Daylight,,Raining
2017-8230-8/11/2018,0,0,0,0,1: PDO,,1,,80,Head On,Divided Road,Daylight,,Raining
2017-8231-8/11/2018,0,0,0,0,1: PDO,Full,1,,40,Right Angle,T-Junction,Daylight,,Raining
2017-8232-8/11/2018,0,0,0,0,1: PDO,Full,1,,60,Side Swipe,Not Divided,Daylight,,Raining
2017-8233-8/11/2018,1,0,1,0,3: SI,Unknown,2,,50,Hit Pedestrian,Not Divided,Daylight,,Raining
2017-8234-8/11/2018,2,0,0,2,2: MI,Full,1,,80,Rear End,Divided Road,Daylight,,Raining
2017-8235-8/11/2018,0,0,0,0,1: PDO,Full,1,,50,Rear End,Divided Road,Night,,Not Raining
2017-8236-8/11/2018,0,0,0,0,1: PDO,Full,1,,60,Rear End,T-Junction,Night,,Not Raining
2017-8237-8/11/2018,0,0,0,0,1: PDO,Full,1,,100,Rear End,Interchange,Night,,Raining
2017-8238-8/11/2018,1,0,0,1,2: MI,Full,2,,50,Side Swipe,Not Divided,Daylight,,Raining
2017-8239-8/11/2018,0,0,0,0,1: PDO,,,,80,Rear End,Not Divided,Night,,Raining
2017-8240-8/11/2018,0,0,0,0,1: PDO,Full,1,,50,Right Turn,Cross Road,Night,,Not Raining
2017-8241-8/11/2018,0,0,0,0,1: PDO,Full,1,,50,Right Turn,Cross Road,Night,,Raining
2017-8242-8/11/2018,1,0,0,1,2: MI,Full,1,,50,Hit Parked Vehicle,Not Divided,Night,,Raining
2017-8243-8/11/2018,1,0,0,1,2: MI,Full,1,,110,Hit Fixed Object,Not Divided,Daylight,,Not Raining
2017-8244-8/11/2018,2,0,1,1,3: SI,Full,1,,60,Side Swipe,Not Divided,Night,,Not Raining
2017-8245-8/11/2018,1,0,0,1,2: MI,Full,1,,100,Hit Fixed Object,Not Divided,Night,,Not Raining
2017-8246-8/11/2018,1,0,0,1,2: MI,Full,2,,60,Hit Fixed Object,Cross Road,Night,Y,Not Raining
2017-8247-8/11/2018,0,0,0,0,1: PDO,Full,1,,50,Hit Fixed Object,T-Junction,Night,,Not Raining
2017-8248-8/11/2018,1,0,0,1,2: MI,Full,2,,100,Roll Over,Not Divided,Daylight,,Raining
2017-8249-8/11/2018,0,0,0,0,1: PDO,,,,60,Rear End,Not Divided,Daylight,,Not Raining
2017-8250-8/11/2018,0,0,0,0,1: PDO,Full,1,,110,Roll Over,Divided Road,Daylight,,Not Raining
2017-8251-8/11/2018,0,0,0,0,1: PDO,Full,1,,50,Hit Parked Vehicle,Not Divided,Daylight,,Raining
2017-8252-8/11/2018,1,0,0,1,2: MI,Unknown,1,,90,Hit Fixed Object,Cross Road,Night,,Not Raining
2017-8253-8/11/2018,0,0,0,0,1: PDO,Full,1,,50,Right Angle,T-Junction,Daylight,,Raining
2017-8254-8/11/2018,2,0,0,2,2: MI,Unknown,1,,60,Rear End,T-Junction,Daylight,,Not Raining
2017-8255-8/11/2018,0,0,0,0,1: PDO,Unknown,1,,60,Hit Fixed Object,Not Divided,Night,,Raining
2017-8256-8/11/2018,0,0,0,0,1: PDO,,0,,110,Left Road - Out of Control,Not Divided,Daylight,,Raining
2017-8257-8/11/2018,1,0,0,1,2: MI,Provisional 1 ,1,,60,Right Angle,Cross Road,Daylight,,Raining
2017-8258-8/11/2018,1,0,0,1,2: MI,Full,1,,60,Rear End,Divided Road,Daylight,,Raining
2017-8259-8/11/2018,1,0,0,1,2: MI,,0,,60,Rear End,Cross Road,Daylight,,Not Raining
2017-8260-8/11/2018,0,0,0,0,1: PDO,,0,,90,Side Swipe,Interchange,Daylight,,Raining
2017-8261-8/11/2018,2,0,0,2,2: MI,Full,1,,60,Right Angle,Cross Road,Daylight,,Not Raining
2017-8262-8/11/2018,1,0,0,1,2: MI,Full,1,,60,Hit Parked Vehicle,Divided Road,Daylight,,Not Raining
2017-8263-8/11/2018,0,0,0,0,1: PDO,Full,1,,50,Hit Fixed Object,Not Divided,Daylight,,Not Raining
2017-8264-8/11/2018,0,0,0,0,1: PDO,,,,60,Other,Rail Crossing,Daylight,,Not Raining
2017-8265-8/11/2018,0,0,0,0,1: PDO,Unlicenced,1,,50,Right Angle,Not Divided,Daylight,,Not Raining
2017-8266-8/11/2018,1,0,0,1,2: MI,,,,50,Right Angle,Not Divided,Daylight,,Not Raining
2017-8267-8/11/2018,0,0,0,0,1: PDO,Full,1,,50,Hit Fixed Object,Divided Road,Daylight,,Not Raining
2017-8268-8/11/2018,0,0,0,0,1: PDO,Unknown,1,,50,Hit Fixed Object,T-Junction,Night,,Raining
2017-8269-8/11/2018,0,0,0,0,1: PDO,Unknown,2,,60,Right Angle,T-Junction,Daylight,,Not Raining
2017-8270-8/11/2018,1,0,0,1,2: MI,Full,1,,60,Rear End,Divided Road,Daylight,,Raining
2017-8271-8/11/2018,2,0,1,1,3: SI,Full,2,,110,Head On,Not Divided,Daylight,,Raining
2017-8272-8/11/2018,1,0,0,1,2: MI,Provisional 2,1,,60,Rear End,Cross Road,Night,,Raining
2017-8273-8/11/2018,0,0,0,0,1: PDO,Full,1,,60,Rear End,Divided Road,Daylight,,Not Raining
2017-8274-8/11/2018,1,0,0,1,2: MI,Full,1,,50,Hit Parked Vehicle,Not Divided,Night,,Not Raining
2017-8275-8/11/2018,0,0,0,0,1: PDO,,,,90,Rear End,Divided Road,Daylight,,Raining
2017-8276-8/11/2018,4,0,4,0,3: SI,Full,1,,60,Right Turn,T-Junction,Night,,Raining
2017-8277-8/11/2018,1,0,0,1,2: MI,Unknown,1,,50,Roll Over,Divided Road,Night,,Not Raining
2017-8278-8/11/2018,0,0,0,0,1: PDO,Full,1,,80,Hit Fixed Object,Not Divided,Daylight,,Not Raining
2017-8279-8/11/2018,2,0,0,2,2: MI,Full,1,,60,Right Angle,Cross Road,Daylight,,Not Raining
2017-8280-8/11/2018,0,0,0,0,1: PDO,Full,1,,40,Hit Parked Vehicle,Not Divided,Daylight,,Not Raining
2017-8281-8/11/2018,1,0,0,1,2: MI,Full,1,,60,Right Turn,T-Junction,Daylight,,Not Raining
2017-8282-8/11/2018,1,0,0,1,2: MI,Unknown,1,,60,Side Swipe,Cross Road,Night,,Raining
2017-8283-8/11/2018,0,0,0,0,1: PDO,Unknown,1,,50,Right Angle,Cross Road,Daylight,,Not Raining
2017-8284-8/11/2018,0,0,0,0,1: PDO,Full,1,,50,Right Turn,Cross Road,Daylight,,Not Raining
2017-8285-8/11/2018,0,0,0,0,1: PDO,Full,1,,60,Right Turn,T-Junction,Daylight,,Not Raining
2017-8286-8/11/2018,0,0,0,0,1: PDO,Unknown,3,,60,Rear End,T-Junction,Daylight,,Not Raining
2017-8287-8/11/2018,0,0,0,0,1: PDO,Full,1,,40,Hit Fixed Object,T-Junction,Daylight,,Not Raining
2017-8288-8/11/2018,1,0,0,1,2: MI,Full,1,,70,Right Angle,T-Junction,Daylight,,Raining
2017-8289-8/11/2018,1,0,0,1,2: MI,Unknown,1,,60,Rear End,Cross Road,Night,,Not Raining
2017-8290-8/11/2018,0,0,0,0,1: PDO,Full,2,,40,Right Angle,Cross Road,Daylight,,Not Raining
2017-8291-8/11/2018,0,0,0,0,1: PDO,Unknown,1,,60,Right Angle,Cross Road,Night,,Not Raining
2017-8292-8/11/2018,0,0,0,0,1: PDO,Unlicenced,2,,60,Right Angle,T-Junction,Night,,Not Raining
2017-8293-8/11/2018,0,0,0,0,1: PDO,Full,1,,60,Side Swipe,Not Divided,Daylight,,Not Raining
2017-8294-8/11/2018,0,0,0,0,1: PDO,Full,1,,90,Hit Fixed Object,Freeway,Daylight,,Raining
2017-8295-8/11/2018,0,0,0,0,1: PDO,,,,60,Rear End,Cross Road,Daylight,,Not Raining
2017-8296-8/11/2018,0,0,0,0,1: PDO,Provisional 2,1,,60,Hit Parked Vehicle,Divided Road,Daylight,,Not Raining
2017-8297-8/11/2018,0,0,0,0,1: PDO,Unknown,1,,50,Hit Fixed Object,Cross Road,Night,,Raining
2017-8298-8/11/2018,1,0,0,1,2: MI,Unknown,1,,60,Right Angle,Not Divided,Daylight,,Not Raining
2017-8299-8/11/2018,1,0,0,1,2: MI,Full,1,,60,Right Turn,T-Junction,Night,,Not Raining
2017-8300-8/11/2018,0,0,0,0,1: PDO,Full,1,,50,Side Swipe,Cross Road,Daylight,,Not Raining
2017-8301-8/11/2018,0,0,0,0,1: PDO,Full,1,,80,Rear End,T-Junction,Daylight,,Not Raining
2017-8302-8/11/2018,1,0,0,1,2: MI,Probationary,2,,50,Right Angle,Not Divided,Daylight,,Not Raining
2017-8303-8/11/2018,1,0,0,1,2: MI,Full,1,,60,Rear End,T-Junction,Daylight,,Not Raining
2017-8304-8/11/2018,0,0,0,0,1: PDO,Full,1,,60,Right Angle,Divided Road,Daylight,,Raining
2017-8305-8/11/2018,0,0,0,0,1: PDO,,,,60,Side Swipe,Not Divided,Daylight,,Not Raining
2017-8306-8/11/2018,0,0,0,0,1: PDO,Full,1,,60,Rear End,Not Divided,Daylight,,Not Raining
2017-8307-8/11/2018,0,0,0,0,1: PDO,Full,1,,40,Side Swipe,T-Junction,Daylight,,Not Raining
2017-8308-8/11/2018,1,0,0,1,2: MI,Full,1,,50,Hit Pedestrian,T-Junction,Daylight,,Raining
2017-8309-8/11/2018,0,0,0,0,1: PDO,Full,2,,60,Rear End,Divided Road,Daylight,,Not Raining
2017-8310-8/11/2018,0,0,0,0,1: PDO,,0,,60,Right Angle,Not Divided,Daylight,,Not Raining
2017-8311-8/11/2018,0,0,0,0,1: PDO,,0,,50,Rear End,Not Divided,Daylight,,Unknown
2017-8312-8/11/2018,1,0,0,1,2: MI,,0,,60,Rear End,T-Junction,Daylight,,Raining
2017-8313-8/11/2018,0,0,0,0,1: PDO,Unlicenced,1,,60,Right Angle,T-Junction,Night,,Not Raining
2017-8314-8/11/2018,1,0,0,1,2: MI,,,,60,Rear End,Cross Road,Daylight,,Not Raining
2017-8315-8/11/2018,1,0,0,1,2: MI,Full,1,Y,60,Roll Over,Divided Road,Daylight,,Not Raining
2017-8316-8/11/2018,0,0,0,0,1: PDO,,,,100,Left Road - Out of Control,Not Divided,Night,,Raining
2017-8317-8/11/2018,0,0,0,0,1: PDO,Full,30,,60,Hit Parked Vehicle,Not Divided,Night,Y,Raining
2017-8318-8/11/2018,0,0,0,0,1: PDO,Provisional 2,1,,80,Hit Fixed Object,Divided Road,Night,,Not Raining
2017-8319-8/11/2018,0,0,0,0,1: PDO,Provisional 1 ,1,,50,Hit Fixed Object,Not Divided,Night,,Not Raining
2017-8320-8/11/2018,0,0,0,0,1: PDO,Full,3,,60,Right Angle,Not Divided,Daylight,,Not Raining
2017-8321-8/11/2018,0,0,0,0,1: PDO,Full,1,,60,Hit Parked Vehicle,Not Divided,Night,,Not Raining
2017-8322-8/11/2018,0,0,0,0,1: PDO,Provisional 1 ,1,,50,Rear End,Not Divided,Daylight,,Not Raining
2017-8323-8/11/2018,0,0,0,0,1: PDO,,1,,90,Other,Divided Road,Daylight,,Not Raining
2017-8324-8/11/2018,0,0,0,0,1: PDO,Full,1,,50,Hit Fixed Object,Not Divided,Night,,Not Raining
2017-8325-8/11/2018,0,0,0,0,1: PDO,Unknown,1,,60,Rear End,Divided Road,Daylight,,Not Raining
2017-8326-8/11/2018,1,0,0,1,2: MI,Unknown,2,,100,Hit Fixed Object,Not Divided,Daylight,,Raining
2017-8327-8/11/2018,1,0,0,1,2: MI,Full,1,,50,Right Angle,Cross Road,Daylight,,Not Raining
2017-8328-8/11/2018,1,0,0,1,2: MI,Full,2,,50,Side Swipe,Cross Road,Daylight,,Not Raining
2017-8329-8/11/2018,0,0,0,0,1: PDO,Full,3,,60,Right Angle,T-Junction,Daylight,,Not Raining
2017-8330-8/11/2018,0,0,0,0,1: PDO,Full,1,,50,Right Angle,Cross Road,Daylight,,Not Raining
2017-8331-8/11/2018,0,0,0,0,1: PDO,Full,1,,80,Side Swipe,Divided Road,Daylight,,Not Raining
2017-8332-8/11/2018,1,0,0,1,2: MI,Unlicenced,3,,60,Rear End,Divided Road,Daylight,,Not Raining
2017-8333-8/11/2018,0,0,0,0,1: PDO,,,,110,Hit Animal,Not Divided,Night,,Not Raining
2017-8334-8/11/2018,1,0,0,1,2: MI,Full,4,,60,Rear End,Cross Road,Daylight,,Not Raining
2017-8335-8/11/2018,0,0,0,0,1: PDO,Learners,3,,50,Rear End,Not Divided,Daylight,,Not Raining
2017-8336-8/11/2018,0,0,0,0,1: PDO,Provisional 1 ,1,,60,Rear End,Not Divided,Daylight,,Not Raining
2017-8337-8/11/2018,0,0,0,0,1: PDO,Full,5,,60,Side Swipe,Divided Road,Daylight,,Raining
2017-8338-8/11/2018,0,0,0,0,1: PDO,Full,1,,80,Hit Parked Vehicle,Not Divided,Daylight,,Not Raining
2017-8339-8/11/2018,1,0,0,1,2: MI,Full,1,,60,Rear End,T-Junction,Daylight,,Raining
2017-8340-8/11/2018,0,0,0,0,1: PDO,Unknown,1,,50,Rear End,T-Junction,Daylight,,Raining
2017-8341-8/11/2018,0,0,0,0,1: PDO,Full,1,,60,Side Swipe,Divided Road,Daylight,,Not Raining
2017-8342-8/11/2018,0,0,0,0,1: PDO,,,,60,Rear End,Divided Road,Night,,Not Raining
2017-8343-8/11/2018,1,1,0,0,4: Fatal,Probationary,1,,60,Right Angle,Divided Road,Daylight,Y,Not Raining
2017-8344-8/11/2018,1,0,0,1,2: MI,,,,110,Hit Fixed Object,Not Divided,Night,,Not Raining
2017-8345-8/11/2018,0,0,0,0,1: PDO,Full,1,,60,Rear End,T-Junction,Night,,Not Raining
2017-8346-8/11/2018,1,0,0,1,2: MI,,,,110,Right Angle,T-Junction,Night,,Not Raining
2017-8347-8/11/2018,0,0,0,0,1: PDO,Full,4,,60,Rear End,Multiple,Night,,Raining
2017-8348-8/11/2018,0,0,0,0,1: PDO,Unknown,1,,100,Hit Animal,Divided Road,Night,,Not Raining
2017-8349-8/11/2018,1,0,1,0,3: SI,Provisional 1 ,1,,100,Hit Fixed Object,Not Divided,Night,,Not Raining
2017-8350-8/11/2018,3,0,0,3,2: MI,,1,,80,Hit Fixed Object,Not Divided,Night,,Not Raining
2017-8351-8/11/2018,0,0,0,0,1: PDO,Provisional 2,3,,60,Hit Fixed Object,One Way,Night,,Not Raining
2017-8352-8/11/2018,0,0,0,0,1: PDO,Full,1,,60,Hit Fixed Object,Divided Road,Night,,Not Raining
2017-8353-8/11/2018,1,0,0,1,2: MI,,1,Y,50,Hit Fixed Object,Not Divided,Night,Y,Not Raining
2017-8354-8/11/2018,0,0,0,0,1: PDO,,,,50,Hit Fixed Object,Not Divided,Daylight,,Not Raining
2017-8355-8/11/2018,0,0,0,0,1: PDO,Full,1,,50,Hit Parked Vehicle,Not Divided,Daylight,,Not Raining
2017-8356-8/11/2018,0,0,0,0,1: PDO,Full,2,,60,Roll Over,Not Divided,Daylight,,Not Raining
2017-8357-8/11/2018,0,0,0,0,1: PDO,Full,1,,50,Hit Fixed Object,T-Junction,Daylight,,Not Raining
2017-8358-8/11/2018,0,0,0,0,1: PDO,,,,80,Hit Fixed Object,Not Divided,Daylight,,Raining
2017-8359-8/11/2018,0,0,0,0,1: PDO,Full,4,,60,Right Angle,Divided Road,Daylight,,Not Raining
2017-8360-8/11/2018,0,0,0,0,1: PDO,Provisional 2,1,,60,Right Angle,T-Junction,Daylight,,Not Raining
2017-8361-8/11/2018,0,0,0,0,1: PDO,Full,2,,50,Rear End,T-Junction,Daylight,,Not Raining
2017-8362-8/11/2018,0,0,0,0,1: PDO,Full,1,,60,Right Turn,T-Junction,Daylight,,Not Raining
2017-8363-8/11/2018,0,0,0,0,1: PDO,Unknown,2,,60,Right Angle,Cross Road,Daylight,,Not Raining
2017-8364-8/11/2018,0,0,0,0,1: PDO,Full,3,,80,Rear End,Cross Road,Daylight,,Not Raining
2017-8365-8/11/2018,0,0,0,0,1: PDO,Full,1,,60,Hit Parked Vehicle,Not Divided,Night,,Raining
2017-8366-8/11/2018,0,0,0,0,1: PDO,Full,1,,60,Side Swipe,Divided Road,Daylight,,Raining
2017-8367-8/11/2018,1,0,0,1,2: MI,Full,2,,50,Hit Pedestrian,Not Divided,Daylight,,Not Raining
2017-8368-8/11/2018,1,0,0,1,2: MI,Full,1,,80,Rear End,Divided Road,Daylight,,Not Raining
2017-8369-8/11/2018,1,0,0,1,2: MI,,,,60,Rear End,Not Divided,Daylight,,Not Raining
2017-8370-8/11/2018,0,0,0,0,1: PDO,Full,1,,50,Right Angle,Cross Road,Night,Y,Not Raining
2017-8371-8/11/2018,3,0,1,2,3: SI,Full,3,,100,Hit Fixed Object,Not Divided,Daylight,,Not Raining
2017-8372-8/11/2018,1,0,0,1,2: MI,Full,1,,60,Right Turn,Cross Road,Night,,Not Raining
2017-8373-8/11/2018,1,0,0,1,2: MI,Full,2,,60,Right Angle,T-Junction,Night,Y,Not Raining
2017-8374-8/11/2018,0,0,0,0,1: PDO,Full,1,,50,Side Swipe,Not Divided,Night,,Not Raining
2017-8375-8/11/2018,0,0,0,0,1: PDO,Full,2,,60,Right Angle,Cross Road,Daylight,,Not Raining
2017-8376-8/11/2018,1,0,0,1,2: MI,Full,1,,60,Right Turn,T-Junction,Daylight,,Not Raining
2017-8377-8/11/2018,0,0,0,0,1: PDO,Unknown,1,,60,Rear End,Cross Road,Daylight,,Not Raining
2017-8378-8/11/2018,0,0,0,0,1: PDO,Unknown,1,,50,Right Angle,T-Junction,Daylight,,Not Raining
2017-8379-8/11/2018,0,0,0,0,1: PDO,Full,1,,60,Rear End,Divided Road,Daylight,,Not Raining
2017-8380-8/11/2018,0,0,0,0,1: PDO,,,,60,Side Swipe,Divided Road,Daylight,,Not Raining
2017-8381-8/11/2018,0,0,0,0,1: PDO,,,,50,Side Swipe,Cross Road,Daylight,,Not Raining
2017-8382-8/11/2018,0,0,0,0,1: PDO,Full,1,,60,Right Turn,Cross Road,Night,,Not Raining
2017-8383-8/11/2018,0,0,0,0,1: PDO,Full,1,,80,Hit Fixed Object,Not Divided,Night,,Not Raining
2017-8384-8/11/2018,0,0,0,0,1: PDO,,,,60,Rear End,Cross Road,Night,,Not Raining
2017-8385-8/11/2018,1,0,0,1,2: MI,Provisional 1 ,3,,70,Hit Fixed Object,T-Junction,Night,,Not Raining
2017-8386-8/11/2018,2,0,1,1,3: SI,,,,110,Roll Over,Not Divided,Daylight,,Not Raining
2017-8387-8/11/2018,0,0,0,0,1: PDO,Provisional 1 ,1,,50,Right Turn,Cross Road,Night,,Not Raining
2017-8388-8/11/2018,0,0,0,0,1: PDO,,0,,60,Hit Fixed Object,T-Junction,Night,,Not Raining
2017-8389-8/11/2018,2,0,2,0,3: SI,,0,,110,Right Angle,T-Junction,Daylight,,Not Raining