REPORT_ID,Total Cas,Total Fats,Total SI,Total MI,CSEF Severity,Licence Type,Number Occupants,Drugs Involved,Area Speed,Crash Type,Position Type,DayNight,DUI Involved,Weather Cond
2017-8390-8/11/2018,0,0,0,0,1: PDO,,0,,40,Hit Fixed Object,Not Divided,Daylight,,Not Raining
2017-8391-8/11/2018,2,1,0,1,4: Fatal,,0,,80,Right Angle,Cross Road,Night,,Not Raining
2017-8392-8/11/2018,0,0,0,0,1: PDO,Full,1,,50,Right Angle,Not Divided,Daylight,,Not Raining
2017-8393-8/11/2018,1,0,1,0,3: SI,,,Y,80,Hit Fixed Object,T-Junction,Daylight,,Not Raining
2017-8394-8/11/2018,0,0,0,0,1: PDO,Full,1,,110,Hit Animal,Not Divided,Night,,Not Raining
2017-8395-8/11/2018,0,0,0,0,1: PDO,Full,1,,110,Roll Over,Not Divided,Daylight,,Not Raining
2017-8396-8/11/2018,2,0,0,2,2: MI,Full,3,,60,Rear End,T-Junction,Daylight,,Not Raining
2017-8397-8/11/2018,0,0,0,0,1: PDO,Full,1,,60,Right Angle,T-Junction,Daylight,,Not Raining
2017-8398-8/11/2018,0,0,0,0,1: PDO,Full,1,,90,Rear End,T-Junction,Daylight,,Not Raining
2017-8399-8/11/2018,0,0,0,0,1: PDO,,,,60,Right Angle,T-Junction,Daylight,,Not Raining
2017-8400-8/11/2018,1,0,0,1,2: MI,Probationary,2,,50,Right Turn,Cross Road,Daylight,,Not Raining
2017-8401-8/11/2018,0,0,0,0,1: PDO,Full,1,,80,Hit Fixed Object,Not Divided,Daylight,,Not Raining
2017-8402-8/11/2018,0,0,0,0,1: PDO,,0,,80,Rear End,T-Junction,Daylight,,Not Raining
2017-8403-8/11/2018,0,0,0,0,1: PDO,Full,1,,80,Hit Fixed Object,Not Divided,Night,,Not Raining
2017-8404-8/11/2018,1,0,0,1,2: MI,Full,1,,60,Right Turn,Cross Road,Daylight,,Not Raining
2017-8405-8/11/2018,0,0,0,0,1: PDO,Full,1,,100,Hit Fixed Object,Freeway,Night,,Not Raining
2017-8406-8/11/2018,1,0,0,1,2: MI,Provisional 1 ,1,,50,Hit Parked Vehicle,T-Junction,Daylight,,Not Raining
2017-8407-8/11/2018,0,0,0,0,1: PDO,Provisional 2,2,,50,Hit Fixed Object,Not Divided,Daylight,,Raining
2017-8408-8/11/2018,1,0,0,1,2: MI,Unknown,1,,100,Roll Over,Not Divided,Daylight,,Not Raining
2017-8409-8/11/2018,0,0,0,0,1: PDO,Full,1,,50,Hit Parked Vehicle,Not Divided,Night,,Not Raining
2017-8410-8/11/2018,1,0,0,1,2: MI,,,,60,Right Angle,Cross Road,Daylight,,Raining
2017-8411-8/11/2018,0,0,0,0,1: PDO,Full,1,,60,Right Angle,T-Junction,Daylight,,Raining
2017-8412-8/11/2018,0,0,0,0,1: PDO,,,,60,Right Angle,Cross Road,Night,,Raining
2017-8413-8/11/2018,0,0,0,0,1: PDO,,,,60,Hit Fixed Object,Divided Road,Night,,Raining
2017-8414-8/11/2018,0,0,0,0,1: PDO,Full,1,,50,Hit Fixed Object,T-Junction,Night,,Raining
2017-8415-8/11/2018,0,0,0,0,1: PDO,,1,,110,Hit Fixed Object,Not Divided,Night,,Not Raining
2017-8416-8/11/2018,0,0,0,0,1: PDO,Unknown,1,,100,Head On,Not Divided,Daylight,,Not Raining
2017-8417-8/11/2018,0,0,0,0,1: PDO,Full,1,,60,Rear End,Cross Road,Night,,Raining
2017-8418-8/11/2018,1,0,0,1,2: MI,Full,3,,60,Hit Fixed Object,Cross Road,Night,,Raining
2017-8419-8/11/2018,0,0,0,0,1: PDO,Full,2,,50,Other,Not Divided,Night,,Raining
2017-8420-8/11/2018,0,0,0,0,1: PDO,Full,1,,80,Hit Fixed Object,Not Divided,Night,,Raining
2017-8421-8/11/2018,3,0,1,2,3: SI,,,,110,Head On,Freeway,Night,,Raining
2017-8422-8/11/2018,0,0,0,0,1: PDO,Learners,2,,50,Hit Fixed Object,Not Divided,Night,,Raining
2017-8423-8/11/2018,0,0,0,0,1: PDO,Full,1,,80,Rear End,Divided Road,Daylight,,Not Raining
2017-8424-8/11/2018,1,0,0,1,2: MI,,,,60,Rear End,Divided Road,Daylight,,Raining
2017-8425-8/11/2018,0,0,0,0,1: PDO,Full,2,,100,Left Road - Out of Control,Not Divided,Night,,Raining
2017-8426-8/11/2018,0,0,0,0,1: PDO,,1,,80,Hit Fixed Object,Not Divided,Night,,Not Raining
2017-8427-8/11/2018,1,0,1,0,3: SI,Full,2,,80,Rear End,Not Divided,Daylight,,Not Raining
2017-8428-8/11/2018,0,0,0,0,1: PDO,Full,3,,50,Right Angle,Cross Road,Daylight,,Raining
2017-8429-8/11/2018,0,0,0,0,1: PDO,Full,1,,80,Roll Over,Not Divided,Daylight,,Raining
2017-8430-8/11/2018,0,0,0,0,1: PDO,,,,60,Rear End,Divided Road,Daylight,,Raining
2017-8431-8/11/2018,1,0,0,1,2: MI,Full,2,,50,Rear End,Cross Road,Daylight,,Raining
2017-8432-8/11/2018,0,0,0,0,1: PDO,Full,1,,60,Rear End,T-Junction,Daylight,,Not Raining
2017-8433-8/11/2018,1,0,0,1,2: MI,Full,1,,50,Rear End,Cross Road,Daylight,,Raining
2017-8434-8/11/2018,0,0,0,0,1: PDO,Full,1,,90,Hit Fixed Object,Divided Road,Night,,Raining
2017-8435-8/11/2018,0,0,0,0,1: PDO,Learners,2,,70,Side Swipe,Divided Road,Daylight,,Not Raining
2017-8436-8/11/2018,0,0,0,0,1: PDO,,,,100,Head On,Not Divided,Daylight,,Raining
2017-8437-8/11/2018,1,0,0,1,2: MI,Unknown,1,,60,Left Road - Out of Control,T-Junction,Daylight,,Raining
2017-8438-8/11/2018,0,0,0,0,1: PDO,,,,60,Side Swipe,Cross Road,Daylight,,Not Raining
2017-8439-8/11/2018,3,0,1,2,3: SI,Full,3,,60,Right Angle,Cross Road,Daylight,,Not Raining
2017-8440-8/11/2018,0,0,0,0,1: PDO,Full,2,,60,Side Swipe,Cross Road,Daylight,,Not Raining
2017-8441-8/11/2018,1,0,0,1,2: MI,Full,1,,50,Hit Fixed Object,Not Divided,Daylight,,Not Raining
2017-8442-8/11/2018,1,0,0,1,2: MI,Full,1,,60,Right Angle,T-Junction,Night,,Raining
2017-8443-8/11/2018,0,0,0,0,1: PDO,,0,,60,Right Angle,Cross Road,Daylight,,Raining
2017-8444-8/11/2018,1,0,0,1,2: MI,,0,,100,Hit Fixed Object,Not Divided,Daylight,,Raining
2017-8445-8/11/2018,1,0,0,1,2: MI,Full,1,,50,Rear End,Divided Road,Daylight,,Not Raining
2017-8446-8/11/2018,0,0,0,0,1: PDO,,,,60,Right Angle,T-Junction,Daylight,,Not Raining
2017-8447-8/11/2018,0,0,0,0,1: PDO,,0,,50,Right Angle,Cross Road,Daylight,,Not Raining
2017-8448-8/11/2018,0,0,0,0,1: PDO,Unknown,1,,50,Right Turn,Cross Road,Night,,Not Raining
2017-8449-8/11/2018,0,0,0,0,1: PDO,,,,50,Other,One Way,Daylight,,Not Raining
2017-8450-8/11/2018,1,0,1,0,3: SI,Unlicenced,1,,40,Hit Pedestrian,Not Divided,Night,,Unknown
2017-8451-8/11/2018,0,0,0,0,1: PDO,,,,50,Right Angle,Cross Road,Daylight,,Raining
2017-8452-8/11/2018,1,0,0,1,2: MI,Unlicenced,2,,110,Hit Fixed Object,Divided Road,Daylight,,Not Raining
2017-8453-8/11/2018,0,0,0,0,1: PDO,,,,50,Right Angle,T-Junction,Daylight,,Not Raining
2017-8454-8/11/2018,0,0,0,0,1: PDO,Full,1,,60,Right Angle,T-Junction,Daylight,,Not Raining
2017-8455-8/11/2018,0,0,0,0,1: PDO,,,,60,Head On,T-Junction,Daylight,,Not Raining
2017-8456-8/11/2018,1,0,0,1,2: MI,Full,3,,60,Right Angle,T-Junction,Daylight,,Not Raining
2017-8457-8/11/2018,1,0,0,1,2: MI,Full,1,,60,Rear End,Cross Road,Night,,Not Raining
2017-8458-8/11/2018,0,0,0,0,1: PDO,Provisional 1 ,2,Y,90,Hit Fixed Object,Divided Road,Daylight,,Not Raining
2017-8459-8/11/2018,1,0,0,1,2: MI,Full,1,,60,Hit Fixed Object,T-Junction,Daylight,,Raining
2017-8460-8/11/2018,0,0,0,0,1: PDO,Provisional 2,1,,60,Side Swipe,Not Divided,Daylight,,Not Raining
2017-8461-8/11/2018,0,0,0,0,1: PDO,,,,50,Side Swipe,Cross Road,Night,,Not Raining
2017-8462-8/11/2018,1,0,0,1,2: MI,Full,1,,50,Head On,Not Divided,Daylight,,Raining
2017-8463-8/11/2018,2,0,0,2,2: MI,,,,50,Rear End,T-Junction,Daylight,,Not Raining
2017-8464-8/11/2018,0,0,0,0,1: PDO,,0,,80,Rear End,Divided Road,Daylight,,Raining
2017-8465-8/11/2018,3,1,1,1,4: Fatal,Unknown,1,Y,80,Head On,Divided Road,Daylight,,Not Raining
2017-8466-8/11/2018,3,0,0,3,2: MI,Provisional 1 ,2,,60,Rear End,Rail Crossing,Night,,Not Raining
2017-8467-8/11/2018,1,0,0,1,2: MI,,,,100,Hit Fixed Object,Not Divided,Night,,Not Raining
2017-8468-8/11/2018,0,0,0,0,1: PDO,Full,1,,80,Side Swipe,Not Divided,Daylight,,Not Raining
2017-8469-8/11/2018,1,0,0,1,2: MI,Full,1,,60,Right Turn,Cross Road,Night,,Raining
2017-8470-8/11/2018,0,0,0,0,1: PDO,Full,1,,60,Right Turn,Cross Road,Daylight,,Not Raining
2017-8471-8/11/2018,1,0,0,1,2: MI,Unknown,1,,60,Rear End,T-Junction,Daylight,,Not Raining
2017-8472-8/11/2018,0,0,0,0,1: PDO,Unknown,1,Y,80,Hit Fixed Object,Not Divided,Night,,Not Raining
2017-8473-8/11/2018,1,0,0,1,2: MI,Full,1,Y,50,Roll Over,Not Divided,Daylight,,Not Raining
2017-8474-8/11/2018,1,0,0,1,2: MI,Full,1,,50,Right Angle,Cross Road,Night,,Not Raining
2017-8475-8/11/2018,0,0,0,0,1: PDO,Unknown,1,,50,Rear End,Not Divided,Daylight,,Not Raining
2017-8476-8/11/2018,1,0,0,1,2: MI,Full,4,,60,Hit Fixed Object,Not Divided,Daylight,,Not Raining
2017-8477-8/11/2018,1,0,1,0,3: SI,Full,1,,100,Hit Fixed Object,Not Divided,Daylight,,Not Raining
2017-8478-8/11/2018,1,0,0,1,2: MI,,,,60,Rear End,Not Divided,Night,,Not Raining
2017-8479-8/11/2018,0,0,0,0,1: PDO,Full,1,,50,Rear End,Not Divided,Daylight,,Not Raining
2017-8480-8/11/2018,1,0,0,1,2: MI,,,,50,Rear End,Cross Road,Daylight,,Not Raining
2017-8481-8/11/2018,0,0,0,0,1: PDO,Full,2,,50,Side Swipe,Not Divided,Daylight,,Not Raining
2017-8482-8/11/2018,1,0,0,1,2: MI,Unknown,1,,50,Side Swipe,Not Divided,Daylight,,Raining
2017-8483-8/11/2018,3,0,0,3,2: MI,Provisional 2,4,,60,Side Swipe,Not Divided,Daylight,,Not Raining
2017-8484-8/11/2018,1,0,0,1,2: MI,Unknown,1,,60,Right Angle,Cross Road,Daylight,,Not Raining
2017-8485-8/11/2018,0,0,0,0,1: PDO,,,,100,Side Swipe,T-Junction,Daylight,,Not Raining
2017-8486-8/11/2018,0,0,0,0,1: PDO,Full,1,,100,Right Turn,T-Junction,Daylight,,Not Raining
2017-8487-8/11/2018,0,0,0,0,1: PDO,,,,60,Rear End,Divided Road,Daylight,,Not Raining
2017-8488-8/11/2018,1,0,0,1,2: MI,,,,100,Hit Fixed Object,Not Divided,Daylight,,Not Raining
2017-8489-8/11/2018,0,0,0,0,1: PDO,Full,2,,50,Right Angle,Cross Road,Daylight,,Not Raining
2017-8490-8/11/2018,0,0,0,0,1: PDO,Provisional 2,3,,60,Right Angle,Cross Road,Daylight,,Not Raining
2017-8491-8/11/2018,0,0,0,0,1: PDO,Full,1,,70,Rear End,Divided Road,Daylight,,Not Raining
2017-8492-8/11/2018,1,0,0,1,2: MI,Full,1,,60,Rear End,T-Junction,Daylight,,Not Raining
2017-8493-8/11/2018,0,0,0,0,1: PDO,Full,1,,60,Right Angle,T-Junction,Daylight,,Not Raining
2017-8494-8/11/2018,0,0,0,0,1: PDO,Full,1,,60,Right Angle,T-Junction,Daylight,,Not Raining
2017-8495-8/11/2018,1,0,0,1,2: MI,Full,2,,110,Roll Over,Not Divided,Night,,Not Raining
2017-8496-8/11/2018,0,0,0,0,1: PDO,Full,1,,100,Side Swipe,Freeway,Daylight,,Raining
2017-8497-8/11/2018,0,0,0,0,1: PDO,Full,1,,60,Right Turn,Cross Road,Night,,Not Raining
2017-8498-8/11/2018,0,0,0,0,1: PDO,Full,14,,100,Roll Over,Not Divided,Daylight,,Not Raining
2017-8499-8/11/2018,1,0,1,0,3: SI,Full,1,,110,Head On,Not Divided,Night,,Not Raining
2017-8500-8/11/2018,0,0,0,0,1: PDO,Full,1,,50,Rear End,Not Divided,Daylight,,Not Raining
2017-8501-8/11/2018,1,0,0,1,2: MI,Full,1,,60,Rear End,Cross Road,Daylight,,Not Raining
2017-8502-8/11/2018,0,0,0,0,1: PDO,,,,90,Rear End,Freeway,Daylight,,Raining
2017-8503-8/11/2018,1,0,0,1,2: MI,Full,3,,60,Right Turn,T-Junction,Daylight,,Raining
2017-8504-8/11/2018,0,0,0,0,1: PDO,,,,80,Hit Object on Road,Not Divided,Daylight,,Raining
2017-8505-8/11/2018,1,0,0,1,2: MI,,,,60,Rear End,Divided Road,Daylight,,Not Raining
2017-8506-8/11/2018,1,0,0,1,2: MI,Provisional 1 ,2,,60,Rear End,T-Junction,Daylight,,Not Raining
2017-8507-8/11/2018,1,0,0,1,2: MI,,,,60,Rear End,Divided Road,Daylight,,Raining
2017-8508-8/11/2018,0,0,0,0,1: PDO,Full,5,,50,Right Angle,Cross Road,Daylight,,Raining
2017-8509-8/11/2018,0,0,0,0,1: PDO,Unlicenced,1,,60,Side Swipe,Divided Road,Daylight,,Not Raining
2017-8510-8/11/2018,0,0,0,0,1: PDO,Full,1,,50,Rear End,Cross Road,Daylight,,Not Raining
2017-8511-8/11/2018,0,0,0,0,1: PDO,Full,1,,60,Rear End,T-Junction,Daylight,,Not Raining
2017-8512-8/11/2018,1,0,0,1,2: MI,Full,1,,60,Hit Fixed Object,Not Divided,Night,,Not Raining
2017-8513-8/11/2018,1,0,0,1,2: MI,,,,60,Hit Fixed Object,T-Junction,Daylight,,Not Raining
2017-8514-8/11/2018,0,0,0,0,1: PDO,Full,1,,80,Right Angle,Cross Road,Daylight,,Not Raining
2017-8515-8/11/2018,0,0,0,0,1: PDO,Full,2,,50,Side Swipe,Not Divided,Daylight,,Raining
2017-8516-8/11/2018,0,0,0,0,1: PDO,Full,3,,50,Rear End,T-Junction,Daylight,,Not Raining
2017-8517-8/11/2018,1,0,0,1,2: MI,Disqualified,1,,60,Side Swipe,Cross Road,Daylight,,Not Raining
2017-8518-8/11/2018,0,0,0,0,1: PDO,Provisional 1 ,4,,60,Right Angle,Cross Road,Daylight,,Not Raining
2017-8519-8/11/2018,1,0,0,1,2: MI,Full,1,,60,Rear End,Divided Road,Daylight,,Not Raining
2017-8520-8/11/2018,0,0,0,0,1: PDO,Full,1,,50,Hit Parked Vehicle,Not Divided,Daylight,,Not Raining
2017-8521-8/11/2018,0,0,0,0,1: PDO,Unknown,2,,50,Right Angle,Cross Road,Daylight,,Not Raining
2017-8522-8/11/2018,0,0,0,0,1: PDO,Unknown,1,,50,Hit Fixed Object,T-Junction,Daylight,,Not Raining
2017-8523-8/11/2018,1,0,0,1,2: MI,Learners,1,,60,Hit Fixed Object,Divided Road,Night,,Not Raining
2017-8524-8/11/2018,1,0,0,1,2: MI,,,Y,50,Roll Over,Not Divided,Night,,Not Raining
2017-8525-8/11/2018,0,0,0,0,1: PDO,Learners,1,,60,Right Angle,Cross Road,Night,,Not Raining
2017-8526-8/11/2018,1,0,0,1,2: MI,Provisional 2,1,,60,Right Turn,T-Junction,Night,,Not Raining
2017-8527-8/11/2018,3,1,0,2,4: Fatal,Full,1,Y,60,Right Angle,T-Junction,Daylight,,Not Raining
2017-8528-8/11/2018,2,0,0,2,2: MI,,0,,60,Rear End,Not Divided,Night,,Not Raining
2017-8529-8/11/2018,1,0,0,1,2: MI,Full,1,,60,Hit Pedestrian,Divided Road,Night,Y,Not Raining
2017-8530-8/11/2018,1,0,0,1,2: MI,,0,,60,Hit Fixed Object,Divided Road,Night,Y,Not Raining
2017-8531-8/11/2018,0,0,0,0,1: PDO,Provisional 1 ,1,,60,Right Turn,Divided Road,Daylight,,Not Raining
2017-8532-8/11/2018,0,0,0,0,1: PDO,Full,1,,80,Hit Parked Vehicle,Divided Road,Night,,Not Raining
2017-8533-8/11/2018,0,0,0,0,1: PDO,Full,1,,70,Rear End,Not Divided,Daylight,,Not Raining
2017-8534-8/11/2018,0,0,0,0,1: PDO,Full,2,,60,Right Turn,Divided Road,Daylight,,Raining
2017-8535-8/11/2018,1,0,0,1,2: MI,,,,60,Rear End,Cross Road,Daylight,,Not Raining
2017-8536-8/11/2018,0,0,0,0,1: PDO,Provisional 2,1,,60,Hit Parked Vehicle,Not Divided,Night,,Not Raining
2017-8537-8/11/2018,0,0,0,0,1: PDO,Full,1,,40,Hit Fixed Object,Not Divided,Daylight,,Not Raining
2017-8538-8/11/2018,0,0,0,0,1: PDO,Unlicenced,1,,50,Right Angle,T-Junction,Daylight,,Not Raining
2017-8539-8/11/2018,0,0,0,0,1: PDO,,,,50,Right Angle,Cross Road,Daylight,,Not Raining
2017-8540-8/11/2018,1,0,0,1,2: MI,Full,2,,50,Right Angle,T-Junction,Daylight,,Not Raining
2017-8541-8/11/2018,0,0,0,0,1: PDO,Learners,1,,80,Hit Fixed Object,Not Divided,Night,,Not Raining
2017-8542-8/11/2018,0,0,0,0,1: PDO,Full,1,,50,Side Swipe,T-Junction,Daylight,,Not Raining
2017-8543-8/11/2018,0,0,0,0,1: PDO,,1,,50,Right Angle,T-Junction,Daylight,,Not Raining
2017-8544-8/11/2018,0,0,0,0,1: PDO,Unlicenced,4,,60,Side Swipe,Cross Road,Daylight,,Not Raining
2017-8545-8/11/2018,0,0,0,0,1: PDO,Full,2,,50,Right Angle,Not Divided,Daylight,,Not Raining
2017-8546-8/11/2018,0,0,0,0,1: PDO,Full,1,,60,Rear End,Cross Road,Daylight,,Not Raining
2017-8547-8/11/2018,1,0,0,1,2: MI,,,,60,Rear End,Not Divided,Daylight,,Not Raining
2017-8548-8/11/2018,1,0,1,0,3: SI,Full,3,,100,Roll Over,Not Divided,Daylight,,Not Raining
2017-8549-8/11/2018,2,0,0,2,2: MI,Full,1,,90,Rear End,T-Junction,Daylight,,Not Raining
2017-8550-8/11/2018,1,0,0,1,2: MI,Full,1,,60,Right Angle,T-Junction,Daylight,,Not Raining
2017-8551-8/11/2018,1,0,1,0,3: SI,Unknown,1,,50,Hit Parked Vehicle,Not Divided,Daylight,,Not Raining
2017-8552-8/11/2018,1,0,0,1,2: MI,Provisional 1 ,1,,70,Rear End,Divided Road,Daylight,,Not Raining
2017-8553-8/11/2018,0,0,0,0,1: PDO,,0,,50,Right Angle,Cross Road,Daylight,,Not Raining
2017-8554-8/11/2018,1,0,0,1,2: MI,Full,1,,60,Right Turn,Cross Road,Daylight,,Not Raining
2017-8555-8/11/2018,1,0,0,1,2: MI,,,,60,Rear End,Divided Road,Daylight,,Not Raining
2017-8556-8/11/2018,0,0,0,0,1: PDO,Full,1,,80,Rear End,T-Junction,Daylight,,Not Raining
2017-8557-8/11/2018,0,0,0,0,1: PDO,Full,2,,60,Rear End,T-Junction,Daylight,,Not Raining
2017-8558-8/11/2018,0,0,0,0,1: PDO,Full,1,,70,Hit Parked Vehicle,Divided Road,Daylight,,Not Raining
2017-8559-8/11/2018,0,0,0,0,1: PDO,Full,3,,70,Rear End,T-Junction,Daylight,Y,Not Raining
2017-8560-8/11/2018,0,0,0,0,1: PDO,Full,1,,50,Other,Not Divided,Daylight,,Not Raining
2017-8561-8/11/2018,0,0,0,0,1: PDO,Full,2,,60,Side Swipe,Divided Road,Night,,Raining
2017-8562-8/11/2018,0,0,0,0,1: PDO,,1,,60,Right Turn,T-Junction,Night,,Not Raining
2017-8563-8/11/2018,1,0,0,1,2: MI,Full,4,,80,Hit Pedestrian,Cross Road,Daylight,,Not Raining
2017-8564-8/11/2018,0,0,0,0,1: PDO,Full,1,,50,Side Swipe,Not Divided,Daylight,,Not Raining
2017-8565-8/11/2018,1,0,0,1,2: MI,Full,2,,60,Right Turn,T-Junction,Daylight,,Not Raining
2017-8566-8/11/2018,0,0,0,0,1: PDO,Full,1,,60,Rear End,Not Divided,Daylight,,Not Raining
2017-8567-8/11/2018,0,0,0,0,1: PDO,Learners,1,,50,Rear End,T-Junction,Night,,Not Raining
2017-8568-8/11/2018,0,0,0,0,1: PDO,Learners,1,,40,Hit Parked Vehicle,Not Divided,Daylight,,Not Raining
2017-8569-8/11/2018,1,0,0,1,2: MI,Full,3,,80,Hit Fixed Object,Not Divided,Daylight,,Not Raining
2017-8570-8/11/2018,1,0,0,1,2: MI,Full,1,,50,Roll Over,Not Divided,Daylight,Y,Not Raining
2017-8571-8/11/2018,1,0,0,1,2: MI,Provisional 2,1,,100,Hit Fixed Object,Not Divided,Night,,Not Raining
2017-8572-8/11/2018,1,0,1,0,3: SI,,,,110,Hit Animal,Not Divided,Daylight,,Not Raining
2017-8573-8/11/2018,0,0,0,0,1: PDO,Full,3,,60,Hit Parked Vehicle,Not Divided,Daylight,Y,Not Raining
2017-8574-8/11/2018,0,0,0,0,1: PDO,,,,50,Hit Parked Vehicle,Not Divided,Night,,Not Raining
2017-8575-8/11/2018,0,0,0,0,1: PDO,Full,1,,60,Hit Parked Vehicle,Divided Road,Daylight,,Not Raining
2017-8576-8/11/2018,0,0,0,0,1: PDO,Full,2,,60,Rear End,Divided Road,Daylight,,Not Raining
2017-8577-8/11/2018,1,0,0,1,2: MI,Full,1,,50,Roll Over,T-Junction,Daylight,,Not Raining
2017-8578-8/11/2018,0,0,0,0,1: PDO,Provisional 2,3,,60,Rear End,Divided Road,Daylight,,Not Raining
2017-8579-8/11/2018,1,0,0,1,2: MI,Full,1,,60,Rear End,Cross Road,Daylight,,Not Raining
2017-8580-8/11/2018,0,0,0,0,1: PDO,,,,50,Hit Fixed Object,T-Junction,Daylight,,Not Raining
2017-8581-8/11/2018,0,0,0,0,1: PDO,Full,2,,50,Hit Fixed Object,T-Junction,Daylight,,Not Raining
2017-8582-8/11/2018,0,0,0,0,1: PDO,,,,60,Rear End,Divided Road,Daylight,,Not Raining
2017-8583-8/11/2018,0,0,0,0,1: PDO,Full,7,,60,Right Angle,T-Junction,Daylight,,Not Raining
2017-8584-8/11/2018,2,0,0,2,2: MI,,,,60,Side Swipe,Not Divided,Daylight,,Not Raining
2017-8585-8/11/2018,0,0,0,0,1: PDO,Unknown,1,,60,Hit Object on Road,Divided Road,Night,,Not Raining
2017-8586-8/11/2018,1,0,0,1,2: MI,,,,60,Right Turn,Cross Road,Daylight,,Not Raining
2017-8587-8/11/2018,1,0,0,1,2: MI,,0,,60,Rear End,Cross Road,Daylight,,Not Raining
2017-8588-8/11/2018,0,0,0,0,1: PDO,Full,1,,60,Hit Fixed Object,Not Divided,Daylight,,Not Raining
2017-8589-8/11/2018,0,0,0,0,1: PDO,Full,1,,60,Right Angle,Not Divided,Daylight,,Not Raining
2017-8590-8/11/2018,0,0,0,0,1: PDO,Unknown,1,,40,Right Angle,T-Junction,Daylight,,Not Raining
2017-8591-8/11/2018,0,0,0,0,1: PDO,Unknown,1,,60,Right Angle,Cross Road,Daylight,,Not Raining
2017-8592-8/11/2018,2,0,0,2,2: MI,,,,110,Right Angle,Cross Road,Daylight,,Not Raining
2017-8593-8/11/2018,3,0,0,3,2: MI,Full,1,Y,100,Roll Over,Not Divided,Daylight,,Not Raining
2017-8594-8/11/2018,0,0,0,0,1: PDO,,,,100,Hit Fixed Object,Rail Crossing,Daylight,,Not Raining
2017-8595-8/11/2018,1,0,0,1,2: MI,,,,100,Roll Over,Not Divided,Daylight,,Not Raining
2017-8596-8/11/2018,0,0,0,0,1: PDO,Full,1,,50,Rear End,T-Junction,Daylight,Y,Not Raining
2017-8597-8/11/2018,0,0,0,0,1: PDO,Full,1,,60,Rear End,Cross Road,Daylight,,Not Raining
2017-8598-8/11/2018,0,0,0,0,1: PDO,Unknown,1,,60,Rear End,Divided Road,Daylight,,Not Raining
2017-8599-8/11/2018,1,0,0,1,2: MI,,,,40,Rear End,Not Divided,Daylight,,Not Raining
2017-8600-8/11/2018,0,0,0,0,1: PDO,Provisional 1 ,3,,110,Hit Fixed Object,Freeway,Daylight,,Not Raining
2017-8601-8/11/2018,0,0,0,0,1: PDO,,,,60,Rear End,T-Junction,Daylight,,Not Raining
2017-8602-8/11/2018,0,0,0,0,1: PDO,Full,4,,60,Side Swipe,T-Junction,Daylight,,Not Raining
2017-8603-8/11/2018,1,0,0,1,2: MI,Full,2,,60,Right Turn,Multiple,Daylight,,Not Raining
2017-8604-8/11/2018,0,0,0,0,1: PDO,Full,1,,60,Rear End,Cross Road,Daylight,,Not Raining
2017-8605-8/11/2018,0,0,0,0,1: PDO,Full,1,,50,Hit Parked Vehicle,T-Junction,Daylight,,Not Raining
2017-8606-8/11/2018,0,0,0,0,1: PDO,Full,1,,50,Right Angle,Cross Road,Daylight,,Not Raining
2017-8607-8/11/2018,0,0,0,0,1: PDO,Full,1,,50,Hit Fixed Object,Not Divided,Night,,Not Raining
2017-8608-8/11/2018,0,0,0,0,1: PDO,Full,2,,50,Hit Fixed Object,T-Junction,Night,,Not Raining
2017-8609-8/11/2018,2,0,0,2,2: MI,,0,,80,Head On,Not Divided,Daylight,,Not Raining
2017-8610-8/11/2018,0,0,0,0,1: PDO,Full,1,,60,Left Road - Out of Control,Not Divided,Night,,Not Raining
2017-8611-8/11/2018,0,0,0,0,1: PDO,Full,1,,40,Hit Fixed Object,Divided Road,Night,,Not Raining
2017-8612-8/11/2018,1,0,1,0,3: SI,Provisional 1 ,1,,50,Hit Pedestrian,Not Divided,Night,Y,Not Raining