REPORT_ID,Total Cas,Total Fats,Total SI,Total MI,CSEF Severity,Licence Type,Number Occupants,Drugs Involved,Area Speed,Crash Type,Position Type,DayNight,DUI Involved,Weather Cond
2017-8613-8/11/2018,1,0,1,0,3: SI,,,,50,Hit Fixed Object,Divided Road,Night,,Not Raining
2017-8614-8/11/2018,0,0,0,0,1: PDO,Full,1,,80,Hit Fixed Object,Cross Road,Night,,Not Raining
2017-8615-8/11/2018,0,0,0,0,1: PDO,,1,,60,Roll Over,T-Junction,Night,Y,Not Raining
2017-8616-8/11/2018,0,0,0,0,1: PDO,Full,1,,50,Rear End,Divided Road,Daylight,,Not Raining
2017-8617-8/11/2018,0,0,0,0,1: PDO,Full,1,,110,Hit Fixed Object,Not Divided,Daylight,,Not Raining
2017-8618-8/11/2018,1,0,0,1,2: MI,Full,1,,60,Rear End,Divided Road,Night,,Not Raining
2017-8619-8/11/2018,0,0,0,0,1: PDO,Full,1,,50,Hit Fixed Object,Not Divided,Night,,Unknown
2017-8620-8/11/2018,1,0,0,1,2: MI,Unknown,1,,60,Rear End,Divided Road,Daylight,,Not Raining
2017-8621-8/11/2018,0,0,0,0,1: PDO,Full,1,,60,Right Turn,T-Junction,Daylight,,Not Raining
2017-8622-8/11/2018,0,0,0,0,1: PDO,Provisional 1 ,2,,60,Right Angle,Divided Road,Daylight,,Not Raining
2017-8623-8/11/2018,0,0,0,0,1: PDO,Full,5,,60,Hit Fixed Object,Rail Crossing,Daylight,,Not Raining
2017-8624-8/11/2018,0,0,0,0,1: PDO,Unknown,1,,60,Rear End,Not Divided,Daylight,,Not Raining
2017-8625-8/11/2018,0,0,0,0,1: PDO,,,,70,Rear End,Not Divided,Night,,Not Raining
2017-8626-8/11/2018,0,0,0,0,1: PDO,Provisional 1 ,1,,60,Right Angle,T-Junction,Daylight,,Not Raining
2017-8627-8/11/2018,1,0,0,1,2: MI,Full,1,,60,Hit Fixed Object,T-Junction,Daylight,,Not Raining
2017-8628-8/11/2018,0,0,0,0,1: PDO,Full,1,,60,Hit Fixed Object,Not Divided,Daylight,,Not Raining
2017-8629-8/11/2018,1,0,0,1,2: MI,Full,1,,60,Rear End,Not Divided,Daylight,,Not Raining
2017-8630-8/11/2018,0,0,0,0,1: PDO,Full,12,,60,Right Angle,Cross Road,Night,,Not Raining
2017-8631-8/11/2018,1,0,0,1,2: MI,Full,2,,100,Hit Fixed Object,Not Divided,Daylight,Y,Raining
2017-8632-8/11/2018,1,0,0,1,2: MI,Full,1,,50,Hit Fixed Object,Not Divided,Daylight,,Not Raining
2017-8633-8/11/2018,1,0,0,1,2: MI,Provisional 2,1,,50,Rear End,Not Divided,Daylight,,Not Raining
2017-8634-8/11/2018,0,0,0,0,1: PDO,Provisional 1 ,1,,60,Hit Fixed Object,Divided Road,Night,,Not Raining
2017-8635-8/11/2018,0,0,0,0,1: PDO,,,,50,Hit Fixed Object,Cross Road,Daylight,Y,Not Raining
2017-8636-8/11/2018,0,0,0,0,1: PDO,,1,,60,Hit Pedestrian,Not Divided,Night,,Not Raining
2017-8637-8/11/2018,0,0,0,0,1: PDO,Unknown,1,,50,Hit Fixed Object,Not Divided,Night,,Not Raining
2017-8638-8/11/2018,0,0,0,0,1: PDO,Full,1,,60,Right Angle,T-Junction,Night,,Not Raining
2017-8639-8/11/2018,1,0,0,1,2: MI,Full,4,Y,50,Hit Fixed Object,Cross Road,Night,,Not Raining
2017-8640-8/11/2018,0,0,0,0,1: PDO,Full,1,,50,Hit Fixed Object,Not Divided,Night,,Not Raining
2017-8641-8/11/2018,0,0,0,0,1: PDO,Full,1,,50,Hit Fixed Object,Not Divided,Night,,Not Raining
2017-8642-8/11/2018,1,0,0,1,2: MI,Full,4,,60,Right Turn,Cross Road,Daylight,,Not Raining
2017-8643-8/11/2018,0,0,0,0,1: PDO,Unknown,1,,60,Rear End,Cross Road,Daylight,,Not Raining
2017-8644-8/11/2018,0,0,0,0,1: PDO,Unknown,1,,50,Side Swipe,Not Divided,Daylight,,Not Raining
2017-8645-8/11/2018,1,0,0,1,2: MI,Unknown,2,,60,Roll Over,Not Divided,Daylight,,Not Raining
2017-8646-8/11/2018,1,0,0,1,2: MI,,,,50,Right Angle,Cross Road,Daylight,,Not Raining
2017-8647-8/11/2018,0,0,0,0,1: PDO,Full,1,,60,Right Turn,T-Junction,Daylight,,Not Raining
2017-8648-8/11/2018,0,0,0,0,1: PDO,,0,,70,Right Angle,T-Junction,Daylight,,Not Raining
2017-8649-8/11/2018,2,0,0,2,2: MI,Full,1,,50,Right Angle,T-Junction,Daylight,,Raining
2017-8650-8/11/2018,0,0,0,0,1: PDO,Full,1,,100,Left Road - Out of Control,Not Divided,Daylight,,Raining
2017-8651-8/11/2018,0,0,0,0,1: PDO,Full,1,,60,Hit Fixed Object,Cross Road,Daylight,,Not Raining
2017-8652-8/11/2018,1,0,0,1,2: MI,Probationary,1,,50,Side Swipe,Cross Road,Daylight,,Not Raining
2017-8653-8/11/2018,0,0,0,0,1: PDO,Full,1,,60,Hit Fixed Object,Not Divided,Night,,Not Raining
2017-8654-8/11/2018,0,0,0,0,1: PDO,,0,,60,Hit Parked Vehicle,Not Divided,Daylight,,Not Raining
2017-8655-8/11/2018,0,0,0,0,1: PDO,,,,60,Roll Over,Cross Road,Night,,Not Raining
2017-8656-8/11/2018,1,0,0,1,2: MI,Full,1,,60,Hit Parked Vehicle,Not Divided,Night,Y,Not Raining
2017-8657-8/11/2018,0,0,0,0,1: PDO,Full,1,,110,Left Road - Out of Control,T-Junction,Daylight,,Not Raining
2017-8658-8/11/2018,1,0,1,0,3: SI,Full,1,,100,Hit Fixed Object,Not Divided,Daylight,,Unknown
2017-8659-8/11/2018,1,0,0,1,2: MI,Full,1,,60,Rear End,Divided Road,Daylight,,Not Raining
2017-8660-8/11/2018,2,1,0,1,4: Fatal,Unknown,1,,50,Right Turn,T-Junction,Daylight,,Not Raining
2017-8661-8/11/2018,1,0,0,1,2: MI,Full,2,,60,Right Angle,T-Junction,Daylight,,Not Raining
2017-8662-8/11/2018,0,0,0,0,1: PDO,Full,1,,80,Left Road - Out of Control,Not Divided,Night,,Not Raining
2017-8663-8/11/2018,0,0,0,0,1: PDO,Full,1,,50,Hit Fixed Object,Cross Road,Daylight,,Not Raining
2017-8664-8/11/2018,0,0,0,0,1: PDO,Unknown,1,,60,Rear End,Divided Road,Daylight,,Not Raining
2017-8665-8/11/2018,0,0,0,0,1: PDO,Provisional 2,1,,60,Rear End,Divided Road,Daylight,,Not Raining
2017-8666-8/11/2018,0,0,0,0,1: PDO,,,,50,Hit Fixed Object,Not Divided,Daylight,Y,Not Raining
2017-8667-8/11/2018,1,0,0,1,2: MI,Unlicenced,2,,80,Head On,Not Divided,Night,Y,Not Raining
2017-8668-8/11/2018,0,0,0,0,1: PDO,,0,,100,Hit Fixed Object,Not Divided,Night,Y,Not Raining
2017-8669-8/11/2018,0,0,0,0,1: PDO,,0,,60,Roll Over,Not Divided,Night,,Not Raining
2017-8670-8/11/2018,1,1,0,0,4: Fatal,,,,80,Hit Fixed Object,Not Divided,Daylight,,Not Raining
2017-8671-8/11/2018,0,0,0,0,1: PDO,Unknown,1,,50,Hit Fixed Object,Divided Road,Night,,Not Raining
2017-8672-8/11/2018,0,0,0,0,1: PDO,Full,1,,60,Rear End,Divided Road,Daylight,,Not Raining
2017-8673-8/11/2018,1,0,0,1,2: MI,Unknown,1,,50,Hit Parked Vehicle,Not Divided,Daylight,,Not Raining
2017-8674-8/11/2018,0,0,0,0,1: PDO,Full,1,,60,Hit Fixed Object,Not Divided,Daylight,,Not Raining
2017-8675-8/11/2018,0,0,0,0,1: PDO,Full,5,,60,Rear End,T-Junction,Daylight,,Not Raining
2017-8676-8/11/2018,1,0,0,1,2: MI,Full,1,,80,Right Angle,T-Junction,Night,,Not Raining
2017-8677-8/11/2018,0,0,0,0,1: PDO,Unknown,1,,40,Hit Fixed Object,Not Divided,Night,,Not Raining
2017-8678-8/11/2018,1,0,0,1,2: MI,Unknown,1,,50,Rear End,Not Divided,Daylight,,Not Raining
2017-8679-8/11/2018,0,0,0,0,1: PDO,Full,1,,110,Hit Animal,Not Divided,Daylight,,Not Raining
2017-8680-8/11/2018,1,0,0,1,2: MI,Full,1,Y,60,Roll Over,Not Divided,Daylight,,Not Raining
2017-8681-8/11/2018,1,0,0,1,2: MI,Full,1,,60,Right Angle,Cross Road,Daylight,,Not Raining
2017-8682-8/11/2018,3,0,0,3,2: MI,Full,1,,80,Rear End,Divided Road,Daylight,,Not Raining
2017-8683-8/11/2018,0,0,0,0,1: PDO,Full,2,,60,Right Angle,T-Junction,Daylight,,Not Raining
2017-8684-8/11/2018,0,0,0,0,1: PDO,,,,100,Left Road - Out of Control,Not Divided,Night,,Not Raining
2017-8685-8/11/2018,0,0,0,0,1: PDO,Provisional 2,1,,60,Rear End,Cross Road,Daylight,,Not Raining
2017-8686-8/11/2018,1,0,0,1,2: MI,,0,,100,Roll Over,Not Divided,Night,,Not Raining
2017-8687-8/11/2018,0,0,0,0,1: PDO,Provisional 2,2,,60,Rear End,Cross Road,Daylight,,Not Raining
2017-8688-8/11/2018,0,0,0,0,1: PDO,,,,50,Right Angle,Cross Road,Daylight,,Not Raining
2017-8689-8/11/2018,1,0,0,1,2: MI,Full,2,,60,Rear End,T-Junction,Daylight,,Not Raining
2017-8690-8/11/2018,1,0,1,0,3: SI,,,,60,Hit Pedestrian,Divided Road,Daylight,,Not Raining
2017-8691-8/11/2018,0,0,0,0,1: PDO,,1,,50,Right Angle,Cross Road,Daylight,,Not Raining
2017-8692-8/11/2018,0,0,0,0,1: PDO,Full,1,,50,Side Swipe,Not Divided,Daylight,,Not Raining
2017-8693-8/11/2018,1,0,0,1,2: MI,Full,1,,80,Rear End,Divided Road,Daylight,,Not Raining
2017-8694-8/11/2018,0,0,0,0,1: PDO,Full,1,,60,Rear End,Cross Road,Night,,Not Raining
2017-8695-8/11/2018,0,0,0,0,1: PDO,Full,1,,50,Side Swipe,Cross Road,Daylight,,Not Raining
2017-8696-8/11/2018,0,0,0,0,1: PDO,Full,1,,50,Other,T-Junction,Daylight,,Not Raining
2017-8697-8/11/2018,0,0,0,0,1: PDO,Full,1,,50,Hit Fixed Object,Not Divided,Night,,Not Raining
2017-8698-8/11/2018,0,0,0,0,1: PDO,,1,,50,Hit Fixed Object,Not Divided,Night,,Not Raining
2017-8699-8/11/2018,0,0,0,0,1: PDO,Unknown,1,,50,Hit Parked Vehicle,Not Divided,Daylight,Y,Not Raining
2017-8700-8/11/2018,0,0,0,0,1: PDO,Full,2,,50,Hit Fixed Object,T-Junction,Daylight,,Not Raining
2017-8701-8/11/2018,0,0,0,0,1: PDO,,0,,90,Rear End,Not Divided,Daylight,,Not Raining
2017-8702-8/11/2018,1,0,0,1,2: MI,,0,,50,Side Swipe,Not Divided,Daylight,,Not Raining
2017-8703-8/11/2018,0,0,0,0,1: PDO,Full,1,,60,Right Angle,Cross Road,Daylight,,Not Raining
2017-8704-8/11/2018,0,0,0,0,1: PDO,Full,1,,60,Rear End,Cross Road,Daylight,,Not Raining
2017-8705-8/11/2018,0,0,0,0,1: PDO,Full,1,,60,Rear End,Cross Road,Daylight,,Not Raining
2017-8706-8/11/2018,0,0,0,0,1: PDO,Full,2,,50,Side Swipe,Divided Road,Daylight,,Not Raining
2017-8707-8/11/2018,1,0,0,1,2: MI,Unknown,1,,60,Rear End,T-Junction,Daylight,,Not Raining
2017-8708-8/11/2018,1,0,0,1,2: MI,Full,1,,50,Right Angle,Cross Road,Daylight,,Not Raining
2017-8709-8/11/2018,0,0,0,0,1: PDO,,,,50,Hit Parked Vehicle,Not Divided,Daylight,,Not Raining
2017-8710-8/11/2018,0,0,0,0,1: PDO,Full,1,,60,Right Turn,Cross Road,Daylight,,Not Raining
2017-8711-8/11/2018,1,0,0,1,2: MI,Full,1,,60,Rear End,Cross Road,Daylight,,Not Raining
2017-8712-8/11/2018,0,0,0,0,1: PDO,Full,1,,60,Hit Parked Vehicle,Cross Road,Daylight,,Not Raining
2017-8713-8/11/2018,0,0,0,0,1: PDO,,1,,60,Right Turn,T-Junction,Daylight,,Not Raining
2017-8714-8/11/2018,2,0,1,1,3: SI,Full,3,,100,Hit Fixed Object,Not Divided,Daylight,,Not Raining
2017-8715-8/11/2018,0,0,0,0,1: PDO,Full,1,,70,Hit Parked Vehicle,Divided Road,Daylight,,Not Raining
2017-8716-8/11/2018,0,0,0,0,1: PDO,Learners,3,,60,Rear End,Cross Road,Daylight,,Not Raining
2017-8717-8/11/2018,0,0,0,0,1: PDO,,,,50,Right Turn,Not Divided,Daylight,,Not Raining
2017-8718-8/11/2018,0,0,0,0,1: PDO,Full,2,,60,Right Angle,T-Junction,Daylight,,Not Raining
2017-8719-8/11/2018,1,0,0,1,2: MI,Provisional 2,1,,60,Right Turn,T-Junction,Daylight,,Not Raining
2017-8720-8/11/2018,0,0,0,0,1: PDO,Full,1,,50,Side Swipe,Divided Road,Daylight,,Not Raining
2017-8721-8/11/2018,1,0,0,1,2: MI,,,,60,Rear End,Not Divided,Daylight,,Not Raining
2017-8722-8/11/2018,0,0,0,0,1: PDO,Full,1,,100,Roll Over,Not Divided,Daylight,,Not Raining
2017-8723-8/11/2018,0,0,0,0,1: PDO,Full,1,,50,Right Angle,Not Divided,Daylight,,Not Raining
2017-8724-8/11/2018,0,0,0,0,1: PDO,Provisional 1 ,2,,50,Right Turn,Cross Road,Night,,Not Raining
2017-8725-8/11/2018,0,0,0,0,1: PDO,Full,2,,60,Right Angle,Cross Road,Night,,Not Raining
2017-8726-8/11/2018,0,0,0,0,1: PDO,,0,,60,Side Swipe,Not Divided,Daylight,,Not Raining
2017-8727-8/11/2018,0,0,0,0,1: PDO,Full,1,,50,Hit Fixed Object,T-Junction,Daylight,,Not Raining
2017-8728-8/11/2018,0,0,0,0,1: PDO,Full,1,,60,Rear End,Not Divided,Daylight,,Not Raining
2017-8729-8/11/2018,0,0,0,0,1: PDO,Full,3,,60,Rear End,Divided Road,Daylight,,Not Raining
2017-8730-8/11/2018,0,0,0,0,1: PDO,Full,1,,60,Side Swipe,Freeway,Daylight,,Not Raining
2017-8731-8/11/2018,0,0,0,0,1: PDO,Unknown,1,,60,Rear End,Cross Road,Daylight,,Not Raining
2017-8732-8/11/2018,0,0,0,0,1: PDO,Full,1,,60,Side Swipe,Pedestrian Crossing,Daylight,,Not Raining
2017-8733-8/11/2018,0,0,0,0,1: PDO,Full,2,,50,Rear End,Cross Road,Daylight,,Not Raining
2017-8734-8/11/2018,1,1,0,0,4: Fatal,Full,1,,110,Roll Over,Not Divided,Daylight,,Not Raining
2017-8735-8/11/2018,1,0,0,1,2: MI,Full,2,,50,Rear End,Cross Road,Daylight,,Not Raining
2017-8736-8/11/2018,1,0,1,0,3: SI,Full,1,Y,60,Side Swipe,Cross Road,Daylight,Y,Not Raining
2017-8737-8/11/2018,0,0,0,0,1: PDO,Full,1,,60,Hit Fixed Object,Cross Road,Daylight,,Not Raining
2017-8738-8/11/2018,0,0,0,0,1: PDO,,,,50,Hit Fixed Object,T-Junction,Daylight,,Not Raining
2017-8739-8/11/2018,0,0,0,0,1: PDO,Full,1,,60,Right Angle,Cross Road,Daylight,,Not Raining
2017-8740-8/11/2018,1,0,0,1,2: MI,Full,2,,50,Rear End,Not Divided,Daylight,,Not Raining
2017-8741-8/11/2018,0,0,0,0,1: PDO,Full,1,,60,Right Angle,T-Junction,Daylight,,Not Raining
2017-8742-8/11/2018,1,0,0,1,2: MI,Full,1,,60,Side Swipe,Cross Road,Daylight,,Not Raining
2017-8743-8/11/2018,1,0,0,1,2: MI,Full,1,,90,Rear End,Freeway,Daylight,,Not Raining
2017-8744-8/11/2018,1,0,0,1,2: MI,,,,110,Roll Over,Not Divided,Daylight,,Not Raining
2017-8745-8/11/2018,0,0,0,0,1: PDO,Full,3,,60,Hit Fixed Object,T-Junction,Night,,Not Raining
2017-8746-8/11/2018,2,1,0,1,4: Fatal,,,Y,100,Hit Fixed Object,Not Divided,Night,Y,Not Raining
2017-8747-8/11/2018,0,0,0,0,1: PDO,Full,2,,60,Right Angle,Cross Road,Night,,Not Raining
2017-8748-8/11/2018,0,0,0,0,1: PDO,Full,1,,90,Rear End,Freeway,Daylight,,Not Raining
2017-8749-8/11/2018,1,0,0,1,2: MI,Full,2,,60,Right Angle,T-Junction,Daylight,,Not Raining
2017-8750-8/11/2018,0,0,0,0,1: PDO,Full,1,,80,Hit Animal,Not Divided,Night,,Not Raining
2017-8751-8/11/2018,0,0,0,0,1: PDO,Full,4,,80,Rear End,Divided Road,Daylight,,Not Raining
2017-8752-8/11/2018,0,0,0,0,1: PDO,Unknown,1,,50,Side Swipe,Not Divided,Daylight,,Not Raining
2017-8753-8/11/2018,0,0,0,0,1: PDO,Full,1,,110,Rear End,Ramp Off,Daylight,,Not Raining
2017-8754-8/11/2018,0,0,0,0,1: PDO,,1,,60,Rear End,T-Junction,Daylight,,Not Raining
2017-8755-8/11/2018,0,0,0,0,1: PDO,Full,2,,90,Rear End,Not Divided,Daylight,,Not Raining
2017-8756-8/11/2018,0,0,0,0,1: PDO,Provisional 1 ,1,,50,Rear End,Cross Road,Daylight,,Not Raining
2017-8757-8/11/2018,0,0,0,0,1: PDO,Full,2,,80,Hit Fixed Object,Divided Road,Daylight,,Not Raining
2017-8758-8/11/2018,1,0,0,1,2: MI,Full,1,,60,Rear End,Divided Road,Daylight,,Not Raining
2017-8759-8/11/2018,0,0,0,0,1: PDO,Provisional 1 ,1,,80,Hit Fixed Object,Not Divided,Daylight,,Not Raining
2017-8760-8/11/2018,1,0,0,1,2: MI,Full,1,,60,Hit Fixed Object,Not Divided,Daylight,,Not Raining
2017-8761-8/11/2018,1,0,0,1,2: MI,Full,1,,50,Right Angle,Not Divided,Daylight,,Not Raining
2017-8762-8/11/2018,2,0,0,2,2: MI,Full,1,,60,Right Angle,Cross Road,Daylight,,Not Raining
2017-8763-8/11/2018,0,0,0,0,1: PDO,Full,1,,60,Hit Fixed Object,Divided Road,Daylight,,Not Raining
2017-8764-8/11/2018,1,0,0,1,2: MI,Full,1,,60,Rear End,Divided Road,Daylight,,Not Raining
2017-8765-8/11/2018,1,0,0,1,2: MI,Provisional 1 ,1,,50,Rear End,Divided Road,Daylight,,Not Raining
2017-8766-8/11/2018,0,0,0,0,1: PDO,Probationary,1,,50,Right Angle,Cross Road,Daylight,,Not Raining
2017-8767-8/11/2018,0,0,0,0,1: PDO,,,,80,Rear End,Not Divided,Daylight,,Not Raining
2017-8768-8/11/2018,0,0,0,0,1: PDO,Full,1,,110,Hit Animal,Freeway,Daylight,,Not Raining
2017-8769-8/11/2018,0,0,0,0,1: PDO,Unknown,1,,60,Rear End,Multiple,Daylight,,Not Raining
2017-8770-8/11/2018,0,0,0,0,1: PDO,Full,2,,100,Rear End,Freeway,Daylight,,Not Raining
2017-8771-8/11/2018,0,0,0,0,1: PDO,Full,1,,60,Hit Fixed Object,Divided Road,Daylight,,Not Raining
2017-8772-8/11/2018,0,0,0,0,1: PDO,,,,60,Rear End,Divided Road,Daylight,,Not Raining
2017-8773-8/11/2018,1,0,0,1,2: MI,Full,3,,60,Right Angle,Divided Road,Daylight,,Not Raining
2017-8774-8/11/2018,0,0,0,0,1: PDO,Full,1,,60,Right Turn,Multiple,Night,,Not Raining
2017-8775-8/11/2018,2,0,0,2,2: MI,Full,1,,70,Rear End,T-Junction,Daylight,,Not Raining
2017-8776-8/11/2018,0,0,0,0,1: PDO,Full,1,,100,Side Swipe,Not Divided,Daylight,,Not Raining
2017-8777-8/11/2018,0,0,0,0,1: PDO,Full,1,,50,Rear End,Cross Road,Daylight,,Not Raining
2017-8778-8/11/2018,1,0,0,1,2: MI,Full,1,,60,Hit Parked Vehicle,Divided Road,Night,,Not Raining
2017-8779-8/11/2018,1,0,0,1,2: MI,Full,1,,60,Roll Over,Cross Road,Daylight,,Not Raining
2017-8780-8/11/2018,0,0,0,0,1: PDO,Unlicenced,2,,110,Hit Animal,Not Divided,Night,,Raining
2017-8781-8/11/2018,0,0,0,0,1: PDO,Full,1,,110,Hit Animal,Not Divided,Night,,Unknown
2017-8782-8/11/2018,0,0,0,0,1: PDO,Full,1,,50,Side Swipe,T-Junction,Daylight,,Not Raining
2017-8783-8/11/2018,0,0,0,0,1: PDO,Full,2,,100,Hit Fixed Object,Not Divided,Daylight,,Not Raining
2017-8784-8/11/2018,0,0,0,0,1: PDO,,,,80,Hit Fixed Object,Not Divided,Daylight,,Not Raining
2017-8785-8/11/2018,1,0,0,1,2: MI,Full,2,,60,Right Turn,Cross Road,Daylight,,Not Raining
2017-8786-8/11/2018,0,0,0,0,1: PDO,,1,,50,Hit Fixed Object,Not Divided,Daylight,,Not Raining
2017-8787-8/11/2018,0,0,0,0,1: PDO,Provisional 1 ,1,,60,Head On,Not Divided,Night,,Not Raining
2017-8788-8/11/2018,0,0,0,0,1: PDO,,1,,60,Side Swipe,Divided Road,Night,,Not Raining
2017-8789-8/11/2018,0,0,0,0,1: PDO,,0,,60,Rear End,T-Junction,Night,,Not Raining
2017-8790-8/11/2018,1,0,0,1,2: MI,Unknown,1,,60,Hit Pedestrian,T-Junction,Night,,Not Raining
2017-8791-8/11/2018,0,0,0,0,1: PDO,Full,1,,100,Hit Fixed Object,Not Divided,Daylight,,Not Raining
2017-8792-8/11/2018,0,0,0,0,1: PDO,Full,1,,100,Hit Fixed Object,Not Divided,Daylight,,Not Raining
2017-8793-8/11/2018,0,0,0,0,1: PDO,Learners,1,,60,Right Angle,Cross Road,Daylight,,Not Raining
2017-8794-8/11/2018,0,0,0,0,1: PDO,Unknown,1,,80,Right Angle,T-Junction,Daylight,,Not Raining
2017-8795-8/11/2018,0,0,0,0,1: PDO,Full,2,,50,Hit Parked Vehicle,Not Divided,Night,,Not Raining
2017-8796-8/11/2018,0,0,0,0,1: PDO,Full,2,,80,Hit Fixed Object,T-Junction,Daylight,,Not Raining
2017-8797-8/11/2018,1,0,0,1,2: MI,Full,1,,50,Hit Pedestrian,Pedestrian Crossing,Daylight,,Not Raining
2017-8798-8/11/2018,0,0,0,0,1: PDO,Learners,5,,60,Right Angle,Cross Road,Daylight,,Not Raining
2017-8799-8/11/2018,0,0,0,0,1: PDO,Full,1,,50,Hit Fixed Object,Cross Road,Daylight,,Not Raining
2017-8800-8/11/2018,1,0,0,1,2: MI,Full,2,,50,Right Angle,T-Junction,Daylight,,Not Raining
2017-8801-8/11/2018,0,0,0,0,1: PDO,Unlicenced,1,,60,Rear End,Rail Crossing,Night,,Not Raining
2017-8802-8/11/2018,0,0,0,0,1: PDO,Unlicenced,1,,60,Hit Fixed Object,Cross Road,Daylight,,Not Raining
2017-8803-8/11/2018,1,0,0,1,2: MI,,,,60,Rear End,Cross Road,Daylight,,Not Raining
2017-8804-8/11/2018,1,0,0,1,2: MI,Unknown,1,,60,Rear End,Cross Road,Daylight,,Not Raining
2017-8805-8/11/2018,0,0,0,0,1: PDO,Unknown,3,,60,Right Angle,T-Junction,Daylight,,Not Raining
2017-8806-8/11/2018,0,0,0,0,1: PDO,Unknown,4,,50,Side Swipe,Divided Road,Daylight,,Not Raining
2017-8807-8/11/2018,0,0,0,0,1: PDO,,0,,110,Side Swipe,Freeway,Daylight,,Not Raining
2017-8808-8/11/2018,0,0,0,0,1: PDO,,0,,80,Rear End,T-Junction,Daylight,,Not Raining
2017-8809-8/11/2018,1,0,0,1,2: MI,Full,1,,50,Roll Over,Not Divided,Daylight,,Not Raining
2017-8810-8/11/2018,0,0,0,0,1: PDO,Full,1,,70,Side Swipe,Divided Road,Daylight,,Not Raining
2017-8811-8/11/2018,0,0,0,0,1: PDO,Full,1,,60,Hit Fixed Object,Divided Road,Daylight,,Not Raining
2017-8812-8/11/2018,0,0,0,0,1: PDO,Full,1,,60,Rear End,Cross Road,Daylight,,Not Raining
2017-8813-8/11/2018,0,0,0,0,1: PDO,Full,1,,60,Side Swipe,Cross Road,Daylight,,Not Raining
2017-8814-8/11/2018,0,0,0,0,1: PDO,Full,1,,110,Hit Animal,Not Divided,Daylight,,Not Raining
2017-8815-8/11/2018,1,0,0,1,2: MI,Full,1,,60,Right Angle,Cross Road,Night,,Not Raining
2017-8816-8/11/2018,0,0,0,0,1: PDO,Full,1,,100,Roll Over,Not Divided,Daylight,,Not Raining
2017-8817-8/11/2018,0,0,0,0,1: PDO,Full,1,,80,Right Angle,T-Junction,Daylight,,Not Raining
2017-8818-8/11/2018,1,0,0,1,2: MI,Full,1,,60,Right Angle,T-Junction,Night,,Not Raining
2017-8819-8/11/2018,0,0,0,0,1: PDO,Full,1,,50,Hit Parked Vehicle,Not Divided,Daylight,,Not Raining
2017-8820-8/11/2018,1,0,0,1,2: MI,Full,1,,50,Right Angle,T-Junction,Daylight,,Not Raining
2017-8821-8/11/2018,0,0,0,0,1: PDO,Full,2,,50,Hit Parked Vehicle,Not Divided,Daylight,,Not Raining
2017-8822-8/11/2018,0,0,0,0,1: PDO,Unknown,1,,60,Side Swipe,Divided Road,Daylight,,Not Raining
2017-8823-8/11/2018,0,0,0,0,1: PDO,Full,1,,100,Hit Fixed Object,Not Divided,Daylight,,Not Raining
2017-8824-8/11/2018,1,0,0,1,2: MI,,,,60,Rear End,T-Junction,Daylight,,Not Raining
2017-8825-8/11/2018,2,0,1,1,3: SI,Unlicenced,1,,60,Right Turn,Cross Road,Daylight,,Not Raining
2017-8826-8/11/2018,0,0,0,0,1: PDO,,,,90,Rear End,Interchange,Night,,Not Raining
2017-8827-8/11/2018,0,0,0,0,1: PDO,Unknown,1,,80,Hit Fixed Object,Not Divided,Daylight,,Not Raining
2017-8828-8/11/2018,1,0,0,1,2: MI,Full,1,,60,Rear End,T-Junction,Daylight,,Not Raining
2017-8829-8/11/2018,0,0,0,0,1: PDO,Full,1,,90,Rear End,T-Junction,Night,,Not Raining
2017-8830-8/11/2018,0,0,0,0,1: PDO,,,,60,Rear End,Not Divided,Daylight,,Not Raining