REPORT_ID,Total Cas,Total Fats,Total SI,Total MI,CSEF Severity,Licence Type,Number Occupants,Drugs Involved,Area Speed,Crash Type,Position Type,DayNight,DUI Involved,Weather Cond
2017-8831-8/11/2018,0,0,0,0,1: PDO,Full,1,,50,Right Angle,T-Junction,Night,,Not Raining
2017-8832-8/11/2018,2,0,0,2,2: MI,Provisional 2,1,,90,Rear End,Freeway,Night,,Not Raining
2017-8833-8/11/2018,1,0,0,1,2: MI,Full,3,,60,Rear End,Divided Road,Daylight,,Not Raining
2017-8834-8/11/2018,0,0,0,0,1: PDO,Unknown,1,,60,Side Swipe,Not Divided,Daylight,,Not Raining
2017-8835-8/11/2018,0,0,0,0,1: PDO,Full,1,,60,Hit Fixed Object,Cross Road,Daylight,,Not Raining
2017-8836-8/11/2018,0,0,0,0,1: PDO,Full,4,,60,Right Angle,T-Junction,Night,,Not Raining
2017-8837-8/11/2018,0,0,0,0,1: PDO,Full,1,,50,Right Turn,Cross Road,Daylight,,Not Raining
2017-8838-8/11/2018,1,0,0,1,2: MI,Full,1,Y,100,Hit Fixed Object,Not Divided,Night,,Not Raining
2017-8839-8/11/2018,0,0,0,0,1: PDO,Full,1,,50,Hit Fixed Object,T-Junction,Night,,Not Raining
2017-8840-8/11/2018,1,1,0,0,4: Fatal,Full,1,,10,Hit Fixed Object,Other,Night,,Not Raining
2017-8841-8/11/2018,0,0,0,0,1: PDO,,0,,100,Rear End,Interchange,Night,,Not Raining
2017-8842-8/11/2018,0,0,0,0,1: PDO,Unknown,1,,60,Hit Parked Vehicle,Divided Road,Night,,Not Raining
2017-8843-8/11/2018,2,0,0,2,2: MI,Full,1,,50,Hit Fixed Object,Not Divided,Night,,Not Raining
2017-8844-8/11/2018,0,0,0,0,1: PDO,,,,50,Hit Fixed Object,Not Divided,Daylight,,Not Raining
2017-8845-8/11/2018,0,0,0,0,1: PDO,Unlicenced,1,,50,Right Turn,Cross Road,Daylight,,Not Raining
2017-8846-8/11/2018,1,0,0,1,2: MI,,,,60,Right Angle,T-Junction,Daylight,,Not Raining
2017-8847-8/11/2018,0,0,0,0,1: PDO,,1,,50,Hit Parked Vehicle,Not Divided,Daylight,,Not Raining
2017-8848-8/11/2018,1,0,0,1,2: MI,,,,60,Rear End,Not Divided,Daylight,,Not Raining
2017-8849-8/11/2018,1,0,0,1,2: MI,Full,4,,60,Rear End,Divided Road,Daylight,,Not Raining
2017-8850-8/11/2018,0,0,0,0,1: PDO,Unknown,1,,60,Right Angle,T-Junction,Daylight,,Not Raining
2017-8851-8/11/2018,0,0,0,0,1: PDO,Unknown,1,,80,Hit Animal,Not Divided,Night,,Not Raining
2017-8852-8/11/2018,0,0,0,0,1: PDO,Full,2,,60,Rear End,Divided Road,Night,,Not Raining
2017-8853-8/11/2018,1,0,0,1,2: MI,Full,5,,60,Hit Fixed Object,Not Divided,Daylight,,Not Raining
2017-8854-8/11/2018,0,0,0,0,1: PDO,Full,2,,50,Rear End,Not Divided,Daylight,,Not Raining
2017-8855-8/11/2018,0,0,0,0,1: PDO,Full,1,,50,Right Angle,T-Junction,Daylight,,Not Raining
2017-8856-8/11/2018,0,0,0,0,1: PDO,Unknown,2,,60,Rear End,T-Junction,Daylight,,Not Raining
2017-8857-8/11/2018,0,0,0,0,1: PDO,,,,60,Right Angle,Not Divided,Daylight,,Not Raining
2017-8858-8/11/2018,0,0,0,0,1: PDO,Full,2,,100,Hit Animal,Not Divided,Night,,Not Raining
2017-8859-8/11/2018,0,0,0,0,1: PDO,Full,1,,60,Rear End,T-Junction,Daylight,,Not Raining
2017-8860-8/11/2018,1,0,0,1,2: MI,Full,1,,50,Hit Parked Vehicle,Not Divided,Daylight,,Not Raining
2017-8861-8/11/2018,1,0,0,1,2: MI,Full,1,,50,Right Angle,Cross Road,Daylight,,Not Raining
2017-8862-8/11/2018,1,0,0,1,2: MI,,0,,80,Rear End,Divided Road,Daylight,,Not Raining
2017-8863-8/11/2018,0,0,0,0,1: PDO,Unknown,1,,60,Rear End,Divided Road,Daylight,,Not Raining
2017-8864-8/11/2018,0,0,0,0,1: PDO,Full,1,,60,Side Swipe,Not Divided,Daylight,,Not Raining
2017-8865-8/11/2018,1,0,0,1,2: MI,,,,60,Side Swipe,Not Divided,Daylight,,Not Raining
2017-8866-8/11/2018,1,0,0,1,2: MI,Provisional 2,3,,60,Rear End,Cross Road,Daylight,,Not Raining
2017-8867-8/11/2018,1,0,1,0,3: SI,,,,50,Hit Parked Vehicle,Not Divided,Daylight,,Not Raining
2017-8868-8/11/2018,0,0,0,0,1: PDO,Full,2,,60,Side Swipe,T-Junction,Daylight,,Raining
2017-8869-8/11/2018,1,0,0,1,2: MI,Unknown,1,,70,Rear End,Divided Road,Daylight,,Not Raining
2017-8870-8/11/2018,0,0,0,0,1: PDO,Full,2,,110,Hit Fixed Object,Not Divided,Night,,Not Raining
2017-8871-8/11/2018,0,0,0,0,1: PDO,Full,2,,60,Rear End,Not Divided,Daylight,,Not Raining
2017-8872-8/11/2018,0,0,0,0,1: PDO,Full,4,,60,Rear End,Not Divided,Daylight,,Not Raining
2017-8873-8/11/2018,2,0,2,0,3: SI,,1,,100,Head On,Not Divided,Daylight,,Not Raining
2017-8874-8/11/2018,0,0,0,0,1: PDO,Full,2,,50,Right Angle,T-Junction,Daylight,,Not Raining
2017-8875-8/11/2018,1,0,0,1,2: MI,,,,50,Rear End,Not Divided,Daylight,,Not Raining
2017-8876-8/11/2018,1,0,0,1,2: MI,Full,2,,60,Right Angle,Cross Road,Night,,Not Raining
2017-8877-8/11/2018,0,0,0,0,1: PDO,Full,1,,60,Right Angle,Cross Road,Daylight,,Not Raining
2017-8878-8/11/2018,0,0,0,0,1: PDO,Full,4,,60,Rear End,T-Junction,Daylight,,Not Raining
2017-8879-8/11/2018,0,0,0,0,1: PDO,Provisional 1 ,3,,50,Hit Parked Vehicle,Not Divided,Night,,Not Raining
2017-8880-8/11/2018,0,0,0,0,1: PDO,Unknown,1,,60,Rear End,Cross Road,Night,,Not Raining
2017-8881-8/11/2018,1,0,0,1,2: MI,,,,50,Hit Pedestrian,Cross Road,Night,,Not Raining
2017-8882-8/11/2018,2,0,0,2,2: MI,,,,60,Rear End,Divided Road,Daylight,,Not Raining
2017-8883-8/11/2018,0,0,0,0,1: PDO,Full,2,,50,Hit Parked Vehicle,T-Junction,Night,,Not Raining
2017-8884-8/11/2018,0,0,0,0,1: PDO,,,,50,Hit Parked Vehicle,Not Divided,Daylight,,Not Raining
2017-8885-8/11/2018,0,0,0,0,1: PDO,Provisional 1 ,1,,60,Right Turn,Cross Road,Night,,Not Raining
2017-8886-8/11/2018,1,0,0,1,2: MI,,,,50,Hit Pedestrian,T-Junction,Night,,Not Raining
2017-8887-8/11/2018,0,0,0,0,1: PDO,Provisional 1 ,4,,60,Right Turn,Cross Road,Night,,Not Raining
2017-8888-8/11/2018,2,0,0,2,2: MI,,,,70,Hit Fixed Object,Cross Road,Night,Y,Raining
2017-8889-8/11/2018,0,0,0,0,1: PDO,Full,1,,60,Rear End,Divided Road,Daylight,,Not Raining
2017-8890-8/11/2018,1,0,0,1,2: MI,Full,2,,50,Right Angle,Cross Road,Daylight,,Not Raining
2017-8891-8/11/2018,0,0,0,0,1: PDO,Full,4,,60,Rear End,Not Divided,Daylight,,Not Raining
2017-8892-8/11/2018,0,0,0,0,1: PDO,Full,1,,50,Hit Fixed Object,T-Junction,Night,,Not Raining
2017-8893-8/11/2018,1,0,0,1,2: MI,,,,50,Hit Parked Vehicle,Not Divided,Daylight,,Not Raining
2017-8894-8/11/2018,0,0,0,0,1: PDO,Provisional 1 ,2,,60,Hit Parked Vehicle,Not Divided,Daylight,,Not Raining
2017-8895-8/11/2018,1,0,0,1,2: MI,Provisional 1 ,1,,60,Rear End,T-Junction,Daylight,,Not Raining
2017-8896-8/11/2018,0,0,0,0,1: PDO,,0,,100,Roll Over,Not Divided,Night,,Raining
2017-8897-8/11/2018,0,0,0,0,1: PDO,Unknown,1,,70,Side Swipe,T-Junction,Daylight,,Not Raining
2017-8898-8/11/2018,0,0,0,0,1: PDO,Full,1,,60,Right Angle,T-Junction,Daylight,,Not Raining
2017-8899-8/11/2018,0,0,0,0,1: PDO,Full,1,,80,Rear End,T-Junction,Daylight,,Unknown
2017-8900-8/11/2018,0,0,0,0,1: PDO,Full,1,,60,Rear End,Divided Road,Daylight,,Not Raining
2017-8901-8/11/2018,0,0,0,0,1: PDO,,,,60,Rear End,Divided Road,Daylight,,Not Raining
2017-8902-8/11/2018,0,0,0,0,1: PDO,,0,,60,Rear End,Divided Road,Daylight,,Not Raining
2017-8903-8/11/2018,1,0,0,1,2: MI,Unlicenced,1,,60,Rear End,Divided Road,Daylight,,Not Raining
2017-8904-8/11/2018,0,0,0,0,1: PDO,Full,1,,50,Right Angle,Cross Road,Daylight,,Not Raining
2017-8905-8/11/2018,0,0,0,0,1: PDO,Full,1,,50,Hit Fixed Object,Not Divided,Daylight,,Not Raining
2017-8906-8/11/2018,1,0,0,1,2: MI,Full,1,,60,Side Swipe,Cross Road,Night,,Not Raining
2017-8907-8/11/2018,0,0,0,0,1: PDO,,,,110,Side Swipe,Not Divided,Daylight,,Not Raining
2017-8908-8/11/2018,0,0,0,0,1: PDO,Full,1,,60,Side Swipe,Divided Road,Night,,Not Raining
2017-8909-8/11/2018,0,0,0,0,1: PDO,,0,,50,Hit Parked Vehicle,Not Divided,Night,,Not Raining
2017-8910-8/11/2018,0,0,0,0,1: PDO,Provisional 2,1,,60,Right Angle,T-Junction,Daylight,,Not Raining
2017-8911-8/11/2018,0,0,0,0,1: PDO,,,,40,Rear End,Cross Road,Daylight,,Unknown
2017-8912-8/11/2018,0,0,0,0,1: PDO,Full,2,,50,Side Swipe,Cross Road,Daylight,,Not Raining
2017-8913-8/11/2018,1,0,1,0,3: SI,Full,1,,100,Hit Fixed Object,Not Divided,Daylight,,Not Raining
2017-8914-8/11/2018,0,0,0,0,1: PDO,Full,1,,50,Right Angle,T-Junction,Daylight,,Not Raining
2017-8915-8/11/2018,0,0,0,0,1: PDO,Full,15,,60,Side Swipe,Not Divided,Daylight,,Not Raining
2017-8916-8/11/2018,1,0,0,1,2: MI,Provisional 2,2,,50,Side Swipe,Not Divided,Daylight,,Not Raining
2017-8917-8/11/2018,0,0,0,0,1: PDO,Unknown,1,,60,Right Angle,T-Junction,Daylight,,Not Raining
2017-8918-8/11/2018,1,1,0,0,4: Fatal,Full,2,,80,Right Angle,Cross Road,Daylight,,Not Raining
2017-8919-8/11/2018,1,0,0,1,2: MI,Full,1,,60,Hit Pedestrian,Divided Road,Night,,Raining
2017-8920-8/11/2018,0,0,0,0,1: PDO,Full,1,,50,Hit Fixed Object,Not Divided,Night,Y,Not Raining
2017-8921-8/11/2018,0,0,0,0,1: PDO,,,,60,Hit Fixed Object,Not Divided,Night,,Raining
2017-8922-8/11/2018,1,0,1,0,3: SI,Full,1,,60,Hit Pedestrian,Divided Road,Night,,Raining
2017-8923-8/11/2018,2,0,0,2,2: MI,,,,50,Right Turn,Cross Road,Night,,Raining
2017-8924-8/11/2018,1,0,0,1,2: MI,Full,1,,100,Roll Over,Not Divided,Night,,Not Raining
2017-8925-8/11/2018,0,0,0,0,1: PDO,,,,60,Side Swipe,Divided Road,Daylight,,Not Raining
2017-8926-8/11/2018,0,0,0,0,1: PDO,Full,1,,60,Right Turn,T-Junction,Daylight,,Raining
2017-8927-8/11/2018,0,0,0,0,1: PDO,Full,20,,60,Right Turn,Cross Road,Daylight,,Not Raining
2017-8928-8/11/2018,0,0,0,0,1: PDO,Full,1,,60,Hit Fixed Object,Divided Road,Night,,Unknown
2017-8929-8/11/2018,0,0,0,0,1: PDO,,,,80,Hit Animal,Not Divided,Daylight,,Raining
2017-8930-8/11/2018,0,0,0,0,1: PDO,,,,50,Hit Fixed Object,Not Divided,Daylight,,Not Raining
2017-8931-8/11/2018,1,0,0,1,2: MI,Full,1,,110,Hit Fixed Object,Not Divided,Daylight,,Raining
2017-8932-8/11/2018,1,0,0,1,2: MI,,,,80,Hit Fixed Object,Not Divided,Daylight,,Raining
2017-8933-8/11/2018,0,0,0,0,1: PDO,Full,2,,60,Hit Fixed Object,Cross Road,Daylight,,Not Raining
2017-8934-8/11/2018,0,0,0,0,1: PDO,,,,50,Right Turn,Cross Road,Daylight,,Not Raining
2017-8935-8/11/2018,0,0,0,0,1: PDO,Provisional 1 ,1,,100,Roll Over,Not Divided,Night,,Raining
2017-8936-8/11/2018,0,0,0,0,1: PDO,,,,60,Right Angle,T-Junction,Night,,Raining
2017-8937-8/11/2018,3,0,0,3,2: MI,Unknown,1,,60,Right Turn,T-Junction,Night,,Not Raining
2017-8938-8/11/2018,0,0,0,0,1: PDO,Full,1,,60,Hit Fixed Object,Divided Road,Daylight,,Unknown
2017-8939-8/11/2018,0,0,0,0,1: PDO,Full,1,,100,Roll Over,Not Divided,Daylight,,Not Raining
2017-8940-8/11/2018,1,0,0,1,2: MI,Full,1,,60,Rear End,Cross Road,Daylight,,Not Raining
2017-8941-8/11/2018,0,0,0,0,1: PDO,Full,1,,50,Hit Parked Vehicle,Cross Road,Night,,Raining
2017-8942-8/11/2018,1,0,0,1,2: MI,,,,60,Right Turn,T-Junction,Night,,Raining
2017-8943-8/11/2018,1,0,0,1,2: MI,Unlicenced,1,,50,Rear End,T-Junction,Night,,Raining
2017-8944-8/11/2018,0,0,0,0,1: PDO,,0,,80,Hit Fixed Object,Not Divided,Daylight,,Not Raining
2017-8945-8/11/2018,0,0,0,0,1: PDO,Provisional 1 ,1,,50,Right Angle,T-Junction,Night,,Not Raining
2017-8946-8/11/2018,0,0,0,0,1: PDO,Full,1,,100,Hit Fixed Object,Not Divided,Night,,Raining
2017-8947-8/11/2018,0,0,0,0,1: PDO,Full,1,,80,Hit Fixed Object,Not Divided,Night,,Not Raining
2017-8948-8/11/2018,1,0,0,1,2: MI,Full,1,,60,Head On,Not Divided,Night,,Not Raining
2017-8949-8/11/2018,0,0,0,0,1: PDO,Full,4,,50,Right Angle,Cross Road,Night,,Not Raining
2017-8950-8/11/2018,1,0,0,1,2: MI,Full,5,,60,Rear End,Divided Road,Daylight,,Raining
2017-8951-8/11/2018,0,0,0,0,1: PDO,Unknown,1,,50,Hit Parked Vehicle,Not Divided,Daylight,,Not Raining
2017-8952-8/11/2018,0,0,0,0,1: PDO,,,,40,Hit Parked Vehicle,Not Divided,Daylight,,Not Raining
2017-8953-8/11/2018,0,0,0,0,1: PDO,,,,50,Right Angle,Cross Road,Daylight,,Not Raining
2017-8954-8/11/2018,1,0,0,1,2: MI,Full,1,,60,Side Swipe,Cross Road,Daylight,,Raining
2017-8955-8/11/2018,0,0,0,0,1: PDO,,,,60,Right Angle,T-Junction,Daylight,,Not Raining
2017-8956-8/11/2018,0,0,0,0,1: PDO,Full,1,,100,Hit Animal,Not Divided,Night,,Not Raining
2017-8957-8/11/2018,1,0,0,1,2: MI,Full,3,,60,Rear End,Not Divided,Daylight,,Not Raining
2017-8958-8/11/2018,0,0,0,0,1: PDO,Provisional 2,1,,50,Side Swipe,Not Divided,Daylight,,Unknown
2017-8959-8/11/2018,0,0,0,0,1: PDO,Provisional 1 ,2,,50,Hit Pedestrian,T-Junction,Daylight,,Not Raining
2017-8960-8/11/2018,0,0,0,0,1: PDO,Full,1,,80,Side Swipe,Divided Road,Daylight,,Not Raining
2017-8961-8/11/2018,0,0,0,0,1: PDO,Full,1,,50,Hit Pedestrian,Not Divided,Daylight,,Not Raining
2017-8962-8/11/2018,2,0,0,2,2: MI,Full,1,,60,Right Turn,Cross Road,Daylight,,Raining
2017-8963-8/11/2018,0,0,0,0,1: PDO,Full,1,,50,Rear End,Not Divided,Daylight,,Not Raining
2017-8964-8/11/2018,2,0,0,2,2: MI,Full,1,Y,60,Right Angle,T-Junction,Daylight,,Not Raining
2017-8965-8/11/2018,0,0,0,0,1: PDO,Full,1,,50,Right Turn,Cross Road,Daylight,,Not Raining
2017-8966-8/11/2018,0,0,0,0,1: PDO,,,,60,Rear End,Cross Road,Daylight,,Not Raining
2017-8967-8/11/2018,1,0,0,1,2: MI,Full,1,,80,Roll Over,T-Junction,Daylight,,Raining
2017-8968-8/11/2018,0,0,0,0,1: PDO,Full,1,,60,Rear End,Divided Road,Daylight,,Not Raining
2017-8969-8/11/2018,1,0,0,1,2: MI,Full,1,,80,Hit Fixed Object,Not Divided,Daylight,,Raining
2017-8970-8/11/2018,0,0,0,0,1: PDO,Full,2,,60,Rear End,Not Divided,Daylight,,Not Raining
2017-8971-8/11/2018,1,0,0,1,2: MI,Full,1,,60,Right Angle,Cross Road,Daylight,,Not Raining
2017-8972-8/11/2018,1,0,0,1,2: MI,Full,2,,60,Rear End,T-Junction,Daylight,,Not Raining
2017-8973-8/11/2018,0,0,0,0,1: PDO,Full,4,,60,Right Angle,Cross Road,Daylight,,Not Raining
2017-8974-8/11/2018,0,0,0,0,1: PDO,Learners,2,,60,Rear End,T-Junction,Daylight,,Not Raining
2017-8975-8/11/2018,0,0,0,0,1: PDO,,,,50,Right Angle,Not Divided,Daylight,,Unknown
2017-8976-8/11/2018,0,0,0,0,1: PDO,Full,1,,60,Rear End,Cross Road,Daylight,,Raining
2017-8977-8/11/2018,0,0,0,0,1: PDO,Full,1,,60,Right Turn,Cross Road,Night,,Raining
2017-8978-8/11/2018,1,0,0,1,2: MI,Full,1,,50,Hit Pedestrian,T-Junction,Night,,Raining
2017-8979-8/11/2018,0,0,0,0,1: PDO,Full,1,,50,Right Angle,Cross Road,Daylight,,Not Raining
2017-8980-8/11/2018,0,0,0,0,1: PDO,Full,1,,60,Rear End,Cross Road,Daylight,,Not Raining
2017-8981-8/11/2018,1,0,0,1,2: MI,Full,1,Y,50,Head On,Cross Road,Daylight,,Not Raining
2017-8982-8/11/2018,2,0,0,2,2: MI,Full,1,,60,Right Turn,Cross Road,Daylight,,Not Raining
2017-8983-8/11/2018,1,0,0,1,2: MI,Full,2,,60,Rear End,Not Divided,Daylight,,Unknown
2017-8984-8/11/2018,1,0,0,1,2: MI,Full,1,,50,Side Swipe,Divided Road,Night,,Raining
2017-8985-8/11/2018,1,0,0,1,2: MI,Full,1,,60,Right Turn,Cross Road,Daylight,,Raining
2017-8986-8/11/2018,0,0,0,0,1: PDO,Full,1,,50,Hit Parked Vehicle,Not Divided,Daylight,,Not Raining
2017-8987-8/11/2018,0,0,0,0,1: PDO,Full,1,,60,Side Swipe,Divided Road,Night,,Raining
2017-8988-8/11/2018,0,0,0,0,1: PDO,Full,1,,60,Right Turn,Cross Road,Night,,Raining
2017-8989-8/11/2018,0,0,0,0,1: PDO,Full,2,,60,Right Turn,T-Junction,Daylight,,Raining
2017-8990-8/11/2018,0,0,0,0,1: PDO,Full,1,,50,Hit Fixed Object,Not Divided,Night,,Not Raining
2017-8991-8/11/2018,0,0,0,0,1: PDO,Full,1,,60,Right Angle,T-Junction,Daylight,,Raining
2017-8992-8/11/2018,0,0,0,0,1: PDO,Full,1,,60,Hit Fixed Object,Divided Road,Daylight,,Not Raining
2017-8993-8/11/2018,0,0,0,0,1: PDO,Full,1,,50,Rear End,Divided Road,Daylight,,Not Raining
2017-8994-8/11/2018,0,0,0,0,1: PDO,Full,1,,50,Side Swipe,Not Divided,Daylight,,Not Raining
2017-8995-8/11/2018,0,0,0,0,1: PDO,Full,1,,60,Right Angle,T-Junction,Daylight,,Not Raining
2017-8996-8/11/2018,0,0,0,0,1: PDO,Full,7,,70,Rear End,Divided Road,Daylight,,Not Raining
2017-8997-8/11/2018,0,0,0,0,1: PDO,,0,,60,Rear End,Divided Road,Daylight,,Unknown
2017-8998-8/11/2018,0,0,0,0,1: PDO,Full,1,,90,Hit Fixed Object,Divided Road,Daylight,,Not Raining
2017-8999-8/11/2018,0,0,0,0,1: PDO,Unknown,1,,60,Rear End,Divided Road,Daylight,,Not Raining
2017-9000-8/11/2018,0,0,0,0,1: PDO,Provisional 1 ,1,,60,Side Swipe,Divided Road,Daylight,,Not Raining
2017-9001-8/11/2018,1,0,0,1,2: MI,Full,1,,60,Right Angle,Cross Road,Daylight,,Raining
2017-9002-8/11/2018,2,0,0,2,2: MI,Full,1,,60,Right Turn,T-Junction,Daylight,,Not Raining
2017-9003-8/11/2018,0,0,0,0,1: PDO,Full,1,,50,Right Angle,T-Junction,Daylight,,Not Raining
2017-9004-8/11/2018,0,0,0,0,1: PDO,Unknown,1,,50,Hit Fixed Object,Divided Road,Daylight,,Not Raining
2017-9005-8/11/2018,1,0,1,0,3: SI,Provisional 1 ,1,,100,Hit Fixed Object,T-Junction,Daylight,,Raining
2017-9006-8/11/2018,0,0,0,0,1: PDO,Full,1,,90,Rear End,Divided Road,Daylight,,Not Raining
2017-9007-8/11/2018,0,0,0,0,1: PDO,Full,1,,60,Rear End,Cross Road,Night,,Not Raining
2017-9008-8/11/2018,1,0,0,1,2: MI,Full,1,,50,Side Swipe,Cross Road,Daylight,,Not Raining
2017-9009-8/11/2018,0,0,0,0,1: PDO,,,,50,Right Angle,Not Divided,Daylight,,Not Raining
2017-9010-8/11/2018,0,0,0,0,1: PDO,Full,1,,70,Rear End,Divided Road,Daylight,,Not Raining
2017-9011-8/11/2018,1,0,1,0,3: SI,Provisional 1 ,1,,110,Head On,Not Divided,Night,,Not Raining
2017-9012-8/11/2018,0,0,0,0,1: PDO,Full,1,,50,Hit Fixed Object,Divided Road,Daylight,,Not Raining
2017-9013-8/11/2018,0,0,0,0,1: PDO,Full,1,,60,Right Angle,Cross Road,Night,,Unknown
2017-9014-8/11/2018,0,0,0,0,1: PDO,Full,2,,50,Hit Fixed Object,Cross Road,Daylight,,Not Raining
2017-9015-8/11/2018,0,0,0,0,1: PDO,Full,1,,50,Rear End,Not Divided,Daylight,,Not Raining
2017-9016-8/11/2018,0,0,0,0,1: PDO,,0,,50,Right Angle,T-Junction,Daylight,,Not Raining
2017-9017-8/11/2018,1,0,0,1,2: MI,Unknown,1,Y,60,Hit Parked Vehicle,Not Divided,Daylight,,Not Raining
2017-9018-8/11/2018,0,0,0,0,1: PDO,Full,1,,50,Side Swipe,Cross Road,Daylight,,Not Raining
2017-9019-8/11/2018,0,0,0,0,1: PDO,,,,60,Right Turn,Cross Road,Daylight,,Not Raining
2017-9020-8/11/2018,1,0,0,1,2: MI,,,,80,Hit Fixed Object,Not Divided,Night,,Raining
2017-9021-8/11/2018,2,0,0,2,2: MI,,0,,80,Head On,Not Divided,Daylight,,Not Raining
2017-9022-8/11/2018,0,0,0,0,1: PDO,Unknown,1,,90,Rear End,Freeway,Daylight,,Raining
2017-9023-8/11/2018,0,0,0,0,1: PDO,Provisional 2,1,,60,Right Angle,Divided Road,Daylight,,Not Raining
2017-9024-8/11/2018,0,0,0,0,1: PDO,Full,1,,60,Rear End,T-Junction,Daylight,,Not Raining
2017-9025-8/11/2018,0,0,0,0,1: PDO,Full,1,,60,Other,T-Junction,Daylight,,Not Raining
2017-9026-8/11/2018,0,0,0,0,1: PDO,Full,1,,60,Side Swipe,Not Divided,Night,,Not Raining
2017-9027-8/11/2018,0,0,0,0,1: PDO,Full,1,,50,Hit Fixed Object,Not Divided,Night,,Not Raining
2017-9028-8/11/2018,1,0,0,1,2: MI,Full,1,,80,Roll Over,Not Divided,Night,,Raining
2017-9029-8/11/2018,0,0,0,0,1: PDO,,1,,80,Right Angle,T-Junction,Daylight,,Not Raining
2017-9030-8/11/2018,0,0,0,0,1: PDO,Full,1,,60,Right Angle,T-Junction,Daylight,,Raining
2017-9031-8/11/2018,0,0,0,0,1: PDO,,,,60,Right Turn,Cross Road,Daylight,,Raining
2017-9032-8/11/2018,0,0,0,0,1: PDO,Unknown,1,,50,Right Angle,T-Junction,Daylight,,Not Raining
2017-9033-8/11/2018,0,0,0,0,1: PDO,,1,,60,Rear End,Cross Road,Daylight,,Raining
2017-9034-8/11/2018,0,0,0,0,1: PDO,Full,1,,60,Right Angle,T-Junction,Night,,Not Raining
2017-9035-8/11/2018,0,0,0,0,1: PDO,Full,1,,50,Rear End,Divided Road,Daylight,,Raining
2017-9036-8/11/2018,0,0,0,0,1: PDO,Full,1,,60,Rear End,Divided Road,Daylight,,Raining
2017-9037-8/11/2018,0,0,0,0,1: PDO,Unknown,1,,100,Hit Fixed Object,Not Divided,Daylight,,Not Raining
2017-9038-8/11/2018,0,0,0,0,1: PDO,Provisional 2,1,,60,Rear End,Divided Road,Daylight,,Not Raining
2017-9039-8/11/2018,1,0,1,0,3: SI,,,,70,Right Angle,T-Junction,Daylight,,Raining
2017-9040-8/11/2018,1,0,0,1,2: MI,Full,2,Y,40,Rear End,Freeway,Daylight,,Raining
2017-9041-8/11/2018,1,0,1,0,3: SI,,,,60,Rear End,Divided Road,Daylight,,Raining
2017-9042-8/11/2018,0,0,0,0,1: PDO,Full,1,,50,Roll Over,T-Junction,Daylight,,Raining
2017-9043-8/11/2018,1,0,0,1,2: MI,Full,1,,50,Side Swipe,T-Junction,Daylight,,Not Raining
2017-9044-8/11/2018,0,0,0,0,1: PDO,Full,1,,60,Right Angle,Cross Road,Daylight,,Not Raining
2017-9045-8/11/2018,1,0,0,1,2: MI,Full,1,,60,Rear End,T-Junction,Daylight,,Not Raining
2017-9046-8/11/2018,1,0,0,1,2: MI,Provisional 1 ,4,,70,Right Angle,T-Junction,Daylight,,Not Raining
2017-9047-8/11/2018,0,0,0,0,1: PDO,Provisional 2,1,,100,Hit Animal,Not Divided,Daylight,,Not Raining
2017-9048-8/11/2018,1,0,0,1,2: MI,Full,1,,60,Hit Pedestrian,T-Junction,Daylight,,Not Raining
2017-9049-8/11/2018,0,0,0,0,1: PDO,Full,1,,60,Right Angle,Not Divided,Daylight,,Not Raining
2017-9050-8/11/2018,0,0,0,0,1: PDO,Full,2,,80,Rear End,T-Junction,Daylight,,Raining
2017-9051-8/11/2018,1,0,0,1,2: MI,Full,1,,60,Rear End,Cross Road,Daylight,,Not Raining
2017-9052-8/11/2018,1,0,0,1,2: MI,Full,3,,60,Right Angle,Cross Road,Daylight,,Unknown
2017-9053-8/11/2018,2,0,2,0,3: SI,Full,3,,60,Side Swipe,Divided Road,Daylight,,Not Raining
2017-9054-8/11/2018,2,0,0,2,2: MI,,1,,60,Head On,Not Divided,Night,,Not Raining