REPORT_ID,Total Cas,Total Fats,Total SI,Total MI,CSEF Severity,Licence Type,Number Occupants,Drugs Involved,Area Speed,Crash Type,Position Type,DayNight,DUI Involved,Weather Cond
2017-9055-8/11/2018,0,0,0,0,1: PDO,Full,1,,60,Rear End,Cross Road,Daylight,,Raining
2017-9056-8/11/2018,0,0,0,0,1: PDO,Full,1,,60,Rear End,Divided Road,Daylight,,Not Raining
2017-9057-8/11/2018,0,0,0,0,1: PDO,,0,,80,Hit Fixed Object,Not Divided,Daylight,,Raining
2017-9058-8/11/2018,1,0,0,1,2: MI,,0,,50,Right Angle,Cross Road,Daylight,,Not Raining
2017-9059-8/11/2018,2,0,1,1,3: SI,Full,1,,50,Rear End,T-Junction,Daylight,,Not Raining
2017-9060-8/11/2018,0,0,0,0,1: PDO,Full,1,,60,Hit Parked Vehicle,Not Divided,Daylight,,Not Raining
2017-9061-8/11/2018,1,0,0,1,2: MI,Full,1,,60,Side Swipe,Not Divided,Night,,Not Raining
2017-9062-8/11/2018,1,0,0,1,2: MI,Provisional 2,1,,50,Hit Fixed Object,Not Divided,Daylight,,Not Raining
2017-9063-8/11/2018,0,0,0,0,1: PDO,Full,1,,90,Other,Freeway,Night,,Not Raining
2017-9064-8/11/2018,1,0,1,0,3: SI,Learners,1,,60,Other,Rail Xing,Daylight,,Not Raining
2017-9065-8/11/2018,0,0,0,0,1: PDO,Provisional 2,1,,100,Hit Animal,Not Divided,Night,,Not Raining
2017-9066-8/11/2018,2,0,0,2,2: MI,,,,60,Hit Fixed Object,Pedestrian Crossing,Daylight,,Not Raining
2017-9067-8/11/2018,0,0,0,0,1: PDO,Full,1,,100,Hit Fixed Object,Not Divided,Night,,Raining
2017-9068-8/11/2018,0,0,0,0,1: PDO,Provisional 1 ,1,,50,Roll Over,T-Junction,Night,,Not Raining
2017-9069-8/11/2018,1,0,1,0,3: SI,,,,50,Hit Fixed Object,Not Divided,Night,,Not Raining
2017-9070-8/11/2018,0,0,0,0,1: PDO,,0,,110,Hit Fixed Object,Ramp Off,Night,,Not Raining
2017-9071-8/11/2018,0,0,0,0,1: PDO,Unknown,1,,60,Side Swipe,T-Junction,Daylight,,Not Raining
2017-9072-8/11/2018,1,0,0,1,2: MI,,0,,80,Right Angle,Cross Road,Daylight,,Not Raining
2017-9073-8/11/2018,0,0,0,0,1: PDO,Full,1,,50,Hit Pedestrian,Not Divided,Daylight,,Not Raining
2017-9074-8/11/2018,0,0,0,0,1: PDO,Full,1,,60,Right Angle,Divided Road,Daylight,,Not Raining
2017-9075-8/11/2018,1,0,0,1,2: MI,,1,,60,Right Angle,Cross Road,Daylight,,Not Raining
2017-9076-8/11/2018,0,0,0,0,1: PDO,Full,1,,40,Right Angle,Cross Road,Daylight,,Not Raining
2017-9077-8/11/2018,1,0,0,1,2: MI,Unknown,1,,60,Hit Parked Vehicle,Not Divided,Night,,Raining
2017-9078-8/11/2018,0,0,0,0,1: PDO,Full,1,,100,Hit Fixed Object,Not Divided,Daylight,,Raining
2017-9079-8/11/2018,0,0,0,0,1: PDO,Unknown,1,,60,Hit Pedestrian,Divided Road,Daylight,,Not Raining
2017-9080-8/11/2018,0,0,0,0,1: PDO,Full,1,,50,Hit Parked Vehicle,Divided Road,Daylight,,Not Raining
2017-9081-8/11/2018,1,0,0,1,2: MI,Full,1,,60,Rear End,T-Junction,Daylight,,Not Raining
2017-9082-8/11/2018,0,0,0,0,1: PDO,,0,,40,Right Turn,T-Junction,Daylight,,Not Raining
2017-9083-8/11/2018,0,0,0,0,1: PDO,Provisional 1 ,1,,40,Rear End,Not Divided,Daylight,,Not Raining
2017-9084-8/11/2018,1,0,0,1,2: MI,Unlicenced,2,,60,Right Turn,T-Junction,Daylight,,Not Raining
2017-9085-8/11/2018,1,0,0,1,2: MI,Provisional 1 ,2,,60,Rear End,T-Junction,Daylight,,Not Raining
2017-9086-8/11/2018,3,0,1,2,3: SI,,,,80,Right Turn,Cross Road,Daylight,,Not Raining
2017-9087-8/11/2018,0,0,0,0,1: PDO,Full,1,,60,Rear End,T-Junction,Daylight,,Not Raining
2017-9088-8/11/2018,1,0,0,1,2: MI,Full,1,,60,Right Angle,Cross Road,Daylight,,Not Raining
2017-9089-8/11/2018,2,0,0,2,2: MI,Full,1,,60,Left Road - Out of Control,Not Divided,Night,,Raining
2017-9090-8/11/2018,1,0,0,1,2: MI,Full,1,,60,Right Angle,T-Junction,Daylight,,Not Raining
2017-9091-8/11/2018,0,0,0,0,1: PDO,Full,1,,50,Rear End,Not Divided,Daylight,,Not Raining
2017-9092-8/11/2018,0,0,0,0,1: PDO,Full,2,,60,Rear End,T-Junction,Daylight,,Not Raining
2017-9093-8/11/2018,0,0,0,0,1: PDO,,1,,60,Side Swipe,Divided Road,Daylight,,Not Raining
2017-9094-8/11/2018,1,0,0,1,2: MI,Full,2,,60,Hit Parked Vehicle,Divided Road,Daylight,,Not Raining
2017-9095-8/11/2018,2,0,0,2,2: MI,,,,60,Rear End,T-Junction,Daylight,,Not Raining
2017-9096-8/11/2018,0,0,0,0,1: PDO,Full,1,,60,Rear End,Divided Road,Daylight,Y,Not Raining
2017-9097-8/11/2018,1,0,0,1,2: MI,Full,1,,50,Right Angle,T-Junction,Daylight,,Not Raining
2017-9098-8/11/2018,1,0,0,1,2: MI,Full,1,,80,Hit Fixed Object,Not Divided,Night,,Raining
2017-9099-8/11/2018,0,0,0,0,1: PDO,Full,2,,60,Side Swipe,T-Junction,Daylight,,Not Raining
2017-9100-8/11/2018,1,0,0,1,2: MI,Unknown,2,,50,Hit Pedestrian,Not Divided,Night,,Not Raining
2017-9101-8/11/2018,0,0,0,0,1: PDO,,,,60,Hit Fixed Object,Not Divided,Daylight,,Not Raining
2017-9102-8/11/2018,2,0,0,2,2: MI,Full,1,,60,Hit Fixed Object,Cross Road,Daylight,,Raining
2017-9103-8/11/2018,3,0,0,3,2: MI,Unknown,2,,110,Right Angle,T-Junction,Night,,Not Raining
2017-9104-8/11/2018,0,0,0,0,1: PDO,Unknown,1,,90,Side Swipe,Divided Road,Night,,Not Raining
2017-9105-8/11/2018,1,0,0,1,2: MI,Full,2,,50,Hit Fixed Object,Not Divided,Night,,Not Raining
2017-9106-8/11/2018,0,0,0,0,1: PDO,Full,1,,60,Right Turn,Cross Road,Night,,Not Raining
2017-9107-8/11/2018,0,0,0,0,1: PDO,Full,2,,60,Rear End,Not Divided,Daylight,,Not Raining
2017-9108-8/11/2018,0,0,0,0,1: PDO,,,,50,Right Angle,T-Junction,Night,,Not Raining
2017-9109-8/11/2018,0,0,0,0,1: PDO,Full,2,,110,Hit Animal,Not Divided,Night,,Not Raining
2017-9110-8/11/2018,1,0,0,1,2: MI,Full,1,,50,Right Turn,T-Junction,Daylight,,Not Raining
2017-9111-8/11/2018,1,0,0,1,2: MI,Full,2,,80,Hit Fixed Object,Not Divided,Daylight,,Raining
2017-9112-8/11/2018,0,0,0,0,1: PDO,Unknown,1,,50,Hit Parked Vehicle,Not Divided,Daylight,,Not Raining
2017-9113-8/11/2018,0,0,0,0,1: PDO,Full,1,,60,Rear End,Divided Road,Daylight,,Not Raining
2017-9114-8/11/2018,1,0,0,1,2: MI,Full,1,,60,Rear End,Not Divided,Daylight,,Not Raining
2017-9115-8/11/2018,0,0,0,0,1: PDO,Full,1,,50,Hit Parked Vehicle,Not Divided,Night,,Not Raining
2017-9116-8/11/2018,1,0,0,1,2: MI,Provisional 1 ,1,,50,Rear End,Not Divided,Daylight,,Not Raining
2017-9117-8/11/2018,2,0,0,2,2: MI,Full,1,,60,Rear End,Not Divided,Daylight,,Not Raining
2017-9118-8/11/2018,2,0,1,1,3: SI,Full,1,,50,Hit Parked Vehicle,Not Divided,Daylight,,Not Raining
2017-9119-8/11/2018,0,0,0,0,1: PDO,Full,2,,60,Rear End,T-Junction,Daylight,,Not Raining
2017-9120-8/11/2018,0,0,0,0,1: PDO,Provisional 2,1,,60,Rear End,Divided Road,Daylight,,Not Raining
2017-9121-8/11/2018,0,0,0,0,1: PDO,Full,2,,60,Right Angle,T-Junction,Night,,Raining
2017-9122-8/11/2018,1,0,1,0,3: SI,Full,2,,60,Hit Pedestrian,T-Junction,Daylight,,Not Raining
2017-9123-8/11/2018,1,0,0,1,2: MI,,,,100,Roll Over,Not Divided,Daylight,,Not Raining
2017-9124-8/11/2018,1,0,0,1,2: MI,Full,1,,60,Right Angle,T-Junction,Night,,Not Raining
2017-9125-8/11/2018,0,0,0,0,1: PDO,Full,1,,60,Hit Parked Vehicle,Not Divided,Night,,Not Raining
2017-9126-8/11/2018,0,0,0,0,1: PDO,Full,1,,60,Right Angle,T-Junction,Daylight,,Not Raining
2017-9127-8/11/2018,0,0,0,0,1: PDO,,,,60,Right Angle,Cross Road,Daylight,,Not Raining
2017-9128-8/11/2018,0,0,0,0,1: PDO,Provisional 2,2,,50,Side Swipe,Divided Road,Daylight,,Not Raining
2017-9129-8/11/2018,0,0,0,0,1: PDO,,1,,60,Right Angle,T-Junction,Daylight,,Not Raining
2017-9130-8/11/2018,1,0,0,1,2: MI,Full,1,,50,Rear End,Not Divided,Daylight,,Not Raining
2017-9131-8/11/2018,1,0,0,1,2: MI,,,,70,Rear End,T-Junction,Daylight,,Not Raining
2017-9132-8/11/2018,0,0,0,0,1: PDO,Full,1,,60,Rear End,T-Junction,Daylight,,Not Raining
2017-9133-8/11/2018,1,0,0,1,2: MI,,,,60,Rear End,Cross Road,Night,,Not Raining
2017-9134-8/11/2018,0,0,0,0,1: PDO,Full,1,,25,Hit Pedestrian,Not Divided,Daylight,,Not Raining
2017-9135-8/11/2018,0,0,0,0,1: PDO,,,,80,Hit Fixed Object,Not Divided,Night,,Raining
2017-9136-8/11/2018,0,0,0,0,1: PDO,Full,1,,60,Right Angle,Pedestrian Crossing,Daylight,,Not Raining
2017-9137-8/11/2018,0,0,0,0,1: PDO,,,,70,Rear End,Cross Road,Daylight,,Not Raining
2017-9138-8/11/2018,1,1,0,0,4: Fatal,Full,2,,60,Hit Fixed Object,Divided Road,Daylight,,Not Raining
2017-9139-8/11/2018,0,0,0,0,1: PDO,Full,1,,60,Rear End,Cross Road,Night,,Not Raining
2017-9140-8/11/2018,0,0,0,0,1: PDO,Full,1,,50,Hit Fixed Object,Cross Road,Night,,Not Raining
2017-9141-8/11/2018,0,0,0,0,1: PDO,Full,1,,60,Right Turn,T-Junction,Night,,Not Raining
2017-9142-8/11/2018,1,0,0,1,2: MI,Full,1,,50,Right Turn,T-Junction,Night,,Not Raining
2017-9143-8/11/2018,0,0,0,0,1: PDO,Full,1,Y,50,Hit Parked Vehicle,Not Divided,Night,Y,Not Raining
2017-9144-8/11/2018,1,0,0,1,2: MI,Full,2,,110,Roll Over,Not Divided,Night,,Not Raining
2017-9145-8/11/2018,0,0,0,0,1: PDO,Provisional 1 ,2,,60,Hit Fixed Object,Divided Road,Night,,Not Raining
2017-9146-8/11/2018,2,0,0,2,2: MI,Full,1,,60,Right Angle,Cross Road,Night,Y,Not Raining
2017-9147-8/11/2018,0,0,0,0,1: PDO,Full,1,,25,Side Swipe,Divided Road,Night,,Not Raining
2017-9148-8/11/2018,0,0,0,0,1: PDO,Full,1,,110,Left Road - Out of Control,Not Divided,Night,,Not Raining
2017-9149-8/11/2018,0,0,0,0,1: PDO,Full,1,,60,Rear End,T-Junction,Daylight,,Not Raining
2017-9150-8/11/2018,2,0,0,2,2: MI,,1,,60,Right Turn,Cross Road,Daylight,,Not Raining
2017-9151-8/11/2018,0,0,0,0,1: PDO,,1,,50,Rear End,Cross Road,Daylight,,Not Raining
2017-9152-8/11/2018,0,0,0,0,1: PDO,Full,1,,110,Hit Animal,Not Divided,Night,,Not Raining
2017-9153-8/11/2018,0,0,0,0,1: PDO,Full,1,,60,Right Angle,Cross Road,Daylight,,Not Raining
2017-9154-8/11/2018,0,0,0,0,1: PDO,Unknown,2,,60,Rear End,Divided Road,Daylight,,Not Raining
2017-9155-8/11/2018,1,0,0,1,2: MI,,,Y,80,Head On,Not Divided,Daylight,,Not Raining
2017-9156-8/11/2018,0,0,0,0,1: PDO,Provisional 2,1,,60,Hit Parked Vehicle,Divided Road,Night,,Not Raining
2017-9157-8/11/2018,0,0,0,0,1: PDO,,,,50,Rear End,Not Divided,Daylight,,Not Raining
2017-9158-8/11/2018,0,0,0,0,1: PDO,Full,1,,50,Right Turn,Cross Road,Daylight,,Not Raining
2017-9159-8/11/2018,0,0,0,0,1: PDO,Full,1,,50,Right Angle,Cross Road,Daylight,,Not Raining
2017-9160-8/11/2018,0,0,0,0,1: PDO,Full,20,,50,Hit Fixed Object,T-Junction,Night,,Not Raining
2017-9161-8/11/2018,0,0,0,0,1: PDO,Unknown,1,,80,Hit Fixed Object,Not Divided,Daylight,,Not Raining
2017-9162-8/11/2018,1,0,0,1,2: MI,Full,1,,60,Other,Not Divided,Daylight,,Not Raining
2017-9163-8/11/2018,1,0,0,1,2: MI,Unknown,1,,80,Right Angle,Cross Road,Daylight,,Not Raining
2017-9164-8/11/2018,1,0,0,1,2: MI,Full,1,,60,Right Angle,Multiple,Daylight,,Not Raining
2017-9165-8/11/2018,1,0,0,1,2: MI,Unknown,1,,60,Hit Fixed Object,T-Junction,Daylight,,Not Raining
2017-9166-8/11/2018,1,0,0,1,2: MI,Full,1,,60,Right Angle,T-Junction,Daylight,,Not Raining
2017-9167-8/11/2018,1,0,0,1,2: MI,Full,1,,60,Rear End,Cross Road,Daylight,,Not Raining
2017-9168-8/11/2018,1,0,0,1,2: MI,Full,1,,60,Right Turn,T-Junction,Night,,Not Raining
2017-9169-8/11/2018,0,0,0,0,1: PDO,Full,1,,60,Hit Parked Vehicle,Not Divided,Night,,Not Raining
2017-9170-8/11/2018,0,0,0,0,1: PDO,Full,3,,80,Hit Fixed Object,Not Divided,Night,,Not Raining
2017-9171-8/11/2018,0,0,0,0,1: PDO,Full,2,,60,Hit Fixed Object,T-Junction,Night,,Not Raining
2017-9172-8/11/2018,0,0,0,0,1: PDO,Provisional 1 ,1,,100,Roll Over,Not Divided,Night,,Not Raining
2017-9173-8/11/2018,1,0,0,1,2: MI,Full,1,,50,Hit Fixed Object,Cross Road,Night,Y,Not Raining
2017-9174-8/11/2018,0,0,0,0,1: PDO,,,,100,Hit Animal,Not Divided,Night,,Not Raining
2017-9175-8/11/2018,0,0,0,0,1: PDO,Full,2,,80,Hit Fixed Object,Not Divided,Daylight,,Not Raining
2017-9176-8/11/2018,0,0,0,0,1: PDO,Full,1,,80,Hit Fixed Object,Divided Road,Daylight,,Not Raining
2017-9177-8/11/2018,0,0,0,0,1: PDO,Full,1,,60,Right Angle,Cross Road,Night,,Not Raining
2017-9178-8/11/2018,1,0,0,1,2: MI,Provisional 1 ,1,,60,Hit Pedestrian,Cross Road,Daylight,,Not Raining
2017-9179-8/11/2018,0,0,0,0,1: PDO,Provisional 1 ,2,,40,Rear End,Divided Road,Daylight,,Not Raining
2017-9180-8/11/2018,0,0,0,0,1: PDO,Full,1,,60,Rear End,T-Junction,Daylight,,Not Raining
2017-9181-8/11/2018,0,0,0,0,1: PDO,Full,3,,50,Right Angle,Not Divided,Daylight,,Not Raining
2017-9182-8/11/2018,1,0,0,1,2: MI,Full,1,,60,Rear End,Divided Road,Daylight,,Not Raining
2017-9183-8/11/2018,0,0,0,0,1: PDO,Provisional 1 ,1,,60,Rear End,Cross Road,Daylight,,Not Raining
2017-9184-8/11/2018,1,0,0,1,2: MI,Full,3,,50,Rear End,Not Divided,Daylight,,Not Raining
2017-9185-8/11/2018,1,0,0,1,2: MI,Full,1,,60,Hit Pedestrian,Cross Road,Daylight,,Not Raining
2017-9186-8/11/2018,1,0,0,1,2: MI,Learners,1,,60,Right Turn,T-Junction,Night,,Not Raining
2017-9187-8/11/2018,0,0,0,0,1: PDO,Full,1,,50,Right Angle,Multiple,Daylight,,Not Raining
2017-9188-8/11/2018,0,0,0,0,1: PDO,,,,60,Rear End,Divided Road,Daylight,,Not Raining
2017-9189-8/11/2018,2,0,0,2,2: MI,Full,1,,60,Rear End,Cross Road,Daylight,,Not Raining
2017-9190-8/11/2018,1,0,0,1,2: MI,Provisional 1 ,2,,80,Head On,Not Divided,Daylight,,Not Raining
2017-9191-8/11/2018,1,0,0,1,2: MI,Full,1,,50,Right Turn,Cross Road,Night,,Not Raining
2017-9192-8/11/2018,0,0,0,0,1: PDO,Provisional 2,1,,100,Left Road - Out of Control,Not Divided,Daylight,,Not Raining
2017-9193-8/11/2018,0,0,0,0,1: PDO,Full,1,,100,Hit Animal,Not Divided,Daylight,,Not Raining
2017-9194-8/11/2018,1,0,0,1,2: MI,Learners,1,,60,Right Turn,T-Junction,Daylight,,Not Raining
2017-9195-8/11/2018,1,0,0,1,2: MI,Full,1,,60,Rear End,Cross Road,Daylight,,Not Raining
2017-9196-8/11/2018,0,0,0,0,1: PDO,Full,1,,60,Rear End,Not Divided,Night,,Not Raining
2017-9197-8/11/2018,0,0,0,0,1: PDO,Full,2,,100,Hit Object on Road,Not Divided,Night,,Not Raining
2017-9198-8/11/2018,2,0,2,0,3: SI,Full,1,,110,Roll Over,Not Divided,Night,,Not Raining
2017-9199-8/11/2018,0,0,0,0,1: PDO,Full,1,,60,Hit Fixed Object,T-Junction,Night,,Not Raining
2017-9200-8/11/2018,0,0,0,0,1: PDO,,,,80,Right Angle,Cross Road,Night,,Not Raining
2017-9201-8/11/2018,1,0,1,0,3: SI,,,,50,Right Turn,T-Junction,Daylight,,Not Raining
2017-9202-8/11/2018,0,0,0,0,1: PDO,Full,3,,50,Rear End,T-Junction,Daylight,,Not Raining
2017-9203-8/11/2018,0,0,0,0,1: PDO,Full,1,,60,Right Angle,T-Junction,Daylight,,Not Raining
2017-9204-8/11/2018,0,0,0,0,1: PDO,Full,1,,60,Side Swipe,Divided Road,Daylight,,Not Raining
2017-9205-8/11/2018,0,0,0,0,1: PDO,Full,1,,60,Rear End,Divided Road,Daylight,,Not Raining
2017-9206-8/11/2018,0,0,0,0,1: PDO,Full,1,,60,Rear End,Divided Road,Daylight,,Not Raining
2017-9207-8/11/2018,0,0,0,0,1: PDO,Full,1,,60,Right Turn,Multiple,Night,,Not Raining
2017-9208-8/11/2018,1,0,0,1,2: MI,Full,1,,60,Hit Parked Vehicle,Divided Road,Daylight,,Not Raining
2017-9209-8/11/2018,0,0,0,0,1: PDO,,,,100,Side Swipe,Not Divided,Daylight,,Not Raining
2017-9210-8/11/2018,0,0,0,0,1: PDO,Full,2,,50,Hit Fixed Object,Not Divided,Night,,Not Raining
2017-9211-8/11/2018,0,0,0,0,1: PDO,Full,12,,50,Hit Pedestrian,Not Divided,Daylight,,Not Raining
2017-9212-8/11/2018,1,0,1,0,3: SI,,0,Y,100,Roll Over,Not Divided,Daylight,,Not Raining
2017-9213-8/11/2018,0,0,0,0,1: PDO,Unknown,1,,60,Side Swipe,Divided Road,Daylight,,Not Raining
2017-9214-8/11/2018,2,0,0,2,2: MI,Provisional 1 ,1,,60,Rear End,Divided Road,Daylight,,Not Raining
2017-9215-8/11/2018,0,0,0,0,1: PDO,,,,80,Hit Fixed Object,Not Divided,Daylight,,Not Raining
2017-9216-8/11/2018,0,0,0,0,1: PDO,Full,1,,60,Side Swipe,Divided Road,Daylight,,Not Raining
2017-9217-8/11/2018,0,0,0,0,1: PDO,Full,2,,60,Rear End,Not Divided,Daylight,,Not Raining
2017-9218-8/11/2018,0,0,0,0,1: PDO,Unknown,1,,60,Right Turn,T-Junction,Daylight,,Not Raining
2017-9219-8/11/2018,0,0,0,0,1: PDO,Full,1,,60,Hit Fixed Object,Not Divided,Daylight,,Not Raining
2017-9220-8/11/2018,1,0,0,1,2: MI,Full,1,,60,Side Swipe,Divided Road,Daylight,,Not Raining
2017-9221-8/11/2018,0,0,0,0,1: PDO,,,,50,Hit Parked Vehicle,Not Divided,Daylight,,Not Raining
2017-9222-8/11/2018,0,0,0,0,1: PDO,Unknown,1,,50,Hit Parked Vehicle,Not Divided,Daylight,,Not Raining
2017-9223-8/11/2018,0,0,0,0,1: PDO,Full,2,,60,Hit Pedestrian,Not Divided,Night,,Not Raining
2017-9224-8/11/2018,0,0,0,0,1: PDO,,,,60,Rear End,Not Divided,Daylight,,Not Raining
2017-9225-8/11/2018,2,0,0,2,2: MI,Learners,3,,60,Right Angle,Cross Road,Daylight,,Not Raining
2017-9226-8/11/2018,0,0,0,0,1: PDO,Full,1,,50,Hit Fixed Object,Not Divided,Daylight,,Not Raining
2017-9227-8/11/2018,0,0,0,0,1: PDO,Unknown,1,,60,Hit Parked Vehicle,Divided Road,Daylight,,Not Raining
2017-9228-8/11/2018,1,0,0,1,2: MI,Unknown,3,,50,Rear End,T-Junction,Daylight,,Not Raining
2017-9229-8/11/2018,0,0,0,0,1: PDO,Probationary,1,,60,Rear End,T-Junction,Daylight,,Not Raining
2017-9230-8/11/2018,1,0,0,1,2: MI,Full,1,,50,Hit Fixed Object,Not Divided,Daylight,,Not Raining
2017-9231-8/11/2018,1,0,0,1,2: MI,Full,1,,80,Roll Over,Not Divided,Daylight,,Not Raining
2017-9232-8/11/2018,0,0,0,0,1: PDO,Provisional 1 ,2,,90,Rear End,Divided Road,Daylight,,Not Raining
2017-9233-8/11/2018,0,0,0,0,1: PDO,Full,1,,50,Hit Parked Vehicle,Not Divided,Daylight,,Not Raining
2017-9234-8/11/2018,0,0,0,0,1: PDO,Unknown,1,,80,Hit Fixed Object,Divided Road,Daylight,,Raining
2017-9235-8/11/2018,1,0,0,1,2: MI,Full,1,,60,Hit Parked Vehicle,T-Junction,Night,,Not Raining
2017-9236-8/11/2018,0,0,0,0,1: PDO,Full,1,,50,Hit Fixed Object,Not Divided,Night,,Not Raining
2017-9237-8/11/2018,0,0,0,0,1: PDO,Full,1,,40,Rear End,Not Divided,Daylight,,Not Raining
2017-9238-8/11/2018,1,0,0,1,2: MI,,,Y,60,Right Turn,T-Junction,Daylight,,Not Raining
2017-9239-8/11/2018,0,0,0,0,1: PDO,Full,1,,80,Rear End,Not Divided,Night,,Not Raining
2017-9240-8/11/2018,0,0,0,0,1: PDO,Full,1,,50,Right Turn,Cross Road,Night,,Raining
2017-9241-8/11/2018,1,0,0,1,2: MI,Full,1,,100,Hit Fixed Object,Not Divided,Night,,Not Raining
2017-9242-8/11/2018,1,0,0,1,2: MI,Full,1,,60,Hit Fixed Object,T-Junction,Night,,Raining
2017-9243-8/11/2018,1,0,0,1,2: MI,Full,1,,60,Right Angle,T-Junction,Night,,Raining
2017-9244-8/11/2018,0,0,0,0,1: PDO,Full,1,,100,Hit Animal,Not Divided,Night,,Not Raining
2017-9245-8/11/2018,0,0,0,0,1: PDO,Full,1,,60,Hit Fixed Object,Divided Road,Night,Y,Not Raining
2017-9246-8/11/2018,1,0,0,1,2: MI,Full,1,,110,Roll Over,Not Divided,Daylight,,Not Raining
2017-9247-8/11/2018,1,0,0,1,2: MI,Full,2,,50,Hit Pedestrian,T-Junction,Daylight,,Not Raining
2017-9248-8/11/2018,0,0,0,0,1: PDO,Full,1,,80,Side Swipe,Not Divided,Daylight,,Not Raining
2017-9249-8/11/2018,0,0,0,0,1: PDO,Full,1,,80,Roll Over,Not Divided,Daylight,,Not Raining
2017-9250-8/11/2018,0,0,0,0,1: PDO,Full,2,,50,Rear End,Not Divided,Daylight,,Not Raining
2017-9251-8/11/2018,0,0,0,0,1: PDO,Full,1,,50,Right Angle,T-Junction,Daylight,,Not Raining
2017-9252-8/11/2018,1,0,0,1,2: MI,,0,,50,Right Angle,Cross Road,Daylight,,Not Raining
2017-9253-8/11/2018,1,0,0,1,2: MI,Provisional 2,1,,60,Rear End,Cross Road,Daylight,,Not Raining
2017-9254-8/11/2018,1,0,0,1,2: MI,,,,60,Head On,Not Divided,Daylight,,Not Raining
2017-9255-8/11/2018,0,0,0,0,1: PDO,Full,1,,60,Side Swipe,Divided Road,Daylight,,Not Raining
2017-9256-8/11/2018,1,0,0,1,2: MI,Full,2,,100,Side Swipe,T-Junction,Daylight,,Not Raining
2017-9257-8/11/2018,0,0,0,0,1: PDO,Full,1,,50,Hit Parked Vehicle,Not Divided,Daylight,,Not Raining
2017-9258-8/11/2018,0,0,0,0,1: PDO,Full,2,,60,Rear End,Not Divided,Daylight,,Not Raining
2017-9259-8/11/2018,0,0,0,0,1: PDO,Full,1,,70,Rear End,T-Junction,Daylight,,Not Raining
2017-9260-8/11/2018,0,0,0,0,1: PDO,,,,60,Right Turn,T-Junction,Daylight,,Not Raining
2017-9261-8/11/2018,0,0,0,0,1: PDO,Full,1,,50,Hit Pedestrian,Divided Road,Daylight,,Not Raining
2017-9262-8/11/2018,2,0,0,2,2: MI,Unknown,1,,60,Rear End,T-Junction,Daylight,,Not Raining
2017-9263-8/11/2018,0,0,0,0,1: PDO,,,,60,Rear End,T-Junction,Daylight,,Not Raining
2017-9264-8/11/2018,0,0,0,0,1: PDO,Unknown,1,,60,Side Swipe,Cross Road,Daylight,,Not Raining
2017-9265-8/11/2018,1,0,0,1,2: MI,Full,1,,60,Rear End,Not Divided,Daylight,,Raining
2017-9266-8/11/2018,1,0,0,1,2: MI,Unknown,1,,80,Rear End,Divided Road,Daylight,,Not Raining
2017-9267-8/11/2018,0,0,0,0,1: PDO,Full,1,,60,Right Turn,T-Junction,Daylight,,Not Raining
2017-9268-8/11/2018,1,0,0,1,2: MI,,0,,60,Right Angle,T-Junction,Night,,Not Raining
2017-9269-8/11/2018,1,0,1,0,3: SI,Provisional 1 ,1,,100,Hit Animal,Not Divided,Daylight,,Not Raining
2017-9270-8/11/2018,1,0,0,1,2: MI,Unlicenced,3,,60,Right Turn,Multiple,Night,,Not Raining
2017-9271-8/11/2018,1,0,0,1,2: MI,Full,1,,60,Hit Pedestrian,Cross Road,Daylight,,Not Raining
2017-9272-8/11/2018,0,0,0,0,1: PDO,Unknown,1,,50,Head On,T-Junction,Daylight,,Not Raining
2017-9273-8/11/2018,0,0,0,0,1: PDO,Learners,1,,110,Hit Animal,Divided Road,Night,,Not Raining
2017-9274-8/11/2018,0,0,0,0,1: PDO,Learners,2,,60,Rear End,Divided Road,Daylight,,Not Raining