REPORT_ID,Total Cas,Total Fats,Total SI,Total MI,CSEF Severity,Licence Type,Number Occupants,Drugs Involved,Area Speed,Crash Type,Position Type,DayNight,DUI Involved,Weather Cond
2017-9275-8/11/2018,0,0,0,0,1: PDO,Full,2,,50,Rear End,Cross Road,Daylight,,Not Raining
2017-9276-8/11/2018,0,0,0,0,1: PDO,Unknown,1,,50,Side Swipe,Cross Road,Daylight,,Not Raining
2017-9277-8/11/2018,1,0,0,1,2: MI,Full,1,,60,Rear End,Divided Road,Daylight,,Not Raining
2017-9278-8/11/2018,1,0,0,1,2: MI,Unknown,1,,50,Roll Over,T-Junction,Daylight,,Not Raining
2017-9279-8/11/2018,0,0,0,0,1: PDO,Full,4,,50,Side Swipe,Cross Road,Daylight,,Not Raining
2017-9280-8/11/2018,0,0,0,0,1: PDO,Full,1,,60,Rear End,Divided Road,Daylight,,Not Raining
2017-9281-8/11/2018,0,0,0,0,1: PDO,Full,1,,90,Rear End,Divided Road,Daylight,,Not Raining
2017-9282-8/11/2018,0,0,0,0,1: PDO,Full,1,,110,Left Road - Out of Control,Not Divided,Daylight,,Not Raining
2017-9283-8/11/2018,0,0,0,0,1: PDO,Full,1,,50,Hit Pedestrian,Not Divided,Night,,Not Raining
2017-9284-8/11/2018,1,0,0,1,2: MI,Provisional 1 ,1,,60,Right Angle,T-Junction,Daylight,,Not Raining
2017-9285-8/11/2018,0,0,0,0,1: PDO,Full,2,,50,Right Angle,Cross Road,Daylight,,Not Raining
2017-9286-8/11/2018,1,0,0,1,2: MI,Full,1,,80,Rear End,Divided Road,Daylight,,Not Raining
2017-9287-8/11/2018,1,0,0,1,2: MI,Full,2,,70,Rear End,Cross Road,Daylight,,Not Raining
2017-9288-8/11/2018,0,0,0,0,1: PDO,,,,60,Right Turn,T-Junction,Daylight,,Not Raining
2017-9289-8/11/2018,0,0,0,0,1: PDO,Probationary,1,,50,Hit Fixed Object,Not Divided,Night,,Not Raining
2017-9290-8/11/2018,1,0,0,1,2: MI,Full,1,Y,50,Hit Fixed Object,T-Junction,Daylight,Y,Not Raining
2017-9291-8/11/2018,0,0,0,0,1: PDO,Full,1,,60,Hit Fixed Object,Not Divided,Night,,Raining
2017-9292-8/11/2018,0,0,0,0,1: PDO,Full,1,,60,Hit Fixed Object,Not Divided,Night,,Not Raining
2017-9293-8/11/2018,1,0,0,1,2: MI,Full,1,,50,Hit Pedestrian,Not Divided,Daylight,,Not Raining
2017-9294-8/11/2018,0,0,0,0,1: PDO,Full,2,,60,Hit Fixed Object,Cross Road,Night,,Not Raining
2017-9295-8/11/2018,0,0,0,0,1: PDO,Unknown,1,,50,Rear End,Cross Road,Night,,Raining
2017-9296-8/11/2018,0,0,0,0,1: PDO,Full,1,Y,50,Hit Fixed Object,T-Junction,Night,,Unknown
2017-9297-8/11/2018,0,0,0,0,1: PDO,Full,1,,110,Hit Fixed Object,Not Divided,Night,,Not Raining
2017-9298-8/11/2018,1,0,0,1,2: MI,Unknown,1,,50,Hit Parked Vehicle,Not Divided,Daylight,,Not Raining
2017-9299-8/11/2018,1,0,0,1,2: MI,Unknown,1,,60,Right Angle,T-Junction,Daylight,,Not Raining
2017-9300-8/11/2018,0,0,0,0,1: PDO,Learners,2,,100,Right Angle,Cross Road,Daylight,,Raining
2017-9301-8/11/2018,0,0,0,0,1: PDO,,,,60,Rear End,T-Junction,Daylight,,Not Raining
2017-9302-8/11/2018,0,0,0,0,1: PDO,Full,1,,60,Side Swipe,Divided Road,Daylight,,Not Raining
2017-9303-8/11/2018,1,0,0,1,2: MI,,,,60,Hit Fixed Object,Divided Road,Daylight,,Not Raining
2017-9304-8/11/2018,0,0,0,0,1: PDO,Full,3,,60,Hit Fixed Object,Not Divided,Night,,Raining
2017-9305-8/11/2018,1,1,0,0,4: Fatal,Full,1,,100,Hit Fixed Object,Not Divided,Daylight,,Not Raining
2017-9306-8/11/2018,0,0,0,0,1: PDO,Provisional 1 ,2,,60,Side Swipe,Divided Road,Daylight,,Not Raining
2017-9307-8/11/2018,0,0,0,0,1: PDO,,0,,50,Right Angle,Cross Road,Daylight,,Unknown
2017-9308-8/11/2018,1,0,1,0,3: SI,Full,1,,50,Rear End,Rail Crossing,Daylight,,Raining
2017-9309-8/11/2018,1,0,0,1,2: MI,Full,1,,60,Rear End,Divided Road,Daylight,,Raining
2017-9310-8/11/2018,0,0,0,0,1: PDO,Unknown,1,,60,Rear End,Cross Road,Daylight,,Not Raining
2017-9311-8/11/2018,0,0,0,0,1: PDO,,,,50,Hit Parked Vehicle,Not Divided,Daylight,,Not Raining
2017-9312-8/11/2018,0,0,0,0,1: PDO,Provisional 1 ,1,,60,Side Swipe,Divided Road,Daylight,,Not Raining
2017-9313-8/11/2018,0,0,0,0,1: PDO,Full,1,,60,Right Turn,Cross Road,Daylight,,Not Raining
2017-9314-8/11/2018,0,0,0,0,1: PDO,Full,1,,40,Right Angle,Not Divided,Daylight,,Not Raining
2017-9315-8/11/2018,0,0,0,0,1: PDO,Full,1,,50,Rear End,T-Junction,Daylight,,Raining
2017-9316-8/11/2018,1,0,0,1,2: MI,Full,1,,60,Right Angle,Not Divided,Daylight,,Raining
2017-9317-8/11/2018,0,0,0,0,1: PDO,Unknown,1,,60,Right Angle,Cross Road,Daylight,,Not Raining
2017-9318-8/11/2018,1,0,0,1,2: MI,Full,1,,60,Rear End,T-Junction,Daylight,,Not Raining
2017-9319-8/11/2018,1,0,0,1,2: MI,Unknown,1,,60,Rear End,T-Junction,Daylight,,Not Raining
2017-9320-8/11/2018,1,0,0,1,2: MI,Full,1,,60,Rear End,Divided Road,Daylight,,Not Raining
2017-9321-8/11/2018,0,0,0,0,1: PDO,Full,1,,60,Side Swipe,Cross Road,Daylight,,Not Raining
2017-9322-8/11/2018,1,0,0,1,2: MI,Full,1,,50,Head On,Not Divided,Night,,Not Raining
2017-9323-8/11/2018,0,0,0,0,1: PDO,,,,80,Hit Fixed Object,Cross Road,Daylight,,Not Raining
2017-9324-8/11/2018,0,0,0,0,1: PDO,,,,60,Right Angle,Not Divided,Daylight,,Not Raining
2017-9325-8/11/2018,0,0,0,0,1: PDO,Full,2,,80,Rear End,T-Junction,Daylight,,Raining
2017-9326-8/11/2018,1,0,0,1,2: MI,,,,60,Right Turn,Cross Road,Daylight,,Not Raining
2017-9327-8/11/2018,1,0,0,1,2: MI,,0,,80,Hit Fixed Object,Not Divided,Daylight,,Raining
2017-9328-8/11/2018,0,0,0,0,1: PDO,Unknown,1,,50,Right Turn,Cross Road,Daylight,,Raining
2017-9329-8/11/2018,1,0,0,1,2: MI,Full,1,,60,Hit Pedestrian,Divided Road,Daylight,,Raining
2017-9330-8/11/2018,2,0,0,2,2: MI,Unknown,1,,80,Right Angle,Cross Road,Daylight,,Not Raining
2017-9331-8/11/2018,0,0,0,0,1: PDO,Full,1,,60,Right Angle,Not Divided,Daylight,,Raining
2017-9332-8/11/2018,0,0,0,0,1: PDO,Full,1,,50,Rear End,Not Divided,Night,,Not Raining
2017-9333-8/11/2018,2,0,0,2,2: MI,Full,1,Y,80,Rear End,Not Divided,Daylight,,Not Raining
2017-9334-8/11/2018,0,0,0,0,1: PDO,Full,1,,60,Right Turn,T-Junction,Daylight,,Not Raining
2017-9335-8/11/2018,0,0,0,0,1: PDO,Full,1,,60,Hit Fixed Object,Cross Road,Daylight,,Not Raining
2017-9336-8/11/2018,1,0,1,0,3: SI,Full,1,Y,60,Roll Over,T-Junction,Daylight,,Unknown
2017-9337-8/11/2018,0,0,0,0,1: PDO,Full,1,,80,Right Angle,Divided Road,Daylight,,Raining
2017-9338-8/11/2018,0,0,0,0,1: PDO,Unknown,1,,50,Rear End,Not Divided,Daylight,,Not Raining
2017-9339-8/11/2018,0,0,0,0,1: PDO,Full,2,,80,Right Angle,Cross Road,Daylight,,Not Raining
2017-9340-8/11/2018,0,0,0,0,1: PDO,Full,1,,60,Right Angle,Cross Road,Daylight,,Raining
2017-9341-8/11/2018,0,0,0,0,1: PDO,Probationary,1,,60,Roll Over,Divided Road,Daylight,,Raining
2017-9342-8/11/2018,0,0,0,0,1: PDO,,1,,50,Side Swipe,Not Divided,Night,,Not Raining
2017-9343-8/11/2018,0,0,0,0,1: PDO,Full,2,,50,Right Angle,T-Junction,Daylight,,Raining
2017-9344-8/11/2018,1,0,0,1,2: MI,Full,1,,50,Rear End,Cross Road,Daylight,,Raining
2017-9345-8/11/2018,1,0,0,1,2: MI,Full,1,,60,Right Turn,Cross Road,Daylight,,Raining
2017-9346-8/11/2018,0,0,0,0,1: PDO,Unknown,1,,60,Rear End,T-Junction,Daylight,,Raining
2017-9347-8/11/2018,0,0,0,0,1: PDO,Unknown,1,,60,Right Angle,T-Junction,Daylight,,Not Raining
2017-9348-8/11/2018,0,0,0,0,1: PDO,Unknown,2,,50,Right Angle,Divided Road,Daylight,,Not Raining
2017-9349-8/11/2018,0,0,0,0,1: PDO,Full,1,,100,Roll Over,Not Divided,Daylight,,Not Raining
2017-9350-8/11/2018,1,0,0,1,2: MI,Full,3,,50,Right Angle,Not Divided,Daylight,,Not Raining
2017-9351-8/11/2018,1,0,0,1,2: MI,Full,1,,60,Right Angle,T-Junction,Daylight,,Not Raining
2017-9352-8/11/2018,0,0,0,0,1: PDO,Full,1,,60,Right Turn,T-Junction,Daylight,,Not Raining
2017-9353-8/11/2018,0,0,0,0,1: PDO,Full,1,,60,Right Angle,Divided Road,Daylight,,Not Raining
2017-9354-8/11/2018,0,0,0,0,1: PDO,Full,1,,50,Right Angle,Cross Road,Daylight,,Not Raining
2017-9355-8/11/2018,1,0,0,1,2: MI,Provisional 2,1,,60,Rear End,Cross Road,Daylight,,Raining
2017-9356-8/11/2018,1,0,0,1,2: MI,Full,2,,50,Hit Parked Vehicle,Not Divided,Daylight,,Raining
2017-9357-8/11/2018,0,0,0,0,1: PDO,Full,1,,60,Right Angle,Cross Road,Daylight,,Not Raining
2017-9358-8/11/2018,0,0,0,0,1: PDO,Provisional 1 ,1,,60,Right Angle,Cross Road,Daylight,,Not Raining
2017-9359-8/11/2018,0,0,0,0,1: PDO,Full,1,,60,Roll Over,Not Divided,Daylight,,Not Raining
2017-9360-8/11/2018,0,0,0,0,1: PDO,Full,1,,50,Side Swipe,Cross Road,Daylight,,Not Raining
2017-9361-8/11/2018,2,0,0,2,2: MI,,,,50,Rear End,Cross Road,Daylight,,Raining
2017-9362-8/11/2018,0,0,0,0,1: PDO,Full,1,,60,Hit Fixed Object,Not Divided,Daylight,,Raining
2017-9363-8/11/2018,1,0,1,0,3: SI,Unknown,1,,50,Right Angle,Cross Road,Daylight,,Not Raining
2017-9364-8/11/2018,0,0,0,0,1: PDO,,1,,50,Rear End,Not Divided,Daylight,,Not Raining
2017-9365-8/11/2018,0,0,0,0,1: PDO,Full,2,,25,Hit Pedestrian,Not Divided,Daylight,,Not Raining
2017-9366-8/11/2018,1,0,0,1,2: MI,Full,2,,60,Hit Fixed Object,Not Divided,Daylight,,Not Raining
2017-9367-8/11/2018,1,0,0,1,2: MI,Provisional 1 ,1,,60,Rear End,Cross Road,Daylight,,Not Raining
2017-9368-8/11/2018,1,0,0,1,2: MI,Full,1,,60,Rear End,Divided Road,Daylight,,Not Raining
2017-9369-8/11/2018,0,0,0,0,1: PDO,,,,60,Rear End,Divided Road,Daylight,,Not Raining
2017-9370-8/11/2018,0,0,0,0,1: PDO,Full,1,,50,Right Angle,Not Divided,Daylight,,Raining
2017-9371-8/11/2018,0,0,0,0,1: PDO,Full,1,,60,Rear End,Multiple,Daylight,,Not Raining
2017-9372-8/11/2018,0,0,0,0,1: PDO,Unknown,1,,60,Hit Parked Vehicle,Divided Road,Night,Y,Not Raining
2017-9373-8/11/2018,0,0,0,0,1: PDO,Full,5,,60,Right Angle,T-Junction,Daylight,,Not Raining
2017-9374-8/11/2018,1,0,0,1,2: MI,Full,1,,50,Hit Parked Vehicle,Not Divided,Night,,Not Raining
2017-9375-8/11/2018,2,0,0,2,2: MI,Unknown,1,,60,Rear End,Divided Road,Daylight,,Not Raining
2017-9376-8/11/2018,1,0,0,1,2: MI,Full,1,,60,Rear End,Divided Road,Daylight,,Raining
2017-9377-8/11/2018,0,0,0,0,1: PDO,,,,60,Rear End,Not Divided,Daylight,,Not Raining
2017-9378-8/11/2018,0,0,0,0,1: PDO,Unknown,3,,110,Rear End,Freeway,Night,,Not Raining
2017-9379-8/11/2018,0,0,0,0,1: PDO,,,,110,Roll Over,Divided Road,Daylight,,Unknown
2017-9380-8/11/2018,0,0,0,0,1: PDO,Provisional 1 ,1,,80,Hit Fixed Object,Not Divided,Night,,Raining
2017-9381-8/11/2018,0,0,0,0,1: PDO,Provisional 1 ,2,,110,Hit Fixed Object,Not Divided,Night,,Not Raining
2017-9382-8/11/2018,0,0,0,0,1: PDO,Learners,2,,50,Hit Fixed Object,T-Junction,Night,Y,Not Raining
2017-9383-8/11/2018,0,0,0,0,1: PDO,,,,80,Rear End,Cross Road,Night,,Not Raining
2017-9384-8/11/2018,0,0,0,0,1: PDO,Full,1,,80,Hit Animal,Divided Road,Night,,Not Raining
2017-9385-8/11/2018,0,0,0,0,1: PDO,Provisional 1 ,2,,60,Right Angle,T-Junction,Daylight,,Not Raining
2017-9386-8/11/2018,1,0,0,1,2: MI,Unknown,1,,80,Hit Fixed Object,Not Divided,Daylight,,Raining
2017-9387-8/11/2018,0,0,0,0,1: PDO,,,,60,Rear End,Cross Road,Night,,Not Raining
2017-9388-8/11/2018,0,0,0,0,1: PDO,Unlicenced,1,,50,Side Swipe,Cross Road,Daylight,,Not Raining
2017-9389-8/11/2018,0,0,0,0,1: PDO,,,,60,Rear End,Cross Road,Daylight,,Not Raining
2017-9390-8/11/2018,0,0,0,0,1: PDO,Probationary,1,,50,Rear End,T-Junction,Daylight,,Not Raining
2017-9391-8/11/2018,0,0,0,0,1: PDO,,0,,50,Hit Fixed Object,Not Divided,Night,,Not Raining
2017-9392-8/11/2018,0,0,0,0,1: PDO,Full,3,,80,Rear End,Divided Road,Daylight,,Not Raining
2017-9393-8/11/2018,5,0,0,5,2: MI,Full,1,,100,Rear End,Not Divided,Daylight,,Not Raining
2017-9394-8/11/2018,2,0,0,2,2: MI,Full,1,,80,Right Angle,Cross Road,Daylight,,Not Raining
2017-9395-8/11/2018,0,0,0,0,1: PDO,Full,1,,110,Side Swipe,Divided Road,Daylight,,Not Raining
2017-9396-8/11/2018,1,0,0,1,2: MI,Full,2,,80,Rear End,T-Junction,Daylight,,Not Raining
2017-9397-8/11/2018,1,0,0,1,2: MI,,1,,60,Rear End,Cross Road,Daylight,,Not Raining
2017-9398-8/11/2018,3,0,0,3,2: MI,Full,1,,60,Rear End,Cross Road,Daylight,,Not Raining
2017-9399-8/11/2018,1,0,1,0,3: SI,Full,1,,50,Right Angle,Not Divided,Daylight,,Not Raining
2017-9400-8/11/2018,0,0,0,0,1: PDO,Full,1,,50,Right Angle,Divided Road,Daylight,,Not Raining
2017-9401-8/11/2018,1,0,0,1,2: MI,Full,1,,110,Hit Fixed Object,Divided Road,Daylight,,Not Raining
2017-9402-8/11/2018,0,0,0,0,1: PDO,Full,2,,60,Roll Over,Divided Road,Daylight,,Not Raining
2017-9403-8/11/2018,0,0,0,0,1: PDO,Full,1,,60,Side Swipe,T-Junction,Daylight,,Not Raining
2017-9404-8/11/2018,0,0,0,0,1: PDO,Full,1,,50,Side Swipe,Not Divided,Night,,Not Raining
2017-9405-8/11/2018,0,0,0,0,1: PDO,Unknown,2,,60,Right Angle,T-Junction,Daylight,,Not Raining
2017-9406-8/11/2018,0,0,0,0,1: PDO,Full,1,,100,Rear End,Divided Road,Night,,Not Raining
2017-9407-8/11/2018,0,0,0,0,1: PDO,Full,2,,60,Right Angle,T-Junction,Daylight,,Not Raining
2017-9408-8/11/2018,1,0,0,1,2: MI,Unknown,1,,60,Hit Fixed Object,Pedestrian Crossing,Daylight,,Not Raining
2017-9409-8/11/2018,1,0,1,0,3: SI,Full,1,,60,Right Angle,Cross Road,Night,,Raining
2017-9410-8/11/2018,0,0,0,0,1: PDO,Full,1,,60,Rear End,Divided Road,Daylight,,Not Raining
2017-9411-8/11/2018,0,0,0,0,1: PDO,Full,1,,50,Hit Fixed Object,T-Junction,Night,Y,Not Raining
2017-9412-8/11/2018,0,0,0,0,1: PDO,Unknown,1,,50,Right Turn,T-Junction,Daylight,,Not Raining
2017-9413-8/11/2018,0,0,0,0,1: PDO,Provisional 2,1,,50,Right Angle,Cross Road,Daylight,,Not Raining
2017-9414-8/11/2018,0,0,0,0,1: PDO,Unknown,1,,60,Right Angle,Not Divided,Night,,Not Raining
2017-9415-8/11/2018,0,0,0,0,1: PDO,Full,1,,60,Right Angle,Cross Road,Night,,Not Raining
2017-9416-8/11/2018,0,0,0,0,1: PDO,Full,2,,100,Head On,Not Divided,Daylight,,Not Raining
2017-9417-8/11/2018,0,0,0,0,1: PDO,Full,1,,50,Hit Parked Vehicle,Not Divided,Night,,Raining
2017-9418-8/11/2018,1,0,0,1,2: MI,Provisional 2,1,,60,Hit Fixed Object,Divided Road,Night,,Not Raining
2017-9419-8/11/2018,0,0,0,0,1: PDO,Full,4,,50,Hit Parked Vehicle,Not Divided,Night,,Not Raining
2017-9420-8/11/2018,0,0,0,0,1: PDO,Full,5,,50,Hit Fixed Object,Not Divided,Night,Y,Not Raining
2017-9421-8/11/2018,0,0,0,0,1: PDO,Full,1,,50,Rear End,T-Junction,Daylight,,Not Raining
2017-9422-8/11/2018,0,0,0,0,1: PDO,,,,60,Right Angle,Divided Road,Daylight,,Not Raining
2017-9423-8/11/2018,0,0,0,0,1: PDO,Full,7,,60,Hit Pedestrian,T-Junction,Night,,Not Raining
2017-9424-8/11/2018,0,0,0,0,1: PDO,Unknown,1,,60,Rear End,T-Junction,Daylight,,Not Raining
2017-9425-8/11/2018,0,0,0,0,1: PDO,Full,1,,60,Side Swipe,Divided Road,Daylight,,Not Raining
2017-9426-8/11/2018,0,0,0,0,1: PDO,Full,2,,90,Rear End,Divided Road,Daylight,,Not Raining
2017-9427-8/11/2018,0,0,0,0,1: PDO,Full,1,,50,Hit Parked Vehicle,Not Divided,Night,,Not Raining
2017-9428-8/11/2018,0,0,0,0,1: PDO,Full,1,,50,Right Angle,Cross Road,Daylight,,Not Raining
2017-9429-8/11/2018,0,0,0,0,1: PDO,Provisional 2,1,,50,Hit Parked Vehicle,Not Divided,Daylight,,Not Raining
2017-9430-8/11/2018,0,0,0,0,1: PDO,Provisional 1 ,1,,50,Hit Parked Vehicle,Not Divided,Daylight,,Not Raining
2017-9431-8/11/2018,0,0,0,0,1: PDO,,,,60,Rear End,Not Divided,Daylight,,Not Raining
2017-9432-8/11/2018,0,0,0,0,1: PDO,Unknown,1,,50,Right Angle,Not Divided,Daylight,,Not Raining
2017-9433-8/11/2018,0,0,0,0,1: PDO,,,,60,Right Turn,T-Junction,Daylight,Y,Not Raining
2017-9434-8/11/2018,0,0,0,0,1: PDO,Full,1,,60,Rear End,Divided Road,Daylight,,Not Raining
2017-9435-8/11/2018,0,0,0,0,1: PDO,,,,50,Hit Fixed Object,T-Junction,Daylight,,Not Raining
2017-9436-8/11/2018,1,0,0,1,2: MI,Provisional 1 ,1,,60,Roll Over,Not Divided,Night,,Not Raining
2017-9437-8/11/2018,0,0,0,0,1: PDO,,0,,50,Right Turn,Cross Road,Night,,Not Raining
2017-9438-8/11/2018,0,0,0,0,1: PDO,Unlicenced,1,,60,Rear End,Divided Road,Daylight,,Not Raining
2017-9439-8/11/2018,0,0,0,0,1: PDO,,,,60,Hit Fixed Object,Not Divided,Night,,Not Raining
2017-9440-8/11/2018,0,0,0,0,1: PDO,Full,2,,50,Hit Fixed Object,T-Junction,Daylight,,Not Raining
2017-9441-8/11/2018,2,0,0,2,2: MI,Full,2,Y,110,Left Road - Out of Control,Not Divided,Daylight,,Not Raining
2017-9442-8/11/2018,0,0,0,0,1: PDO,Full,1,,60,Rear End,Cross Road,Night,,Not Raining
2017-9443-8/11/2018,0,0,0,0,1: PDO,Unknown,1,,50,Hit Fixed Object,Not Divided,Night,,Not Raining
2017-9444-8/11/2018,1,0,0,1,2: MI,Full,2,,80,Roll Over,Not Divided,Daylight,,Not Raining
2017-9445-8/11/2018,0,0,0,0,1: PDO,Full,1,,100,Hit Fixed Object,Not Divided,Daylight,,Not Raining
2017-9446-8/11/2018,1,0,0,1,2: MI,Full,1,,60,Hit Fixed Object,Not Divided,Night,,Not Raining
2017-9447-8/11/2018,0,0,0,0,1: PDO,Full,1,,60,Hit Fixed Object,Not Divided,Night,,Not Raining
2017-9448-8/11/2018,0,0,0,0,1: PDO,Provisional 1 ,2,,50,Hit Parked Vehicle,T-Junction,Night,Y,Not Raining
2017-9449-8/11/2018,2,0,0,2,2: MI,,,,60,Right Angle,Cross Road,Daylight,,Not Raining
2017-9450-8/11/2018,0,0,0,0,1: PDO,Full,2,,50,Right Angle,Cross Road,Daylight,,Not Raining
2017-9451-8/11/2018,0,0,0,0,1: PDO,,0,,60,Right Angle,Not Divided,Daylight,,Not Raining
2017-9452-8/11/2018,0,0,0,0,1: PDO,Full,1,,50,Rear End,T-Junction,Daylight,,Not Raining
2017-9453-8/11/2018,0,0,0,0,1: PDO,Full,2,,100,Roll Over,Not Divided,Daylight,,Not Raining
2017-9454-8/11/2018,0,0,0,0,1: PDO,,,,60,Rear End,T-Junction,Daylight,,Not Raining
2017-9455-8/11/2018,0,0,0,0,1: PDO,Full,2,,50,Hit Parked Vehicle,Not Divided,Night,,Not Raining
2017-9456-8/11/2018,2,0,0,2,2: MI,,,,80,Right Angle,T-Junction,Daylight,,Not Raining
2017-9457-8/11/2018,0,0,0,0,1: PDO,Full,1,,100,Hit Fixed Object,Not Divided,Daylight,,Not Raining
2017-9458-8/11/2018,1,0,0,1,2: MI,,,,80,Rear End,Cross Road,Daylight,,Not Raining
2017-9459-8/11/2018,0,0,0,0,1: PDO,,,,60,Right Angle,T-Junction,Daylight,,Not Raining
2017-9460-8/11/2018,0,0,0,0,1: PDO,,0,,50,Side Swipe,T-Junction,Daylight,,Not Raining
2017-9461-8/11/2018,1,0,0,1,2: MI,Full,1,,100,Roll Over,Not Divided,Daylight,,Not Raining
2017-9462-8/11/2018,0,0,0,0,1: PDO,Unknown,2,,50,Hit Fixed Object,Not Divided,Night,,Not Raining
2017-9463-8/11/2018,0,0,0,0,1: PDO,Unknown,1,,110,Hit Fixed Object,Not Divided,Daylight,,Not Raining
2017-9464-8/11/2018,1,0,0,1,2: MI,Full,1,,80,Hit Fixed Object,T-Junction,Night,Y,Not Raining
2017-9465-8/11/2018,0,0,0,0,1: PDO,Full,3,,100,Hit Animal,Not Divided,Night,,Not Raining
2017-9466-8/11/2018,1,0,0,1,2: MI,Full,1,,60,Roll Over,Divided Road,Daylight,Y,Not Raining
2017-9467-8/11/2018,5,0,0,5,2: MI,,,,50,Head On,Not Divided,Daylight,,Not Raining
2017-9468-8/11/2018,0,0,0,0,1: PDO,,,,60,Right Angle,Cross Road,Daylight,,Not Raining
2017-9469-8/11/2018,0,0,0,0,1: PDO,,0,,60,Rear End,Not Divided,Night,Y,Not Raining
2017-9470-8/11/2018,0,0,0,0,1: PDO,,,,50,Hit Fixed Object,Not Divided,Daylight,,Not Raining
2017-9471-8/11/2018,1,0,0,1,2: MI,Full,1,,50,Right Turn,T-Junction,Night,,Not Raining
2017-9472-8/11/2018,1,0,0,1,2: MI,Full,1,Y,110,Roll Over,Not Divided,Daylight,,Not Raining
2017-9473-8/11/2018,0,0,0,0,1: PDO,Full,1,,80,Hit Fixed Object,Not Divided,Daylight,,Not Raining
2017-9474-8/11/2018,1,0,1,0,3: SI,Full,1,,60,Right Turn,Cross Road,Night,,Not Raining
2017-9475-8/11/2018,0,0,0,0,1: PDO,Full,1,,50,Hit Fixed Object,Not Divided,Daylight,,Not Raining
2017-9476-8/11/2018,1,0,0,1,2: MI,,,,80,Hit Fixed Object,Not Divided,Night,,Not Raining
2017-9477-8/11/2018,0,0,0,0,1: PDO,Full,2,,60,Right Angle,T-Junction,Daylight,,Not Raining
2017-9478-8/11/2018,0,0,0,0,1: PDO,Learners,2,,60,Side Swipe,Cross Road,Daylight,,Not Raining
2017-9479-8/11/2018,0,0,0,0,1: PDO,Full,2,,40,Hit Fixed Object,T-Junction,Daylight,,Not Raining
2017-9480-8/11/2018,0,0,0,0,1: PDO,Unknown,1,,100,Rear End,T-Junction,Daylight,,Not Raining
2017-9481-8/11/2018,1,0,0,1,2: MI,Full,2,,60,Rear End,Divided Road,Daylight,,Not Raining
2017-9482-8/11/2018,1,0,1,0,3: SI,Full,1,,100,Hit Fixed Object,Not Divided,Daylight,,Not Raining
2017-9483-8/11/2018,1,0,0,1,2: MI,Full,1,,60,Right Angle,T-Junction,Daylight,,Not Raining
2017-9484-8/11/2018,2,0,0,2,2: MI,Full,2,,50,Right Angle,T-Junction,Daylight,,Not Raining
2017-9485-8/11/2018,0,0,0,0,1: PDO,Full,1,,60,Right Turn,T-Junction,Daylight,,Raining
2017-9486-8/11/2018,0,0,0,0,1: PDO,Provisional 2,1,,100,Hit Animal,Not Divided,Daylight,,Not Raining
2017-9487-8/11/2018,0,0,0,0,1: PDO,,0,,60,Side Swipe,T-Junction,Daylight,,Not Raining
2017-9488-8/11/2018,0,0,0,0,1: PDO,Disqualified,1,,60,Rear End,Divided Road,Daylight,,Raining
2017-9489-8/11/2018,1,0,0,1,2: MI,,,,60,Right Angle,Divided Road,Daylight,,Raining
2017-9490-8/11/2018,0,0,0,0,1: PDO,,1,,50,Hit Parked Vehicle,Not Divided,Daylight,,Not Raining
2017-9491-8/11/2018,1,0,1,0,3: SI,Unlicenced,1,,80,Hit Animal,Not Divided,Daylight,,Not Raining
2017-9492-8/11/2018,1,0,0,1,2: MI,Unknown,1,,50,Right Turn,T-Junction,Daylight,,Not Raining
2017-9493-8/11/2018,1,0,1,0,3: SI,Full,1,,110,Hit Fixed Object,Not Divided,Daylight,,Raining