REPORT_ID,Total Cas,Total Fats,Total SI,Total MI,CSEF Severity,Licence Type,Number Occupants,Drugs Involved,Area Speed,Crash Type,Position Type,DayNight,DUI Involved,Weather Cond
2017-9494-8/11/2018,0,0,0,0,1: PDO,Full,1,,60,Hit Fixed Object,T-Junction,Daylight,,Not Raining
2017-9495-8/11/2018,0,0,0,0,1: PDO,Full,1,,60,Head On,Not Divided,Daylight,,Raining
2017-9496-8/11/2018,0,0,0,0,1: PDO,Full,1,,50,Hit Pedestrian,Cross Road,Night,,Not Raining
2017-9497-8/11/2018,0,0,0,0,1: PDO,Full,1,,100,Right Turn,Not Divided,Daylight,,Not Raining
2017-9498-8/11/2018,2,0,0,2,2: MI,Full,1,,60,Right Angle,Cross Road,Daylight,,Not Raining
2017-9499-8/11/2018,0,0,0,0,1: PDO,Full,1,,50,Right Angle,Cross Road,Daylight,,Not Raining
2017-9500-8/11/2018,1,0,0,1,2: MI,Full,1,,100,Right Angle,Cross Road,Daylight,,Not Raining
2017-9501-8/11/2018,0,0,0,0,1: PDO,,1,,60,Rear End,T-Junction,Daylight,,Not Raining
2017-9502-8/11/2018,1,0,1,0,3: SI,Full,1,,60,Rear End,Divided Road,Daylight,,Not Raining
2017-9503-8/11/2018,1,0,0,1,2: MI,Full,1,,60,Right Angle,T-Junction,Daylight,,Not Raining
2017-9504-8/11/2018,0,0,0,0,1: PDO,Full,1,,50,Hit Pedestrian,Cross Road,Daylight,,Not Raining
2017-9505-8/11/2018,0,0,0,0,1: PDO,Full,1,,50,Hit Parked Vehicle,Not Divided,Daylight,,Not Raining
2017-9506-8/11/2018,0,0,0,0,1: PDO,Full,1,,70,Side Swipe,Divided Road,Daylight,,Not Raining
2017-9507-8/11/2018,1,0,0,1,2: MI,,,,100,Hit Fixed Object,Not Divided,Daylight,,Not Raining
2017-9508-8/11/2018,1,0,0,1,2: MI,Full,1,,50,Right Angle,Cross Road,Night,,Not Raining
2017-9509-8/11/2018,0,0,0,0,1: PDO,,0,,100,Hit Object on Road,Not Divided,Night,,Not Raining
2017-9510-8/11/2018,0,0,0,0,1: PDO,Full,3,,50,Right Turn,Not Divided,Daylight,,Raining
2017-9511-8/11/2018,0,0,0,0,1: PDO,Unknown,1,,50,Hit Parked Vehicle,Not Divided,Daylight,,Raining
2017-9512-8/11/2018,0,0,0,0,1: PDO,Full,2,,60,Rear End,Multiple,Daylight,,Not Raining
2017-9513-8/11/2018,2,0,1,1,3: SI,Unknown,1,,100,Roll Over,Not Divided,Daylight,,Not Raining
2017-9514-8/11/2018,1,0,0,1,2: MI,Full,2,,60,Side Swipe,T-Junction,Daylight,,Not Raining
2017-9515-8/11/2018,2,0,0,2,2: MI,Full,2,,110,Left Road - Out of Control,Not Divided,Daylight,,Not Raining
2017-9516-8/11/2018,1,0,0,1,2: MI,Full,1,,60,Right Angle,T-Junction,Daylight,,Not Raining
2017-9517-8/11/2018,0,0,0,0,1: PDO,Full,1,,60,Rear End,Cross Road,Daylight,,Not Raining
2017-9518-8/11/2018,2,0,0,2,2: MI,Full,1,,60,Rear End,Cross Road,Daylight,,Not Raining
2017-9519-8/11/2018,1,0,0,1,2: MI,Full,1,,60,Right Turn,Cross Road,Daylight,,Not Raining
2017-9520-8/11/2018,0,0,0,0,1: PDO,Provisional 2,1,,50,Hit Fixed Object,Not Divided,Daylight,,Not Raining
2017-9521-8/11/2018,0,0,0,0,1: PDO,Full,1,,50,Rear End,Not Divided,Daylight,,Raining
2017-9522-8/11/2018,1,0,0,1,2: MI,Full,1,,60,Rear End,Divided Road,Daylight,,Not Raining
2017-9523-8/11/2018,1,0,0,1,2: MI,Full,1,,60,Right Angle,Cross Road,Daylight,,Not Raining
2017-9524-8/11/2018,1,0,0,1,2: MI,Full,1,,60,Rear End,Cross Road,Daylight,,Not Raining
2017-9525-8/11/2018,0,0,0,0,1: PDO,Unknown,1,,50,Hit Fixed Object,T-Junction,Daylight,,Not Raining
2017-9526-8/11/2018,1,0,0,1,2: MI,Provisional 2,1,,60,Rear End,Cross Road,Daylight,,Not Raining
2017-9527-8/11/2018,0,0,0,0,1: PDO,Unknown,3,,60,Right Angle,T-Junction,Daylight,,Not Raining
2017-9528-8/11/2018,1,0,0,1,2: MI,Full,2,Y,80,Hit Fixed Object,Not Divided,Daylight,,Not Raining
2017-9529-8/11/2018,0,0,0,0,1: PDO,,,,50,Hit Fixed Object,Not Divided,Daylight,,Not Raining
2017-9530-8/11/2018,0,0,0,0,1: PDO,Provisional 1 ,1,,60,Rear End,T-Junction,Daylight,,Not Raining
2017-9531-8/11/2018,1,0,0,1,2: MI,,1,,60,Hit Fixed Object,Not Divided,Daylight,,Not Raining
2017-9532-8/11/2018,0,0,0,0,1: PDO,Full,2,,70,Side Swipe,Divided Road,Daylight,,Not Raining
2017-9533-8/11/2018,1,0,0,1,2: MI,Full,2,,100,Hit Animal,Not Divided,Daylight,,Not Raining
2017-9534-8/11/2018,1,0,0,1,2: MI,,,,90,Rear End,Divided Road,Daylight,,Not Raining
2017-9535-8/11/2018,0,0,0,0,1: PDO,Unknown,1,,60,Rear End,Cross Road,Daylight,,Not Raining
2017-9536-8/11/2018,0,0,0,0,1: PDO,Full,14,,50,Right Angle,Not Divided,Daylight,,Not Raining
2017-9537-8/11/2018,0,0,0,0,1: PDO,Full,1,,100,Hit Animal,Not Divided,Daylight,,Raining
2017-9538-8/11/2018,1,0,0,1,2: MI,Full,2,,110,Rear End,Not Divided,Daylight,,Not Raining
2017-9539-8/11/2018,1,0,0,1,2: MI,Full,7,,110,Hit Fixed Object,Not Divided,Daylight,,Not Raining
2017-9540-8/11/2018,0,0,0,0,1: PDO,Unlicenced,2,,70,Right Angle,Divided Road,Night,,Not Raining
2017-9541-8/11/2018,1,0,0,1,2: MI,Unknown,1,,50,Hit Pedestrian,Not Divided,Daylight,,Not Raining
2017-9542-8/11/2018,1,1,0,0,4: Fatal,Full,1,,110,Right Angle,T-Junction,Daylight,,Not Raining
2017-9543-8/11/2018,0,0,0,0,1: PDO,Unknown,1,,50,Hit Fixed Object,Not Divided,Night,,Not Raining
2017-9544-8/11/2018,1,0,0,1,2: MI,,1,,100,Side Swipe,Not Divided,Daylight,,Not Raining
2017-9545-8/11/2018,1,0,1,0,3: SI,,0,,80,Hit Fixed Object,Not Divided,Daylight,,Not Raining
2017-9546-8/11/2018,1,0,0,1,2: MI,Full,1,,80,Rear End,Divided Road,Daylight,,Not Raining
2017-9547-8/11/2018,0,0,0,0,1: PDO,,1,,60,Right Angle,T-Junction,Daylight,,Not Raining
2017-9548-8/11/2018,1,0,0,1,2: MI,Full,3,,50,Left Road - Out of Control,T-Junction,Daylight,,Not Raining
2017-9549-8/11/2018,0,0,0,0,1: PDO,Full,1,,60,Right Turn,Multiple,Daylight,,Not Raining
2017-9550-8/11/2018,0,0,0,0,1: PDO,Full,1,,40,Side Swipe,Divided Road,Daylight,,Not Raining
2017-9551-8/11/2018,0,0,0,0,1: PDO,Full,1,,50,Hit Fixed Object,Not Divided,Daylight,,Not Raining
2017-9552-8/11/2018,0,0,0,0,1: PDO,Full,1,,80,Head On,Not Divided,Daylight,,Not Raining
2017-9553-8/11/2018,0,0,0,0,1: PDO,Full,1,,60,Right Angle,Cross Road,Daylight,,Not Raining
2017-9554-8/11/2018,0,0,0,0,1: PDO,Full,1,,60,Right Angle,Cross Road,Daylight,,Not Raining
2017-9555-8/11/2018,1,0,0,1,2: MI,Unknown,1,,60,Rear End,Cross Road,Daylight,,Not Raining
2017-9556-8/11/2018,0,0,0,0,1: PDO,Unknown,1,,60,Side Swipe,Divided Road,Daylight,,Not Raining
2017-9557-8/11/2018,0,0,0,0,1: PDO,Full,1,,60,Side Swipe,Divided Road,Daylight,,Not Raining
2017-9558-8/11/2018,0,0,0,0,1: PDO,Full,1,,60,Rear End,Divided Road,Daylight,,Not Raining
2017-9559-8/11/2018,1,0,0,1,2: MI,Full,1,,60,Rear End,Cross Road,Daylight,,Not Raining
2017-9560-8/11/2018,0,0,0,0,1: PDO,,,,60,Rear End,Divided Road,Daylight,,Not Raining
2017-9561-8/11/2018,1,0,0,1,2: MI,Unknown,1,,80,Rear End,T-Junction,Night,,Raining
2017-9562-8/11/2018,3,0,0,3,2: MI,Unlicenced,1,,50,Right Angle,Cross Road,Daylight,,Not Raining
2017-9563-8/11/2018,0,0,0,0,1: PDO,,1,,60,Rear End,Cross Road,Daylight,,Not Raining
2017-9564-8/11/2018,0,0,0,0,1: PDO,Unlicenced,1,,60,Side Swipe,Divided Road,Night,,Not Raining
2017-9565-8/11/2018,0,0,0,0,1: PDO,,,,80,Side Swipe,Not Divided,Daylight,,Not Raining
2017-9566-8/11/2018,0,0,0,0,1: PDO,,,,80,Hit Fixed Object,Not Divided,Daylight,,Not Raining
2017-9567-8/11/2018,0,0,0,0,1: PDO,Full,1,,80,Rear End,Divided Road,Daylight,,Not Raining
2017-9568-8/11/2018,0,0,0,0,1: PDO,,,,60,Rear End,Cross Road,Daylight,,Not Raining
2017-9569-8/11/2018,0,0,0,0,1: PDO,,0,,60,Rear End,Divided Road,Daylight,,Not Raining
2017-9570-8/11/2018,0,0,0,0,1: PDO,Unknown,1,,60,Hit Parked Vehicle,Divided Road,Daylight,,Not Raining
2017-9571-8/11/2018,1,0,0,1,2: MI,Full,1,,70,Rear End,Cross Road,Daylight,,Not Raining
2017-9572-8/11/2018,1,0,0,1,2: MI,Unknown,1,,60,Hit Parked Vehicle,Not Divided,Daylight,,Not Raining
2017-9573-8/11/2018,1,0,0,1,2: MI,Provisional 1 ,1,,50,Rear End,Not Divided,Daylight,,Not Raining
2017-9574-8/11/2018,2,0,1,1,3: SI,,,,50,Right Angle,Cross Road,Daylight,,Not Raining
2017-9575-8/11/2018,0,0,0,0,1: PDO,Provisional 2,1,,60,Hit Parked Vehicle,Not Divided,Night,,Not Raining
2017-9576-8/11/2018,1,0,0,1,2: MI,,,,80,Rear End,Cross Road,Night,,Not Raining
2017-9577-8/11/2018,0,0,0,0,1: PDO,Unknown,2,,50,Roll Over,Not Divided,Night,,Not Raining
2017-9578-8/11/2018,0,0,0,0,1: PDO,,,,110,Hit Fixed Object,Divided Road,Night,,Not Raining
2017-9579-8/11/2018,1,0,0,1,2: MI,Full,1,,110,Head On,Not Divided,Night,,Not Raining
2017-9580-8/11/2018,0,0,0,0,1: PDO,Provisional 1 ,1,,60,Right Angle,T-Junction,Daylight,,Not Raining
2017-9581-8/11/2018,0,0,0,0,1: PDO,Full,1,,60,Side Swipe,Divided Road,Daylight,,Not Raining
2017-9582-8/11/2018,0,0,0,0,1: PDO,Full,1,,60,Hit Parked Vehicle,Not Divided,Daylight,,Not Raining
2017-9583-8/11/2018,1,0,0,1,2: MI,Full,2,,110,Roll Over,Not Divided,Daylight,,Not Raining
2017-9584-8/11/2018,0,0,0,0,1: PDO,Unlicenced,2,,50,Side Swipe,T-Junction,Daylight,,Not Raining
2017-9585-8/11/2018,1,0,0,1,2: MI,Disqualified,1,,60,Rear End,Divided Road,Daylight,,Not Raining
2017-9586-8/11/2018,0,0,0,0,1: PDO,Full,1,,60,Side Swipe,Divided Road,Daylight,,Not Raining
2017-9587-8/11/2018,0,0,0,0,1: PDO,Learners,1,,60,Rear End,Divided Road,Daylight,,Not Raining
2017-9588-8/11/2018,1,0,0,1,2: MI,Full,1,,100,Hit Fixed Object,Not Divided,Daylight,,Not Raining
2017-9589-8/11/2018,1,0,0,1,2: MI,Unknown,1,,50,Hit Parked Vehicle,Not Divided,Daylight,,Not Raining
2017-9590-8/11/2018,2,0,0,2,2: MI,Full,1,,60,Rear End,Cross Road,Daylight,,Not Raining
2017-9591-8/11/2018,0,0,0,0,1: PDO,Unknown,1,,100,Hit Animal,Not Divided,Daylight,,Not Raining
2017-9592-8/11/2018,0,0,0,0,1: PDO,Full,3,,40,Right Angle,Cross Road,Daylight,,Not Raining
2017-9593-8/11/2018,2,0,0,2,2: MI,Unknown,1,,50,Right Angle,T-Junction,Daylight,,Not Raining
2017-9594-8/11/2018,1,0,0,1,2: MI,Full,1,,60,Rear End,Cross Road,Daylight,,Not Raining
2017-9595-8/11/2018,0,0,0,0,1: PDO,Unknown,1,,60,Rear End,Cross Road,Daylight,,Not Raining
2017-9596-8/11/2018,0,0,0,0,1: PDO,Full,1,,60,Side Swipe,Cross Road,Daylight,,Not Raining
2017-9597-8/11/2018,0,0,0,0,1: PDO,Full,1,,60,Right Turn,Divided Road,Daylight,,Not Raining
2017-9598-8/11/2018,1,0,0,1,2: MI,Full,1,,50,Rear End,T-Junction,Daylight,,Not Raining
2017-9599-8/11/2018,0,0,0,0,1: PDO,,,,50,Rear End,Not Divided,Daylight,,Not Raining
2017-9600-8/11/2018,0,0,0,0,1: PDO,Full,3,,50,Side Swipe,Cross Road,Daylight,,Not Raining
2017-9601-8/11/2018,1,0,1,0,3: SI,Full,1,,50,Hit Parked Vehicle,Not Divided,Daylight,,Not Raining
2017-9602-8/11/2018,0,0,0,0,1: PDO,Full,1,,50,Right Angle,T-Junction,Daylight,,Not Raining
2017-9603-8/11/2018,0,0,0,0,1: PDO,,1,,100,Rear End,Freeway,Daylight,,Not Raining
2017-9604-8/11/2018,0,0,0,0,1: PDO,Full,1,,60,Right Angle,T-Junction,Daylight,,Not Raining
2017-9605-8/11/2018,0,0,0,0,1: PDO,Full,1,,80,Right Angle,Cross Road,Night,,Not Raining
2017-9606-8/11/2018,1,0,0,1,2: MI,Full,1,,40,Right Angle,Not Divided,Night,,Not Raining
2017-9607-8/11/2018,1,0,0,1,2: MI,Provisional 1 ,1,,50,Right Angle,Cross Road,Night,,Not Raining
2017-9608-8/11/2018,0,0,0,0,1: PDO,Full,1,,50,Hit Parked Vehicle,Not Divided,Night,,Not Raining
2017-9609-8/11/2018,1,0,0,1,2: MI,,0,,50,Hit Pedestrian,Not Divided,Night,,Not Raining
2017-9610-8/11/2018,1,0,0,1,2: MI,Provisional 2,1,,60,Right Turn,T-Junction,Night,,Not Raining
2017-9611-8/11/2018,1,0,0,1,2: MI,Full,5,,110,Hit Fixed Object,Not Divided,Night,,Not Raining
2017-9612-8/11/2018,1,1,0,0,4: Fatal,Full,1,Y,40,Hit Fixed Object,Not Divided,Night,Y,Not Raining
2017-9613-8/11/2018,2,0,1,1,3: SI,Unknown,2,,50,Right Angle,Not Divided,Daylight,,Not Raining
2017-9614-8/11/2018,3,0,0,3,2: MI,Full,1,,70,Rear End,T-Junction,Daylight,,Not Raining
2017-9615-8/11/2018,1,0,0,1,2: MI,,,,60,Roll Over,Not Divided,Daylight,,Not Raining
2017-9616-8/11/2018,1,0,0,1,2: MI,Full,2,,50,Hit Fixed Object,Not Divided,Daylight,,Not Raining
2017-9617-8/11/2018,0,0,0,0,1: PDO,Provisional 1 ,1,,100,Hit Fixed Object,Not Divided,Daylight,,Not Raining
2017-9618-8/11/2018,0,0,0,0,1: PDO,Full,4,,60,Right Angle,T-Junction,Daylight,,Not Raining
2017-9619-8/11/2018,2,0,0,2,2: MI,Full,1,,60,Rear End,Divided Road,Daylight,,Not Raining
2017-9620-8/11/2018,1,0,0,1,2: MI,Full,1,,110,Hit Fixed Object,Not Divided,Daylight,,Not Raining
2017-9621-8/11/2018,1,0,0,1,2: MI,Full,1,,50,Right Angle,T-Junction,Daylight,,Not Raining
2017-9622-8/11/2018,1,0,0,1,2: MI,Full,3,,100,Side Swipe,Cross Road,Daylight,,Not Raining
2017-9623-8/11/2018,1,0,0,1,2: MI,Unknown,1,,50,Hit Fixed Object,Not Divided,Night,Y,Not Raining
2017-9624-8/11/2018,1,0,0,1,2: MI,Full,3,,60,Right Angle,Divided Road,Daylight,,Not Raining
2017-9625-8/11/2018,0,0,0,0,1: PDO,Full,3,,60,Side Swipe,Y-Junction,Daylight,,Not Raining
2017-9626-8/11/2018,0,0,0,0,1: PDO,Full,2,,70,Rear End,Divided Road,Daylight,,Not Raining
2017-9627-8/11/2018,2,0,0,2,2: MI,Full,1,,60,Right Angle,T-Junction,Daylight,,Not Raining
2017-9628-8/11/2018,0,0,0,0,1: PDO,Full,1,,60,Rear End,T-Junction,Daylight,,Not Raining
2017-9629-8/11/2018,0,0,0,0,1: PDO,Full,1,,60,Rear End,Divided Road,Night,,Not Raining
2017-9630-8/11/2018,0,0,0,0,1: PDO,Full,1,,80,Rear End,Cross Road,Daylight,,Not Raining
2017-9631-8/11/2018,0,0,0,0,1: PDO,Full,1,,80,Hit Fixed Object,Not Divided,Daylight,,Not Raining
2017-9632-8/11/2018,1,0,0,1,2: MI,,,,50,Rear End,T-Junction,Daylight,,Not Raining
2017-9633-8/11/2018,1,0,0,1,2: MI,Full,2,,90,Right Angle,Freeway,Daylight,,Not Raining
2017-9634-8/11/2018,1,0,0,1,2: MI,Provisional 1 ,2,,50,Hit Pedestrian,Cross Road,Daylight,,Not Raining
2017-9635-8/11/2018,0,0,0,0,1: PDO,Full,1,,50,Side Swipe,Not Divided,Daylight,,Not Raining
2017-9636-8/11/2018,0,0,0,0,1: PDO,Full,1,,60,Side Swipe,Divided Road,Daylight,,Not Raining
2017-9637-8/11/2018,2,0,0,2,2: MI,Full,3,,60,Right Angle,T-Junction,Daylight,,Not Raining
2017-9638-8/11/2018,0,0,0,0,1: PDO,Full,1,,60,Rear End,Cross Road,Daylight,,Not Raining
2017-9639-8/11/2018,0,0,0,0,1: PDO,Full,1,,50,Hit Pedestrian,Not Divided,Daylight,,Not Raining
2017-9640-8/11/2018,1,0,0,1,2: MI,Full,1,,50,Hit Parked Vehicle,T-Junction,Daylight,,Not Raining
2017-9641-8/11/2018,0,0,0,0,1: PDO,Full,1,,60,Rear End,Cross Road,Daylight,,Not Raining
2017-9642-8/11/2018,2,0,0,2,2: MI,Full,1,,50,Head On,Not Divided,Night,,Not Raining
2017-9643-8/11/2018,1,0,0,1,2: MI,Unknown,2,,50,Right Angle,Cross Road,Daylight,,Not Raining
2017-9644-8/11/2018,0,0,0,0,1: PDO,Unknown,1,,70,Hit Pedestrian,Not Divided,Daylight,,Not Raining
2017-9645-8/11/2018,0,0,0,0,1: PDO,Full,1,,50,Hit Pedestrian,Cross Road,Daylight,,Not Raining
2017-9646-8/11/2018,2,0,0,2,2: MI,Full,1,,60,Right Turn,Cross Road,Daylight,,Not Raining
2017-9647-8/11/2018,0,0,0,0,1: PDO,Full,1,,60,Rear End,Cross Road,Daylight,,Not Raining
2017-9648-8/11/2018,1,0,0,1,2: MI,Full,1,,60,Rear End,Divided Road,Daylight,,Not Raining
2017-9649-8/11/2018,0,0,0,0,1: PDO,Unlicenced,1,,60,Hit Object on Road,Cross Road,Night,,Not Raining
2017-9650-8/11/2018,2,0,0,2,2: MI,Full,1,,100,Right Angle,Cross Road,Daylight,,Not Raining
2017-9651-8/11/2018,2,0,0,2,2: MI,Full,2,,110,Rear End,Not Divided,Night,,Not Raining
2017-9652-8/11/2018,0,0,0,0,1: PDO,Provisional 2,1,,50,Hit Parked Vehicle,Not Divided,Daylight,,Not Raining
2017-9653-8/11/2018,1,0,0,1,2: MI,,,,110,Hit Animal,Not Divided,Night,,Not Raining
2017-9654-8/11/2018,0,0,0,0,1: PDO,,,,80,Hit Fixed Object,Not Divided,Night,,Not Raining
2017-9655-8/11/2018,1,0,0,1,2: MI,Provisional 1 ,1,,80,Roll Over,Not Divided,Night,Y,Not Raining
2017-9656-8/11/2018,1,0,0,1,2: MI,Provisional 2,1,,60,Side Swipe,T-Junction,Daylight,,Not Raining
2017-9657-8/11/2018,0,0,0,0,1: PDO,Full,1,,50,Hit Parked Vehicle,Not Divided,Night,,Not Raining
2017-9658-8/11/2018,0,0,0,0,1: PDO,Full,1,,80,Rear End,T-Junction,Daylight,,Not Raining
2017-9659-8/11/2018,1,0,0,1,2: MI,Full,1,,50,Right Angle,Cross Road,Daylight,,Not Raining
2017-9660-8/11/2018,1,0,0,1,2: MI,,0,,70,Hit Fixed Object,Not Divided,Daylight,,Not Raining
2017-9661-8/11/2018,0,0,0,0,1: PDO,Unknown,2,,80,Roll Over,Not Divided,Daylight,,Not Raining
2017-9662-8/11/2018,0,0,0,0,1: PDO,,,,50,Hit Parked Vehicle,Not Divided,Night,,Not Raining
2017-9663-8/11/2018,0,0,0,0,1: PDO,Full,1,,60,Right Turn,T-Junction,Night,,Not Raining
2017-9664-8/11/2018,0,0,0,0,1: PDO,Full,1,Y,50,Rear End,Not Divided,Daylight,,Not Raining
2017-9665-8/11/2018,1,0,0,1,2: MI,Full,1,,50,Right Angle,Not Divided,Daylight,,Not Raining
2017-9666-8/11/2018,1,0,0,1,2: MI,Full,1,,60,Rear End,Pedestrian Crossing,Daylight,,Not Raining
2017-9667-8/11/2018,0,0,0,0,1: PDO,,0,,60,Hit Fixed Object,Divided Road,Daylight,,Not Raining
2017-9668-8/11/2018,0,0,0,0,1: PDO,Full,1,,110,Hit Fixed Object,Not Divided,Daylight,,Not Raining
2017-9669-8/11/2018,0,0,0,0,1: PDO,Full,2,,60,Side Swipe,Cross Road,Daylight,,Not Raining
2017-9670-8/11/2018,0,0,0,0,1: PDO,Full,1,,50,Hit Parked Vehicle,Not Divided,Daylight,,Not Raining
2017-9671-8/11/2018,1,0,0,1,2: MI,Full,1,,110,Roll Over,Not Divided,Night,,Not Raining
2017-9672-8/11/2018,1,0,0,1,2: MI,Full,1,,100,Roll Over,Not Divided,Daylight,,Not Raining
2017-9673-8/11/2018,1,0,0,1,2: MI,Full,4,,100,Side Swipe,Cross Road,Daylight,,Not Raining
2017-9674-8/11/2018,1,0,0,1,2: MI,Full,3,Y,50,Side Swipe,Not Divided,Night,,Not Raining
2017-9675-8/11/2018,0,0,0,0,1: PDO,Learners,1,,100,Hit Fixed Object,Not Divided,Daylight,,Not Raining
2017-9676-8/11/2018,0,0,0,0,1: PDO,Full,1,,50,Hit Fixed Object,Not Divided,Daylight,,Not Raining
2017-9677-8/11/2018,1,0,1,0,3: SI,Provisional 1 ,3,,110,Roll Over,Not Divided,Daylight,,Not Raining
2017-9678-8/11/2018,0,0,0,0,1: PDO,Unknown,1,,50,Right Angle,Multiple,Daylight,,Not Raining
2017-9679-8/11/2018,0,0,0,0,1: PDO,Full,1,,50,Hit Parked Vehicle,Divided Road,Night,,Not Raining
2017-9680-8/11/2018,0,0,0,0,1: PDO,Provisional 2,1,,110,Hit Animal,Not Divided,Night,,Not Raining
2017-9681-8/11/2018,0,0,0,0,1: PDO,Full,2,,60,Rear End,Cross Road,Daylight,,Not Raining
2017-9682-8/11/2018,4,0,0,4,2: MI,Full,1,,110,Hit Fixed Object,Not Divided,Daylight,,Not Raining
2017-9683-8/11/2018,0,0,0,0,1: PDO,Full,1,,60,Hit Pedestrian,Divided Road,Night,,Not Raining
2017-9684-8/11/2018,1,0,1,0,3: SI,Full,2,,60,Side Swipe,Not Divided,Night,,Not Raining
2017-9685-8/11/2018,0,0,0,0,1: PDO,Full,1,,60,Hit Fixed Object,Cross Road,Night,,Not Raining
2017-9686-8/11/2018,0,0,0,0,1: PDO,Full,1,,60,Side Swipe,Cross Road,Night,,Not Raining
2017-9687-8/11/2018,1,0,1,0,3: SI,Learners,3,Y,110,Hit Fixed Object,Not Divided,Night,,Not Raining
2017-9688-8/11/2018,0,0,0,0,1: PDO,Unknown,1,,50,Hit Parked Vehicle,Not Divided,Night,Y,Not Raining
2017-9689-8/11/2018,2,0,0,2,2: MI,Full,3,,60,Hit Fixed Object,Cross Road,Daylight,,Raining
2017-9690-8/11/2018,0,0,0,0,1: PDO,Full,1,,100,Hit Fixed Object,Not Divided,Daylight,,Not Raining
2017-9691-8/11/2018,0,0,0,0,1: PDO,Provisional 2,1,,50,Hit Fixed Object,Not Divided,Daylight,,Not Raining
2017-9692-8/11/2018,0,0,0,0,1: PDO,Full,1,,50,Right Angle,T-Junction,Night,,Not Raining
2017-9693-8/11/2018,0,0,0,0,1: PDO,Provisional 2,2,,50,Right Angle,Cross Road,Daylight,,Not Raining
2017-9694-8/11/2018,0,0,0,0,1: PDO,Full,2,,50,Rear End,T-Junction,Daylight,,Not Raining
2017-9695-8/11/2018,2,0,0,2,2: MI,Full,1,,100,Roll Over,Not Divided,Daylight,,Raining
2017-9696-8/11/2018,1,0,0,1,2: MI,Full,1,,60,Rear End,Cross Road,Daylight,,Raining
2017-9697-8/11/2018,0,0,0,0,1: PDO,Full,1,,50,Right Angle,T-Junction,Daylight,,Not Raining
2017-9698-8/11/2018,1,0,0,1,2: MI,,,,50,Side Swipe,T-Junction,Daylight,,Not Raining
2017-9699-8/11/2018,0,0,0,0,1: PDO,Provisional 1 ,1,,60,Rear End,Divided Road,Daylight,,Not Raining
2017-9700-8/11/2018,1,0,0,1,2: MI,Unknown,1,,60,Right Turn,T-Junction,Daylight,,Not Raining
2017-9701-8/11/2018,0,0,0,0,1: PDO,Full,1,,110,Roll Over,Not Divided,Daylight,,Not Raining
2017-9702-8/11/2018,0,0,0,0,1: PDO,,,,60,Right Angle,T-Junction,Daylight,,Not Raining
2017-9703-8/11/2018,1,0,0,1,2: MI,Provisional 2,1,,50,Rear End,Cross Road,Night,,Not Raining
2017-9704-8/11/2018,0,0,0,0,1: PDO,,,,60,Hit Fixed Object,Divided Road,Daylight,,Not Raining
2017-9705-8/11/2018,1,0,0,1,2: MI,Unlicenced,1,,80,Rear End,Cross Road,Daylight,,Not Raining
2017-9706-8/11/2018,0,0,0,0,1: PDO,Provisional 2,1,,80,Hit Fixed Object,Not Divided,Night,,Raining
2017-9707-8/11/2018,1,0,0,1,2: MI,Full,1,,80,Roll Over,Divided Road,Night,,Not Raining
2017-9708-8/11/2018,0,0,0,0,1: PDO,Full,1,,100,Roll Over,Not Divided,Daylight,,Not Raining
2017-9709-8/11/2018,0,0,0,0,1: PDO,Full,1,,60,Rear End,Divided Road,Daylight,,Not Raining
2017-9710-8/11/2018,4,0,0,4,2: MI,Full,1,,80,Right Angle,Cross Road,Daylight,,Not Raining
2017-9711-8/11/2018,0,0,0,0,1: PDO,Full,2,,60,Right Angle,Cross Road,Daylight,,Not Raining
2017-9712-8/11/2018,0,0,0,0,1: PDO,Full,2,,80,Left Road - Out of Control,Not Divided,Daylight,,Not Raining