REPORT_ID,Total Cas,Total Fats,Total SI,Total MI,CSEF Severity,Licence Type,Number Occupants,Drugs Involved,Area Speed,Crash Type,Position Type,DayNight,DUI Involved,Weather Cond
2017-9713-8/11/2018,0,0,0,0,1: PDO,Full,1,,60,Roll Over,Divided Road,Night,,Not Raining
2017-9714-8/11/2018,0,0,0,0,1: PDO,,0,,50,Hit Fixed Object,Not Divided,Night,,Not Raining
2017-9715-8/11/2018,0,0,0,0,1: PDO,Full,1,,60,Hit Parked Vehicle,Divided Road,Night,,Not Raining
2017-9716-8/11/2018,0,0,0,0,1: PDO,,,,60,Hit Fixed Object,Divided Road,Night,,Not Raining
2017-9717-8/11/2018,1,1,0,0,4: Fatal,Full,1,,110,Hit Fixed Object,Divided Road,Night,,Not Raining
2017-9718-8/11/2018,0,0,0,0,1: PDO,Full,1,,40,Right Angle,Cross Road,Night,,Not Raining
2017-9719-8/11/2018,1,0,0,1,2: MI,Full,3,,50,Hit Fixed Object,Not Divided,Daylight,,Not Raining
2017-9720-8/11/2018,1,0,0,1,2: MI,Full,1,,60,Hit Pedestrian,T-Junction,Night,,Not Raining
2017-9721-8/11/2018,0,0,0,0,1: PDO,Full,1,,60,Rear End,T-Junction,Night,,Not Raining
2017-9722-8/11/2018,0,0,0,0,1: PDO,Provisional 2,1,,80,Right Angle,Cross Road,Daylight,,Not Raining
2017-9723-8/11/2018,0,0,0,0,1: PDO,Provisional 2,1,,60,Hit Fixed Object,Divided Road,Daylight,,Not Raining
2017-9724-8/11/2018,0,0,0,0,1: PDO,Full,1,,50,Hit Fixed Object,T-Junction,Night,,Not Raining
2017-9725-8/11/2018,0,0,0,0,1: PDO,Full,1,,60,Side Swipe,Divided Road,Daylight,,Not Raining
2017-9726-8/11/2018,1,0,0,1,2: MI,Unlicenced,1,,50,Right Angle,Cross Road,Daylight,,Not Raining
2017-9727-8/11/2018,1,0,0,1,2: MI,Unknown,1,,60,Rear End,T-Junction,Daylight,,Not Raining
2017-9728-8/11/2018,0,0,0,0,1: PDO,Full,1,,70,Rear End,Divided Road,Daylight,,Not Raining
2017-9729-8/11/2018,1,0,0,1,2: MI,Full,1,,60,Roll Over,T-Junction,Daylight,,Not Raining
2017-9730-8/11/2018,0,0,0,0,1: PDO,Unknown,1,,80,Right Turn,T-Junction,Daylight,,Not Raining
2017-9731-8/11/2018,0,0,0,0,1: PDO,Unknown,2,,60,Roll Over,Divided Road,Daylight,,Not Raining
2017-9732-8/11/2018,1,0,0,1,2: MI,Provisional 1 ,1,,80,Hit Fixed Object,Not Divided,Daylight,,Not Raining
2017-9733-8/11/2018,0,0,0,0,1: PDO,Full,1,,70,Right Angle,T-Junction,Daylight,,Not Raining
2017-9734-8/11/2018,0,0,0,0,1: PDO,Provisional 1 ,1,,80,Hit Fixed Object,Not Divided,Daylight,,Not Raining
2017-9735-8/11/2018,1,0,0,1,2: MI,Full,2,,60,Rear End,T-Junction,Daylight,,Not Raining
2017-9736-8/11/2018,1,0,0,1,2: MI,Unknown,1,,60,Rear End,Cross Road,Daylight,,Not Raining
2017-9737-8/11/2018,0,0,0,0,1: PDO,Full,2,,50,Right Angle,Cross Road,Daylight,,Not Raining
2017-9738-8/11/2018,0,0,0,0,1: PDO,Full,1,,80,Side Swipe,Not Divided,Daylight,,Not Raining
2017-9739-8/11/2018,0,0,0,0,1: PDO,Full,1,,60,Side Swipe,T-Junction,Daylight,,Not Raining
2017-9740-8/11/2018,2,0,1,1,3: SI,Full,1,Y,100,Head On,Not Divided,Daylight,,Not Raining
2017-9741-8/11/2018,0,0,0,0,1: PDO,Full,1,,60,Right Angle,Cross Road,Daylight,,Not Raining
2017-9742-8/11/2018,1,0,0,1,2: MI,Full,1,,100,Roll Over,Not Divided,Daylight,,Not Raining
2017-9743-8/11/2018,0,0,0,0,1: PDO,Unknown,1,,50,Right Angle,Cross Road,Daylight,,Not Raining
2017-9744-8/11/2018,0,0,0,0,1: PDO,Unknown,1,,90,Rear End,Not Divided,Daylight,,Not Raining
2017-9745-8/11/2018,0,0,0,0,1: PDO,,,,60,Rear End,Divided Road,Daylight,,Not Raining
2017-9746-8/11/2018,0,0,0,0,1: PDO,Unknown,1,,60,Rear End,Not Divided,Daylight,,Not Raining
2017-9747-8/11/2018,1,0,0,1,2: MI,,1,,60,Rear End,Divided Road,Daylight,,Not Raining
2017-9748-8/11/2018,0,0,0,0,1: PDO,Full,1,,90,Rear End,Divided Road,Daylight,,Not Raining
2017-9749-8/11/2018,1,0,0,1,2: MI,Full,1,,50,Roll Over,Divided Road,Daylight,,Not Raining
2017-9750-8/11/2018,1,0,0,1,2: MI,Full,1,,60,Rear End,T-Junction,Daylight,,Not Raining
2017-9751-8/11/2018,0,0,0,0,1: PDO,,1,,60,Rear End,Divided Road,Daylight,,Not Raining
2017-9752-8/11/2018,0,0,0,0,1: PDO,Full,2,,50,Right Turn,Cross Road,Daylight,,Not Raining
2017-9753-8/11/2018,1,0,1,0,3: SI,,,,50,Hit Fixed Object,Divided Road,Daylight,Y,Not Raining
2017-9754-8/11/2018,0,0,0,0,1: PDO,Full,1,,80,Rear End,Divided Road,Night,,Not Raining
2017-9755-8/11/2018,1,0,0,1,2: MI,Unknown,1,,60,Right Angle,Cross Road,Night,,Not Raining
2017-9756-8/11/2018,1,0,0,1,2: MI,,,,60,Right Angle,Cross Road,Night,,Not Raining
2017-9757-8/11/2018,0,0,0,0,1: PDO,Unknown,1,,110,Hit Animal,Not Divided,Night,,Not Raining
2017-9758-8/11/2018,0,0,0,0,1: PDO,Full,1,,110,Hit Object on Road,Freeway,Night,,Not Raining
2017-9759-8/11/2018,1,0,0,1,2: MI,,,,70,Rear End,Cross Road,Daylight,,Not Raining
2017-9760-8/11/2018,0,0,0,0,1: PDO,,,,50,Hit Fixed Object,Not Divided,Daylight,,Not Raining
2017-9761-8/11/2018,0,0,0,0,1: PDO,,,,50,Hit Parked Vehicle,Not Divided,Daylight,,Not Raining
2017-9762-8/11/2018,0,0,0,0,1: PDO,,,,60,Right Turn,Cross Road,Daylight,,Not Raining
2017-9763-8/11/2018,0,0,0,0,1: PDO,Provisional 2,1,,60,Right Angle,T-Junction,Night,,Not Raining
2017-9764-8/11/2018,0,0,0,0,1: PDO,Full,1,,60,Rear End,Divided Road,Daylight,,Not Raining
2017-9765-8/11/2018,0,0,0,0,1: PDO,Full,1,,50,Right Angle,Cross Road,Daylight,,Not Raining
2017-9766-8/11/2018,1,0,0,1,2: MI,Full,1,,60,Rear End,T-Junction,Night,,Raining
2017-9767-8/11/2018,0,0,0,0,1: PDO,Full,2,,50,Rear End,Cross Road,Daylight,,Not Raining
2017-9768-8/11/2018,1,0,0,1,2: MI,Full,1,,50,Hit Parked Vehicle,Divided Road,Daylight,,Not Raining
2017-9769-8/11/2018,1,0,0,1,2: MI,,,,100,Hit Fixed Object,Not Divided,Daylight,,Not Raining
2017-9770-8/11/2018,0,0,0,0,1: PDO,,,,80,Side Swipe,Divided Road,Daylight,,Not Raining
2017-9771-8/11/2018,1,0,0,1,2: MI,Full,2,,110,Rear End,Interchange,Daylight,,Not Raining
2017-9772-8/11/2018,0,0,0,0,1: PDO,,1,,70,Hit Fixed Object,T-Junction,Daylight,,Not Raining
2017-9773-8/11/2018,0,0,0,0,1: PDO,Full,1,,60,Rear End,Not Divided,Daylight,,Not Raining
2017-9774-8/11/2018,0,0,0,0,1: PDO,Full,1,,50,Right Turn,Cross Road,Daylight,,Not Raining
2017-9775-8/11/2018,0,0,0,0,1: PDO,Full,1,,50,Hit Parked Vehicle,Not Divided,Daylight,,Not Raining
2017-9776-8/11/2018,0,0,0,0,1: PDO,,0,,50,Rear End,T-Junction,Daylight,,Not Raining
2017-9777-8/11/2018,0,0,0,0,1: PDO,Full,1,,50,Right Angle,T-Junction,Daylight,,Not Raining
2017-9778-8/11/2018,1,0,0,1,2: MI,Full,1,,60,Right Angle,T-Junction,Night,,Not Raining
2017-9779-8/11/2018,0,0,0,0,1: PDO,Full,1,,50,Side Swipe,Cross Road,Daylight,,Not Raining
2017-9780-8/11/2018,1,0,0,1,2: MI,Full,1,,50,Right Turn,T-Junction,Daylight,,Not Raining
2017-9781-8/11/2018,0,0,0,0,1: PDO,Full,1,,60,Side Swipe,Cross Road,Daylight,,Not Raining
2017-9782-8/11/2018,1,0,0,1,2: MI,Provisional 2,1,,60,Rear End,T-Junction,Daylight,,Not Raining
2017-9783-8/11/2018,0,0,0,0,1: PDO,Unknown,1,,60,Right Angle,T-Junction,Daylight,,Not Raining
2017-9784-8/11/2018,0,0,0,0,1: PDO,Full,1,,60,Rear End,Cross Road,Daylight,,Not Raining
2017-9785-8/11/2018,1,0,0,1,2: MI,Full,1,,100,Rear End,Not Divided,Daylight,,Not Raining
2017-9786-8/11/2018,0,0,0,0,1: PDO,Full,1,,60,Right Angle,T-Junction,Daylight,,Not Raining
2017-9787-8/11/2018,0,0,0,0,1: PDO,Full,1,,60,Right Angle,Cross Road,Daylight,,Not Raining
2017-9788-8/11/2018,0,0,0,0,1: PDO,Full,1,,70,Side Swipe,Divided Road,Daylight,,Not Raining
2017-9789-8/11/2018,3,0,0,3,2: MI,,,,60,Right Turn,Cross Road,Night,,Not Raining
2017-9790-8/11/2018,0,0,0,0,1: PDO,Full,2,,80,Hit Fixed Object,Not Divided,Daylight,,Not Raining
2017-9791-8/11/2018,1,0,1,0,3: SI,Unknown,1,,110,Left Road - Out of Control,Not Divided,Daylight,,Not Raining
2017-9792-8/11/2018,1,0,1,0,3: SI,Full,2,,100,Hit Fixed Object,Not Divided,Night,Y,Not Raining
2017-9793-8/11/2018,1,0,0,1,2: MI,Full,1,,50,Rear End,T-Junction,Daylight,,Not Raining
2017-9794-8/11/2018,0,0,0,0,1: PDO,Unknown,2,,70,Rear End,Divided Road,Daylight,,Not Raining
2017-9795-8/11/2018,0,0,0,0,1: PDO,Full,2,,80,Rear End,Cross Road,Daylight,,Not Raining
2017-9796-8/11/2018,0,0,0,0,1: PDO,Unlicenced,2,,80,Rear End,Cross Road,Daylight,,Not Raining
2017-9797-8/11/2018,0,0,0,0,1: PDO,,,,50,Right Angle,Cross Road,Daylight,,Not Raining
2017-9798-8/11/2018,0,0,0,0,1: PDO,Full,1,,60,Right Turn,Cross Road,Daylight,,Not Raining
2017-9799-8/11/2018,0,0,0,0,1: PDO,,,,60,Right Turn,T-Junction,Daylight,,Not Raining
2017-9800-8/11/2018,0,0,0,0,1: PDO,,1,,50,Side Swipe,Not Divided,Daylight,,Not Raining
2017-9801-8/11/2018,0,0,0,0,1: PDO,Full,1,,60,Rear End,Divided Road,Daylight,,Not Raining
2017-9802-8/11/2018,0,0,0,0,1: PDO,Full,1,,110,Other,Not Divided,Daylight,,Not Raining
2017-9803-8/11/2018,0,0,0,0,1: PDO,Full,1,,50,Hit Parked Vehicle,Cross Road,Daylight,,Not Raining
2017-9804-8/11/2018,0,0,0,0,1: PDO,Full,1,,100,Rear End,Interchange,Daylight,,Not Raining
2017-9805-8/11/2018,0,0,0,0,1: PDO,Full,4,,60,Side Swipe,Divided Road,Daylight,,Not Raining
2017-9806-8/11/2018,1,0,0,1,2: MI,,1,,50,Rear End,Cross Road,Daylight,,Not Raining
2017-9807-8/11/2018,0,0,0,0,1: PDO,Provisional 1 ,1,,80,Side Swipe,T-Junction,Daylight,,Not Raining
2017-9808-8/11/2018,1,0,0,1,2: MI,Full,1,,50,Right Angle,Not Divided,Daylight,,Not Raining
2017-9809-8/11/2018,0,0,0,0,1: PDO,Full,1,,110,Hit Fixed Object,Not Divided,Daylight,,Not Raining
2017-9810-8/11/2018,1,0,0,1,2: MI,Full,1,,60,Rear End,Cross Road,Daylight,,Not Raining
2017-9811-8/11/2018,0,0,0,0,1: PDO,Unknown,1,,110,Rear End,Divided Road,Daylight,,Not Raining
2017-9812-8/11/2018,0,0,0,0,1: PDO,Unknown,2,,60,Side Swipe,Cross Road,Daylight,,Not Raining
2017-9813-8/11/2018,0,0,0,0,1: PDO,Full,1,,60,Side Swipe,Not Divided,Daylight,,Not Raining
2017-9814-8/11/2018,1,0,0,1,2: MI,Full,1,Y,80,Roll Over,Not Divided,Daylight,,Not Raining
2017-9815-8/11/2018,1,0,0,1,2: MI,Full,1,,60,Rear End,T-Junction,Daylight,,Not Raining
2017-9816-8/11/2018,0,0,0,0,1: PDO,Full,1,,60,Hit Pedestrian,Not Divided,Daylight,,Not Raining
2017-9817-8/11/2018,1,0,0,1,2: MI,Full,1,,60,Rear End,T-Junction,Daylight,,Not Raining
2017-9818-8/11/2018,3,0,0,3,2: MI,Provisional 1 ,2,,110,Side Swipe,Freeway,Daylight,,Not Raining
2017-9819-8/11/2018,1,0,1,0,3: SI,Full,1,,50,Hit Parked Vehicle,Not Divided,Daylight,Y,Not Raining
2017-9820-8/11/2018,1,0,0,1,2: MI,Unknown,1,,60,Rear End,Divided Road,Daylight,,Not Raining
2017-9821-8/11/2018,1,0,0,1,2: MI,Full,1,,60,Roll Over,Not Divided,Daylight,,Not Raining
2017-9822-8/11/2018,0,0,0,0,1: PDO,Provisional 1 ,1,,60,Rear End,Divided Road,Daylight,,Not Raining
2017-9823-8/11/2018,1,0,0,1,2: MI,Full,1,,50,Side Swipe,Divided Road,Daylight,,Not Raining
2017-9824-8/11/2018,0,0,0,0,1: PDO,Full,3,,60,Rear End,Cross Road,Daylight,,Not Raining
2017-9825-8/11/2018,1,0,0,1,2: MI,Full,3,,60,Right Angle,T-Junction,Daylight,,Not Raining
2017-9826-8/11/2018,3,0,0,3,2: MI,Full,5,,70,Right Angle,Cross Road,Night,,Not Raining
2017-9827-8/11/2018,0,0,0,0,1: PDO,,1,,60,Side Swipe,Not Divided,Night,,Not Raining
2017-9828-8/11/2018,0,0,0,0,1: PDO,Unknown,1,,60,Roll Over,T-Junction,Night,,Not Raining
2017-9829-8/11/2018,0,0,0,0,1: PDO,Full,1,,60,Right Angle,Cross Road,Night,,Not Raining
2017-9830-8/11/2018,1,0,0,1,2: MI,Full,1,,80,Roll Over,Not Divided,Night,,Raining
2017-9831-8/11/2018,0,0,0,0,1: PDO,Full,1,,100,Hit Fixed Object,Not Divided,Night,,Raining
2017-9832-8/11/2018,0,0,0,0,1: PDO,Full,1,,60,Side Swipe,Cross Road,Night,,Not Raining
2017-9833-8/11/2018,0,0,0,0,1: PDO,Full,4,,70,Rear End,Divided Road,Daylight,,Not Raining
2017-9834-8/11/2018,0,0,0,0,1: PDO,Full,1,,50,Side Swipe,Cross Road,Daylight,,Not Raining
2017-9835-8/11/2018,0,0,0,0,1: PDO,Full,1,,60,Rear End,Cross Road,Daylight,,Not Raining
2017-9836-8/11/2018,0,0,0,0,1: PDO,Full,1,,60,Rear End,Divided Road,Daylight,,Not Raining
2017-9837-8/11/2018,0,0,0,0,1: PDO,Full,1,,60,Rear End,T-Junction,Daylight,,Not Raining
2017-9838-8/11/2018,0,0,0,0,1: PDO,Full,1,,60,Hit Fixed Object,Not Divided,Daylight,,Not Raining
2017-9839-8/11/2018,0,0,0,0,1: PDO,Full,1,,50,Rear End,Not Divided,Daylight,,Not Raining
2017-9840-8/11/2018,0,0,0,0,1: PDO,Full,1,,50,Right Angle,T-Junction,Daylight,,Not Raining
2017-9841-8/11/2018,0,0,0,0,1: PDO,Full,1,,60,Side Swipe,Divided Road,Daylight,,Not Raining
2017-9842-8/11/2018,0,0,0,0,1: PDO,,0,,100,Right Turn,Not Divided,Daylight,,Not Raining
2017-9843-8/11/2018,1,0,0,1,2: MI,Full,1,,50,Roll Over,Not Divided,Daylight,,Not Raining
2017-9844-8/11/2018,1,0,0,1,2: MI,,,,60,Right Angle,Cross Road,Daylight,,Not Raining
2017-9845-8/11/2018,0,0,0,0,1: PDO,Full,1,,60,Hit Parked Vehicle,Divided Road,Daylight,,Not Raining
2017-9846-8/11/2018,1,0,0,1,2: MI,Full,1,,60,Right Angle,Cross Road,Daylight,,Not Raining
2017-9847-8/11/2018,0,0,0,0,1: PDO,Full,1,,60,Side Swipe,Cross Road,Daylight,,Not Raining
2017-9848-8/11/2018,0,0,0,0,1: PDO,Full,1,,60,Hit Fixed Object,Cross Road,Daylight,,Not Raining
2017-9849-8/11/2018,0,0,0,0,1: PDO,Full,1,Y,60,Rear End,Cross Road,Daylight,,Not Raining
2017-9850-8/11/2018,1,0,0,1,2: MI,Unknown,1,,60,Roll Over,Not Divided,Daylight,,Not Raining
2017-9851-8/11/2018,0,0,0,0,1: PDO,Unlicenced,1,,60,Right Turn,T-Junction,Daylight,,Not Raining
2017-9852-8/11/2018,0,0,0,0,1: PDO,,,,60,Right Turn,Cross Road,Night,,Not Raining
2017-9853-8/11/2018,0,0,0,0,1: PDO,Full,1,,60,Rear End,Cross Road,Daylight,,Not Raining
2017-9854-8/11/2018,1,0,0,1,2: MI,,,,60,Rear End,T-Junction,Daylight,,Not Raining
2017-9855-8/11/2018,0,0,0,0,1: PDO,Unlicenced,1,,50,Hit Parked Vehicle,Not Divided,Night,,Not Raining
2017-9856-8/11/2018,0,0,0,0,1: PDO,,,,60,Rear End,Not Divided,Night,,Not Raining
2017-9857-8/11/2018,1,0,0,1,2: MI,Full,1,,60,Right Turn,Cross Road,Night,,Not Raining
2017-9858-8/11/2018,1,0,0,1,2: MI,Full,2,,60,Rear End,T-Junction,Daylight,,Not Raining
2017-9859-8/11/2018,1,0,0,1,2: MI,Full,1,,80,Other,Not Divided,Daylight,,Not Raining
2017-9860-8/11/2018,0,0,0,0,1: PDO,,1,,60,Hit Fixed Object,Cross Road,Daylight,,Raining
2017-9861-8/11/2018,0,0,0,0,1: PDO,Unknown,1,,60,Rear End,Divided Road,Daylight,,Raining
2017-9862-8/11/2018,0,0,0,0,1: PDO,Full,1,,60,Right Angle,T-Junction,Night,,Not Raining
2017-9863-8/11/2018,1,0,0,1,2: MI,,,,50,Right Angle,Not Divided,Daylight,,Not Raining
2017-9864-8/11/2018,0,0,0,0,1: PDO,Full,1,,60,Rear End,Not Divided,Daylight,,Raining
2017-9865-8/11/2018,0,0,0,0,1: PDO,,,,70,Right Angle,T-Junction,Daylight,,Not Raining
2017-9866-8/11/2018,0,0,0,0,1: PDO,Unknown,1,,70,Side Swipe,Rail Crossing,Daylight,,Not Raining
2017-9867-8/11/2018,0,0,0,0,1: PDO,Unknown,1,,80,Hit Fixed Object,Divided Road,Daylight,,Not Raining
2017-9868-8/11/2018,1,0,0,1,2: MI,Full,2,,60,Rear End,Divided Road,Daylight,,Not Raining
2017-9869-8/11/2018,0,0,0,0,1: PDO,Unknown,1,,60,Roll Over,Not Divided,Daylight,,Raining
2017-9870-8/11/2018,1,0,0,1,2: MI,,0,,60,Hit Fixed Object,Divided Road,Daylight,,Not Raining
2017-9871-8/11/2018,2,0,0,2,2: MI,Full,1,,60,Right Angle,Not Divided,Daylight,,Not Raining
2017-9872-8/11/2018,1,0,0,1,2: MI,Full,1,,50,Hit Pedestrian,Not Divided,Daylight,,Not Raining
2017-9873-8/11/2018,1,0,0,1,2: MI,Unknown,1,,60,Rear End,Divided Road,Daylight,,Not Raining
2017-9874-8/11/2018,0,0,0,0,1: PDO,,,,50,Hit Fixed Object,T-Junction,Daylight,,Not Raining
2017-9875-8/11/2018,0,0,0,0,1: PDO,Probationary,1,,50,Right Turn,Divided Road,Daylight,,Not Raining
2017-9876-8/11/2018,2,0,0,2,2: MI,,1,,60,Rear End,Cross Road,Daylight,,Not Raining
2017-9877-8/11/2018,2,0,0,2,2: MI,Full,1,,60,Rear End,Cross Road,Daylight,,Not Raining
2017-9878-8/11/2018,0,0,0,0,1: PDO,Unknown,1,,40,Right Angle,Cross Road,Daylight,,Not Raining
2017-9879-8/11/2018,3,0,0,3,2: MI,Provisional 2,1,,60,Right Angle,Not Divided,Daylight,,Not Raining
2017-9880-8/11/2018,0,0,0,0,1: PDO,Full,1,,80,Rear End,Divided Road,Daylight,,Not Raining
2017-9881-8/11/2018,1,0,0,1,2: MI,Full,1,,80,Rear End,Cross Road,Daylight,,Raining
2017-9882-8/11/2018,0,0,0,0,1: PDO,Full,2,,90,Rear End,T-Junction,Daylight,,Not Raining
2017-9883-8/11/2018,0,0,0,0,1: PDO,Full,1,,60,Right Angle,T-Junction,Daylight,,Not Raining
2017-9884-8/11/2018,0,0,0,0,1: PDO,Full,1,,60,Rear End,Cross Road,Daylight,,Not Raining
2017-9885-8/11/2018,0,0,0,0,1: PDO,,,,50,Rear End,Cross Road,Daylight,,Not Raining
2017-9886-8/11/2018,0,0,0,0,1: PDO,Full,1,,60,Rear End,Divided Road,Night,,Not Raining
2017-9887-8/11/2018,0,0,0,0,1: PDO,Full,1,,50,Right Angle,Cross Road,Daylight,,Not Raining
2017-9888-8/11/2018,0,0,0,0,1: PDO,Full,1,,80,Hit Fixed Object,Not Divided,Daylight,,Not Raining
2017-9889-8/11/2018,0,0,0,0,1: PDO,,0,,50,Rear End,T-Junction,Daylight,,Not Raining
2017-9890-8/11/2018,0,0,0,0,1: PDO,,,,50,Right Turn,Cross Road,Night,,Not Raining
2017-9891-8/11/2018,1,0,0,1,2: MI,Unknown,1,Y,80,Hit Fixed Object,Not Divided,Night,Y,Not Raining
2017-9892-8/11/2018,0,0,0,0,1: PDO,,1,,60,Right Turn,Not Divided,Night,,Not Raining
2017-9893-8/11/2018,0,0,0,0,1: PDO,,1,,60,Hit Fixed Object,Divided Road,Daylight,,Not Raining
2017-9894-8/11/2018,0,0,0,0,1: PDO,Unknown,1,,100,Hit Fixed Object,Not Divided,Daylight,,Not Raining
2017-9895-8/11/2018,2,0,0,2,2: MI,Full,1,,60,Right Angle,T-Junction,Night,,Not Raining
2017-9896-8/11/2018,0,0,0,0,1: PDO,Unknown,1,,60,Left Road - Out of Control,Not Divided,Daylight,,Not Raining
2017-9897-8/11/2018,1,0,0,1,2: MI,Full,1,,60,Rear End,T-Junction,Daylight,,Not Raining
2017-9898-8/11/2018,1,0,0,1,2: MI,Full,1,,60,Right Turn,Divided Road,Daylight,,Not Raining
2017-9899-8/11/2018,0,0,0,0,1: PDO,Full,1,,60,Right Angle,Cross Road,Daylight,,Not Raining
2017-9900-8/11/2018,1,0,0,1,2: MI,,,,60,Rear End,Divided Road,Daylight,,Not Raining
2017-9901-8/11/2018,1,0,0,1,2: MI,Full,1,,60,Hit Parked Vehicle,Not Divided,Night,Y,Not Raining
2017-9902-8/11/2018,0,0,0,0,1: PDO,Full,1,,50,Right Turn,Cross Road,Daylight,,Not Raining
2017-9903-8/11/2018,0,0,0,0,1: PDO,Full,1,,50,Hit Parked Vehicle,Not Divided,Night,Y,Not Raining
2017-9904-8/11/2018,1,0,1,0,3: SI,,0,,60,Roll Over,Not Divided,Daylight,,Not Raining
2017-9905-8/11/2018,0,0,0,0,1: PDO,Full,1,,50,Hit Fixed Object,T-Junction,Night,,Not Raining
2017-9906-8/11/2018,0,0,0,0,1: PDO,,,,50,Hit Pedestrian,Not Divided,Night,,Not Raining
2017-9907-8/11/2018,0,0,0,0,1: PDO,Full,1,,60,Hit Fixed Object,Divided Road,Night,,Not Raining
2017-9908-8/11/2018,1,0,0,1,2: MI,Full,3,,60,Hit Fixed Object,Not Divided,Night,Y,Not Raining
2017-9909-8/11/2018,0,0,0,0,1: PDO,,,,60,Right Turn,Cross Road,Night,,Not Raining
2017-9910-8/11/2018,0,0,0,0,1: PDO,Unknown,1,,60,Rear End,T-Junction,Night,,Not Raining
2017-9911-8/11/2018,0,0,0,0,1: PDO,Unknown,1,,70,Hit Fixed Object,Divided Road,Night,,Not Raining
2017-9912-8/11/2018,0,0,0,0,1: PDO,Full,1,,80,Roll Over,Not Divided,Daylight,,Not Raining
2017-9913-8/11/2018,0,0,0,0,1: PDO,Full,1,,100,Head On,Not Divided,Daylight,,Not Raining
2017-9914-8/11/2018,1,0,0,1,2: MI,Full,1,,50,Right Angle,Cross Road,Daylight,,Not Raining
2017-9915-8/11/2018,0,0,0,0,1: PDO,Full,1,,60,Rear End,Divided Road,Daylight,,Not Raining
2017-9916-8/11/2018,1,0,0,1,2: MI,,0,,50,Right Angle,Cross Road,Daylight,,Not Raining
2017-9917-8/11/2018,0,0,0,0,1: PDO,Full,1,,50,Hit Parked Vehicle,T-Junction,Daylight,,Not Raining
2017-9918-8/11/2018,1,0,0,1,2: MI,Full,1,,60,Rear End,T-Junction,Daylight,,Not Raining
2017-9919-8/11/2018,1,0,0,1,2: MI,Full,1,,60,Rear End,Divided Road,Daylight,,Not Raining
2017-9920-8/11/2018,0,0,0,0,1: PDO,Unknown,1,,110,Hit Fixed Object,Not Divided,Night,,Not Raining
2017-9921-8/11/2018,1,0,0,1,2: MI,Full,1,,80,Roll Over,Not Divided,Daylight,,Not Raining
2017-9922-8/11/2018,0,0,0,0,1: PDO,Provisional 2,2,,100,Hit Fixed Object,Not Divided,Daylight,,Not Raining
2017-9923-8/11/2018,0,0,0,0,1: PDO,Provisional 2,1,,100,Roll Over,Not Divided,Daylight,,Not Raining
2017-9924-8/11/2018,1,0,1,0,3: SI,Full,1,,50,Hit Fixed Object,Not Divided,Daylight,,Not Raining
2017-9925-8/11/2018,1,0,0,1,2: MI,Provisional 2,5,,100,Hit Fixed Object,Not Divided,Daylight,,Not Raining
2017-9926-8/11/2018,0,0,0,0,1: PDO,Full,2,,100,Hit Animal,Not Divided,Night,,Raining
2017-9927-8/11/2018,0,0,0,0,1: PDO,Full,1,,50,Side Swipe,Divided Road,Daylight,,Not Raining
2017-9928-8/11/2018,0,0,0,0,1: PDO,Probationary,2,,60,Hit Fixed Object,Divided Road,Night,Y,Not Raining
2017-9929-8/11/2018,1,0,0,1,2: MI,Full,1,,60,Hit Fixed Object,Not Divided,Night,Y,Not Raining
2017-9930-8/11/2018,0,0,0,0,1: PDO,Full,1,,110,Roll Over,Not Divided,Night,,Not Raining
2017-9931-8/11/2018,0,0,0,0,1: PDO,Full,1,,60,Side Swipe,Cross Road,Night,,Not Raining
2017-9932-8/11/2018,0,0,0,0,1: PDO,Unknown,1,,80,Roll Over,Not Divided,Daylight,,Not Raining