REPORT_ID,Total Cas,Total Fats,Total SI,Total MI,CSEF Severity,Licence Type,Number Occupants,Drugs Involved,Area Speed,Crash Type,Position Type,DayNight,DUI Involved,Weather Cond
2017-10151-8/11/2018,1,0,0,1,2: MI,,0,,50,Right Angle,Cross Road,Daylight,,Not Raining
2017-10152-8/11/2018,0,0,0,0,1: PDO,Full,1,,60,Right Turn,T-Junction,Daylight,,Not Raining
2017-10153-8/11/2018,0,0,0,0,1: PDO,,0,,110,Hit Fixed Object,Not Divided,Night,,Not Raining
2017-10154-8/11/2018,2,0,0,2,2: MI,Unknown,1,,80,Right Angle,Rail Crossing,Daylight,,Not Raining
2017-10155-8/11/2018,0,0,0,0,1: PDO,Unknown,1,,90,Side Swipe,Divided Road,Daylight,,Not Raining
2017-10156-8/11/2018,0,0,0,0,1: PDO,,,,60,Rear End,T-Junction,Daylight,,Not Raining
2017-10157-8/11/2018,0,0,0,0,1: PDO,Full,2,,50,Hit Fixed Object,T-Junction,Daylight,,Not Raining
2017-10158-8/11/2018,4,0,0,4,2: MI,Full,2,,100,Right Angle,Cross Road,Daylight,,Not Raining
2017-10159-8/11/2018,0,0,0,0,1: PDO,,1,,60,Rear End,Divided Road,Daylight,,Not Raining
2017-10160-8/11/2018,0,0,0,0,1: PDO,Full,3,,100,Hit Fixed Object,Not Divided,Daylight,,Not Raining
2017-10161-8/11/2018,0,0,0,0,1: PDO,Unknown,1,,60,Right Angle,T-Junction,Night,,Not Raining
2017-10162-8/11/2018,0,0,0,0,1: PDO,Unknown,1,,60,Rear End,Divided Road,Night,,Not Raining
2017-10163-8/11/2018,0,0,0,0,1: PDO,Full,2,,60,Right Angle,Cross Road,Night,,Not Raining
2017-10164-8/11/2018,1,0,0,1,2: MI,,1,,50,Side Swipe,Not Divided,Daylight,,Not Raining
2017-10165-8/11/2018,0,0,0,0,1: PDO,Full,1,,50,Hit Fixed Object,T-Junction,Night,Y,Not Raining
2017-10166-8/11/2018,5,2,0,3,4: Fatal,Full,1,Y,90,Right Turn,T-Junction,Daylight,,Not Raining
2017-10167-8/11/2018,0,0,0,0,1: PDO,Full,2,,50,Other,Not Divided,Daylight,,Not Raining
2017-10168-8/11/2018,0,0,0,0,1: PDO,Full,2,,40,Hit Parked Vehicle,Not Divided,Night,,Not Raining
2017-10169-8/11/2018,0,0,0,0,1: PDO,,1,,40,Hit Object on Road,Not Divided,Daylight,,Not Raining
2017-10170-8/11/2018,0,0,0,0,1: PDO,Full,1,,60,Right Turn,T-Junction,Daylight,,Not Raining
2017-10171-8/11/2018,0,0,0,0,1: PDO,Full,2,,60,Hit Fixed Object,Divided Road,Daylight,,Not Raining
2017-10172-8/11/2018,0,0,0,0,1: PDO,,,,60,Right Angle,Not Divided,Daylight,,Not Raining
2017-10173-8/11/2018,0,0,0,0,1: PDO,Full,1,,60,Side Swipe,Cross Road,Daylight,,Not Raining
2017-10174-8/11/2018,0,0,0,0,1: PDO,,1,,60,Rear End,Divided Road,Daylight,,Not Raining
2017-10175-8/11/2018,0,0,0,0,1: PDO,Provisional 2,1,,50,Side Swipe,Cross Road,Daylight,,Not Raining
2017-10176-8/11/2018,0,0,0,0,1: PDO,Full,1,,60,Right Turn,T-Junction,Daylight,,Not Raining
2017-10177-8/11/2018,0,0,0,0,1: PDO,Full,1,,60,Side Swipe,Not Divided,Daylight,,Not Raining
2017-10178-8/11/2018,1,0,0,1,2: MI,Full,1,,60,Hit Fixed Object,Not Divided,Daylight,,Not Raining
2017-10179-8/11/2018,0,0,0,0,1: PDO,Full,1,,90,Side Swipe,Divided Road,Daylight,,Not Raining
2017-10180-8/11/2018,1,0,0,1,2: MI,Full,1,,40,Rear End,Divided Road,Daylight,,Not Raining
2017-10181-8/11/2018,0,0,0,0,1: PDO,Full,2,,60,Side Swipe,Divided Road,Daylight,,Not Raining
2017-10182-8/11/2018,1,0,0,1,2: MI,Full,2,,60,Right Angle,Cross Road,Daylight,,Not Raining
2017-10183-8/11/2018,0,0,0,0,1: PDO,Full,1,,80,Right Angle,Multiple,Daylight,,Not Raining
2017-10184-8/11/2018,0,0,0,0,1: PDO,Full,1,,60,Right Angle,T-Junction,Daylight,,Not Raining
2017-10185-8/11/2018,4,0,0,4,2: MI,Unknown,1,,60,Right Angle,Cross Road,Daylight,,Not Raining
2017-10186-8/11/2018,1,0,0,1,2: MI,,,,60,Side Swipe,Divided Road,Daylight,,Not Raining
2017-10187-8/11/2018,5,0,4,1,3: SI,,0,,100,Head On,Not Divided,Daylight,,Not Raining
2017-10188-8/11/2018,0,0,0,0,1: PDO,Full,1,,50,Right Angle,Cross Road,Daylight,,Not Raining
2017-10189-8/11/2018,0,0,0,0,1: PDO,Full,1,,60,Rear End,Cross Road,Daylight,,Not Raining
2017-10190-8/11/2018,2,0,0,2,2: MI,Provisional 1 ,2,,60,Hit Fixed Object,Not Divided,Daylight,,Not Raining
2017-10191-8/11/2018,0,0,0,0,1: PDO,Full,1,,50,Roll Over,Cross Road,Daylight,,Not Raining
2017-10192-8/11/2018,0,0,0,0,1: PDO,Full,1,,60,Rear End,Divided Road,Daylight,,Not Raining
2017-10193-8/11/2018,0,0,0,0,1: PDO,Full,1,,90,Rear End,Divided Road,Daylight,,Not Raining
2017-10194-8/11/2018,0,0,0,0,1: PDO,Provisional 2,1,,60,Rear End,Divided Road,Daylight,,Not Raining
2017-10195-8/11/2018,1,0,0,1,2: MI,Full,3,,60,Rear End,Cross Road,Daylight,,Not Raining
2017-10196-8/11/2018,0,0,0,0,1: PDO,Full,1,,60,Right Angle,Cross Road,Daylight,,Not Raining
2017-10197-8/11/2018,2,0,1,1,3: SI,Provisional 2,1,,50,Hit Pedestrian,Cross Road,Daylight,,Not Raining
2017-10198-8/11/2018,1,0,0,1,2: MI,Probationary,1,,50,Hit Parked Vehicle,Not Divided,Daylight,,Not Raining
2017-10199-8/11/2018,0,0,0,0,1: PDO,Full,1,,60,Rear End,T-Junction,Daylight,,Not Raining
2017-10200-8/11/2018,0,0,0,0,1: PDO,,,,60,Hit Parked Vehicle,Not Divided,Daylight,,Not Raining
2017-10201-8/11/2018,1,0,0,1,2: MI,Full,1,,60,Right Angle,Not Divided,Daylight,,Not Raining
2017-10202-8/11/2018,1,0,0,1,2: MI,Full,1,,60,Right Turn,Not Divided,Night,,Not Raining
2017-10203-8/11/2018,1,0,0,1,2: MI,Full,1,,60,Right Turn,Cross Road,Night,,Not Raining
2017-10204-8/11/2018,0,0,0,0,1: PDO,Full,1,,60,Right Angle,Cross Road,Night,,Not Raining
2017-10205-8/11/2018,1,0,0,1,2: MI,Full,1,,60,Hit Fixed Object,Cross Road,Night,Y,Not Raining
2017-10206-8/11/2018,0,0,0,0,1: PDO,Full,1,,60,Hit Fixed Object,Not Divided,Night,,Not Raining
2017-10207-8/11/2018,0,0,0,0,1: PDO,,,,50,Hit Fixed Object,Not Divided,Night,,Not Raining
2017-10208-8/11/2018,0,0,0,0,1: PDO,Learners,2,,60,Right Angle,Cross Road,Daylight,,Not Raining
2017-10209-8/11/2018,0,0,0,0,1: PDO,,,,60,Hit Parked Vehicle,Not Divided,Night,,Not Raining
2017-10210-8/11/2018,1,0,0,1,2: MI,Full,1,,100,Hit Fixed Object,Not Divided,Daylight,,Not Raining
2017-10211-8/11/2018,0,0,0,0,1: PDO,,,,60,Right Angle,Cross Road,Daylight,,Not Raining
2017-10212-8/11/2018,0,0,0,0,1: PDO,Full,2,,60,Right Angle,Cross Road,Daylight,,Not Raining
2017-10213-8/11/2018,1,0,1,0,3: SI,Full,1,,80,Rear End,Cross Road,Daylight,,Not Raining
2017-10214-8/11/2018,0,0,0,0,1: PDO,Full,1,,50,Right Turn,Cross Road,Daylight,,Not Raining
2017-10215-8/11/2018,0,0,0,0,1: PDO,Full,1,,50,Rear End,T-Junction,Daylight,,Not Raining
2017-10216-8/11/2018,1,0,0,1,2: MI,Provisional 2,1,,60,Rear End,Cross Road,Daylight,,Not Raining
2017-10217-8/11/2018,0,0,0,0,1: PDO,Full,2,,60,Hit Fixed Object,Divided Road,Daylight,,Not Raining
2017-10218-8/11/2018,0,0,0,0,1: PDO,Full,1,,50,Hit Pedestrian,Not Divided,Daylight,,Not Raining
2017-10219-8/11/2018,0,0,0,0,1: PDO,Full,2,,50,Right Turn,Cross Road,Daylight,,Not Raining
2017-10220-8/11/2018,0,0,0,0,1: PDO,Full,1,,60,Rear End,Divided Road,Daylight,,Not Raining
2017-10221-8/11/2018,2,0,0,2,2: MI,Full,1,,50,Hit Pedestrian,Cross Road,Daylight,,Not Raining
2017-10222-8/11/2018,0,0,0,0,1: PDO,Full,1,,50,Side Swipe,T-Junction,Daylight,,Not Raining
2017-10223-8/11/2018,1,0,0,1,2: MI,,,,50,Hit Parked Vehicle,Divided Road,Daylight,,Not Raining
2017-10224-8/11/2018,0,0,0,0,1: PDO,Full,1,,60,Rear End,Divided Road,Daylight,,Not Raining
2017-10225-8/11/2018,0,0,0,0,1: PDO,Full,1,,60,Hit Fixed Object,Divided Road,Night,,Not Raining
2017-10226-8/11/2018,0,0,0,0,1: PDO,Provisional 2,1,,60,Rear End,Cross Road,Daylight,,Not Raining
2017-10227-8/11/2018,0,0,0,0,1: PDO,Full,1,,60,Side Swipe,Divided Road,Daylight,,Not Raining
2017-10228-8/11/2018,1,0,0,1,2: MI,Full,1,,60,Side Swipe,Not Divided,Daylight,,Not Raining
2017-10229-8/11/2018,0,0,0,0,1: PDO,Full,3,,70,Right Angle,Not Divided,Daylight,,Not Raining
2017-10230-8/11/2018,0,0,0,0,1: PDO,Full,1,,50,Hit Fixed Object,Not Divided,Daylight,,Not Raining
2017-10231-8/11/2018,0,0,0,0,1: PDO,Full,1,,50,Side Swipe,Not Divided,Daylight,,Not Raining
2017-10232-8/11/2018,0,0,0,0,1: PDO,Full,1,,80,Right Angle,T-Junction,Daylight,,Not Raining
2017-10233-8/11/2018,0,0,0,0,1: PDO,Full,1,,90,Rear End,Freeway,Night,,Not Raining
2017-10234-8/11/2018,0,0,0,0,1: PDO,Full,3,,60,Rear End,Cross Road,Daylight,,Not Raining
2017-10235-8/11/2018,1,0,0,1,2: MI,,,,50,Hit Fixed Object,T-Junction,Night,,Not Raining
2017-10236-8/11/2018,0,0,0,0,1: PDO,Unknown,1,,60,Rear End,Cross Road,Daylight,,Not Raining
2017-10237-8/11/2018,1,0,0,1,2: MI,Unknown,2,,60,Rear End,Divided Road,Daylight,,Not Raining
2017-10238-8/11/2018,0,0,0,0,1: PDO,Unknown,1,Y,50,Hit Fixed Object,Not Divided,Daylight,,Not Raining
2017-10239-8/11/2018,1,0,0,1,2: MI,Full,1,,60,Right Angle,Cross Road,Daylight,,Not Raining
2017-10240-8/11/2018,0,0,0,0,1: PDO,Provisional 2,1,,60,Right Angle,Cross Road,Daylight,,Not Raining
2017-10241-8/11/2018,0,0,0,0,1: PDO,Full,1,,50,Hit Parked Vehicle,Not Divided,Daylight,,Not Raining
2017-10242-8/11/2018,0,0,0,0,1: PDO,Full,1,,70,Side Swipe,Divided Road,Daylight,,Not Raining
2017-10243-8/11/2018,0,0,0,0,1: PDO,Learners,1,,50,Hit Fixed Object,Not Divided,Daylight,,Not Raining
2017-10244-8/11/2018,1,0,0,1,2: MI,Provisional 2,1,,50,Hit Fixed Object,Not Divided,Daylight,,Not Raining
2017-10245-8/11/2018,0,0,0,0,1: PDO,Full,1,,60,Rear End,Divided Road,Daylight,,Not Raining
2017-10246-8/11/2018,0,0,0,0,1: PDO,Full,1,,100,Hit Fixed Object,Not Divided,Daylight,,Not Raining
2017-10247-8/11/2018,0,0,0,0,1: PDO,Full,1,,60,Hit Fixed Object,T-Junction,Daylight,,Not Raining
2017-10248-8/11/2018,0,0,0,0,1: PDO,Full,1,,40,Roll Over,Not Divided,Daylight,,Not Raining
2017-10249-8/11/2018,1,0,0,1,2: MI,Full,2,,60,Hit Fixed Object,Divided Road,Night,,Not Raining
2017-10250-8/11/2018,0,0,0,0,1: PDO,Full,1,,50,Hit Fixed Object,Not Divided,Night,,Not Raining
2017-10251-8/11/2018,0,0,0,0,1: PDO,Full,1,,60,Side Swipe,Not Divided,Night,,Not Raining
2017-10252-8/11/2018,0,0,0,0,1: PDO,Full,1,,60,Right Turn,T-Junction,Daylight,,Not Raining
2017-10253-8/11/2018,0,0,0,0,1: PDO,,,,60,Hit Parked Vehicle,Divided Road,Daylight,,Not Raining
2017-10254-8/11/2018,0,0,0,0,1: PDO,Full,1,,50,Right Turn,T-Junction,Daylight,,Not Raining
2017-10255-8/11/2018,1,0,0,1,2: MI,Full,1,,60,Side Swipe,Divided Road,Daylight,,Not Raining
2017-10256-8/11/2018,0,0,0,0,1: PDO,Full,1,,110,Roll Over,Not Divided,Daylight,,Unknown
2017-10257-8/11/2018,0,0,0,0,1: PDO,Full,1,,90,Rear End,T-Junction,Daylight,,Not Raining
2017-10258-8/11/2018,0,0,0,0,1: PDO,Unknown,1,,50,Hit Parked Vehicle,Not Divided,Daylight,,Not Raining
2017-10259-8/11/2018,0,0,0,0,1: PDO,Full,1,,60,Side Swipe,Cross Road,Daylight,,Not Raining
2017-10260-8/11/2018,0,0,0,0,1: PDO,Provisional 2,1,,50,Hit Fixed Object,Not Divided,Daylight,,Not Raining
2017-10261-8/11/2018,0,0,0,0,1: PDO,Full,2,,80,Side Swipe,Divided Road,Daylight,,Raining
2017-10262-8/11/2018,0,0,0,0,1: PDO,Full,1,,60,Rear End,Cross Road,Daylight,,Raining
2017-10263-8/11/2018,0,0,0,0,1: PDO,Full,3,,60,Rear End,T-Junction,Daylight,,Not Raining
2017-10264-8/11/2018,0,0,0,0,1: PDO,Full,9,,50,Rear End,T-Junction,Daylight,,Raining
2017-10265-8/11/2018,1,0,0,1,2: MI,Full,1,,50,Right Angle,Cross Road,Daylight,,Not Raining
2017-10266-8/11/2018,3,0,0,3,2: MI,Full,1,,60,Rear End,Multiple,Daylight,,Not Raining
2017-10267-8/11/2018,0,0,0,0,1: PDO,Unknown,1,,50,Hit Fixed Object,Not Divided,Daylight,,Not Raining
2017-10268-8/11/2018,0,0,0,0,1: PDO,Provisional 2,1,,50,Side Swipe,Cross Road,Daylight,,Not Raining
2017-10269-8/11/2018,0,0,0,0,1: PDO,Learners,1,,50,Side Swipe,T-Junction,Daylight,,Not Raining
2017-10270-8/11/2018,0,0,0,0,1: PDO,Full,1,,60,Right Turn,Cross Road,Daylight,,Not Raining
2017-10271-8/11/2018,0,0,0,0,1: PDO,Full,1,,60,Side Swipe,Not Divided,Daylight,,Not Raining
2017-10272-8/11/2018,0,0,0,0,1: PDO,Full,3,,60,Rear End,Divided Road,Night,,Not Raining
2017-10273-8/11/2018,0,0,0,0,1: PDO,Provisional 2,1,,50,Rear End,Not Divided,Daylight,,Not Raining
2017-10274-8/11/2018,1,0,0,1,2: MI,Full,1,,60,Right Turn,Cross Road,Daylight,,Not Raining
2017-10275-8/11/2018,0,0,0,0,1: PDO,Full,1,,50,Right Angle,T-Junction,Daylight,,Raining
2017-10276-8/11/2018,0,0,0,0,1: PDO,Full,1,,60,Rear End,Divided Road,Daylight,,Raining
2017-10277-8/11/2018,0,0,0,0,1: PDO,Full,1,,60,Hit Fixed Object,Cross Road,Daylight,,Raining
2017-10278-8/11/2018,0,0,0,0,1: PDO,Full,2,,60,Hit Fixed Object,T-Junction,Daylight,,Not Raining
2017-10279-8/11/2018,1,0,0,1,2: MI,Full,1,,60,Rear End,T-Junction,Daylight,,Not Raining
2017-10280-8/11/2018,1,0,1,0,3: SI,Full,1,,100,Hit Fixed Object,Not Divided,Daylight,,Not Raining
2017-10281-8/11/2018,0,0,0,0,1: PDO,Provisional 1 ,2,,60,Side Swipe,Cross Road,Daylight,,Raining
2017-10282-8/11/2018,0,0,0,0,1: PDO,,,,60,Hit Fixed Object,Divided Road,Night,,Not Raining
2017-10283-8/11/2018,0,0,0,0,1: PDO,,,,60,Right Turn,T-Junction,Night,,Not Raining
2017-10284-8/11/2018,0,0,0,0,1: PDO,Unknown,1,,50,Hit Fixed Object,T-Junction,Night,,Not Raining
2017-10285-8/11/2018,1,0,1,0,3: SI,Full,1,,60,Hit Pedestrian,Pedestrian Crossing,Night,,Not Raining
2017-10286-8/11/2018,0,0,0,0,1: PDO,,,,60,Rear End,Divided Road,Daylight,,Not Raining
2017-10287-8/11/2018,0,0,0,0,1: PDO,Full,1,,80,Hit Fixed Object,Not Divided,Daylight,,Raining
2017-10288-8/11/2018,0,0,0,0,1: PDO,,,,60,Hit Fixed Object,Not Divided,Night,,Not Raining
2017-10289-8/11/2018,0,0,0,0,1: PDO,Full,1,,60,Rear End,Divided Road,Night,,Not Raining
2017-10290-8/11/2018,0,0,0,0,1: PDO,,,,110,Hit Animal,Not Divided,Night,,Not Raining
2017-10291-8/11/2018,0,0,0,0,1: PDO,Full,1,,60,Rear End,Divided Road,Night,,Not Raining
2017-10292-8/11/2018,0,0,0,0,1: PDO,Full,1,,60,Side Swipe,T-Junction,Daylight,,Not Raining
2017-10293-8/11/2018,1,0,0,1,2: MI,Full,1,,25,Rear End,Cross Road,Daylight,,Not Raining
2017-10294-8/11/2018,2,0,0,2,2: MI,,1,,90,Rear End,Divided Road,Daylight,,Not Raining
2017-10295-8/11/2018,0,0,0,0,1: PDO,Full,1,,50,Side Swipe,Not Divided,Daylight,,Not Raining
2017-10296-8/11/2018,0,0,0,0,1: PDO,Full,1,,100,Rear End,Not Divided,Daylight,,Not Raining
2017-10297-8/11/2018,0,0,0,0,1: PDO,Full,1,,60,Right Turn,Cross Road,Night,,Not Raining
2017-10298-8/11/2018,2,0,0,2,2: MI,,,,50,Right Angle,Cross Road,Daylight,,Not Raining
2017-10299-8/11/2018,0,0,0,0,1: PDO,Full,1,,60,Right Turn,Cross Road,Night,,Not Raining
2017-10300-8/11/2018,0,0,0,0,1: PDO,,,,50,Right Angle,Multiple,Daylight,,Not Raining
2017-10301-8/11/2018,1,0,0,1,2: MI,Unknown,1,,50,Hit Pedestrian,Not Divided,Night,,Not Raining
2017-10302-8/11/2018,0,0,0,0,1: PDO,Unknown,1,,60,Right Angle,T-Junction,Daylight,,Not Raining
2017-10303-8/11/2018,2,0,0,2,2: MI,Unknown,1,,70,Rear End,Divided Road,Daylight,,Not Raining
2017-10304-8/11/2018,1,0,0,1,2: MI,Unknown,1,,60,Right Angle,Cross Road,Daylight,,Not Raining
2017-10305-8/11/2018,0,0,0,0,1: PDO,Unknown,1,,100,Right Angle,T-Junction,Daylight,,Not Raining
2017-10306-8/11/2018,0,0,0,0,1: PDO,,,,110,Roll Over,Not Divided,Daylight,,Not Raining
2017-10307-8/11/2018,1,0,0,1,2: MI,Full,1,,50,Hit Pedestrian,T-Junction,Daylight,,Not Raining
2017-10308-8/11/2018,0,0,0,0,1: PDO,Full,1,,60,Hit Parked Vehicle,Not Divided,Daylight,,Not Raining
2017-10309-8/11/2018,0,0,0,0,1: PDO,Full,1,,110,Hit Fixed Object,Not Divided,Daylight,,Not Raining
2017-10310-8/11/2018,1,0,1,0,3: SI,,1,,100,Roll Over,Not Divided,Night,Y,Not Raining
2017-10311-8/11/2018,0,0,0,0,1: PDO,Full,1,,50,Hit Fixed Object,Not Divided,Night,,Not Raining
2017-10312-8/11/2018,0,0,0,0,1: PDO,Unknown,1,,80,Left Road - Out of Control,Divided Road,Night,,Not Raining
2017-10313-8/11/2018,1,0,0,1,2: MI,Unknown,1,,60,Hit Fixed Object,T-Junction,Night,,Not Raining
2017-10314-8/11/2018,0,0,0,0,1: PDO,Full,1,,60,Left Road - Out of Control,Cross Road,Daylight,,Not Raining
2017-10315-8/11/2018,1,0,0,1,2: MI,Full,1,,60,Right Angle,T-Junction,Daylight,,Not Raining
2017-10316-8/11/2018,0,0,0,0,1: PDO,Full,1,,50,Hit Parked Vehicle,Not Divided,Night,,Not Raining
2017-10317-8/11/2018,0,0,0,0,1: PDO,Full,1,,110,Hit Fixed Object,Ramp Off,Daylight,,Not Raining
2017-10318-8/11/2018,0,0,0,0,1: PDO,Full,1,,60,Right Turn,Cross Road,Daylight,,Raining
2017-10319-8/11/2018,1,0,0,1,2: MI,Full,2,,50,Right Angle,Cross Road,Daylight,,Not Raining
2017-10320-8/11/2018,1,0,0,1,2: MI,Full,1,,60,Right Turn,T-Junction,Daylight,,Not Raining
2017-10321-8/11/2018,0,0,0,0,1: PDO,,,,110,Rear End,Not Divided,Daylight,,Not Raining
2017-10322-8/11/2018,0,0,0,0,1: PDO,Unknown,2,,60,Right Turn,Cross Road,Daylight,,Not Raining
2017-10323-8/11/2018,0,0,0,0,1: PDO,Full,1,,60,Rear End,Divided Road,Daylight,,Raining
2017-10324-8/11/2018,0,0,0,0,1: PDO,Unknown,1,,50,Hit Fixed Object,Divided Road,Daylight,,Not Raining
2017-10325-8/11/2018,0,0,0,0,1: PDO,,,,50,Hit Parked Vehicle,Not Divided,Daylight,,Not Raining
2017-10326-8/11/2018,2,0,0,2,2: MI,,1,,60,Rear End,Cross Road,Daylight,,Not Raining
2017-10327-8/11/2018,0,0,0,0,1: PDO,Unknown,1,,60,Right Angle,Divided Road,Daylight,,Not Raining
2017-10328-8/11/2018,1,0,0,1,2: MI,Full,2,,10,Hit Pedestrian,Not Divided,Daylight,,Not Raining
2017-10329-8/11/2018,0,0,0,0,1: PDO,,,,50,Hit Fixed Object,T-Junction,Daylight,,Not Raining
2017-10330-8/11/2018,1,0,1,0,3: SI,Full,1,,50,Right Turn,Cross Road,Daylight,,Not Raining
2017-10331-8/11/2018,1,0,0,1,2: MI,Full,1,,50,Right Angle,Cross Road,Daylight,,Not Raining
2017-10332-8/11/2018,1,0,0,1,2: MI,Full,1,,80,Right Angle,Not Divided,Daylight,,Not Raining
2017-10333-8/11/2018,1,0,0,1,2: MI,Full,2,,90,Rear End,T-Junction,Daylight,,Not Raining
2017-10334-8/11/2018,1,0,0,1,2: MI,Full,1,,60,Rear End,Cross Road,Daylight,,Not Raining
2017-10335-8/11/2018,0,0,0,0,1: PDO,Unknown,1,,60,Right Angle,Cross Road,Daylight,,Not Raining
2017-10336-8/11/2018,0,0,0,0,1: PDO,Full,1,,50,Side Swipe,Cross Road,Daylight,,Not Raining
2017-10337-8/11/2018,0,0,0,0,1: PDO,Unknown,1,,80,Hit Fixed Object,Not Divided,Daylight,,Not Raining
2017-10338-8/11/2018,0,0,0,0,1: PDO,Full,2,,60,Left Road - Out of Control,Cross Road,Daylight,,Not Raining
2017-10339-8/11/2018,0,0,0,0,1: PDO,Unknown,1,,80,Rear End,Not Divided,Daylight,,Not Raining
2017-10340-8/11/2018,2,0,0,2,2: MI,Full,1,,60,Rear End,Divided Road,Daylight,,Not Raining
2017-10341-8/11/2018,0,0,0,0,1: PDO,Full,2,,60,Rear End,Divided Road,Daylight,,Not Raining
2017-10342-8/11/2018,0,0,0,0,1: PDO,Full,2,,60,Rear End,T-Junction,Daylight,,Not Raining
2017-10343-8/11/2018,0,0,0,0,1: PDO,Unknown,1,,60,Rear End,Divided Road,Daylight,,Not Raining
2017-10344-8/11/2018,0,0,0,0,1: PDO,Full,1,,50,Hit Parked Vehicle,Not Divided,Night,,Not Raining
2017-10345-8/11/2018,1,0,0,1,2: MI,Unknown,2,,60,Right Turn,Cross Road,Daylight,,Not Raining
2017-10346-8/11/2018,1,0,0,1,2: MI,Full,1,,80,Hit Fixed Object,Not Divided,Night,,Not Raining
2017-10347-8/11/2018,0,0,0,0,1: PDO,Unknown,1,,50,Right Angle,Not Divided,Night,,Not Raining
2017-10348-8/11/2018,0,0,0,0,1: PDO,Full,1,,50,Right Turn,Cross Road,Night,,Not Raining
2017-10349-8/11/2018,0,0,0,0,1: PDO,Full,2,,50,Hit Parked Vehicle,Not Divided,Night,,Not Raining
2017-10350-8/11/2018,0,0,0,0,1: PDO,Provisional 2,1,,60,Hit Fixed Object,Freeway,Night,,Not Raining
2017-10351-8/11/2018,0,0,0,0,1: PDO,,,,80,Hit Fixed Object,Not Divided,Night,,Not Raining
2017-10352-8/11/2018,0,0,0,0,1: PDO,Full,2,,50,Right Turn,Not Divided,Night,,Not Raining
2017-10353-8/11/2018,1,0,0,1,2: MI,Full,1,,50,Rear End,T-Junction,Daylight,,Not Raining
2017-10354-8/11/2018,0,0,0,0,1: PDO,Full,2,,50,Rear End,Divided Road,Daylight,,Not Raining
2017-10355-8/11/2018,4,0,0,4,2: MI,Full,2,,80,Right Angle,Cross Road,Daylight,,Not Raining
2017-10356-8/11/2018,0,0,0,0,1: PDO,Full,1,,60,Rear End,Not Divided,Daylight,,Not Raining
2017-10357-8/11/2018,0,0,0,0,1: PDO,Unknown,1,,60,Right Angle,T-Junction,Daylight,,Not Raining
2017-10358-8/11/2018,0,0,0,0,1: PDO,Full,1,,50,Hit Parked Vehicle,Not Divided,Night,,Not Raining
2017-10359-8/11/2018,0,0,0,0,1: PDO,Full,1,,60,Right Angle,T-Junction,Daylight,,Not Raining
2017-10360-8/11/2018,0,0,0,0,1: PDO,Full,1,,60,Rear End,Divided Road,Daylight,,Not Raining
2017-10361-8/11/2018,0,0,0,0,1: PDO,Full,1,,40,Right Angle,Divided Road,Daylight,,Not Raining
2017-10362-8/11/2018,0,0,0,0,1: PDO,Provisional 2,1,,60,Hit Fixed Object,Not Divided,Night,,Not Raining
2017-10363-8/11/2018,0,0,0,0,1: PDO,Full,1,,60,Right Turn,T-Junction,Daylight,,Not Raining
2017-10364-8/11/2018,1,0,0,1,2: MI,Full,1,,60,Roll Over,Cross Road,Night,,Not Raining
2017-10365-8/11/2018,0,0,0,0,1: PDO,Full,1,,100,Hit Fixed Object,Not Divided,Daylight,,Not Raining
2017-10366-8/11/2018,1,0,0,1,2: MI,Full,2,,100,Hit Fixed Object,Not Divided,Daylight,,Not Raining