REPORT_ID,Total Cas,Total Fats,Total SI,Total MI,CSEF Severity,Licence Type,Number Occupants,Drugs Involved,Area Speed,Crash Type,Position Type,DayNight,DUI Involved,Weather Cond
2017-10367-8/11/2018,2,0,0,2,2: MI,Full,1,,70,Rear End,Divided Road,Daylight,,Not Raining
2017-10368-8/11/2018,0,0,0,0,1: PDO,Full,1,,100,Hit Fixed Object,T-Junction,Night,,Not Raining
2017-10369-8/11/2018,0,0,0,0,1: PDO,Full,1,,50,Right Turn,Not Divided,Daylight,,Not Raining
2017-10370-8/11/2018,0,0,0,0,1: PDO,Full,1,,60,Hit Parked Vehicle,Divided Road,Daylight,,Not Raining
2017-10371-8/11/2018,0,0,0,0,1: PDO,Provisional 2,1,,60,Right Turn,Cross Road,Night,,Not Raining
2017-10372-8/11/2018,1,0,0,1,2: MI,Provisional 2,1,,50,Hit Fixed Object,Not Divided,Daylight,,Not Raining
2017-10373-8/11/2018,1,0,0,1,2: MI,Full,1,,60,Rear End,T-Junction,Daylight,,Not Raining
2017-10374-8/11/2018,1,0,0,1,2: MI,Full,1,,60,Rear End,Divided Road,Daylight,,Not Raining
2017-10375-8/11/2018,0,0,0,0,1: PDO,Full,1,,50,Hit Parked Vehicle,Not Divided,Night,Y,Not Raining
2017-10376-8/11/2018,2,0,0,2,2: MI,Provisional 1 ,1,,60,Right Angle,T-Junction,Daylight,,Not Raining
2017-10377-8/11/2018,0,0,0,0,1: PDO,Full,1,,80,Hit Fixed Object,Not Divided,Night,,Not Raining
2017-10378-8/11/2018,1,0,1,0,3: SI,Full,1,Y,90,Roll Over,Not Divided,Night,,Not Raining
2017-10379-8/11/2018,1,0,1,0,3: SI,Full,2,,60,Hit Fixed Object,Not Divided,Daylight,,Not Raining
2017-10380-8/11/2018,0,0,0,0,1: PDO,Full,3,,100,Rear End,Freeway,Daylight,,Not Raining
2017-10381-8/11/2018,1,0,0,1,2: MI,Provisional 2,1,,50,Hit Fixed Object,Not Divided,Daylight,,Not Raining
2017-10382-8/11/2018,0,0,0,0,1: PDO,,,,50,Hit Parked Vehicle,Not Divided,Night,,Not Raining
2017-10383-8/11/2018,0,0,0,0,1: PDO,Provisional 1 ,1,,80,Side Swipe,Divided Road,Daylight,,Not Raining
2017-10384-8/11/2018,0,0,0,0,1: PDO,Full,1,,80,Left Road - Out of Control,Not Divided,Night,,Not Raining
2017-10385-8/11/2018,0,0,0,0,1: PDO,Full,2,,70,Side Swipe,Divided Road,Daylight,,Not Raining
2017-10386-8/11/2018,0,0,0,0,1: PDO,Full,1,,60,Head On,Not Divided,Daylight,,Not Raining
2017-10387-8/11/2018,1,0,0,1,2: MI,Full,1,,40,Hit Pedestrian,Not Divided,Daylight,,Not Raining
2017-10388-8/11/2018,2,0,0,2,2: MI,Full,1,,80,Right Angle,T-Junction,Daylight,,Not Raining
2017-10389-8/11/2018,1,0,0,1,2: MI,Full,1,,50,Head On,Not Divided,Daylight,,Not Raining
2017-10390-8/11/2018,1,0,0,1,2: MI,Full,1,,60,Hit Parked Vehicle,Divided Road,Daylight,,Not Raining
2017-10391-8/11/2018,0,0,0,0,1: PDO,,,,50,Side Swipe,T-Junction,Daylight,,Not Raining
2017-10392-8/11/2018,1,0,0,1,2: MI,Provisional 1 ,2,,50,Rear End,T-Junction,Night,,Not Raining
2017-10393-8/11/2018,1,0,0,1,2: MI,,,,60,Right Angle,T-Junction,Daylight,,Not Raining
2017-10394-8/11/2018,2,0,0,2,2: MI,Full,2,,110,Roll Over,Not Divided,Daylight,,Not Raining
2017-10395-8/11/2018,0,0,0,0,1: PDO,Full,1,,60,Rear End,Divided Road,Daylight,,Not Raining
2017-10396-8/11/2018,1,0,1,0,3: SI,Full,1,,100,Roll Over,T-Junction,Daylight,,Not Raining
2017-10397-8/11/2018,0,0,0,0,1: PDO,Provisional 2,1,,80,Side Swipe,T-Junction,Daylight,,Not Raining
2017-10398-8/11/2018,0,0,0,0,1: PDO,,,,60,Hit Fixed Object,Divided Road,Daylight,,Not Raining
2017-10399-8/11/2018,0,0,0,0,1: PDO,Full,1,,80,Roll Over,Not Divided,Daylight,,Not Raining
2017-10400-8/11/2018,0,0,0,0,1: PDO,Full,1,,50,Hit Parked Vehicle,Not Divided,Daylight,,Not Raining
2017-10401-8/11/2018,0,0,0,0,1: PDO,Full,1,,100,Hit Fixed Object,Not Divided,Daylight,,Not Raining
2017-10402-8/11/2018,0,0,0,0,1: PDO,,,,60,Rear End,Divided Road,Daylight,,Not Raining
2017-10403-8/11/2018,1,0,0,1,2: MI,,1,,50,Hit Fixed Object,Cross Road,Daylight,,Not Raining
2017-10404-8/11/2018,0,0,0,0,1: PDO,Full,1,,60,Hit Fixed Object,Cross Road,Night,,Not Raining
2017-10405-8/11/2018,0,0,0,0,1: PDO,Provisional 2,1,,50,Hit Fixed Object,T-Junction,Night,,Not Raining
2017-10406-8/11/2018,0,0,0,0,1: PDO,Full,1,,80,Hit Pedestrian,Divided Road,Night,,Not Raining
2017-10407-8/11/2018,0,0,0,0,1: PDO,Full,1,,60,Hit Parked Vehicle,Divided Road,Night,,Not Raining
2017-10408-8/11/2018,0,0,0,0,1: PDO,Full,1,,60,Hit Fixed Object,T-Junction,Night,,Not Raining
2017-10409-8/11/2018,0,0,0,0,1: PDO,,1,,60,Rear End,T-Junction,Daylight,,Not Raining
2017-10410-8/11/2018,1,0,0,1,2: MI,Full,1,,60,Right Angle,T-Junction,Daylight,,Not Raining
2017-10411-8/11/2018,0,0,0,0,1: PDO,Full,1,,50,Hit Parked Vehicle,Not Divided,Daylight,,Not Raining
2017-10412-8/11/2018,1,0,0,1,2: MI,Full,4,Y,60,Right Angle,Divided Road,Night,,Not Raining
2017-10413-8/11/2018,1,0,0,1,2: MI,,0,,60,Right Angle,T-Junction,Daylight,,Not Raining
2017-10414-8/11/2018,2,0,0,2,2: MI,Unknown,1,,100,Hit Fixed Object,Not Divided,Night,,Not Raining
2017-10415-8/11/2018,0,0,0,0,1: PDO,Full,1,,50,Side Swipe,Cross Road,Daylight,,Not Raining
2017-10416-8/11/2018,1,0,0,1,2: MI,Full,1,,100,Hit Animal,Not Divided,Daylight,,Not Raining
2017-10417-8/11/2018,0,0,0,0,1: PDO,Full,1,,60,Side Swipe,T-Junction,Daylight,,Not Raining
2017-10418-8/11/2018,0,0,0,0,1: PDO,Probationary,1,,60,Rear End,Cross Road,Daylight,,Not Raining
2017-10419-8/11/2018,2,0,0,2,2: MI,,0,,80,Rear End,Cross Road,Daylight,,Not Raining
2017-10420-8/11/2018,0,0,0,0,1: PDO,Full,1,,100,Hit Fixed Object,Not Divided,Night,,Not Raining
2017-10421-8/11/2018,0,0,0,0,1: PDO,,,,50,Right Angle,Not Divided,Daylight,,Not Raining
2017-10422-8/11/2018,4,0,2,2,3: SI,,,,80,Head On,Not Divided,Night,Y,Not Raining
2017-10423-8/11/2018,0,0,0,0,1: PDO,Provisional 1 ,1,,60,Side Swipe,Divided Road,Daylight,,Not Raining
2017-10424-8/11/2018,0,0,0,0,1: PDO,,,,50,Right Angle,T-Junction,Daylight,,Not Raining
2017-10425-8/11/2018,0,0,0,0,1: PDO,Provisional 2,1,,60,Side Swipe,T-Junction,Daylight,,Not Raining
2017-10426-8/11/2018,0,0,0,0,1: PDO,Full,1,,60,Rear End,T-Junction,Daylight,,Not Raining
2017-10427-8/11/2018,1,0,0,1,2: MI,Provisional 2,1,,100,Side Swipe,T-Junction,Daylight,,Not Raining
2017-10428-8/11/2018,0,0,0,0,1: PDO,Full,1,,60,Rear End,Divided Road,Daylight,,Not Raining
2017-10429-8/11/2018,0,0,0,0,1: PDO,Unknown,1,,110,Hit Fixed Object,T-Junction,Daylight,,Not Raining
2017-10430-8/11/2018,0,0,0,0,1: PDO,Learners,1,,50,Rear End,Not Divided,Daylight,,Not Raining
2017-10431-8/11/2018,1,0,0,1,2: MI,Provisional 2,1,,60,Right Angle,Cross Road,Daylight,,Not Raining
2017-10432-8/11/2018,1,0,0,1,2: MI,Full,1,,70,Right Turn,T-Junction,Daylight,,Not Raining
2017-10433-8/11/2018,2,0,0,2,2: MI,,,,70,Rear End,Not Divided,Daylight,,Not Raining
2017-10434-8/11/2018,0,0,0,0,1: PDO,Provisional 2,1,,50,Hit Fixed Object,Not Divided,Daylight,,Not Raining
2017-10435-8/11/2018,0,0,0,0,1: PDO,Full,1,,60,Rear End,Cross Road,Daylight,,Not Raining
2017-10436-8/11/2018,1,0,0,1,2: MI,Full,2,,50,Hit Pedestrian,Cross Road,Night,,Not Raining
2017-10437-8/11/2018,0,0,0,0,1: PDO,Full,1,,60,Right Turn,T-Junction,Daylight,,Not Raining
2017-10438-8/11/2018,0,0,0,0,1: PDO,Full,3,,50,Rear End,Cross Road,Daylight,,Not Raining
2017-10439-8/11/2018,1,0,0,1,2: MI,Full,1,,60,Right Angle,T-Junction,Daylight,,Not Raining
2017-10440-8/11/2018,0,0,0,0,1: PDO,Unknown,1,,60,Right Angle,Cross Road,Daylight,,Not Raining
2017-10441-8/11/2018,0,0,0,0,1: PDO,Full,3,,50,Side Swipe,Cross Road,Daylight,,Not Raining
2017-10442-8/11/2018,0,0,0,0,1: PDO,Full,1,,60,Side Swipe,Cross Road,Daylight,,Not Raining
2017-10443-8/11/2018,0,0,0,0,1: PDO,Provisional 2,1,,60,Right Angle,Not Divided,Night,,Not Raining
2017-10444-8/11/2018,1,0,0,1,2: MI,Full,2,,50,Roll Over,T-Junction,Night,,Not Raining
2017-10445-8/11/2018,1,0,0,1,2: MI,Full,1,,60,Right Angle,Not Divided,Daylight,,Not Raining
2017-10446-8/11/2018,0,0,0,0,1: PDO,Full,1,,90,Roll Over,Not Divided,Daylight,,Not Raining
2017-10447-8/11/2018,1,0,0,1,2: MI,Unknown,1,,110,Left Road - Out of Control,One Way,Daylight,,Not Raining
2017-10448-8/11/2018,0,0,0,0,1: PDO,Unknown,1,,50,Right Angle,Cross Road,Daylight,,Not Raining
2017-10449-8/11/2018,1,0,0,1,2: MI,Full,1,,60,Rear End,Cross Road,Daylight,,Not Raining
2017-10450-8/11/2018,0,0,0,0,1: PDO,,0,,50,Rear End,Cross Road,Daylight,,Not Raining
2017-10451-8/11/2018,1,0,0,1,2: MI,Learners,2,,50,Side Swipe,Not Divided,Daylight,,Not Raining
2017-10452-8/11/2018,6,0,0,6,2: MI,Full,2,,60,Right Angle,Divided Road,Daylight,,Not Raining
2017-10453-8/11/2018,1,0,0,1,2: MI,Full,1,,50,Right Turn,Cross Road,Daylight,,Not Raining
2017-10454-8/11/2018,0,0,0,0,1: PDO,Unknown,12,,50,Right Turn,Cross Road,Daylight,,Not Raining
2017-10455-8/11/2018,0,0,0,0,1: PDO,,1,,60,Side Swipe,Cross Road,Daylight,,Not Raining
2017-10456-8/11/2018,0,0,0,0,1: PDO,Unknown,1,,50,Rear End,Not Divided,Daylight,,Not Raining
2017-10457-8/11/2018,0,0,0,0,1: PDO,Full,1,,50,Hit Fixed Object,T-Junction,Daylight,,Not Raining
2017-10458-8/11/2018,0,0,0,0,1: PDO,,,,50,Side Swipe,T-Junction,Daylight,,Not Raining
2017-10459-8/11/2018,1,0,0,1,2: MI,Unknown,1,,60,Rear End,Divided Road,Daylight,,Not Raining
2017-10460-8/11/2018,1,0,0,1,2: MI,Provisional 1 ,2,,80,Hit Fixed Object,Not Divided,Daylight,,Not Raining
2017-10461-8/11/2018,1,0,0,1,2: MI,Unknown,1,,60,Rear End,Not Divided,Night,,Not Raining
2017-10462-8/11/2018,0,0,0,0,1: PDO,Provisional 2,1,,60,Rear End,Divided Road,Daylight,,Not Raining
2017-10463-8/11/2018,0,0,0,0,1: PDO,Full,1,,50,Hit Parked Vehicle,Not Divided,Night,,Not Raining
2017-10464-8/11/2018,1,0,0,1,2: MI,,0,,110,Hit Fixed Object,Freeway,Daylight,,Not Raining
2017-10465-8/11/2018,1,0,0,1,2: MI,Unknown,1,,60,Hit Pedestrian,Divided Road,Daylight,,Not Raining
2017-10466-8/11/2018,0,0,0,0,1: PDO,Full,1,,80,Right Turn,T-Junction,Daylight,,Not Raining
2017-10467-8/11/2018,1,0,0,1,2: MI,Full,2,,110,Right Angle,T-Junction,Daylight,,Not Raining
2017-10468-8/11/2018,0,0,0,0,1: PDO,Unknown,1,,60,Rear End,Not Divided,Daylight,,Not Raining
2017-10469-8/11/2018,0,0,0,0,1: PDO,Full,1,,60,Rear End,T-Junction,Daylight,,Not Raining
2017-10470-8/11/2018,0,0,0,0,1: PDO,Provisional 2,1,,60,Side Swipe,Cross Road,Daylight,,Not Raining
2017-10471-8/11/2018,0,0,0,0,1: PDO,Full,1,,70,Right Turn,T-Junction,Daylight,,Not Raining
2017-10472-8/11/2018,0,0,0,0,1: PDO,Unknown,1,,50,Rear End,Not Divided,Daylight,,Not Raining
2017-10473-8/11/2018,0,0,0,0,1: PDO,,1,,90,Rear End,Freeway,Daylight,,Not Raining
2017-10474-8/11/2018,0,0,0,0,1: PDO,Full,1,,60,Right Angle,Not Divided,Daylight,,Not Raining
2017-10475-8/11/2018,0,0,0,0,1: PDO,Provisional 2,1,,60,Hit Parked Vehicle,Divided Road,Daylight,Y,Not Raining
2017-10476-8/11/2018,0,0,0,0,1: PDO,Full,4,,50,Hit Parked Vehicle,Not Divided,Daylight,,Not Raining
2017-10477-8/11/2018,1,0,0,1,2: MI,Full,1,,100,Head On,Not Divided,Daylight,,Not Raining
2017-10478-8/11/2018,0,0,0,0,1: PDO,Full,1,,80,Hit Fixed Object,Cross Road,Daylight,,Not Raining
2017-10479-8/11/2018,0,0,0,0,1: PDO,Full,1,,60,Side Swipe,Divided Road,Daylight,,Not Raining
2017-10480-8/11/2018,0,0,0,0,1: PDO,,,,60,Right Angle,T-Junction,Daylight,,Not Raining
2017-10481-8/11/2018,0,0,0,0,1: PDO,Full,1,,60,Right Turn,Cross Road,Night,,Not Raining
2017-10482-8/11/2018,1,0,0,1,2: MI,,1,,100,Hit Fixed Object,Not Divided,Night,,Not Raining
2017-10483-8/11/2018,0,0,0,0,1: PDO,Full,2,,50,Hit Fixed Object,T-Junction,Night,,Not Raining
2017-10484-8/11/2018,1,0,0,1,2: MI,Provisional 1 ,1,,60,Hit Fixed Object,Not Divided,Night,Y,Not Raining
2017-10485-8/11/2018,1,0,0,1,2: MI,,0,,60,Right Angle,T-Junction,Night,,Not Raining
2017-10486-8/11/2018,0,0,0,0,1: PDO,Full,1,,60,Hit Parked Vehicle,Divided Road,Daylight,,Not Raining
2017-10487-8/11/2018,1,0,0,1,2: MI,Full,2,,70,Rear End,Freeway,Night,,Not Raining
2017-10488-8/11/2018,0,0,0,0,1: PDO,Full,1,,50,Hit Parked Vehicle,Not Divided,Daylight,,Not Raining
2017-10489-8/11/2018,0,0,0,0,1: PDO,Full,1,,60,Rear End,Divided Road,Daylight,,Not Raining
2017-10490-8/11/2018,1,0,0,1,2: MI,Full,2,,60,Rear End,T-Junction,Daylight,,Not Raining
2017-10491-8/11/2018,0,0,0,0,1: PDO,,,,50,Side Swipe,Divided Road,Daylight,,Not Raining
2017-10492-8/11/2018,0,0,0,0,1: PDO,Full,1,,70,Rear End,Divided Road,Daylight,,Not Raining
2017-10493-8/11/2018,0,0,0,0,1: PDO,Provisional 1 ,2,,60,Rear End,Cross Road,Daylight,,Not Raining
2017-10494-8/11/2018,1,0,0,1,2: MI,Unknown,1,,70,Rear End,Not Divided,Daylight,,Not Raining
2017-10495-8/11/2018,0,0,0,0,1: PDO,,0,,90,Rear End,Divided Road,Daylight,,Not Raining
2017-10496-8/11/2018,0,0,0,0,1: PDO,,0,,70,Rear End,T-Junction,Daylight,,Not Raining
2017-10497-8/11/2018,1,0,0,1,2: MI,Full,1,,60,Rear End,Divided Road,Daylight,,Not Raining
2017-10498-8/11/2018,0,0,0,0,1: PDO,,,,60,Right Angle,T-Junction,Daylight,,Not Raining
2017-10499-8/11/2018,0,0,0,0,1: PDO,,,,60,Rear End,Not Divided,Daylight,,Not Raining
2017-10500-8/11/2018,0,0,0,0,1: PDO,Provisional 2,1,,50,Hit Parked Vehicle,Not Divided,Daylight,,Not Raining
2017-10501-8/11/2018,0,0,0,0,1: PDO,,,,60,Rear End,T-Junction,Daylight,,Not Raining
2017-10502-8/11/2018,0,0,0,0,1: PDO,Unknown,1,,60,Hit Fixed Object,Divided Road,Daylight,,Not Raining
2017-10503-8/11/2018,1,0,0,1,2: MI,,,,90,Rear End,Divided Road,Daylight,,Not Raining
2017-10504-8/11/2018,0,0,0,0,1: PDO,Full,1,,40,Hit Parked Vehicle,Not Divided,Daylight,,Not Raining
2017-10505-8/11/2018,1,0,0,1,2: MI,Full,1,,90,Rear End,Divided Road,Daylight,,Not Raining
2017-10506-8/11/2018,0,0,0,0,1: PDO,Full,1,,50,Right Angle,Cross Road,Daylight,,Not Raining
2017-10507-8/11/2018,1,0,0,1,2: MI,,1,,70,Side Swipe,Not Divided,Night,,Not Raining
2017-10508-8/11/2018,0,0,0,0,1: PDO,Full,1,,50,Right Angle,Not Divided,Daylight,,Raining
2017-10509-8/11/2018,2,0,0,2,2: MI,,,,60,Right Angle,Cross Road,Daylight,,Not Raining
2017-10510-8/11/2018,0,0,0,0,1: PDO,Unknown,1,,60,Rear End,Divided Road,Daylight,,Not Raining
2017-10511-8/11/2018,0,0,0,0,1: PDO,Unknown,2,,50,Side Swipe,Cross Road,Daylight,,Not Raining
2017-10512-8/11/2018,0,0,0,0,1: PDO,Unknown,3,,80,Rear End,Not Divided,Daylight,,Not Raining
2017-10513-8/11/2018,1,0,0,1,2: MI,Full,1,,60,Roll Over,Divided Road,Daylight,,Not Raining
2017-10514-8/11/2018,0,0,0,0,1: PDO,Unknown,1,,60,Right Angle,Divided Road,Daylight,,Not Raining
2017-10515-8/11/2018,0,0,0,0,1: PDO,Full,2,,60,Rear End,Not Divided,Daylight,,Not Raining
2017-10516-8/11/2018,1,0,0,1,2: MI,,,,25,Rear End,Not Divided,Daylight,,Not Raining
2017-10517-8/11/2018,0,0,0,0,1: PDO,Full,1,,50,Right Angle,T-Junction,Daylight,,Not Raining
2017-10518-8/11/2018,0,0,0,0,1: PDO,Provisional 2,1,,110,Rear End,Not Divided,Daylight,,Not Raining
2017-10519-8/11/2018,2,0,0,2,2: MI,Full,1,,60,Rear End,Divided Road,Daylight,,Not Raining
2017-10520-8/11/2018,0,0,0,0,1: PDO,Full,2,,60,Hit Fixed Object,T-Junction,Daylight,,Not Raining
2017-10521-8/11/2018,0,0,0,0,1: PDO,Full,1,,60,Rear End,Divided Road,Daylight,,Not Raining
2017-10522-8/11/2018,1,0,0,1,2: MI,Provisional 2,1,Y,60,Hit Fixed Object,Divided Road,Daylight,,Not Raining
2017-10523-8/11/2018,0,0,0,0,1: PDO,Full,2,,60,Rear End,T-Junction,Daylight,,Not Raining
2017-10524-8/11/2018,0,0,0,0,1: PDO,,,,80,Right Turn,T-Junction,Daylight,,Not Raining
2017-10525-8/11/2018,1,0,0,1,2: MI,Provisional 2,1,,60,Rear End,T-Junction,Daylight,,Not Raining
2017-10526-8/11/2018,1,0,0,1,2: MI,,,,60,Right Angle,T-Junction,Daylight,,Not Raining
2017-10527-8/11/2018,0,0,0,0,1: PDO,Full,20,,50,Hit Parked Vehicle,Not Divided,Night,,Not Raining
2017-10528-8/11/2018,1,0,0,1,2: MI,Unknown,1,,25,Rear End,Divided Road,Daylight,,Not Raining
2017-10529-8/11/2018,0,0,0,0,1: PDO,Full,1,,60,Rear End,Divided Road,Daylight,,Not Raining
2017-10530-8/11/2018,0,0,0,0,1: PDO,Provisional 2,1,,80,Hit Fixed Object,Not Divided,Daylight,,Not Raining
2017-10531-8/11/2018,0,0,0,0,1: PDO,Full,1,,50,Rear End,Not Divided,Night,,Not Raining
2017-10532-8/11/2018,0,0,0,0,1: PDO,Full,1,,60,Side Swipe,T-Junction,Daylight,,Not Raining
2017-10533-8/11/2018,0,0,0,0,1: PDO,Full,1,,60,Right Angle,T-Junction,Daylight,,Not Raining
2017-10534-8/11/2018,1,0,0,1,2: MI,,,,60,Rear End,T-Junction,Daylight,,Not Raining
2017-10535-8/11/2018,0,0,0,0,1: PDO,Provisional 2,1,,50,Hit Parked Vehicle,Not Divided,Daylight,,Not Raining
2017-10536-8/11/2018,0,0,0,0,1: PDO,,0,,60,Right Angle,Pedestrian Crossing,Daylight,,Not Raining
2017-10537-8/11/2018,1,0,0,1,2: MI,Full,1,,60,Side Swipe,T-Junction,Daylight,,Not Raining
2017-10538-8/11/2018,0,0,0,0,1: PDO,Full,1,,50,Right Turn,T-Junction,Daylight,,Not Raining
2017-10539-8/11/2018,0,0,0,0,1: PDO,Learners,2,,80,Hit Parked Vehicle,Not Divided,Daylight,,Not Raining
2017-10540-8/11/2018,1,0,0,1,2: MI,Full,1,,60,Rear End,Not Divided,Daylight,,Not Raining
2017-10541-8/11/2018,0,0,0,0,1: PDO,Full,1,,60,Right Turn,Not Divided,Daylight,,Not Raining
2017-10542-8/11/2018,1,0,0,1,2: MI,Full,1,,50,Rear End,Not Divided,Daylight,,Not Raining
2017-10543-8/11/2018,1,0,0,1,2: MI,Full,1,,50,Right Angle,Cross Road,Daylight,,Raining
2017-10544-8/11/2018,0,0,0,0,1: PDO,,0,,60,Rear End,Not Divided,Daylight,,Not Raining
2017-10545-8/11/2018,0,0,0,0,1: PDO,Full,2,,60,Right Turn,T-Junction,Daylight,,Not Raining
2017-10546-8/11/2018,2,0,0,2,2: MI,,,,110,Right Angle,Not Divided,Daylight,,Not Raining
2017-10547-8/11/2018,0,0,0,0,1: PDO,Full,1,Y,60,Hit Fixed Object,Divided Road,Daylight,,Not Raining
2017-10548-8/11/2018,0,0,0,0,1: PDO,Full,1,,60,Right Angle,Cross Road,Daylight,,Not Raining
2017-10549-8/11/2018,0,0,0,0,1: PDO,Full,1,,60,Hit Pedestrian,Divided Road,Daylight,,Not Raining
2017-10550-8/11/2018,0,0,0,0,1: PDO,Full,1,,60,Right Turn,T-Junction,Daylight,,Not Raining
2017-10551-8/11/2018,2,0,0,2,2: MI,Full,1,,60,Right Turn,T-Junction,Daylight,,Not Raining
2017-10552-8/11/2018,0,0,0,0,1: PDO,Full,1,,110,Hit Animal,Not Divided,Daylight,,Not Raining
2017-10553-8/11/2018,2,0,0,2,2: MI,Unknown,1,,70,Rear End,Divided Road,Daylight,,Not Raining
2017-10554-8/11/2018,0,0,0,0,1: PDO,Full,1,,60,Rear End,Divided Road,Daylight,,Not Raining
2017-10555-8/11/2018,1,0,0,1,2: MI,Unknown,1,,60,Side Swipe,T-Junction,Daylight,,Not Raining
2017-10556-8/11/2018,0,0,0,0,1: PDO,Full,2,,60,Hit Fixed Object,Not Divided,Daylight,,Not Raining
2017-10557-8/11/2018,0,0,0,0,1: PDO,Full,1,,100,Hit Fixed Object,Not Divided,Night,,Raining
2017-10558-8/11/2018,0,0,0,0,1: PDO,,,,60,Right Angle,T-Junction,Daylight,,Not Raining
2017-10559-8/11/2018,0,0,0,0,1: PDO,Full,1,,60,Right Turn,Cross Road,Daylight,,Not Raining
2017-10560-8/11/2018,4,0,0,4,2: MI,Full,1,Y,50,Side Swipe,Not Divided,Daylight,,Not Raining
2017-10561-8/11/2018,1,0,0,1,2: MI,Full,1,,50,Hit Pedestrian,Cross Road,Daylight,,Not Raining
2017-10562-8/11/2018,0,0,0,0,1: PDO,,,,50,Hit Parked Vehicle,Not Divided,Night,,Not Raining
2017-10563-8/11/2018,1,0,0,1,2: MI,Full,2,,60,Rear End,Divided Road,Daylight,,Not Raining
2017-10564-8/11/2018,0,0,0,0,1: PDO,Full,3,,70,Rear End,Divided Road,Daylight,,Not Raining
2017-10565-8/11/2018,0,0,0,0,1: PDO,Full,2,,60,Side Swipe,Cross Road,Night,,Not Raining
2017-10566-8/11/2018,1,0,0,1,2: MI,Full,1,,50,Right Angle,T-Junction,Daylight,,Not Raining
2017-10567-8/11/2018,1,0,0,1,2: MI,Full,1,,60,Right Turn,T-Junction,Night,,Not Raining
2017-10568-8/11/2018,0,0,0,0,1: PDO,Full,1,Y,110,Hit Fixed Object,Freeway,Night,,Not Raining
2017-10569-8/11/2018,1,0,0,1,2: MI,Full,1,,100,Left Road - Out of Control,Not Divided,Night,,Not Raining
2017-10570-8/11/2018,0,0,0,0,1: PDO,Full,1,,110,Roll Over,Divided Road,Night,,Not Raining
2017-10571-8/11/2018,0,0,0,0,1: PDO,Full,1,,50,Right Angle,Cross Road,Daylight,,Not Raining
2017-10572-8/11/2018,0,0,0,0,1: PDO,Full,1,,60,Side Swipe,T-Junction,Daylight,,Not Raining
2017-10573-8/11/2018,0,0,0,0,1: PDO,Full,2,,60,Right Angle,T-Junction,Daylight,,Not Raining
2017-10574-8/11/2018,1,0,0,1,2: MI,Full,1,,60,Rear End,Cross Road,Daylight,,Not Raining
2017-10575-8/11/2018,1,0,0,1,2: MI,Full,1,,90,Right Angle,Cross Road,Daylight,,Not Raining
2017-10576-8/11/2018,0,0,0,0,1: PDO,Full,1,,60,Right Angle,T-Junction,Daylight,,Not Raining
2017-10577-8/11/2018,0,0,0,0,1: PDO,Full,2,,50,Rear End,T-Junction,Daylight,,Not Raining
2017-10578-8/11/2018,0,0,0,0,1: PDO,Provisional 2,1,,60,Side Swipe,Not Divided,Daylight,,Not Raining
2017-10579-8/11/2018,0,0,0,0,1: PDO,Full,1,,60,Hit Pedestrian,Divided Road,Daylight,,Not Raining
2017-10580-8/11/2018,0,0,0,0,1: PDO,Full,3,,50,Right Angle,T-Junction,Daylight,,Not Raining
2017-10581-8/11/2018,0,0,0,0,1: PDO,Provisional 2,1,,60,Hit Parked Vehicle,Not Divided,Daylight,,Not Raining
2017-10582-8/11/2018,0,0,0,0,1: PDO,Full,1,,50,Hit Fixed Object,Not Divided,Daylight,Y,Not Raining