REPORT_ID,Total Cas,Total Fats,Total SI,Total MI,CSEF Severity,Licence Type,Number Occupants,Drugs Involved,Area Speed,Crash Type,Position Type,DayNight,DUI Involved,Weather Cond
2017-10583-8/11/2018,0,0,0,0,1: PDO,Full,1,,50,Right Angle,Not Divided,Daylight,,Not Raining
2017-10584-8/11/2018,1,0,0,1,2: MI,,,,50,Side Swipe,T-Junction,Daylight,,Not Raining
2017-10585-8/11/2018,0,0,0,0,1: PDO,Full,1,,50,Hit Fixed Object,Not Divided,Daylight,,Not Raining
2017-10586-8/11/2018,0,0,0,0,1: PDO,,0,,25,Hit Parked Vehicle,Not Divided,Daylight,,Not Raining
2017-10587-8/11/2018,0,0,0,0,1: PDO,,,,60,Right Angle,T-Junction,Night,,Not Raining
2017-10588-8/11/2018,0,0,0,0,1: PDO,Full,6,,40,Rear End,Not Divided,Daylight,,Not Raining
2017-10589-8/11/2018,0,0,0,0,1: PDO,Full,1,,60,Right Angle,Divided Road,Daylight,,Not Raining
2017-10590-8/11/2018,1,0,0,1,2: MI,Full,1,,50,Hit Pedestrian,Not Divided,Daylight,,Not Raining
2017-10591-8/11/2018,0,0,0,0,1: PDO,,1,,40,Right Turn,Cross Road,Daylight,,Not Raining
2017-10592-8/11/2018,0,0,0,0,1: PDO,Unknown,1,,60,Side Swipe,Cross Road,Daylight,,Not Raining
2017-10593-8/11/2018,0,0,0,0,1: PDO,,,,60,Hit Parked Vehicle,Divided Road,Daylight,,Not Raining
2017-10594-8/11/2018,1,0,0,1,2: MI,Full,1,,50,Rear End,Not Divided,Daylight,,Not Raining
2017-10595-8/11/2018,0,0,0,0,1: PDO,Full,1,,50,Hit Parked Vehicle,Not Divided,Daylight,,Not Raining
2017-10596-8/11/2018,1,0,0,1,2: MI,Full,1,,60,Side Swipe,Divided Road,Daylight,,Not Raining
2017-10597-8/11/2018,0,0,0,0,1: PDO,,,,80,Left Road - Out of Control,Not Divided,Daylight,,Not Raining
2017-10598-8/11/2018,0,0,0,0,1: PDO,Unknown,1,,60,Rear End,Divided Road,Daylight,,Not Raining
2017-10599-8/11/2018,1,0,1,0,3: SI,Unknown,1,,60,Rear End,T-Junction,Daylight,,Not Raining
2017-10600-8/11/2018,1,0,0,1,2: MI,Full,1,,60,Rear End,Divided Road,Daylight,,Not Raining
2017-10601-8/11/2018,1,0,0,1,2: MI,Full,1,,60,Hit Pedestrian,Divided Road,Daylight,,Not Raining
2017-10602-8/11/2018,0,0,0,0,1: PDO,Full,1,,100,Hit Fixed Object,Cross Road,Daylight,,Not Raining
2017-10603-8/11/2018,2,0,0,2,2: MI,Full,2,,60,Rear End,T-Junction,Daylight,,Not Raining
2017-10604-8/11/2018,0,0,0,0,1: PDO,Provisional 1 ,1,,60,Rear End,Divided Road,Daylight,,Not Raining
2017-10605-8/11/2018,0,0,0,0,1: PDO,,,,50,Hit Parked Vehicle,Divided Road,Daylight,,Not Raining
2017-10606-8/11/2018,0,0,0,0,1: PDO,Full,1,,80,Right Angle,Not Divided,Night,,Not Raining
2017-10607-8/11/2018,1,0,1,0,3: SI,Unknown,1,Y,110,Hit Fixed Object,Not Divided,Daylight,,Not Raining
2017-10608-8/11/2018,0,0,0,0,1: PDO,Full,1,,40,Hit Fixed Object,Cross Road,Night,,Not Raining
2017-10609-8/11/2018,2,0,0,2,2: MI,Full,1,,100,Roll Over,Not Divided,Night,,Not Raining
2017-10610-8/11/2018,2,0,0,2,2: MI,,,,90,Rear End,Freeway,Night,,Not Raining
2017-10611-8/11/2018,0,0,0,0,1: PDO,,1,,50,Hit Fixed Object,T-Junction,Night,Y,Not Raining
2017-10612-8/11/2018,0,0,0,0,1: PDO,,0,,50,Rear End,T-Junction,Daylight,,Not Raining
2017-10613-8/11/2018,0,0,0,0,1: PDO,Full,1,,50,Right Angle,Cross Road,Daylight,,Not Raining
2017-10614-8/11/2018,1,0,0,1,2: MI,Full,1,,60,Right Angle,T-Junction,Daylight,,Not Raining
2017-10615-8/11/2018,0,0,0,0,1: PDO,Full,1,,50,Hit Fixed Object,Not Divided,Night,,Not Raining
2017-10616-8/11/2018,1,0,0,1,2: MI,Full,1,,90,Rear End,T-Junction,Daylight,,Not Raining
2017-10617-8/11/2018,0,0,0,0,1: PDO,Provisional 1 ,1,,50,Hit Parked Vehicle,Not Divided,Daylight,,Not Raining
2017-10618-8/11/2018,0,0,0,0,1: PDO,,,,60,Rear End,Divided Road,Daylight,,Not Raining
2017-10619-8/11/2018,0,0,0,0,1: PDO,Full,1,,60,Right Angle,Cross Road,Daylight,,Not Raining
2017-10620-8/11/2018,0,0,0,0,1: PDO,Full,2,,60,Right Angle,T-Junction,Daylight,,Not Raining
2017-10621-8/11/2018,0,0,0,0,1: PDO,,1,,60,Rear End,Divided Road,Daylight,,Not Raining
2017-10622-8/11/2018,0,0,0,0,1: PDO,Full,1,,110,Left Road - Out of Control,Not Divided,Daylight,,Not Raining
2017-10623-8/11/2018,0,0,0,0,1: PDO,Full,1,,60,Right Turn,T-Junction,Daylight,,Not Raining
2017-10624-8/11/2018,0,0,0,0,1: PDO,Full,1,,60,Rear End,Divided Road,Daylight,,Not Raining
2017-10625-8/11/2018,3,0,0,3,2: MI,Full,1,,100,Rear End,Not Divided,Daylight,,Not Raining
2017-10626-8/11/2018,0,0,0,0,1: PDO,,,,100,Hit Fixed Object,Not Divided,Daylight,,Not Raining
2017-10627-8/11/2018,0,0,0,0,1: PDO,,,,50,Hit Parked Vehicle,Not Divided,Night,,Not Raining
2017-10628-8/11/2018,1,0,0,1,2: MI,Unknown,1,,60,Roll Over,Not Divided,Daylight,,Not Raining
2017-10629-8/11/2018,0,0,0,0,1: PDO,,1,,60,Rear End,Divided Road,Daylight,,Not Raining
2017-10630-8/11/2018,0,0,0,0,1: PDO,Full,2,,60,Rear End,T-Junction,Daylight,,Not Raining
2017-10631-8/11/2018,0,0,0,0,1: PDO,Full,1,,60,Hit Parked Vehicle,Not Divided,Daylight,,Not Raining
2017-10632-8/11/2018,1,0,1,0,3: SI,Full,2,,100,Hit Fixed Object,Not Divided,Daylight,,Not Raining
2017-10633-8/11/2018,0,0,0,0,1: PDO,Full,2,,60,Rear End,Divided Road,Daylight,,Not Raining
2017-10634-8/11/2018,0,0,0,0,1: PDO,,0,,50,Side Swipe,Not Divided,Daylight,,Not Raining
2017-10635-8/11/2018,0,0,0,0,1: PDO,Full,1,,100,Hit Fixed Object,Rail Crossing,Daylight,,Not Raining
2017-10636-8/11/2018,0,0,0,0,1: PDO,Full,1,,60,Side Swipe,Not Divided,Daylight,,Not Raining
2017-10637-8/11/2018,4,0,0,4,2: MI,,0,,100,Right Angle,T-Junction,Daylight,,Not Raining
2017-10638-8/11/2018,0,0,0,0,1: PDO,Full,1,,60,Rear End,Cross Road,Night,,Not Raining
2017-10639-8/11/2018,0,0,0,0,1: PDO,Full,3,,80,Hit Fixed Object,Not Divided,Daylight,Y,Not Raining
2017-10640-8/11/2018,0,0,0,0,1: PDO,Full,2,,60,Right Turn,T-Junction,Night,,Not Raining
2017-10641-8/11/2018,0,0,0,0,1: PDO,,,,50,Hit Fixed Object,Not Divided,Night,,Not Raining
2017-10642-8/11/2018,0,0,0,0,1: PDO,Provisional 2,1,,50,Hit Fixed Object,T-Junction,Night,,Not Raining
2017-10643-8/11/2018,0,0,0,0,1: PDO,Full,1,,50,Hit Parked Vehicle,Not Divided,Night,,Not Raining
2017-10644-8/11/2018,0,0,0,0,1: PDO,Full,1,,50,Hit Fixed Object,T-Junction,Night,Y,Not Raining
2017-10645-8/11/2018,0,0,0,0,1: PDO,Provisional 2,1,,60,Side Swipe,Divided Road,Night,Y,Not Raining
2017-10646-8/11/2018,0,0,0,0,1: PDO,Full,1,,50,Hit Fixed Object,Not Divided,Night,,Not Raining
2017-10647-8/11/2018,0,0,0,0,1: PDO,Full,1,,60,Right Angle,T-Junction,Daylight,,Not Raining
2017-10648-8/11/2018,0,0,0,0,1: PDO,,1,,50,Hit Fixed Object,T-Junction,Daylight,,Not Raining
2017-10649-8/11/2018,1,0,0,1,2: MI,Full,1,,60,Right Turn,Divided Road,Daylight,,Not Raining
2017-10650-8/11/2018,0,0,0,0,1: PDO,Unknown,1,,60,Right Angle,Cross Road,Daylight,,Not Raining
2017-10651-8/11/2018,1,0,0,1,2: MI,Probationary,1,,60,Rear End,T-Junction,Daylight,,Not Raining
2017-10652-8/11/2018,0,0,0,0,1: PDO,Full,1,,50,Rear End,T-Junction,Daylight,,Not Raining
2017-10653-8/11/2018,1,0,0,1,2: MI,Full,1,,50,Right Angle,Cross Road,Daylight,,Not Raining
2017-10654-8/11/2018,0,0,0,0,1: PDO,Provisional 1 ,1,,50,Hit Fixed Object,Not Divided,Night,,Not Raining
2017-10655-8/11/2018,1,1,0,0,4: Fatal,Full,1,,50,Rear End,Not Divided,Daylight,Y,Not Raining
2017-10656-8/11/2018,0,0,0,0,1: PDO,Full,3,,60,Rear End,Cross Road,Daylight,,Not Raining
2017-10657-8/11/2018,0,0,0,0,1: PDO,Full,3,,100,Hit Fixed Object,Not Divided,Night,Y,Not Raining
2017-10658-8/11/2018,1,0,0,1,2: MI,Full,1,,110,Side Swipe,Not Divided,Daylight,,Not Raining
2017-10659-8/11/2018,1,0,0,1,2: MI,Full,4,,60,Hit Parked Vehicle,Not Divided,Daylight,,Not Raining
2017-10660-8/11/2018,0,0,0,0,1: PDO,Probationary,2,,50,Side Swipe,Divided Road,Daylight,,Not Raining
2017-10661-8/11/2018,0,0,0,0,1: PDO,Full,1,,80,Hit Fixed Object,Cross Road,Night,,Raining
2017-10662-8/11/2018,1,0,1,0,3: SI,Provisional 1 ,2,,50,Hit Parked Vehicle,T-Junction,Daylight,,Not Raining
2017-10663-8/11/2018,0,0,0,0,1: PDO,Full,1,,50,Hit Fixed Object,Not Divided,Daylight,,Not Raining
2017-10664-8/11/2018,0,0,0,0,1: PDO,Provisional 2,1,,50,Hit Parked Vehicle,Not Divided,Night,,Not Raining
2017-10665-8/11/2018,1,0,1,0,3: SI,,,,40,Hit Pedestrian,Rail Crossing,Night,,Not Raining
2017-10666-8/11/2018,0,0,0,0,1: PDO,Provisional 1 ,1,,80,Hit Fixed Object,Not Divided,Night,,Raining
2017-10667-8/11/2018,0,0,0,0,1: PDO,,0,,90,Right Turn,T-Junction,Night,,Not Raining
2017-10668-8/11/2018,0,0,0,0,1: PDO,,,,60,Right Turn,Cross Road,Night,,Not Raining
2017-10669-8/11/2018,0,0,0,0,1: PDO,Unknown,4,,50,Hit Fixed Object,Not Divided,Daylight,,Not Raining
2017-10670-8/11/2018,2,0,0,2,2: MI,,,,110,Head On,Not Divided,Daylight,,Not Raining
2017-10671-8/11/2018,1,0,0,1,2: MI,Unknown,2,,40,Right Angle,T-Junction,Daylight,,Not Raining
2017-10672-8/11/2018,0,0,0,0,1: PDO,,,,60,Right Angle,Cross Road,Daylight,,Not Raining
2017-10673-8/11/2018,0,0,0,0,1: PDO,Full,1,,60,Hit Fixed Object,Divided Road,Night,,Not Raining
2017-10674-8/11/2018,1,0,0,1,2: MI,,,,60,Right Angle,T-Junction,Daylight,,Not Raining
2017-10675-8/11/2018,2,0,0,2,2: MI,Full,4,,60,Right Angle,Not Divided,Daylight,,Not Raining
2017-10676-8/11/2018,0,0,0,0,1: PDO,,,,90,Side Swipe,Divided Road,Daylight,,Not Raining
2017-10677-8/11/2018,0,0,0,0,1: PDO,Full,2,,60,Hit Fixed Object,Not Divided,Night,,Not Raining
2017-10678-8/11/2018,1,0,0,1,2: MI,Unlicenced,1,Y,50,Rear End,T-Junction,Daylight,,Not Raining
2017-10679-8/11/2018,1,0,0,1,2: MI,Full,1,,60,Right Turn,T-Junction,Daylight,,Not Raining
2017-10680-8/11/2018,3,0,0,3,2: MI,,,,60,Rear End,Pedestrian Crossing,Daylight,,Not Raining
2017-10681-8/11/2018,1,0,0,1,2: MI,Full,1,,60,Rear End,Cross Road,Daylight,,Unknown
2017-10682-8/11/2018,1,0,0,1,2: MI,,,,25,Rear End,Not Divided,Daylight,,Not Raining
2017-10683-8/11/2018,0,0,0,0,1: PDO,Full,1,,80,Left Road - Out of Control,Not Divided,Daylight,Y,Not Raining
2017-10684-8/11/2018,0,0,0,0,1: PDO,,1,,100,Hit Animal,Not Divided,Daylight,,Unknown
2017-10685-8/11/2018,1,0,0,1,2: MI,Full,1,,90,Hit Fixed Object,Not Divided,Daylight,,Not Raining
2017-10686-8/11/2018,0,0,0,0,1: PDO,,,,100,Hit Object on Road,Not Divided,Daylight,,Not Raining
2017-10687-8/11/2018,0,0,0,0,1: PDO,Full,1,,60,Right Angle,Divided Road,Daylight,,Not Raining
2017-10688-8/11/2018,0,0,0,0,1: PDO,,,,110,Roll Over,Not Divided,Night,,Not Raining
2017-10689-8/11/2018,0,0,0,0,1: PDO,Provisional 2,3,,50,Side Swipe,Cross Road,Daylight,,Not Raining
2017-10690-8/11/2018,0,0,0,0,1: PDO,Full,3,,60,Rear End,Cross Road,Daylight,,Not Raining
2017-10691-8/11/2018,0,0,0,0,1: PDO,Full,2,,50,Hit Fixed Object,Not Divided,Daylight,,Not Raining
2017-10692-8/11/2018,2,0,0,2,2: MI,,1,,50,Rear End,Divided Road,Daylight,,Not Raining
2017-10693-8/11/2018,0,0,0,0,1: PDO,,0,,100,Right Angle,T-Junction,Daylight,,Not Raining
2017-10694-8/11/2018,1,0,0,1,2: MI,Unknown,1,,50,Right Angle,Cross Road,Daylight,,Not Raining
2017-10695-8/11/2018,0,0,0,0,1: PDO,Full,2,,60,Right Turn,Cross Road,Daylight,,Not Raining
2017-10696-8/11/2018,0,0,0,0,1: PDO,Full,3,,60,Right Angle,T-Junction,Daylight,,Not Raining
2017-10697-8/11/2018,0,0,0,0,1: PDO,Full,2,,60,Rear End,Divided Road,Daylight,,Not Raining
2017-10698-8/11/2018,0,0,0,0,1: PDO,Unknown,1,,60,Right Turn,T-Junction,Daylight,,Not Raining
2017-10699-8/11/2018,0,0,0,0,1: PDO,Full,1,,80,Hit Fixed Object,Not Divided,Daylight,,Not Raining
2017-10700-8/11/2018,0,0,0,0,1: PDO,,,,60,Right Angle,Cross Road,Daylight,,Raining
2017-10701-8/11/2018,0,0,0,0,1: PDO,Unknown,1,,60,Rear End,Divided Road,Daylight,,Not Raining
2017-10702-8/11/2018,1,0,0,1,2: MI,,,,50,Hit Parked Vehicle,Not Divided,Daylight,,Not Raining
2017-10703-8/11/2018,0,0,0,0,1: PDO,Provisional 1 ,1,,50,Right Angle,Cross Road,Daylight,,Not Raining
2017-10704-8/11/2018,0,0,0,0,1: PDO,,,,50,Side Swipe,Divided Road,Daylight,,Not Raining
2017-10705-8/11/2018,1,0,0,1,2: MI,Full,2,,70,Rear End,Cross Road,Daylight,,Not Raining
2017-10706-8/11/2018,1,0,0,1,2: MI,Unknown,1,,70,Rear End,T-Junction,Daylight,,Not Raining
2017-10707-8/11/2018,0,0,0,0,1: PDO,Full,3,,60,Right Angle,T-Junction,Daylight,,Not Raining
2017-10708-8/11/2018,1,0,0,1,2: MI,Full,3,,60,Hit Pedestrian,T-Junction,Daylight,,Not Raining
2017-10709-8/11/2018,1,0,0,1,2: MI,Provisional 1 ,2,,50,Right Angle,Cross Road,Daylight,,Not Raining
2017-10710-8/11/2018,0,0,0,0,1: PDO,,,,50,Rear End,Cross Road,Daylight,,Not Raining
2017-10711-8/11/2018,1,0,0,1,2: MI,,1,,60,Right Angle,T-Junction,Daylight,,Not Raining
2017-10712-8/11/2018,0,0,0,0,1: PDO,Full,2,,50,Right Angle,Not Divided,Daylight,,Not Raining
2017-10713-8/11/2018,0,0,0,0,1: PDO,Full,2,,25,Hit Object on Road,Divided Road,Night,,Not Raining
2017-10714-8/11/2018,0,0,0,0,1: PDO,,,,60,Rear End,Cross Road,Daylight,,Raining
2017-10715-8/11/2018,0,0,0,0,1: PDO,Full,1,,60,Side Swipe,Divided Road,Daylight,,Not Raining
2017-10716-8/11/2018,1,0,0,1,2: MI,,,,50,Right Angle,Cross Road,Daylight,,Raining
2017-10717-8/11/2018,0,0,0,0,1: PDO,Full,1,,60,Side Swipe,Divided Road,Daylight,,Not Raining
2017-10718-8/11/2018,0,0,0,0,1: PDO,Unknown,1,,90,Rear End,Divided Road,Daylight,,Raining
2017-10719-8/11/2018,0,0,0,0,1: PDO,Full,3,,70,Rear End,T-Junction,Daylight,,Not Raining
2017-10720-8/11/2018,0,0,0,0,1: PDO,,,,60,Hit Parked Vehicle,Not Divided,Daylight,,Raining
2017-10721-8/11/2018,0,0,0,0,1: PDO,Unlicenced,2,,50,Hit Pedestrian,T-Junction,Daylight,,Raining
2017-10722-8/11/2018,0,0,0,0,1: PDO,,0,,60,Head On,Not Divided,Daylight,,Not Raining
2017-10723-8/11/2018,1,1,0,0,4: Fatal,Provisional 2,1,,110,Hit Fixed Object,Divided Road,Daylight,,Not Raining
2017-10724-8/11/2018,0,0,0,0,1: PDO,Full,1,,60,Side Swipe,Not Divided,Daylight,,Raining
2017-10725-8/11/2018,0,0,0,0,1: PDO,Full,3,,90,Rear End,Divided Road,Daylight,,Raining
2017-10726-8/11/2018,0,0,0,0,1: PDO,Full,1,,60,Side Swipe,Divided Road,Daylight,,Not Raining
2017-10727-8/11/2018,2,0,0,2,2: MI,Full,1,,60,Rear End,T-Junction,Daylight,,Not Raining
2017-10728-8/11/2018,1,0,0,1,2: MI,Full,2,,60,Rear End,Divided Road,Daylight,,Raining
2017-10729-8/11/2018,0,0,0,0,1: PDO,Provisional 2,2,,60,Right Angle,Cross Road,Daylight,,Raining
2017-10730-8/11/2018,0,0,0,0,1: PDO,Full,2,,50,Hit Parked Vehicle,Not Divided,Daylight,,Not Raining
2017-10731-8/11/2018,1,0,0,1,2: MI,Full,1,,60,Side Swipe,Not Divided,Daylight,,Not Raining
2017-10732-8/11/2018,0,0,0,0,1: PDO,Full,1,,60,Right Angle,Rail Xing,Daylight,,Not Raining
2017-10733-8/11/2018,1,0,1,0,3: SI,Full,1,,60,Right Angle,T-Junction,Daylight,,Raining
2017-10734-8/11/2018,3,0,0,3,2: MI,,0,,50,Rear End,Not Divided,Daylight,,Not Raining
2017-10735-8/11/2018,0,0,0,0,1: PDO,Full,1,,60,Right Angle,Cross Road,Daylight,,Not Raining
2017-10736-8/11/2018,1,0,0,1,2: MI,Provisional 2,1,,60,Rear End,Divided Road,Daylight,,Not Raining
2017-10737-8/11/2018,0,0,0,0,1: PDO,Provisional 1 ,1,,80,Rear End,Divided Road,Daylight,,Not Raining
2017-10738-8/11/2018,0,0,0,0,1: PDO,,,,50,Hit Fixed Object,Not Divided,Daylight,,Raining
2017-10739-8/11/2018,0,0,0,0,1: PDO,Full,1,,60,Hit Fixed Object,T-Junction,Daylight,,Raining
2017-10740-8/11/2018,0,0,0,0,1: PDO,Learners,1,,60,Side Swipe,Cross Road,Daylight,,Not Raining
2017-10741-8/11/2018,1,0,0,1,2: MI,Full,1,,60,Right Turn,Cross Road,Daylight,,Not Raining
2017-10742-8/11/2018,0,0,0,0,1: PDO,Unlicenced,3,,60,Right Angle,T-Junction,Daylight,,Not Raining
2017-10743-8/11/2018,1,0,0,1,2: MI,,,Y,60,Rear End,Not Divided,Daylight,,Not Raining
2017-10744-8/11/2018,0,0,0,0,1: PDO,Full,1,,100,Hit Fixed Object,Not Divided,Daylight,,Not Raining
2017-10745-8/11/2018,0,0,0,0,1: PDO,Full,1,,60,Right Turn,Cross Road,Daylight,,Not Raining
2017-10746-8/11/2018,0,0,0,0,1: PDO,,0,,60,Right Turn,Cross Road,Daylight,,Not Raining
2017-10747-8/11/2018,0,0,0,0,1: PDO,Provisional 2,2,,100,Rear End,Not Divided,Daylight,,Raining
2017-10748-8/11/2018,0,0,0,0,1: PDO,,,,80,Rear End,T-Junction,Daylight,,Not Raining
2017-10749-8/11/2018,0,0,0,0,1: PDO,Unknown,1,,110,Hit Fixed Object,Not Divided,Daylight,,Not Raining
2017-10750-8/11/2018,1,0,0,1,2: MI,Unknown,1,,60,Rear End,Cross Road,Daylight,,Not Raining
2017-10751-8/11/2018,0,0,0,0,1: PDO,Provisional 1 ,1,,60,Rear End,Cross Road,Daylight,,Not Raining
2017-10752-8/11/2018,0,0,0,0,1: PDO,Full,2,,70,Rear End,Divided Road,Daylight,,Raining
2017-10753-8/11/2018,1,0,0,1,2: MI,Full,2,,60,Side Swipe,T-Junction,Daylight,,Not Raining
2017-10754-8/11/2018,0,0,0,0,1: PDO,Full,2,,80,Hit Fixed Object,Not Divided,Daylight,,Raining
2017-10755-8/11/2018,1,0,0,1,2: MI,Full,1,,60,Side Swipe,Divided Road,Daylight,,Not Raining
2017-10756-8/11/2018,0,0,0,0,1: PDO,Full,5,,40,Hit Parked Vehicle,Not Divided,Daylight,,Not Raining
2017-10757-8/11/2018,0,0,0,0,1: PDO,Full,1,,50,Hit Fixed Object,Cross Road,Daylight,,Not Raining
2017-10758-8/11/2018,0,0,0,0,1: PDO,Full,2,,60,Side Swipe,T-Junction,Daylight,,Not Raining
2017-10759-8/11/2018,0,0,0,0,1: PDO,Full,1,,60,Right Turn,T-Junction,Daylight,,Not Raining
2017-10760-8/11/2018,0,0,0,0,1: PDO,Full,1,,60,Side Swipe,Cross Road,Daylight,,Not Raining
2017-10761-8/11/2018,0,0,0,0,1: PDO,Provisional 2,1,,60,Hit Parked Vehicle,Divided Road,Daylight,,Not Raining
2017-10762-8/11/2018,1,0,0,1,2: MI,,,,60,Rear End,Cross Road,Daylight,,Not Raining
2017-10763-8/11/2018,0,0,0,0,1: PDO,Full,1,,60,Roll Over,T-Junction,Daylight,,Not Raining
2017-10764-8/11/2018,0,0,0,0,1: PDO,,,,50,Side Swipe,Not Divided,Daylight,,Not Raining
2017-10765-8/11/2018,0,0,0,0,1: PDO,,1,,60,Right Angle,T-Junction,Daylight,,Not Raining
2017-10766-8/11/2018,0,0,0,0,1: PDO,Full,1,,60,Hit Fixed Object,Divided Road,Daylight,,Not Raining
2017-10767-8/11/2018,0,0,0,0,1: PDO,Full,1,,60,Rear End,Divided Road,Daylight,,Not Raining
2017-10768-8/11/2018,0,0,0,0,1: PDO,Full,1,,60,Rear End,Not Divided,Daylight,,Not Raining
2017-10769-8/11/2018,1,0,0,1,2: MI,Unknown,2,,50,Hit Pedestrian,Not Divided,Daylight,,Not Raining
2017-10770-8/11/2018,0,0,0,0,1: PDO,Provisional 1 ,1,,50,Hit Parked Vehicle,Not Divided,Night,,Not Raining
2017-10771-8/11/2018,0,0,0,0,1: PDO,Full,1,,50,Right Angle,T-Junction,Daylight,,Not Raining
2017-10772-8/11/2018,0,0,0,0,1: PDO,Full,1,,60,Rear End,Divided Road,Daylight,,Not Raining
2017-10773-8/11/2018,0,0,0,0,1: PDO,Full,1,,110,Side Swipe,Not Divided,Daylight,,Not Raining
2017-10774-8/11/2018,0,0,0,0,1: PDO,Full,2,,60,Right Angle,T-Junction,Daylight,,Not Raining
2017-10775-8/11/2018,0,0,0,0,1: PDO,Full,1,,80,Head On,Not Divided,Daylight,,Not Raining
2017-10776-8/11/2018,0,0,0,0,1: PDO,Full,1,,60,Right Angle,Cross Road,Daylight,,Not Raining
2017-10777-8/11/2018,0,0,0,0,1: PDO,,,,60,Hit Fixed Object,T-Junction,Night,,Not Raining
2017-10778-8/11/2018,2,0,0,2,2: MI,Full,2,,60,Rear End,Cross Road,Night,,Not Raining
2017-10779-8/11/2018,1,0,0,1,2: MI,,,,50,Hit Fixed Object,Not Divided,Night,,Not Raining
2017-10780-8/11/2018,1,0,0,1,2: MI,Unknown,1,,50,Right Turn,Not Divided,Daylight,,Not Raining
2017-10781-8/11/2018,0,0,0,0,1: PDO,Unknown,1,,60,Right Angle,T-Junction,Daylight,,Not Raining
2017-10782-8/11/2018,0,0,0,0,1: PDO,,,,50,Hit Fixed Object,Not Divided,Night,,Not Raining
2017-10783-8/11/2018,0,0,0,0,1: PDO,Full,1,,50,Right Angle,Cross Road,Daylight,,Not Raining
2017-10784-8/11/2018,0,0,0,0,1: PDO,Full,1,,60,Rear End,Not Divided,Daylight,,Not Raining
2017-10785-8/11/2018,0,0,0,0,1: PDO,Full,1,,60,Right Angle,Cross Road,Daylight,,Not Raining
2017-10786-8/11/2018,1,0,0,1,2: MI,Full,1,,60,Side Swipe,T-Junction,Daylight,,Not Raining
2017-10787-8/11/2018,1,0,0,1,2: MI,Full,1,,100,Roll Over,Not Divided,Daylight,,Not Raining
2017-10788-8/11/2018,2,0,0,2,2: MI,Unknown,1,Y,70,Hit Fixed Object,T-Junction,Daylight,,Not Raining
2017-10789-8/11/2018,1,1,0,0,4: Fatal,Full,1,Y,60,Hit Parked Vehicle,Divided Road,Daylight,,Not Raining
2017-10790-8/11/2018,0,0,0,0,1: PDO,Full,1,,50,Hit Parked Vehicle,Not Divided,Daylight,,Not Raining
2017-10791-8/11/2018,1,0,0,1,2: MI,Full,1,,40,Head On,Cross Road,Daylight,,Not Raining
2017-10792-8/11/2018,1,1,0,0,4: Fatal,Full,1,,60,Hit Pedestrian,Cross Road,Daylight,,Not Raining
2017-10793-8/11/2018,0,0,0,0,1: PDO,Full,1,,60,Right Turn,Cross Road,Daylight,,Not Raining
2017-10794-8/11/2018,0,0,0,0,1: PDO,Full,1,,80,Rear End,Divided Road,Daylight,,Not Raining
2017-10795-8/11/2018,1,0,0,1,2: MI,Full,1,,60,Rear End,Not Divided,Daylight,,Raining
2017-10796-8/11/2018,1,0,0,1,2: MI,Provisional 1 ,1,,60,Right Turn,Cross Road,Daylight,,Not Raining
2017-10797-8/11/2018,1,0,0,1,2: MI,,,,60,Rear End,T-Junction,Daylight,,Not Raining
2017-10798-8/11/2018,1,0,0,1,2: MI,,1,,60,Hit Parked Vehicle,Not Divided,Daylight,,Not Raining