REPORT_ID,Total Cas,Total Fats,Total SI,Total MI,CSEF Severity,Licence Type,Number Occupants,Drugs Involved,Area Speed,Crash Type,Position Type,DayNight,DUI Involved,Weather Cond
2017-10799-8/11/2018,0,0,0,0,1: PDO,,,,60,Right Turn,T-Junction,Daylight,,Not Raining
2017-10800-8/11/2018,2,0,0,2,2: MI,Full,1,,110,Hit Fixed Object,Not Divided,Daylight,,Not Raining
2017-10801-8/11/2018,0,0,0,0,1: PDO,,,,60,Right Angle,T-Junction,Daylight,,Not Raining
2017-10802-8/11/2018,0,0,0,0,1: PDO,Full,9,,50,Rear End,Not Divided,Daylight,,Not Raining
2017-10803-8/11/2018,0,0,0,0,1: PDO,Unknown,1,,60,Left Road - Out of Control,Divided Road,Daylight,,Not Raining
2017-10804-8/11/2018,0,0,0,0,1: PDO,Provisional 1 ,4,,50,Right Angle,Multiple,Daylight,,Not Raining
2017-10805-8/11/2018,0,0,0,0,1: PDO,Unknown,1,,60,Rear End,T-Junction,Daylight,,Not Raining
2017-10806-8/11/2018,1,0,0,1,2: MI,Full,1,,80,Roll Over,Not Divided,Daylight,,Not Raining
2017-10807-8/11/2018,0,0,0,0,1: PDO,Full,1,,60,Hit Fixed Object,Divided Road,Daylight,,Not Raining
2017-10808-8/11/2018,1,0,0,1,2: MI,Full,1,,60,Rear End,T-Junction,Daylight,,Not Raining
2017-10809-8/11/2018,0,0,0,0,1: PDO,,,,60,Hit Fixed Object,Not Divided,Night,,Not Raining
2017-10810-8/11/2018,0,0,0,0,1: PDO,,,,60,Rear End,Divided Road,Daylight,,Not Raining
2017-10811-8/11/2018,0,0,0,0,1: PDO,Full,1,,60,Rear End,Not Divided,Daylight,,Not Raining
2017-10812-8/11/2018,1,0,0,1,2: MI,Provisional 2,1,,80,Roll Over,Not Divided,Daylight,,Not Raining
2017-10813-8/11/2018,1,0,0,1,2: MI,Full,4,,60,Side Swipe,Divided Road,Night,,Not Raining
2017-10814-8/11/2018,0,0,0,0,1: PDO,Full,1,,100,Hit Fixed Object,Not Divided,Night,,Not Raining
2017-10815-8/11/2018,2,0,0,2,2: MI,Full,3,,80,Right Angle,Cross Road,Night,,Not Raining
2017-10816-8/11/2018,0,0,0,0,1: PDO,Full,2,,50,Hit Fixed Object,Cross Road,Daylight,,Not Raining
2017-10817-8/11/2018,0,0,0,0,1: PDO,,,,90,Hit Fixed Object,Freeway,Daylight,,Not Raining
2017-10818-8/11/2018,0,0,0,0,1: PDO,Full,1,,80,Rear End,Divided Road,Daylight,,Not Raining
2017-10819-8/11/2018,2,0,2,0,3: SI,,,,100,Right Angle,Cross Road,Daylight,,Not Raining
2017-10820-8/11/2018,0,0,0,0,1: PDO,Full,1,,100,Right Turn,T-Junction,Night,,Not Raining
2017-10821-8/11/2018,1,0,0,1,2: MI,Full,1,,40,Hit Fixed Object,Not Divided,Daylight,,Not Raining
2017-10822-8/11/2018,1,0,0,1,2: MI,Full,1,,50,Right Angle,Cross Road,Daylight,,Not Raining
2017-10823-8/11/2018,0,0,0,0,1: PDO,Full,2,,50,Rear End,Divided Road,Daylight,,Not Raining
2017-10824-8/11/2018,0,0,0,0,1: PDO,Full,3,,80,Roll Over,Not Divided,Daylight,,Not Raining
2017-10825-8/11/2018,0,0,0,0,1: PDO,Full,1,,50,Hit Fixed Object,T-Junction,Daylight,,Not Raining
2017-10826-8/11/2018,1,0,0,1,2: MI,Full,2,,50,Right Turn,Divided Road,Daylight,,Not Raining
2017-10827-8/11/2018,0,0,0,0,1: PDO,,,,80,Hit Fixed Object,Not Divided,Daylight,,Not Raining
2017-10828-8/11/2018,3,0,0,3,2: MI,Full,1,Y,50,Rear End,Not Divided,Daylight,,Not Raining
2017-10829-8/11/2018,1,0,0,1,2: MI,Unknown,1,,90,Side Swipe,Not Divided,Daylight,,Not Raining
2017-10830-8/11/2018,0,0,0,0,1: PDO,Unknown,1,,100,Right Angle,Cross Road,Daylight,,Not Raining
2017-10831-8/11/2018,0,0,0,0,1: PDO,Unknown,1,,50,Hit Fixed Object,T-Junction,Daylight,,Not Raining
2017-10832-8/11/2018,1,0,0,1,2: MI,Learners,1,,50,Side Swipe,Not Divided,Daylight,,Not Raining
2017-10833-8/11/2018,0,0,0,0,1: PDO,Full,1,,80,Rear End,Divided Road,Daylight,,Not Raining
2017-10834-8/11/2018,0,0,0,0,1: PDO,Unknown,1,,50,Side Swipe,Divided Road,Daylight,,Not Raining
2017-10835-8/11/2018,1,0,1,0,3: SI,Full,1,,60,Hit Pedestrian,Divided Road,Daylight,,Not Raining
2017-10836-8/11/2018,0,0,0,0,1: PDO,Full,12,,50,Side Swipe,Divided Road,Daylight,,Not Raining
2017-10837-8/11/2018,1,0,0,1,2: MI,Full,1,,60,Side Swipe,Not Divided,Daylight,,Not Raining
2017-10838-8/11/2018,1,0,0,1,2: MI,Full,2,,60,Right Turn,T-Junction,Daylight,,Not Raining
2017-10839-8/11/2018,0,0,0,0,1: PDO,,,,60,Hit Pedestrian,Not Divided,Daylight,,Not Raining
2017-10840-8/11/2018,0,0,0,0,1: PDO,Unknown,4,,60,Right Angle,T-Junction,Daylight,,Not Raining
2017-10841-8/11/2018,0,0,0,0,1: PDO,Full,1,,90,Hit Animal,Not Divided,Daylight,,Not Raining
2017-10842-8/11/2018,1,0,1,0,3: SI,Unknown,1,,80,Hit Fixed Object,Divided Road,Daylight,,Not Raining
2017-10843-8/11/2018,0,0,0,0,1: PDO,Full,1,,50,Side Swipe,Not Divided,Daylight,,Not Raining
2017-10844-8/11/2018,0,0,0,0,1: PDO,Full,2,,50,Hit Animal,Not Divided,Daylight,,Not Raining
2017-10845-8/11/2018,1,0,0,1,2: MI,Full,1,,90,Rear End,T-Junction,Daylight,,Not Raining
2017-10846-8/11/2018,0,0,0,0,1: PDO,Full,1,,60,Hit Parked Vehicle,Not Divided,Daylight,,Not Raining
2017-10847-8/11/2018,0,0,0,0,1: PDO,Full,1,,50,Right Turn,Not Divided,Daylight,,Not Raining
2017-10848-8/11/2018,1,0,0,1,2: MI,Full,1,,50,Right Angle,Cross Road,Daylight,,Not Raining
2017-10849-8/11/2018,0,0,0,0,1: PDO,Full,1,,60,Rear End,Divided Road,Daylight,,Not Raining
2017-10850-8/11/2018,1,0,0,1,2: MI,Full,1,,60,Right Angle,T-Junction,Daylight,,Not Raining
2017-10851-8/11/2018,0,0,0,0,1: PDO,Full,1,,50,Right Angle,Cross Road,Daylight,,Not Raining
2017-10852-8/11/2018,1,0,0,1,2: MI,Full,1,,100,Left Road - Out of Control,Not Divided,Daylight,,Not Raining
2017-10853-8/11/2018,0,0,0,0,1: PDO,Full,1,,60,Side Swipe,Divided Road,Daylight,,Not Raining
2017-10854-8/11/2018,0,0,0,0,1: PDO,Full,1,,80,Rear End,Divided Road,Daylight,,Not Raining
2017-10855-8/11/2018,0,0,0,0,1: PDO,Provisional 2,1,,60,Right Angle,T-Junction,Daylight,,Not Raining
2017-10856-8/11/2018,0,0,0,0,1: PDO,Full,3,,60,Right Angle,T-Junction,Daylight,,Not Raining
2017-10857-8/11/2018,0,0,0,0,1: PDO,Full,3,,60,Right Angle,T-Junction,Daylight,,Not Raining
2017-10858-8/11/2018,0,0,0,0,1: PDO,Full,1,,60,Side Swipe,Not Divided,Daylight,,Not Raining
2017-10859-8/11/2018,2,0,2,0,3: SI,,1,,60,Right Turn,Cross Road,Daylight,,Not Raining
2017-10860-8/11/2018,0,0,0,0,1: PDO,Full,2,,50,Hit Fixed Object,T-Junction,Daylight,,Not Raining
2017-10861-8/11/2018,0,0,0,0,1: PDO,Full,2,,60,Rear End,Cross Road,Night,,Not Raining
2017-10862-8/11/2018,1,0,0,1,2: MI,Full,1,Y,80,Hit Fixed Object,Not Divided,Night,Y,Not Raining
2017-10863-8/11/2018,1,0,0,1,2: MI,Full,1,,50,Right Turn,Cross Road,Night,,Not Raining
2017-10864-8/11/2018,0,0,0,0,1: PDO,Full,2,,60,Right Turn,Cross Road,Night,,Not Raining
2017-10865-8/11/2018,1,0,0,1,2: MI,Full,1,Y,50,Hit Parked Vehicle,Not Divided,Night,Y,Raining
2017-10866-8/11/2018,1,0,0,1,2: MI,Full,1,,100,Hit Fixed Object,Not Divided,Night,,Not Raining
2017-10867-8/11/2018,0,0,0,0,1: PDO,Full,1,,60,Hit Parked Vehicle,Divided Road,Night,,Not Raining
2017-10868-8/11/2018,0,0,0,0,1: PDO,Full,2,,60,Right Angle,T-Junction,Daylight,,Not Raining
2017-10869-8/11/2018,0,0,0,0,1: PDO,Unlicenced,1,,50,Right Turn,Cross Road,Daylight,,Not Raining
2017-10870-8/11/2018,0,0,0,0,1: PDO,Provisional 2,2,,60,Side Swipe,T-Junction,Daylight,,Not Raining
2017-10871-8/11/2018,1,0,0,1,2: MI,Full,1,,60,Rear End,Cross Road,Daylight,,Not Raining
2017-10872-8/11/2018,0,0,0,0,1: PDO,Full,1,,80,Rear End,Not Divided,Daylight,,Not Raining
2017-10873-8/11/2018,0,0,0,0,1: PDO,Full,1,,100,Hit Animal,Not Divided,Daylight,,Not Raining
2017-10874-8/11/2018,0,0,0,0,1: PDO,Full,1,,60,Right Angle,Cross Road,Daylight,,Not Raining
2017-10875-8/11/2018,0,0,0,0,1: PDO,Probationary,2,,70,Right Angle,Divided Road,Daylight,,Not Raining
2017-10876-8/11/2018,0,0,0,0,1: PDO,Provisional 1 ,1,,50,Right Turn,T-Junction,Daylight,,Not Raining
2017-10877-8/11/2018,0,0,0,0,1: PDO,,1,,60,Right Angle,Cross Road,Daylight,,Not Raining
2017-10878-8/11/2018,0,0,0,0,1: PDO,Full,2,,60,Right Angle,T-Junction,Daylight,,Not Raining
2017-10879-8/11/2018,0,0,0,0,1: PDO,Unlicenced,1,,50,Hit Fixed Object,Rail Crossing,Daylight,,Not Raining
2017-10880-8/11/2018,1,0,0,1,2: MI,Full,2,,50,Right Turn,Cross Road,Daylight,,Not Raining
2017-10881-8/11/2018,1,0,0,1,2: MI,Full,1,,50,Hit Pedestrian,Not Divided,Night,,Not Raining
2017-10882-8/11/2018,0,0,0,0,1: PDO,Full,1,,60,Right Angle,Not Divided,Daylight,,Not Raining
2017-10883-8/11/2018,0,0,0,0,1: PDO,,,,60,Rear End,Divided Road,Daylight,,Not Raining
2017-10884-8/11/2018,0,0,0,0,1: PDO,Unknown,1,,110,Head On,Not Divided,Daylight,,Not Raining
2017-10885-8/11/2018,1,0,1,0,3: SI,,,,80,Hit Fixed Object,Not Divided,Daylight,,Not Raining
2017-10886-8/11/2018,0,0,0,0,1: PDO,Full,1,,40,Rear End,Divided Road,Daylight,,Not Raining
2017-10887-8/11/2018,0,0,0,0,1: PDO,Full,1,,60,Side Swipe,T-Junction,Daylight,,Not Raining
2017-10888-8/11/2018,0,0,0,0,1: PDO,Full,1,,60,Right Angle,Cross Road,Daylight,,Not Raining
2017-10889-8/11/2018,0,0,0,0,1: PDO,Full,2,,100,Right Angle,Not Divided,Daylight,,Not Raining
2017-10890-8/11/2018,3,0,0,3,2: MI,Full,1,,80,Rear End,Divided Road,Daylight,,Not Raining
2017-10891-8/11/2018,1,0,0,1,2: MI,Full,1,,60,Right Angle,T-Junction,Daylight,,Not Raining
2017-10892-8/11/2018,1,0,0,1,2: MI,Full,1,,60,Side Swipe,Not Divided,Daylight,,Not Raining
2017-10893-8/11/2018,1,0,0,1,2: MI,Full,1,,80,Hit Fixed Object,Not Divided,Night,Y,Not Raining
2017-10894-8/11/2018,1,0,0,1,2: MI,,,,60,Side Swipe,Divided Road,Night,Y,Not Raining
2017-10895-8/11/2018,0,0,0,0,1: PDO,Full,2,,50,Hit Parked Vehicle,Not Divided,Night,,Not Raining
2017-10896-8/11/2018,0,0,0,0,1: PDO,Full,1,,50,Hit Fixed Object,T-Junction,Daylight,Y,Not Raining
2017-10897-8/11/2018,1,0,0,1,2: MI,Full,2,,50,Right Angle,Not Divided,Daylight,,Not Raining
2017-10898-8/11/2018,1,0,0,1,2: MI,Full,1,,60,Head On,Not Divided,Daylight,,Not Raining
2017-10899-8/11/2018,0,0,0,0,1: PDO,Full,1,,50,Hit Parked Vehicle,Not Divided,Daylight,,Not Raining
2017-10900-8/11/2018,0,0,0,0,1: PDO,Full,1,,80,Roll Over,T-Junction,Daylight,,Not Raining
2017-10901-8/11/2018,1,0,0,1,2: MI,Full,1,,60,Right Turn,T-Junction,Daylight,,Not Raining
2017-10902-8/11/2018,0,0,0,0,1: PDO,,1,,60,Rear End,Cross Road,Night,,Not Raining
2017-10903-8/11/2018,1,0,0,1,2: MI,Unknown,1,,100,Roll Over,Not Divided,Night,,Not Raining
2017-10904-8/11/2018,0,0,0,0,1: PDO,Full,2,,60,Rear End,Divided Road,Daylight,,Not Raining
2017-10905-8/11/2018,0,0,0,0,1: PDO,Full,3,,60,Right Angle,Cross Road,Daylight,,Not Raining
2017-10906-8/11/2018,0,0,0,0,1: PDO,Full,1,,50,Hit Parked Vehicle,Not Divided,Daylight,,Not Raining
2017-10907-8/11/2018,0,0,0,0,1: PDO,Full,1,,60,Right Angle,Not Divided,Daylight,,Not Raining
2017-10908-8/11/2018,1,0,0,1,2: MI,Full,2,,100,Roll Over,Not Divided,Daylight,,Not Raining
2017-10909-8/11/2018,0,0,0,0,1: PDO,Full,1,,80,Right Turn,T-Junction,Daylight,,Not Raining
2017-10910-8/11/2018,0,0,0,0,1: PDO,Full,1,,70,Side Swipe,Divided Road,Daylight,,Not Raining
2017-10911-8/11/2018,1,0,0,1,2: MI,Full,1,,100,Roll Over,Not Divided,Daylight,,Not Raining
2017-10912-8/11/2018,2,0,1,1,3: SI,Unknown,1,,60,Right Turn,T-Junction,Daylight,,Not Raining
2017-10913-8/11/2018,0,0,0,0,1: PDO,Unknown,1,,50,Right Angle,Cross Road,Daylight,,Not Raining
2017-10914-8/11/2018,0,0,0,0,1: PDO,Full,3,,50,Hit Fixed Object,Not Divided,Daylight,,Not Raining
2017-10915-8/11/2018,0,0,0,0,1: PDO,Unknown,1,,110,Hit Fixed Object,Freeway,Night,,Not Raining
2017-10916-8/11/2018,0,0,0,0,1: PDO,Full,1,,50,Hit Fixed Object,Not Divided,Daylight,,Not Raining
2017-10917-8/11/2018,0,0,0,0,1: PDO,Full,1,,50,Side Swipe,Not Divided,Daylight,,Not Raining
2017-10918-8/11/2018,0,0,0,0,1: PDO,Full,1,,60,Side Swipe,T-Junction,Daylight,,Not Raining
2017-10919-8/11/2018,4,0,2,2,3: SI,,0,,80,Hit Fixed Object,Not Divided,Daylight,,Raining
2017-10920-8/11/2018,0,0,0,0,1: PDO,,0,,100,Hit Fixed Object,Not Divided,Night,,Not Raining
2017-10921-8/11/2018,1,0,0,1,2: MI,Full,1,,60,Hit Fixed Object,Divided Road,Night,,Raining
2017-10922-8/11/2018,0,0,0,0,1: PDO,Full,2,,60,Hit Fixed Object,Cross Road,Daylight,,Raining
2017-10923-8/11/2018,0,0,0,0,1: PDO,Full,3,,80,Hit Fixed Object,Divided Road,Daylight,,Not Raining
2017-10924-8/11/2018,0,0,0,0,1: PDO,,,,50,Right Angle,Cross Road,Daylight,,Not Raining
2017-10925-8/11/2018,1,0,0,1,2: MI,,,,60,Right Angle,T-Junction,Daylight,,Not Raining
2017-10926-8/11/2018,1,0,1,0,3: SI,Full,1,Y,100,Roll Over,Not Divided,Daylight,,Not Raining
2017-10927-8/11/2018,1,0,0,1,2: MI,Full,1,,80,Rear End,Freeway,Daylight,,Not Raining
2017-10928-8/11/2018,1,0,0,1,2: MI,Full,1,,60,Side Swipe,Cross Road,Daylight,,Raining
2017-10929-8/11/2018,0,0,0,0,1: PDO,Provisional 1 ,1,,100,Roll Over,Not Divided,Daylight,,Not Raining
2017-10930-8/11/2018,0,0,0,0,1: PDO,Full,1,,80,Side Swipe,Divided Road,Daylight,,Raining
2017-10931-8/11/2018,0,0,0,0,1: PDO,Full,1,,60,Right Turn,Cross Road,Daylight,,Not Raining
2017-10932-8/11/2018,0,0,0,0,1: PDO,Full,1,,60,Right Angle,T-Junction,Daylight,,Raining
2017-10933-8/11/2018,0,0,0,0,1: PDO,Full,1,,50,Right Angle,Not Divided,Daylight,,Not Raining
2017-10934-8/11/2018,1,0,0,1,2: MI,,,,100,Hit Fixed Object,Not Divided,Daylight,,Not Raining
2017-10935-8/11/2018,0,0,0,0,1: PDO,,,,60,Rear End,T-Junction,Daylight,,Not Raining
2017-10936-8/11/2018,0,0,0,0,1: PDO,Full,2,,80,Side Swipe,T-Junction,Daylight,,Not Raining
2017-10937-8/11/2018,0,0,0,0,1: PDO,Full,4,,60,Right Angle,T-Junction,Daylight,,Not Raining
2017-10938-8/11/2018,1,0,0,1,2: MI,Full,1,,60,Rear End,Divided Road,Daylight,,Not Raining
2017-10939-8/11/2018,0,0,0,0,1: PDO,Provisional 2,1,,80,Rear End,T-Junction,Daylight,,Not Raining
2017-10940-8/11/2018,1,0,0,1,2: MI,Full,1,,60,Rear End,Cross Road,Daylight,,Not Raining
2017-10941-8/11/2018,0,0,0,0,1: PDO,Full,2,,80,Rear End,Freeway,Daylight,,Not Raining
2017-10942-8/11/2018,0,0,0,0,1: PDO,Full,1,,50,Hit Parked Vehicle,Not Divided,Daylight,,Raining
2017-10943-8/11/2018,1,0,1,0,3: SI,Full,1,,60,Head On,Not Divided,Daylight,,Not Raining
2017-10944-8/11/2018,1,0,0,1,2: MI,Full,1,,60,Rear End,Multiple,Daylight,,Not Raining
2017-10945-8/11/2018,1,0,0,1,2: MI,,1,,50,Side Swipe,T-Junction,Daylight,,Not Raining
2017-10946-8/11/2018,0,0,0,0,1: PDO,Full,1,,60,Right Angle,Cross Road,Daylight,,Not Raining
2017-10947-8/11/2018,1,0,0,1,2: MI,,,,100,Side Swipe,Freeway,Daylight,,Not Raining
2017-10948-8/11/2018,0,0,0,0,1: PDO,Full,1,,50,Hit Parked Vehicle,Not Divided,Daylight,,Not Raining
2017-10949-8/11/2018,1,0,0,1,2: MI,Unknown,1,,100,Right Angle,T-Junction,Night,,Unknown
2017-10950-8/11/2018,0,0,0,0,1: PDO,Full,1,,50,Hit Parked Vehicle,Not Divided,Daylight,,Not Raining
2017-10951-8/11/2018,1,0,0,1,2: MI,Unknown,1,,60,Side Swipe,Cross Road,Daylight,,Not Raining
2017-10952-8/11/2018,0,0,0,0,1: PDO,Full,1,,60,Right Turn,Cross Road,Daylight,,Not Raining
2017-10953-8/11/2018,0,0,0,0,1: PDO,Unknown,1,,40,Hit Fixed Object,Not Divided,Daylight,,Raining
2017-10954-8/11/2018,0,0,0,0,1: PDO,Full,4,,60,Rear End,Cross Road,Daylight,,Not Raining
2017-10955-8/11/2018,1,0,0,1,2: MI,Probationary,1,,50,Hit Fixed Object,Not Divided,Daylight,,Not Raining
2017-10956-8/11/2018,1,0,0,1,2: MI,Full,1,,60,Right Angle,T-Junction,Daylight,,Not Raining
2017-10957-8/11/2018,0,0,0,0,1: PDO,Unknown,1,,60,Right Angle,Cross Road,Daylight,,Not Raining
2017-10958-8/11/2018,1,0,0,1,2: MI,Full,1,,50,Right Angle,Cross Road,Daylight,,Not Raining
2017-10959-8/11/2018,0,0,0,0,1: PDO,Full,1,,60,Right Angle,Cross Road,Daylight,,Not Raining
2017-10960-8/11/2018,1,0,0,1,2: MI,Full,1,,60,Rear End,T-Junction,Daylight,,Not Raining
2017-10961-8/11/2018,0,0,0,0,1: PDO,Full,1,,60,Rear End,T-Junction,Daylight,,Not Raining
2017-10962-8/11/2018,1,0,0,1,2: MI,Provisional 2,4,,60,Roll Over,Cross Road,Daylight,,Raining
2017-10963-8/11/2018,0,0,0,0,1: PDO,Full,1,,110,Hit Fixed Object,Not Divided,Daylight,,Not Raining
2017-10964-8/11/2018,1,0,0,1,2: MI,Full,2,,50,Other,Not Divided,Daylight,,Not Raining
2017-10965-8/11/2018,0,0,0,0,1: PDO,Full,1,,60,Side Swipe,Divided Road,Daylight,,Not Raining
2017-10966-8/11/2018,0,0,0,0,1: PDO,,,,80,Roll Over,Not Divided,Daylight,,Raining
2017-10967-8/11/2018,0,0,0,0,1: PDO,Unknown,1,,60,Hit Fixed Object,T-Junction,Daylight,Y,Not Raining
2017-10968-8/11/2018,0,0,0,0,1: PDO,Full,1,,50,Right Angle,Not Divided,Daylight,,Not Raining
2017-10969-8/11/2018,0,0,0,0,1: PDO,Full,1,,60,Side Swipe,Divided Road,Daylight,,Raining
2017-10970-8/11/2018,1,0,1,0,3: SI,Full,1,,60,Hit Fixed Object,Not Divided,Daylight,Y,Not Raining
2017-10971-8/11/2018,0,0,0,0,1: PDO,Unknown,1,,70,Right Angle,Cross Road,Night,,Not Raining
2017-10972-8/11/2018,1,1,0,0,4: Fatal,Full,1,Y,100,Hit Fixed Object,Not Divided,Daylight,,Not Raining
2017-10973-8/11/2018,0,0,0,0,1: PDO,Full,1,,50,Roll Over,Not Divided,Night,,Not Raining
2017-10974-8/11/2018,0,0,0,0,1: PDO,Full,2,,50,Hit Fixed Object,Divided Road,Night,Y,Not Raining
2017-10975-8/11/2018,0,0,0,0,1: PDO,Full,2,,60,Hit Parked Vehicle,Not Divided,Daylight,,Not Raining
2017-10976-8/11/2018,0,0,0,0,1: PDO,Provisional 2,1,,60,Rear End,Cross Road,Daylight,,Not Raining
2017-10977-8/11/2018,0,0,0,0,1: PDO,Full,1,,60,Rear End,Cross Road,Daylight,,Not Raining
2017-10978-8/11/2018,0,0,0,0,1: PDO,Full,1,,60,Right Turn,Cross Road,Daylight,,Not Raining
2017-10979-8/11/2018,0,0,0,0,1: PDO,,,,60,Rear End,Pedestrian Crossing,Daylight,,Not Raining
2017-10980-8/11/2018,0,0,0,0,1: PDO,Full,10,,110,Rear End,Freeway,Daylight,,Not Raining
2017-10981-8/11/2018,1,0,0,1,2: MI,,0,,50,Hit Parked Vehicle,Not Divided,Daylight,,Not Raining
2017-10982-8/11/2018,0,0,0,0,1: PDO,Full,1,,60,Side Swipe,Cross Road,Daylight,,Not Raining
2017-10983-8/11/2018,0,0,0,0,1: PDO,Provisional 1 ,1,,100,Hit Fixed Object,Not Divided,Night,,Not Raining
2017-10984-8/11/2018,0,0,0,0,1: PDO,,,,80,Hit Fixed Object,Not Divided,Daylight,,Not Raining
2017-10985-8/11/2018,0,0,0,0,1: PDO,Full,3,,60,Rear End,Cross Road,Daylight,,Not Raining
2017-10986-8/11/2018,0,0,0,0,1: PDO,Full,1,,60,Right Turn,Cross Road,Daylight,,Not Raining
2017-10987-8/11/2018,2,0,0,2,2: MI,Full,2,,60,Right Turn,Cross Road,Daylight,,Not Raining
2017-10988-8/11/2018,1,0,1,0,3: SI,,,,60,Hit Fixed Object,Divided Road,Daylight,,Not Raining
2017-10989-8/11/2018,0,0,0,0,1: PDO,,,,60,Right Angle,T-Junction,Daylight,,Not Raining
2017-10990-8/11/2018,0,0,0,0,1: PDO,,,,50,Rear End,Divided Road,Daylight,,Not Raining
2017-10991-8/11/2018,0,0,0,0,1: PDO,Full,1,,60,Hit Fixed Object,T-Junction,Daylight,,Not Raining
2017-10992-8/11/2018,0,0,0,0,1: PDO,,,,50,Head On,T-Junction,Daylight,,Not Raining
2017-10993-8/11/2018,1,0,0,1,2: MI,Learners,1,,90,Right Angle,T-Junction,Daylight,,Not Raining
2017-10994-8/11/2018,1,0,1,0,3: SI,,,Y,60,Rear End,Not Divided,Daylight,,Not Raining
2017-10995-8/11/2018,1,0,0,1,2: MI,Provisional 2,2,,80,Rear End,Cross Road,Daylight,,Not Raining
2017-10996-8/11/2018,0,0,0,0,1: PDO,Full,1,,50,Rear End,T-Junction,Daylight,,Not Raining
2017-10997-8/11/2018,1,0,0,1,2: MI,Provisional 1 ,1,,50,Hit Parked Vehicle,Divided Road,Daylight,,Not Raining
2017-10998-8/11/2018,1,0,0,1,2: MI,Probationary,1,,60,Roll Over,Divided Road,Daylight,,Not Raining
2017-10999-8/11/2018,0,0,0,0,1: PDO,Full,1,,50,Hit Parked Vehicle,Not Divided,Daylight,,Not Raining
2017-11000-8/11/2018,0,0,0,0,1: PDO,Unknown,1,,50,Right Angle,T-Junction,Daylight,,Not Raining
2017-11001-8/11/2018,1,0,0,1,2: MI,,,,60,Right Turn,T-Junction,Daylight,,Not Raining
2017-11002-8/11/2018,0,0,0,0,1: PDO,,,,40,Side Swipe,Divided Road,Daylight,,Not Raining
2017-11003-8/11/2018,0,0,0,0,1: PDO,Full,1,,60,Rear End,Cross Road,Daylight,,Not Raining
2017-11004-8/11/2018,0,0,0,0,1: PDO,Full,1,,80,Roll Over,Not Divided,Daylight,,Not Raining
2017-11005-8/11/2018,0,0,0,0,1: PDO,Full,1,,50,Rear End,Cross Road,Daylight,,Not Raining
2017-11006-8/11/2018,0,0,0,0,1: PDO,Full,1,,40,Right Angle,Not Divided,Daylight,,Not Raining
2017-11007-8/11/2018,1,0,0,1,2: MI,Full,1,,60,Right Angle,Cross Road,Daylight,,Not Raining
2017-11008-8/11/2018,0,0,0,0,1: PDO,Full,2,,50,Hit Fixed Object,T-Junction,Daylight,,Not Raining
2017-11009-8/11/2018,1,0,0,1,2: MI,Full,1,Y,60,Rear End,Not Divided,Daylight,,Not Raining
2017-11010-8/11/2018,1,0,1,0,3: SI,,,,80,Hit Fixed Object,Not Divided,Night,,Not Raining
2017-11011-8/11/2018,0,0,0,0,1: PDO,Full,2,,60,Hit Parked Vehicle,Not Divided,Night,,Not Raining
2017-11012-8/11/2018,0,0,0,0,1: PDO,,,,60,Right Angle,Cross Road,Daylight,,Not Raining
2017-11013-8/11/2018,0,0,0,0,1: PDO,Full,1,,60,Side Swipe,Cross Road,Daylight,,Not Raining
2017-11014-8/11/2018,1,0,0,1,2: MI,Provisional 2,1,,80,Hit Animal,Not Divided,Night,,Not Raining
2017-11015-8/11/2018,1,0,0,1,2: MI,Provisional 2,1,,60,Right Turn,T-Junction,Daylight,,Not Raining