REPORT_ID,Total Cas,Total Fats,Total SI,Total MI,CSEF Severity,Licence Type,Number Occupants,Drugs Involved,Area Speed,Crash Type,Position Type,DayNight,DUI Involved,Weather Cond
2017-11016-8/11/2018,1,0,0,1,2: MI,Provisional 2,2,,80,Rear End,Divided Road,Daylight,,Not Raining
2017-11017-8/11/2018,1,0,0,1,2: MI,,,,60,Right Turn,Cross Road,Daylight,,Not Raining
2017-11018-8/11/2018,0,0,0,0,1: PDO,Full,1,,80,Hit Fixed Object,Cross Road,Daylight,,Not Raining
2017-11019-8/11/2018,0,0,0,0,1: PDO,Full,3,,50,Hit Parked Vehicle,Not Divided,Daylight,,Not Raining
2017-11020-8/11/2018,1,0,0,1,2: MI,Full,1,,60,Rear End,T-Junction,Daylight,,Not Raining
2017-11021-8/11/2018,1,0,0,1,2: MI,Full,4,,100,Side Swipe,Not Divided,Daylight,,Not Raining
2017-11022-8/11/2018,0,0,0,0,1: PDO,,0,,50,Hit Pedestrian,Not Divided,Daylight,,Not Raining
2017-11023-8/11/2018,1,0,0,1,2: MI,Unknown,1,,50,Other,Not Divided,Daylight,,Not Raining
2017-11024-8/11/2018,1,0,0,1,2: MI,Full,2,,100,Roll Over,Not Divided,Daylight,,Not Raining
2017-11025-8/11/2018,1,0,0,1,2: MI,Full,2,,50,Side Swipe,Cross Road,Daylight,,Not Raining
2017-11026-8/11/2018,1,0,0,1,2: MI,Full,1,,60,Rear End,T-Junction,Daylight,,Not Raining
2017-11027-8/11/2018,0,0,0,0,1: PDO,Unknown,1,,60,Rear End,Divided Road,Daylight,,Not Raining
2017-11028-8/11/2018,1,0,0,1,2: MI,Unknown,2,,60,Right Angle,T-Junction,Daylight,,Not Raining
2017-11029-8/11/2018,0,0,0,0,1: PDO,,,,50,Hit Fixed Object,Not Divided,Daylight,,Not Raining
2017-11030-8/11/2018,1,0,0,1,2: MI,Unknown,3,,60,Right Turn,Cross Road,Daylight,,Not Raining
2017-11031-8/11/2018,0,0,0,0,1: PDO,Unknown,1,,60,Right Angle,T-Junction,Daylight,,Not Raining
2017-11032-8/11/2018,0,0,0,0,1: PDO,Full,1,,50,Hit Fixed Object,Not Divided,Daylight,,Not Raining
2017-11033-8/11/2018,1,0,0,1,2: MI,,,,60,Right Angle,Divided Road,Daylight,,Not Raining
2017-11034-8/11/2018,0,0,0,0,1: PDO,Provisional 2,1,,110,Side Swipe,Divided Road,Daylight,,Not Raining
2017-11035-8/11/2018,0,0,0,0,1: PDO,,,,60,Right Angle,Cross Road,Daylight,,Not Raining
2017-11036-8/11/2018,0,0,0,0,1: PDO,Full,1,,80,Rear End,Cross Road,Daylight,,Not Raining
2017-11037-8/11/2018,0,0,0,0,1: PDO,Unknown,1,,60,Rear End,T-Junction,Daylight,,Not Raining
2017-11038-8/11/2018,0,0,0,0,1: PDO,Full,1,,60,Rear End,Divided Road,Daylight,,Not Raining
2017-11039-8/11/2018,0,0,0,0,1: PDO,Full,1,,110,Hit Fixed Object,Freeway,Daylight,,Not Raining
2017-11040-8/11/2018,1,0,0,1,2: MI,Full,1,,40,Hit Parked Vehicle,Not Divided,Daylight,,Not Raining
2017-11041-8/11/2018,1,0,0,1,2: MI,Full,1,,60,Rear End,Divided Road,Daylight,,Not Raining
2017-11042-8/11/2018,1,0,0,1,2: MI,Full,1,,60,Side Swipe,Cross Road,Daylight,,Not Raining
2017-11043-8/11/2018,1,0,0,1,2: MI,Full,1,,60,Rear End,T-Junction,Daylight,,Not Raining
2017-11044-8/11/2018,1,0,0,1,2: MI,Full,2,,60,Side Swipe,Cross Road,Daylight,,Not Raining
2017-11045-8/11/2018,0,0,0,0,1: PDO,Full,1,,60,Right Angle,Cross Road,Night,,Not Raining
2017-11046-8/11/2018,0,0,0,0,1: PDO,Full,2,,50,Right Angle,Not Divided,Daylight,,Not Raining
2017-11047-8/11/2018,0,0,0,0,1: PDO,Full,1,,50,Hit Parked Vehicle,Not Divided,Daylight,,Not Raining
2017-11048-8/11/2018,0,0,0,0,1: PDO,Full,1,,50,Hit Parked Vehicle,Not Divided,Night,,Not Raining
2017-11049-8/11/2018,2,0,0,2,2: MI,Full,3,,60,Rear End,Cross Road,Night,Y,Not Raining
2017-11050-8/11/2018,0,0,0,0,1: PDO,Full,1,,60,Right Angle,T-Junction,Night,,Not Raining
2017-11051-8/11/2018,0,0,0,0,1: PDO,Full,1,,80,Rear End,Divided Road,Daylight,,Not Raining
2017-11052-8/11/2018,1,0,0,1,2: MI,Full,1,,80,Roll Over,Not Divided,Daylight,,Not Raining
2017-11053-8/11/2018,0,0,0,0,1: PDO,,1,,50,Right Angle,Divided Road,Daylight,,Not Raining
2017-11054-8/11/2018,0,0,0,0,1: PDO,Unknown,1,,60,Right Turn,Cross Road,Daylight,,Not Raining
2017-11055-8/11/2018,1,0,0,1,2: MI,Unlicenced,2,,25,Hit Pedestrian,Not Divided,Daylight,,Not Raining
2017-11056-8/11/2018,0,0,0,0,1: PDO,Unknown,1,,100,Right Angle,Cross Road,Daylight,,Not Raining
2017-11057-8/11/2018,0,0,0,0,1: PDO,Provisional 1 ,1,,60,Rear End,Divided Road,Daylight,,Not Raining
2017-11058-8/11/2018,0,0,0,0,1: PDO,Provisional 2,1,,60,Right Angle,T-Junction,Daylight,,Not Raining
2017-11059-8/11/2018,1,0,0,1,2: MI,Full,1,,60,Rear End,Divided Road,Daylight,,Not Raining
2017-11060-8/11/2018,0,0,0,0,1: PDO,Full,1,,50,Right Angle,Not Divided,Daylight,,Not Raining
2017-11061-8/11/2018,0,0,0,0,1: PDO,Full,1,,60,Side Swipe,Divided Road,Daylight,,Not Raining
2017-11062-8/11/2018,0,0,0,0,1: PDO,Full,1,,60,Rear End,Not Divided,Daylight,,Not Raining
2017-11063-8/11/2018,1,0,0,1,2: MI,Full,1,,60,Side Swipe,Not Divided,Daylight,,Not Raining
2017-11064-8/11/2018,0,0,0,0,1: PDO,,0,,60,Side Swipe,T-Junction,Daylight,,Not Raining
2017-11065-8/11/2018,0,0,0,0,1: PDO,Full,1,,60,Side Swipe,Divided Road,Daylight,,Not Raining
2017-11066-8/11/2018,0,0,0,0,1: PDO,Full,1,,80,Rear End,Cross Road,Daylight,,Not Raining
2017-11067-8/11/2018,1,0,0,1,2: MI,Unknown,1,,80,Rear End,Divided Road,Daylight,,Not Raining
2017-11068-8/11/2018,0,0,0,0,1: PDO,,,,50,Right Angle,Cross Road,Daylight,,Not Raining
2017-11069-8/11/2018,1,0,0,1,2: MI,Full,1,,60,Right Angle,Not Divided,Daylight,,Not Raining
2017-11070-8/11/2018,0,0,0,0,1: PDO,Full,1,,60,Right Angle,Divided Road,Daylight,,Not Raining
2017-11071-8/11/2018,0,0,0,0,1: PDO,Full,1,,50,Right Angle,Cross Road,Daylight,,Not Raining
2017-11072-8/11/2018,1,0,0,1,2: MI,Full,1,,60,Rear End,Cross Road,Daylight,,Not Raining
2017-11073-8/11/2018,1,0,0,1,2: MI,Full,1,,60,Rear End,Divided Road,Daylight,,Not Raining
2017-11074-8/11/2018,0,0,0,0,1: PDO,Unknown,1,,50,Hit Parked Vehicle,Not Divided,Daylight,,Not Raining
2017-11075-8/11/2018,1,0,0,1,2: MI,Full,2,,60,Side Swipe,T-Junction,Daylight,,Not Raining
2017-11076-8/11/2018,0,0,0,0,1: PDO,Unknown,4,,60,Rear End,Divided Road,Daylight,,Not Raining
2017-11077-8/11/2018,1,0,0,1,2: MI,,,,80,Right Turn,T-Junction,Night,,Not Raining
2017-11078-8/11/2018,0,0,0,0,1: PDO,Full,1,,60,Side Swipe,T-Junction,Daylight,,Not Raining
2017-11079-8/11/2018,0,0,0,0,1: PDO,Full,1,,60,Right Angle,Cross Road,Daylight,,Not Raining
2017-11080-8/11/2018,0,0,0,0,1: PDO,,0,,110,Side Swipe,T-Junction,Daylight,,Not Raining
2017-11081-8/11/2018,0,0,0,0,1: PDO,Unknown,1,,60,Hit Pedestrian,T-Junction,Daylight,,Not Raining
2017-11082-8/11/2018,0,0,0,0,1: PDO,Full,1,,60,Rear End,Cross Road,Daylight,,Not Raining
2017-11083-8/11/2018,1,0,0,1,2: MI,Full,1,,50,Right Turn,Not Divided,Daylight,,Not Raining
2017-11084-8/11/2018,0,0,0,0,1: PDO,Provisional 2,1,,70,Rear End,Cross Road,Daylight,,Not Raining
2017-11085-8/11/2018,0,0,0,0,1: PDO,Full,1,,80,Rear End,Cross Road,Daylight,,Not Raining
2017-11086-8/11/2018,2,0,0,2,2: MI,Full,2,,50,Right Angle,Cross Road,Daylight,,Not Raining
2017-11087-8/11/2018,0,0,0,0,1: PDO,Provisional 1 ,1,,60,Rear End,Not Divided,Night,,Raining
2017-11088-8/11/2018,1,0,0,1,2: MI,Full,1,,60,Right Angle,Cross Road,Daylight,,Not Raining
2017-11089-8/11/2018,0,0,0,0,1: PDO,Provisional 2,1,,60,Rear End,Cross Road,Daylight,,Not Raining
2017-11090-8/11/2018,2,0,0,2,2: MI,Provisional 1 ,2,,40,Rear End,Not Divided,Night,,Not Raining
2017-11091-8/11/2018,0,0,0,0,1: PDO,,,,60,Hit Parked Vehicle,Not Divided,Night,Y,Not Raining
2017-11092-8/11/2018,0,0,0,0,1: PDO,Full,2,,60,Hit Parked Vehicle,Divided Road,Night,,Not Raining
2017-11093-8/11/2018,0,0,0,0,1: PDO,Unknown,1,,50,Rear End,Not Divided,Night,,Not Raining
2017-11094-8/11/2018,0,0,0,0,1: PDO,,,,60,Head On,Not Divided,Night,,Not Raining
2017-11095-8/11/2018,1,0,1,0,3: SI,Full,1,Y,80,Hit Fixed Object,Not Divided,Daylight,,Not Raining
2017-11096-8/11/2018,1,0,0,1,2: MI,Full,1,,60,Right Angle,T-Junction,Daylight,,Not Raining
2017-11097-8/11/2018,1,0,0,1,2: MI,Provisional 2,1,,60,Rear End,T-Junction,Daylight,,Not Raining
2017-11098-8/11/2018,1,0,0,1,2: MI,,,,60,Rear End,Cross Road,Daylight,,Not Raining
2017-11099-8/11/2018,3,0,0,3,2: MI,Unlicenced,2,,80,Rear End,Divided Road,Daylight,,Not Raining
2017-11100-8/11/2018,0,0,0,0,1: PDO,,,,60,Side Swipe,Cross Road,Daylight,,Not Raining
2017-11101-8/11/2018,0,0,0,0,1: PDO,Unknown,1,,50,Hit Parked Vehicle,Not Divided,Daylight,,Not Raining
2017-11102-8/11/2018,2,0,0,2,2: MI,,,,60,Hit Parked Vehicle,Not Divided,Daylight,,Not Raining
2017-11103-8/11/2018,1,0,0,1,2: MI,Full,1,,50,Hit Parked Vehicle,Not Divided,Daylight,,Not Raining
2017-11104-8/11/2018,0,0,0,0,1: PDO,,,,110,Roll Over,Not Divided,Daylight,,Not Raining
2017-11105-8/11/2018,1,0,0,1,2: MI,Full,2,,80,Hit Fixed Object,Not Divided,Daylight,,Not Raining
2017-11106-8/11/2018,1,0,1,0,3: SI,Full,1,,50,Right Angle,Cross Road,Daylight,,Not Raining
2017-11107-8/11/2018,1,0,0,1,2: MI,Provisional 1 ,1,,60,Right Angle,T-Junction,Daylight,,Not Raining
2017-11108-8/11/2018,0,0,0,0,1: PDO,,,,50,Side Swipe,Not Divided,Daylight,,Not Raining
2017-11109-8/11/2018,2,0,0,2,2: MI,Unknown,1,,60,Hit Fixed Object,Divided Road,Daylight,,Not Raining
2017-11110-8/11/2018,0,0,0,0,1: PDO,Unknown,1,,60,Rear End,Cross Road,Daylight,,Not Raining
2017-11111-8/11/2018,0,0,0,0,1: PDO,Unknown,1,,60,Right Angle,Cross Road,Daylight,,Not Raining
2017-11112-8/11/2018,2,0,0,2,2: MI,Provisional 2,1,,80,Right Angle,Cross Road,Daylight,,Not Raining
2017-11113-8/11/2018,0,0,0,0,1: PDO,Unknown,1,,60,Side Swipe,Not Divided,Daylight,,Not Raining
2017-11114-8/11/2018,0,0,0,0,1: PDO,Full,2,,50,Hit Parked Vehicle,Not Divided,Daylight,,Not Raining
2017-11115-8/11/2018,0,0,0,0,1: PDO,Full,1,,60,Right Turn,Not Divided,Daylight,,Not Raining
2017-11116-8/11/2018,0,0,0,0,1: PDO,Full,1,,60,Side Swipe,Not Divided,Daylight,,Not Raining
2017-11117-8/11/2018,0,0,0,0,1: PDO,,1,,60,Right Angle,T-Junction,Daylight,,Not Raining
2017-11118-8/11/2018,1,0,0,1,2: MI,Unknown,1,,50,Rear End,Not Divided,Daylight,,Not Raining
2017-11119-8/11/2018,0,0,0,0,1: PDO,,1,,60,Side Swipe,Cross Road,Daylight,,Not Raining
2017-11120-8/11/2018,1,0,0,1,2: MI,Full,1,Y,100,Roll Over,Not Divided,Daylight,,Not Raining
2017-11121-8/11/2018,0,0,0,0,1: PDO,Full,1,,80,Rear End,Cross Road,Daylight,,Not Raining
2017-11122-8/11/2018,0,0,0,0,1: PDO,Unknown,1,,80,Rear End,Divided Road,Daylight,,Not Raining
2017-11123-8/11/2018,0,0,0,0,1: PDO,Full,3,,50,Rear End,Cross Road,Daylight,,Not Raining
2017-11124-8/11/2018,1,0,0,1,2: MI,,,Y,60,Rear End,Cross Road,Daylight,,Not Raining
2017-11125-8/11/2018,1,0,0,1,2: MI,Full,1,,50,Hit Fixed Object,Not Divided,Daylight,Y,Not Raining
2017-11126-8/11/2018,0,0,0,0,1: PDO,Full,1,,60,Right Turn,T-Junction,Daylight,,Not Raining
2017-11127-8/11/2018,0,0,0,0,1: PDO,Full,1,,60,Right Angle,Cross Road,Night,,Not Raining
2017-11128-8/11/2018,0,0,0,0,1: PDO,Provisional 1 ,1,,50,Rear End,Cross Road,Night,,Not Raining
2017-11129-8/11/2018,0,0,0,0,1: PDO,Full,1,,60,Hit Fixed Object,T-Junction,Night,,Not Raining
2017-11130-8/11/2018,1,0,1,0,3: SI,Full,1,,100,Roll Over,Not Divided,Night,Y,Not Raining
2017-11131-8/11/2018,1,0,0,1,2: MI,Full,1,Y,60,Hit Parked Vehicle,Not Divided,Night,,Not Raining
2017-11132-8/11/2018,0,0,0,0,1: PDO,,0,,50,Hit Fixed Object,Not Divided,Daylight,,Not Raining
2017-11133-8/11/2018,0,0,0,0,1: PDO,Unknown,1,,50,Hit Fixed Object,Not Divided,Daylight,,Not Raining
2017-11134-8/11/2018,0,0,0,0,1: PDO,Full,2,,50,Hit Fixed Object,Divided Road,Night,,Not Raining
2017-11135-8/11/2018,0,0,0,0,1: PDO,Provisional 1 ,2,,60,Right Angle,T-Junction,Daylight,,Not Raining
2017-11136-8/11/2018,0,0,0,0,1: PDO,Full,1,,50,Right Angle,Cross Road,Daylight,,Not Raining
2017-11137-8/11/2018,1,0,1,0,3: SI,Full,1,,80,Roll Over,Not Divided,Night,Y,Not Raining
2017-11138-8/11/2018,0,0,0,0,1: PDO,Full,1,,60,Side Swipe,T-Junction,Daylight,,Not Raining
2017-11139-8/11/2018,0,0,0,0,1: PDO,Full,1,,100,Head On,Not Divided,Night,,Not Raining
2017-11140-8/11/2018,0,0,0,0,1: PDO,,,,60,Right Turn,T-Junction,Daylight,,Not Raining
2017-11141-8/11/2018,0,0,0,0,1: PDO,Full,2,,60,Right Angle,T-Junction,Daylight,,Not Raining
2017-11142-8/11/2018,1,0,0,1,2: MI,Full,1,,60,Right Angle,Not Divided,Daylight,,Not Raining
2017-11143-8/11/2018,0,0,0,0,1: PDO,Full,1,,60,Hit Fixed Object,Not Divided,Night,,Not Raining
2017-11144-8/11/2018,1,0,1,0,3: SI,Unknown,1,,60,Hit Fixed Object,Divided Road,Daylight,,Not Raining
2017-11145-8/11/2018,0,0,0,0,1: PDO,Full,1,,60,Side Swipe,Cross Road,Daylight,,Not Raining
2017-11146-8/11/2018,1,0,0,1,2: MI,Provisional 1 ,1,,60,Right Angle,Divided Road,Daylight,,Not Raining
2017-11147-8/11/2018,0,0,0,0,1: PDO,Full,1,,60,Right Angle,T-Junction,Daylight,,Not Raining
2017-11148-8/11/2018,1,0,1,0,3: SI,Provisional 1 ,1,,40,Left Road - Out of Control,Not Divided,Daylight,,Not Raining
2017-11149-8/11/2018,0,0,0,0,1: PDO,Full,1,,60,Rear End,T-Junction,Daylight,,Not Raining
2017-11150-8/11/2018,1,0,0,1,2: MI,,,,60,Rear End,T-Junction,Daylight,,Not Raining
2017-11151-8/11/2018,1,0,0,1,2: MI,,1,,60,Rear End,Not Divided,Night,,Not Raining
2017-11152-8/11/2018,0,0,0,0,1: PDO,Full,1,,60,Right Angle,Cross Road,Daylight,,Not Raining
2017-11153-8/11/2018,1,0,0,1,2: MI,Full,1,,60,Rear End,Divided Road,Daylight,,Not Raining
2017-11154-8/11/2018,1,0,0,1,2: MI,Full,1,,50,Hit Pedestrian,Not Divided,Night,,Not Raining
2017-11155-8/11/2018,1,0,0,1,2: MI,Full,1,,50,Roll Over,Not Divided,Night,,Not Raining
2017-11156-8/11/2018,2,0,2,0,3: SI,Unknown,1,,60,Hit Fixed Object,Not Divided,Night,,Not Raining
2017-11157-8/11/2018,0,0,0,0,1: PDO,Full,4,,80,Hit Fixed Object,T-Junction,Night,Y,Not Raining
2017-11158-8/11/2018,0,0,0,0,1: PDO,Full,2,,100,Hit Animal,Freeway,Night,,Not Raining
2017-11159-8/11/2018,0,0,0,0,1: PDO,Provisional 1 ,2,,100,Hit Fixed Object,Not Divided,Daylight,,Not Raining
2017-11160-8/11/2018,0,0,0,0,1: PDO,,,,60,Hit Fixed Object,T-Junction,Daylight,,Unknown
2017-11161-8/11/2018,0,0,0,0,1: PDO,Provisional 2,2,,60,Hit Parked Vehicle,Divided Road,Night,,Not Raining
2017-11162-8/11/2018,0,0,0,0,1: PDO,Full,1,,80,Right Angle,Cross Road,Daylight,,Not Raining
2017-11163-8/11/2018,0,0,0,0,1: PDO,Provisional 1 ,1,,50,Hit Parked Vehicle,Not Divided,Daylight,,Not Raining
2017-11164-8/11/2018,0,0,0,0,1: PDO,Full,1,,60,Rear End,Divided Road,Daylight,,Not Raining
2017-11165-8/11/2018,1,0,0,1,2: MI,Full,1,,50,Hit Parked Vehicle,Not Divided,Daylight,,Not Raining
2017-11166-8/11/2018,0,0,0,0,1: PDO,Full,1,,60,Right Angle,T-Junction,Daylight,,Not Raining
2017-11167-8/11/2018,1,0,0,1,2: MI,Full,1,,50,Side Swipe,Not Divided,Daylight,,Not Raining
2017-11168-8/11/2018,0,0,0,0,1: PDO,Full,1,,60,Rear End,Divided Road,Daylight,,Not Raining
2017-11169-8/11/2018,1,0,0,1,2: MI,Full,2,,60,Right Angle,T-Junction,Daylight,,Not Raining
2017-11170-8/11/2018,0,0,0,0,1: PDO,Full,1,,60,Other,Divided Road,Daylight,,Not Raining
2017-11171-8/11/2018,2,0,0,2,2: MI,,,,60,Right Angle,T-Junction,Daylight,,Not Raining
2017-11172-8/11/2018,1,0,0,1,2: MI,,1,,50,Right Angle,Cross Road,Daylight,,Not Raining
2017-11173-8/11/2018,1,0,0,1,2: MI,Full,1,,100,Hit Fixed Object,Not Divided,Daylight,,Not Raining
2017-11174-8/11/2018,0,0,0,0,1: PDO,Full,3,,80,Head On,Not Divided,Daylight,,Not Raining
2017-11175-8/11/2018,0,0,0,0,1: PDO,,,Y,60,Hit Fixed Object,Not Divided,Daylight,,Not Raining
2017-11176-8/11/2018,0,0,0,0,1: PDO,Full,1,,70,Hit Fixed Object,Not Divided,Daylight,,Not Raining
2017-11177-8/11/2018,0,0,0,0,1: PDO,,,,60,Rear End,T-Junction,Daylight,,Not Raining
2017-11178-8/11/2018,0,0,0,0,1: PDO,Full,1,,110,Hit Animal,Not Divided,Daylight,,Not Raining
2017-11179-8/11/2018,0,0,0,0,1: PDO,Unknown,1,,40,Hit Fixed Object,T-Junction,Daylight,,Not Raining
2017-11180-8/11/2018,0,0,0,0,1: PDO,Provisional 2,1,,50,Right Angle,Cross Road,Daylight,,Not Raining
2017-11181-8/11/2018,0,0,0,0,1: PDO,Provisional 2,1,,100,Hit Fixed Object,Not Divided,Night,,Not Raining
2017-11182-8/11/2018,1,0,0,1,2: MI,Provisional 1 ,1,Y,110,Hit Fixed Object,T-Junction,Daylight,,Not Raining
2017-11183-8/11/2018,0,0,0,0,1: PDO,Full,1,,60,Rear End,Not Divided,Night,,Not Raining
2017-11184-8/11/2018,0,0,0,0,1: PDO,Provisional 2,1,,60,Side Swipe,Divided Road,Daylight,,Not Raining
2017-11185-8/11/2018,0,0,0,0,1: PDO,Full,1,,60,Right Angle,T-Junction,Daylight,,Not Raining
2017-11186-8/11/2018,0,0,0,0,1: PDO,Provisional 1 ,2,,60,Rear End,T-Junction,Daylight,,Not Raining
2017-11187-8/11/2018,0,0,0,0,1: PDO,Full,1,,60,Hit Pedestrian,T-Junction,Daylight,,Not Raining
2017-11188-8/11/2018,2,0,0,2,2: MI,Full,1,Y,50,Right Angle,Cross Road,Daylight,,Not Raining
2017-11189-8/11/2018,0,0,0,0,1: PDO,Probationary,4,,60,Right Angle,T-Junction,Daylight,,Not Raining
2017-11190-8/11/2018,0,0,0,0,1: PDO,Full,1,,110,Side Swipe,Not Divided,Daylight,,Not Raining
2017-11191-8/11/2018,1,0,0,1,2: MI,Full,1,,60,Rear End,T-Junction,Daylight,,Not Raining
2017-11192-8/11/2018,0,0,0,0,1: PDO,,0,,90,Other,Freeway,Daylight,,Not Raining
2017-11193-8/11/2018,1,0,0,1,2: MI,,0,,50,Hit Pedestrian,Cross Road,Daylight,,Not Raining
2017-11194-8/11/2018,1,0,0,1,2: MI,,,,60,Rear End,Cross Road,Daylight,,Not Raining
2017-11195-8/11/2018,0,0,0,0,1: PDO,Full,1,,50,Right Angle,Cross Road,Daylight,,Not Raining
2017-11196-8/11/2018,1,0,0,1,2: MI,Unlicenced,1,,80,Rear End,Cross Road,Daylight,,Not Raining
2017-11197-8/11/2018,1,0,0,1,2: MI,Full,2,,50,Roll Over,Not Divided,Night,,Not Raining
2017-11198-8/11/2018,0,0,0,0,1: PDO,,,,60,Right Angle,T-Junction,Daylight,,Not Raining
2017-11199-8/11/2018,0,0,0,0,1: PDO,Full,1,,80,Side Swipe,Cross Road,Daylight,,Not Raining
2017-11200-8/11/2018,1,0,0,1,2: MI,,0,,80,Rear End,T-Junction,Daylight,,Not Raining
2017-11201-8/11/2018,0,0,0,0,1: PDO,Learners,4,,60,Right Turn,T-Junction,Daylight,,Not Raining
2017-11202-8/11/2018,0,0,0,0,1: PDO,,,,60,Side Swipe,Divided Road,Daylight,,Not Raining
2017-11203-8/11/2018,1,0,0,1,2: MI,Full,1,,40,Hit Fixed Object,Not Divided,Daylight,,Not Raining
2017-11204-8/11/2018,0,0,0,0,1: PDO,,,,60,Side Swipe,Cross Road,Daylight,,Not Raining
2017-11205-8/11/2018,1,0,0,1,2: MI,Full,1,,50,Right Angle,Cross Road,Daylight,,Not Raining
2017-11206-8/11/2018,0,0,0,0,1: PDO,,,,60,Side Swipe,Divided Road,Daylight,,Not Raining
2017-11207-8/11/2018,0,0,0,0,1: PDO,Full,1,,80,Side Swipe,T-Junction,Daylight,,Not Raining
2017-11208-8/11/2018,0,0,0,0,1: PDO,,,,60,Hit Fixed Object,Not Divided,Night,,Not Raining
2017-11209-8/11/2018,0,0,0,0,1: PDO,Learners,1,,60,Right Angle,Cross Road,Daylight,,Not Raining
2017-11210-8/11/2018,1,0,0,1,2: MI,,,,50,Hit Fixed Object,Not Divided,Daylight,,Not Raining
2017-11211-8/11/2018,0,0,0,0,1: PDO,,,,60,Side Swipe,Divided Road,Daylight,,Not Raining
2017-11212-8/11/2018,1,0,0,1,2: MI,Full,1,,60,Right Turn,Cross Road,Daylight,,Not Raining
2017-11213-8/11/2018,0,0,0,0,1: PDO,,,,70,Rear End,Divided Road,Daylight,,Not Raining
2017-11214-8/11/2018,1,0,0,1,2: MI,Unlicenced,1,Y,80,Head On,Not Divided,Daylight,,Not Raining
2017-11215-8/11/2018,0,0,0,0,1: PDO,,,,60,Right Angle,T-Junction,Daylight,,Not Raining
2017-11216-8/11/2018,0,0,0,0,1: PDO,Provisional 2,1,,60,Right Angle,T-Junction,Daylight,,Not Raining
2017-11217-8/11/2018,0,0,0,0,1: PDO,Full,1,Y,30,Hit Fixed Object,Not Divided,Night,,Not Raining
2017-11218-8/11/2018,0,0,0,0,1: PDO,Full,1,,60,Rear End,Divided Road,Daylight,,Raining
2017-11219-8/11/2018,0,0,0,0,1: PDO,,1,,70,Rear End,Divided Road,Daylight,,Not Raining
2017-11220-8/11/2018,0,0,0,0,1: PDO,Full,1,,50,Right Angle,Cross Road,Daylight,,Not Raining
2017-11221-8/11/2018,0,0,0,0,1: PDO,Full,1,,60,Side Swipe,Divided Road,Daylight,,Not Raining
2017-11222-8/11/2018,0,0,0,0,1: PDO,,1,,80,Rear End,T-Junction,Daylight,,Not Raining
2017-11223-8/11/2018,0,0,0,0,1: PDO,,1,,60,Side Swipe,Divided Road,Daylight,,Not Raining
2017-11224-8/11/2018,0,0,0,0,1: PDO,,1,,50,Rear End,Not Divided,Daylight,,Not Raining
2017-11225-8/11/2018,1,0,0,1,2: MI,,1,,50,Rear End,T-Junction,Daylight,,Not Raining
2017-11226-8/11/2018,1,0,0,1,2: MI,Full,1,Y,60,Rear End,T-Junction,Daylight,,Not Raining
2017-11227-8/11/2018,1,0,0,1,2: MI,Full,1,,60,Rear End,Divided Road,Daylight,,Not Raining
2017-11228-8/11/2018,1,0,0,1,2: MI,Provisional 2,1,,60,Rear End,T-Junction,Daylight,,Not Raining
2017-11229-8/11/2018,1,0,0,1,2: MI,,,,50,Hit Pedestrian,Divided Road,Daylight,,Not Raining
2017-11230-8/11/2018,0,0,0,0,1: PDO,Full,1,,60,Right Angle,Cross Road,Daylight,,Not Raining
2017-11231-8/11/2018,0,0,0,0,1: PDO,,0,,60,Right Angle,T-Junction,Daylight,,Not Raining
2017-11232-8/11/2018,2,0,0,2,2: MI,Full,1,Y,100,Head On,Not Divided,Daylight,,Not Raining