REPORT_ID,Total Cas,Total Fats,Total SI,Total MI,CSEF Severity,Licence Type,Number Occupants,Drugs Involved,Area Speed,Crash Type,Position Type,DayNight,DUI Involved,Weather Cond
2017-11233-8/11/2018,0,0,0,0,1: PDO,,,,60,Hit Fixed Object,Rail Xing,Daylight,,Not Raining
2017-11234-8/11/2018,0,0,0,0,1: PDO,Full,1,,50,Side Swipe,Divided Road,Daylight,,Not Raining
2017-11235-8/11/2018,1,0,0,1,2: MI,Full,3,,70,Rear End,Divided Road,Daylight,,Not Raining
2017-11236-8/11/2018,0,0,0,0,1: PDO,Unknown,1,,40,Right Angle,Cross Road,Daylight,,Not Raining
2017-11237-8/11/2018,2,0,0,2,2: MI,Provisional 1 ,1,,60,Rear End,Not Divided,Daylight,,Not Raining
2017-11238-8/11/2018,0,0,0,0,1: PDO,Full,1,,50,Hit Parked Vehicle,Divided Road,Daylight,,Not Raining
2017-11239-8/11/2018,0,0,0,0,1: PDO,Full,4,,60,Right Angle,T-Junction,Daylight,,Not Raining
2017-11240-8/11/2018,0,0,0,0,1: PDO,Full,1,,60,Hit Parked Vehicle,Not Divided,Daylight,,Not Raining
2017-11241-8/11/2018,0,0,0,0,1: PDO,Full,1,,60,Hit Pedestrian,Not Divided,Daylight,,Not Raining
2017-11242-8/11/2018,0,0,0,0,1: PDO,Unknown,1,,60,Rear End,Not Divided,Daylight,,Not Raining
2017-11243-8/11/2018,2,0,0,2,2: MI,Full,2,,60,Rear End,Cross Road,Daylight,,Not Raining
2017-11244-8/11/2018,0,0,0,0,1: PDO,,,,60,Right Angle,T-Junction,Daylight,,Not Raining
2017-11245-8/11/2018,0,0,0,0,1: PDO,Full,1,,60,Rear End,Not Divided,Daylight,,Not Raining
2017-11246-8/11/2018,1,0,0,1,2: MI,,,,60,Other,Not Divided,Daylight,,Not Raining
2017-11247-8/11/2018,1,0,0,1,2: MI,Full,2,,60,Side Swipe,Divided Road,Daylight,,Not Raining
2017-11248-8/11/2018,0,0,0,0,1: PDO,Full,1,,100,Hit Fixed Object,Not Divided,Daylight,,Not Raining
2017-11249-8/11/2018,1,0,0,1,2: MI,Provisional 2,1,,50,Hit Pedestrian,Not Divided,Daylight,,Not Raining
2017-11250-8/11/2018,0,0,0,0,1: PDO,,,,50,Side Swipe,T-Junction,Daylight,,Not Raining
2017-11251-8/11/2018,1,0,0,1,2: MI,Full,1,,60,Right Angle,T-Junction,Daylight,,Not Raining
2017-11252-8/11/2018,2,0,0,2,2: MI,Full,1,,60,Rear End,T-Junction,Daylight,,Not Raining
2017-11253-8/11/2018,0,0,0,0,1: PDO,Full,1,,110,Hit Animal,Not Divided,Night,,Not Raining
2017-11254-8/11/2018,0,0,0,0,1: PDO,Full,1,,80,Hit Animal,Not Divided,Night,,Not Raining
2017-11255-8/11/2018,0,0,0,0,1: PDO,Full,2,,110,Roll Over,Not Divided,Night,,Not Raining
2017-11256-8/11/2018,1,0,0,1,2: MI,Full,1,,50,Right Turn,Cross Road,Daylight,,Not Raining
2017-11257-8/11/2018,0,0,0,0,1: PDO,Provisional 2,1,,60,Rear End,Not Divided,Daylight,,Not Raining
2017-11258-8/11/2018,1,0,0,1,2: MI,Full,5,,60,Hit Fixed Object,T-Junction,Daylight,,Not Raining
2017-11259-8/11/2018,0,0,0,0,1: PDO,,,,50,Rear End,Rail Xing,Daylight,,Raining
2017-11260-8/11/2018,0,0,0,0,1: PDO,Full,1,,50,Right Angle,Cross Road,Daylight,,Not Raining
2017-11261-8/11/2018,1,0,0,1,2: MI,,1,,60,Rear End,Cross Road,Daylight,,Not Raining
2017-11262-8/11/2018,1,0,0,1,2: MI,Full,1,,60,Rear End,T-Junction,Daylight,,Not Raining
2017-11263-8/11/2018,1,0,0,1,2: MI,,,,50,Hit Pedestrian,Not Divided,Daylight,,Not Raining
2017-11264-8/11/2018,0,0,0,0,1: PDO,Full,1,,60,Side Swipe,Divided Road,Daylight,,Not Raining
2017-11265-8/11/2018,1,0,0,1,2: MI,,,,50,Side Swipe,T-Junction,Daylight,,Not Raining
2017-11266-8/11/2018,0,0,0,0,1: PDO,Full,1,,50,Hit Fixed Object,T-Junction,Daylight,,Not Raining
2017-11267-8/11/2018,0,0,0,0,1: PDO,,,,60,Side Swipe,Not Divided,Daylight,,Not Raining
2017-11268-8/11/2018,1,0,0,1,2: MI,Provisional 1 ,1,,110,Rear End,Cross Road,Daylight,,Not Raining
2017-11269-8/11/2018,1,0,0,1,2: MI,,,,60,Hit Fixed Object,Not Divided,Night,,Not Raining
2017-11270-8/11/2018,0,0,0,0,1: PDO,Full,2,,50,Hit Parked Vehicle,Not Divided,Daylight,,Not Raining
2017-11271-8/11/2018,0,0,0,0,1: PDO,Unknown,1,,60,Rear End,T-Junction,Daylight,,Not Raining
2017-11272-8/11/2018,1,0,0,1,2: MI,Unlicenced,1,,60,Rear End,Not Divided,Daylight,,Not Raining
2017-11273-8/11/2018,1,1,0,0,4: Fatal,,,Y,110,Roll Over,Not Divided,Night,Y,Not Raining
2017-11274-8/11/2018,0,0,0,0,1: PDO,Full,2,,60,Right Turn,Cross Road,Daylight,,Not Raining
2017-11275-8/11/2018,1,0,0,1,2: MI,Full,2,,110,Hit Fixed Object,Not Divided,Daylight,,Not Raining
2017-11276-8/11/2018,0,0,0,0,1: PDO,Full,3,,60,Rear End,T-Junction,Daylight,,Not Raining
2017-11277-8/11/2018,0,0,0,0,1: PDO,Full,1,,60,Rear End,Cross Road,Daylight,,Not Raining
2017-11278-8/11/2018,1,0,0,1,2: MI,Full,2,,50,Rear End,Cross Road,Daylight,,Not Raining
2017-11279-8/11/2018,1,0,0,1,2: MI,Full,2,,60,Rear End,T-Junction,Daylight,,Not Raining
2017-11280-8/11/2018,1,0,0,1,2: MI,Unknown,1,,100,Hit Fixed Object,Not Divided,Daylight,,Not Raining
2017-11281-8/11/2018,0,0,0,0,1: PDO,Full,2,,60,Rear End,T-Junction,Daylight,,Not Raining
2017-11282-8/11/2018,1,0,0,1,2: MI,Provisional 2,1,,60,Head On,Not Divided,Daylight,,Not Raining
2017-11283-8/11/2018,2,0,0,2,2: MI,Unlicenced,1,,50,Right Angle,Cross Road,Daylight,,Not Raining
2017-11284-8/11/2018,0,0,0,0,1: PDO,Unlicenced,1,,60,Side Swipe,Not Divided,Daylight,,Not Raining
2017-11285-8/11/2018,1,0,0,1,2: MI,Full,3,Y,110,Head On,Not Divided,Daylight,,Not Raining
2017-11286-8/11/2018,0,0,0,0,1: PDO,,0,,60,Rear End,Cross Road,Daylight,,Not Raining
2017-11287-8/11/2018,0,0,0,0,1: PDO,Unknown,1,,60,Rear End,Not Divided,Daylight,,Not Raining
2017-11288-8/11/2018,1,0,0,1,2: MI,,,,50,Right Angle,Divided Road,Night,,Not Raining
2017-11289-8/11/2018,1,0,0,1,2: MI,Full,1,,50,Hit Parked Vehicle,Not Divided,Daylight,,Not Raining
2017-11290-8/11/2018,2,0,0,2,2: MI,,,,80,Right Angle,Cross Road,Night,,Not Raining
2017-11291-8/11/2018,0,0,0,0,1: PDO,Unlicenced,1,,60,Hit Parked Vehicle,Not Divided,Night,,Not Raining
2017-11292-8/11/2018,3,0,0,3,2: MI,,,,90,Right Turn,T-Junction,Daylight,,Not Raining
2017-11293-8/11/2018,1,1,0,0,4: Fatal,Probationary,1,Y,110,Right Angle,T-Junction,Night,Y,Not Raining
2017-11294-8/11/2018,0,0,0,0,1: PDO,,0,,50,Hit Fixed Object,Not Divided,Night,,Not Raining
2017-11295-8/11/2018,0,0,0,0,1: PDO,Unlicenced,1,,80,Head On,Not Divided,Daylight,,Not Raining
2017-11296-8/11/2018,0,0,0,0,1: PDO,Full,1,,50,Right Angle,Cross Road,Daylight,,Not Raining
2017-11297-8/11/2018,1,0,0,1,2: MI,Full,1,,50,Right Angle,T-Junction,Daylight,,Not Raining
2017-11298-8/11/2018,1,0,0,1,2: MI,,0,,50,Hit Parked Vehicle,Not Divided,Daylight,,Not Raining
2017-11299-8/11/2018,0,0,0,0,1: PDO,Full,1,,60,Right Angle,T-Junction,Daylight,,Not Raining
2017-11300-8/11/2018,1,0,0,1,2: MI,Full,1,,60,Rear End,Divided Road,Daylight,,Not Raining
2017-11301-8/11/2018,0,0,0,0,1: PDO,Full,2,,100,Hit Animal,Not Divided,Daylight,,Not Raining
2017-11302-8/11/2018,1,0,0,1,2: MI,Full,1,,50,Rear End,Cross Road,Daylight,,Not Raining
2017-11303-8/11/2018,1,0,1,0,3: SI,Full,1,,80,Hit Object on Road,Not Divided,Daylight,,Not Raining
2017-11304-8/11/2018,0,0,0,0,1: PDO,Full,1,,100,Right Angle,Cross Road,Daylight,,Not Raining
2017-11305-8/11/2018,0,0,0,0,1: PDO,Full,2,,60,Side Swipe,Divided Road,Daylight,,Not Raining
2017-11306-8/11/2018,1,0,1,0,3: SI,Full,1,,100,Roll Over,Not Divided,Daylight,,Not Raining
2017-11307-8/11/2018,0,0,0,0,1: PDO,Full,1,,60,Side Swipe,Divided Road,Daylight,,Not Raining
2017-11308-8/11/2018,0,0,0,0,1: PDO,Full,1,,40,Right Angle,Not Divided,Daylight,,Not Raining
2017-11309-8/11/2018,1,0,0,1,2: MI,Full,1,,60,Head On,Divided Road,Daylight,,Not Raining
2017-11310-8/11/2018,0,0,0,0,1: PDO,Full,1,,80,Hit Fixed Object,Not Divided,Night,,Not Raining
2017-11311-8/11/2018,0,0,0,0,1: PDO,Full,1,,50,Side Swipe,T-Junction,Daylight,,Not Raining
2017-11312-8/11/2018,1,0,0,1,2: MI,Full,1,Y,110,Side Swipe,Not Divided,Daylight,Y,Not Raining
2017-11313-8/11/2018,1,0,0,1,2: MI,Full,1,,100,Hit Fixed Object,Not Divided,Daylight,,Not Raining
2017-11314-8/11/2018,0,0,0,0,1: PDO,Full,1,,60,Hit Parked Vehicle,Divided Road,Daylight,,Not Raining
2017-11315-8/11/2018,1,0,0,1,2: MI,Unknown,1,,60,Side Swipe,Divided Road,Daylight,,Not Raining
2017-11316-8/11/2018,1,0,0,1,2: MI,Full,1,,50,Hit Parked Vehicle,T-Junction,Daylight,,Not Raining
2017-11317-8/11/2018,0,0,0,0,1: PDO,,,,60,Right Angle,T-Junction,Daylight,,Not Raining
2017-11318-8/11/2018,0,0,0,0,1: PDO,Provisional 2,3,,60,Right Turn,Cross Road,Daylight,,Not Raining
2017-11319-8/11/2018,0,0,0,0,1: PDO,,,,50,Hit Fixed Object,Not Divided,Daylight,,Not Raining
2017-11320-8/11/2018,0,0,0,0,1: PDO,Provisional 1 ,1,,70,Rear End,Divided Road,Daylight,,Not Raining
2017-11321-8/11/2018,0,0,0,0,1: PDO,,,,60,Right Angle,T-Junction,Daylight,,Not Raining
2017-11322-8/11/2018,2,0,0,2,2: MI,,,,60,Side Swipe,Cross Road,Daylight,,Not Raining
2017-11323-8/11/2018,0,0,0,0,1: PDO,Full,2,,60,Rear End,Divided Road,Daylight,,Not Raining
2017-11324-8/11/2018,1,0,0,1,2: MI,Full,1,,60,Rear End,Divided Road,Daylight,,Not Raining
2017-11325-8/11/2018,0,0,0,0,1: PDO,Full,1,,50,Hit Fixed Object,T-Junction,Daylight,,Not Raining
2017-11326-8/11/2018,0,0,0,0,1: PDO,Full,2,,60,Head On,T-Junction,Daylight,,Not Raining
2017-11327-8/11/2018,0,0,0,0,1: PDO,Full,1,,60,Rear End,T-Junction,Night,,Not Raining
2017-11328-8/11/2018,5,0,0,5,2: MI,Full,1,,60,Rear End,Divided Road,Daylight,,Not Raining
2017-11329-8/11/2018,0,0,0,0,1: PDO,Full,3,,60,Right Turn,Cross Road,Daylight,,Not Raining
2017-11330-8/11/2018,0,0,0,0,1: PDO,Provisional 1 ,1,,60,Right Angle,T-Junction,Daylight,,Not Raining
2017-11331-8/11/2018,1,0,0,1,2: MI,Full,2,,50,Rear End,Cross Road,Daylight,,Not Raining
2017-11332-8/11/2018,4,0,0,4,2: MI,Full,2,,100,Hit Fixed Object,Not Divided,Daylight,Y,Not Raining
2017-11333-8/11/2018,0,0,0,0,1: PDO,Full,4,,40,Right Angle,T-Junction,Daylight,,Not Raining
2017-11334-8/11/2018,0,0,0,0,1: PDO,Provisional 2,1,,60,Rear End,Cross Road,Daylight,,Not Raining
2017-11335-8/11/2018,1,0,1,0,3: SI,Full,1,,60,Right Turn,T-Junction,Night,,Not Raining
2017-11336-8/11/2018,0,0,0,0,1: PDO,Full,5,,100,Hit Fixed Object,Not Divided,Daylight,,Not Raining
2017-11337-8/11/2018,1,0,0,1,2: MI,Full,2,,60,Rear End,Divided Road,Night,,Not Raining
2017-11338-8/11/2018,0,0,0,0,1: PDO,Full,1,,60,Right Turn,Cross Road,Night,,Not Raining
2017-11339-8/11/2018,0,0,0,0,1: PDO,,,,50,Right Angle,Cross Road,Daylight,,Not Raining
2017-11340-8/11/2018,0,0,0,0,1: PDO,Full,1,,60,Right Angle,T-Junction,Daylight,,Not Raining
2017-11341-8/11/2018,0,0,0,0,1: PDO,,1,,50,Hit Parked Vehicle,Not Divided,Daylight,,Not Raining
2017-11342-8/11/2018,0,0,0,0,1: PDO,Unlicenced,1,,80,Hit Fixed Object,T-Junction,Daylight,,Not Raining
2017-11343-8/11/2018,1,0,0,1,2: MI,Unlicenced,1,,60,Rear End,Cross Road,Daylight,,Not Raining
2017-11344-8/11/2018,1,0,0,1,2: MI,Full,2,,60,Right Angle,T-Junction,Daylight,,Not Raining
2017-11345-8/11/2018,0,0,0,0,1: PDO,Full,2,,50,Hit Parked Vehicle,Not Divided,Daylight,,Not Raining
2017-11346-8/11/2018,1,0,0,1,2: MI,Full,3,,60,Rear End,Divided Road,Daylight,,Not Raining
2017-11347-8/11/2018,1,0,0,1,2: MI,Full,1,,100,Roll Over,Not Divided,Daylight,,Not Raining
2017-11348-8/11/2018,0,0,0,0,1: PDO,,,,50,Hit Fixed Object,Not Divided,Night,,Not Raining
2017-11349-8/11/2018,1,0,0,1,2: MI,Unknown,1,,50,Right Angle,Not Divided,Daylight,,Not Raining
2017-11350-8/11/2018,0,0,0,0,1: PDO,,,,60,Rear End,T-Junction,Daylight,,Not Raining
2017-11351-8/11/2018,0,0,0,0,1: PDO,Provisional 1 ,1,,60,Right Turn,T-Junction,Daylight,,Not Raining
2017-11352-8/11/2018,1,0,0,1,2: MI,Unknown,1,,60,Right Angle,Cross Road,Daylight,,Not Raining
2017-11353-8/11/2018,1,0,0,1,2: MI,Unknown,1,,60,Right Turn,T-Junction,Daylight,,Not Raining
2017-11354-8/11/2018,1,0,0,1,2: MI,,0,,60,Rear End,Cross Road,Daylight,,Not Raining
2017-11355-8/11/2018,0,0,0,0,1: PDO,Full,6,,60,Rear End,T-Junction,Daylight,,Not Raining
2017-11356-8/11/2018,0,0,0,0,1: PDO,,,,110,Roll Over,Not Divided,Daylight,,Not Raining
2017-11357-8/11/2018,0,0,0,0,1: PDO,Full,1,,60,Rear End,Divided Road,Daylight,,Not Raining
2017-11358-8/11/2018,2,0,0,2,2: MI,Full,1,,60,Rear End,Divided Road,Daylight,,Not Raining
2017-11359-8/11/2018,1,0,0,1,2: MI,Provisional 2,1,,80,Rear End,Divided Road,Daylight,,Not Raining
2017-11360-8/11/2018,1,0,0,1,2: MI,,,,60,Right Turn,T-Junction,Daylight,,Not Raining
2017-11361-8/11/2018,0,0,0,0,1: PDO,Full,1,,110,Side Swipe,Not Divided,Daylight,,Not Raining
2017-11362-8/11/2018,0,0,0,0,1: PDO,Full,1,,60,Rear End,T-Junction,Daylight,,Not Raining
2017-11363-8/11/2018,0,0,0,0,1: PDO,Provisional 1 ,1,,40,Rear End,Not Divided,Daylight,,Not Raining
2017-11364-8/11/2018,3,0,0,3,2: MI,,,,60,Rear End,Divided Road,Daylight,,Not Raining
2017-11365-8/11/2018,0,0,0,0,1: PDO,Full,1,,90,Rear End,Freeway,Daylight,,Not Raining
2017-11366-8/11/2018,1,0,0,1,2: MI,Full,1,,60,Rear End,Divided Road,Daylight,,Not Raining
2017-11367-8/11/2018,1,0,0,1,2: MI,Unknown,1,,50,Right Angle,Cross Road,Daylight,,Not Raining
2017-11368-8/11/2018,0,0,0,0,1: PDO,Full,1,,50,Side Swipe,Cross Road,Daylight,,Not Raining
2017-11369-8/11/2018,2,0,1,1,3: SI,Full,1,,60,Head On,Divided Road,Daylight,,Not Raining
2017-11370-8/11/2018,1,0,0,1,2: MI,Full,1,,50,Right Angle,Cross Road,Night,,Not Raining
2017-11371-8/11/2018,1,0,0,1,2: MI,Full,1,Y,50,Hit Parked Vehicle,T-Junction,Night,,Not Raining
2017-11372-8/11/2018,2,0,0,2,2: MI,Full,2,Y,70,Right Turn,T-Junction,Daylight,,Not Raining
2017-11373-8/11/2018,0,0,0,0,1: PDO,,1,,50,Hit Parked Vehicle,Not Divided,Daylight,,Not Raining
2017-11374-8/11/2018,1,0,0,1,2: MI,Full,1,,70,Side Swipe,Divided Road,Daylight,,Not Raining
2017-11375-8/11/2018,1,0,0,1,2: MI,,,,60,Right Angle,Cross Road,Daylight,,Not Raining
2017-11376-8/11/2018,0,0,0,0,1: PDO,Full,1,,50,Rear End,Not Divided,Daylight,,Not Raining
2017-11377-8/11/2018,0,0,0,0,1: PDO,Full,1,,50,Right Angle,Cross Road,Daylight,,Not Raining
2017-11378-8/11/2018,1,0,0,1,2: MI,,,,50,Hit Parked Vehicle,Not Divided,Daylight,,Not Raining
2017-11379-8/11/2018,0,0,0,0,1: PDO,Full,1,,60,Rear End,Cross Road,Daylight,,Not Raining
2017-11380-8/11/2018,1,0,0,1,2: MI,Unknown,1,,50,Hit Animal,Not Divided,Daylight,,Not Raining
2017-11381-8/11/2018,1,0,0,1,2: MI,Full,1,,110,Roll Over,Not Divided,Daylight,,Not Raining
2017-11382-8/11/2018,2,0,0,2,2: MI,,,,60,Rear End,Pedestrian Crossing,Daylight,,Not Raining
2017-11383-8/11/2018,0,0,0,0,1: PDO,Full,1,,50,Hit Fixed Object,Not Divided,Daylight,,Not Raining
2017-11384-8/11/2018,0,0,0,0,1: PDO,Full,2,,110,Roll Over,Not Divided,Daylight,,Not Raining
2017-11385-8/11/2018,1,0,0,1,2: MI,Full,1,Y,60,Rear End,Not Divided,Daylight,,Not Raining
2017-11386-8/11/2018,0,0,0,0,1: PDO,Full,1,,60,Rear End,Divided Road,Daylight,,Not Raining
2017-11387-8/11/2018,1,0,0,1,2: MI,Unknown,1,,60,Right Turn,Cross Road,Daylight,,Not Raining
2017-11388-8/11/2018,0,0,0,0,1: PDO,Unknown,1,,60,Right Turn,T-Junction,Daylight,,Not Raining
2017-11389-8/11/2018,0,0,0,0,1: PDO,Full,1,,60,Side Swipe,Divided Road,Daylight,,Not Raining
2017-11390-8/11/2018,0,0,0,0,1: PDO,Full,1,,60,Right Turn,T-Junction,Daylight,,Not Raining
2017-11391-8/11/2018,1,0,0,1,2: MI,Full,1,,25,Rear End,Not Divided,Daylight,,Not Raining
2017-11392-8/11/2018,0,0,0,0,1: PDO,Probationary,2,,60,Right Turn,Cross Road,Daylight,,Not Raining
2017-11393-8/11/2018,0,0,0,0,1: PDO,Unlicenced,1,,50,Hit Parked Vehicle,Not Divided,Daylight,Y,Not Raining
2017-11394-8/11/2018,0,0,0,0,1: PDO,,,,100,Hit Fixed Object,Not Divided,Daylight,,Not Raining
2017-11395-8/11/2018,1,0,0,1,2: MI,,,,60,Rear End,Divided Road,Daylight,,Not Raining
2017-11396-8/11/2018,1,0,1,0,3: SI,Provisional 1 ,1,Y,110,Rear End,Cross Road,Daylight,,Not Raining
2017-11397-8/11/2018,1,0,0,1,2: MI,Unknown,1,,80,Roll Over,Divided Road,Daylight,,Not Raining
2017-11398-8/11/2018,0,0,0,0,1: PDO,Full,1,,50,Hit Parked Vehicle,Not Divided,Night,Y,Not Raining
2017-11399-8/11/2018,1,0,1,0,3: SI,,,,110,Roll Over,Not Divided,Daylight,,Not Raining
2017-11400-8/11/2018,0,0,0,0,1: PDO,Full,2,,50,Head On,Not Divided,Night,,Not Raining
2017-11401-8/11/2018,2,0,2,0,3: SI,,,,110,Right Angle,T-Junction,Daylight,,Not Raining
2017-11402-8/11/2018,0,0,0,0,1: PDO,Full,1,,50,Hit Fixed Object,Not Divided,Night,,Not Raining
2017-11403-8/11/2018,1,0,0,1,2: MI,Full,1,,50,Right Angle,Cross Road,Night,Y,Not Raining
2017-11404-8/11/2018,0,0,0,0,1: PDO,Full,1,,60,Hit Fixed Object,Divided Road,Night,,Not Raining
2017-11405-8/11/2018,0,0,0,0,1: PDO,Unknown,1,,50,Hit Fixed Object,Cross Road,Night,,Not Raining
2017-11406-8/11/2018,1,0,1,0,3: SI,Full,1,,60,Right Turn,Cross Road,Daylight,,Not Raining
2017-11407-8/11/2018,1,0,0,1,2: MI,Full,1,,60,Side Swipe,Cross Road,Daylight,,Not Raining
2017-11408-8/11/2018,0,0,0,0,1: PDO,Full,1,,50,Right Angle,Cross Road,Daylight,,Not Raining
2017-11409-8/11/2018,1,0,0,1,2: MI,Full,3,,60,Side Swipe,Divided Road,Daylight,,Not Raining
2017-11410-8/11/2018,0,0,0,0,1: PDO,Full,1,,60,Right Turn,T-Junction,Daylight,,Not Raining
2017-11411-8/11/2018,0,0,0,0,1: PDO,Full,1,,50,Side Swipe,Not Divided,Daylight,,Not Raining
2017-11412-8/11/2018,0,0,0,0,1: PDO,Full,1,,40,Right Angle,Cross Road,Daylight,,Not Raining
2017-11413-8/11/2018,1,0,0,1,2: MI,Full,1,,60,Rear End,T-Junction,Daylight,,Not Raining
2017-11414-8/11/2018,0,0,0,0,1: PDO,Full,1,,50,Right Angle,Cross Road,Daylight,,Not Raining
2017-11415-8/11/2018,0,0,0,0,1: PDO,,,,15,Side Swipe,Not Divided,Night,,Not Raining
2017-11416-8/11/2018,0,0,0,0,1: PDO,,0,,50,Right Angle,T-Junction,Daylight,,Not Raining
2017-11417-8/11/2018,0,0,0,0,1: PDO,Unknown,1,,50,Right Angle,T-Junction,Daylight,,Not Raining
2017-11418-8/11/2018,0,0,0,0,1: PDO,Provisional 1 ,2,,60,Rear End,T-Junction,Daylight,,Not Raining
2017-11419-8/11/2018,1,0,0,1,2: MI,Full,1,,60,Roll Over,Cross Road,Daylight,,Not Raining
2017-11420-8/11/2018,2,0,0,2,2: MI,Full,1,,90,Right Angle,Cross Road,Daylight,,Not Raining
2017-11421-8/11/2018,0,0,0,0,1: PDO,Unknown,1,,110,Hit Animal,Freeway,Daylight,,Not Raining
2017-11422-8/11/2018,0,0,0,0,1: PDO,Full,2,,80,Hit Fixed Object,Not Divided,Daylight,,Not Raining
2017-11423-8/11/2018,1,0,0,1,2: MI,Full,1,,60,Right Angle,T-Junction,Daylight,,Not Raining
2017-11424-8/11/2018,0,0,0,0,1: PDO,Unknown,2,,90,Hit Fixed Object,Not Divided,Night,,Not Raining
2017-11425-8/11/2018,1,0,0,1,2: MI,Provisional 2,1,,60,Hit Fixed Object,Cross Road,Night,,Not Raining
2017-11426-8/11/2018,0,0,0,0,1: PDO,Full,1,,60,Hit Fixed Object,Cross Road,Night,,Not Raining
2017-11427-8/11/2018,0,0,0,0,1: PDO,Full,1,,60,Rear End,Cross Road,Night,,Not Raining
2017-11428-8/11/2018,0,0,0,0,1: PDO,,,Y,110,Hit Fixed Object,Not Divided,Daylight,,Not Raining
2017-11429-8/11/2018,2,0,0,2,2: MI,Full,1,,100,Roll Over,Not Divided,Daylight,,Not Raining
2017-11430-8/11/2018,0,0,0,0,1: PDO,Full,1,,50,Roll Over,T-Junction,Night,,Not Raining
2017-11431-8/11/2018,1,0,0,1,2: MI,Full,3,,100,Hit Fixed Object,Not Divided,Night,Y,Not Raining
2017-11432-8/11/2018,0,0,0,0,1: PDO,Full,1,,60,Hit Parked Vehicle,Divided Road,Daylight,,Not Raining
2017-11433-8/11/2018,0,0,0,0,1: PDO,Full,2,,80,Side Swipe,Multiple,Night,,Not Raining
2017-11434-8/11/2018,0,0,0,0,1: PDO,Provisional 1 ,1,,60,Right Angle,Cross Road,Daylight,,Not Raining
2017-11435-8/11/2018,0,0,0,0,1: PDO,Full,1,,50,Right Angle,Cross Road,Daylight,,Not Raining
2017-11436-8/11/2018,0,0,0,0,1: PDO,Provisional 2,1,,60,Side Swipe,Divided Road,Daylight,,Not Raining
2017-11437-8/11/2018,0,0,0,0,1: PDO,,,,100,Hit Fixed Object,Not Divided,Daylight,,Not Raining
2017-11438-8/11/2018,0,0,0,0,1: PDO,Full,1,,50,Hit Fixed Object,Not Divided,Daylight,,Not Raining
2017-11439-8/11/2018,0,0,0,0,1: PDO,Full,1,,80,Rear End,Not Divided,Daylight,,Not Raining
2017-11440-8/11/2018,0,0,0,0,1: PDO,Provisional 2,2,,50,Hit Fixed Object,Cross Road,Daylight,,Not Raining
2017-11441-8/11/2018,0,0,0,0,1: PDO,Full,1,,50,Hit Parked Vehicle,Not Divided,Daylight,,Not Raining
2017-11442-8/11/2018,1,0,0,1,2: MI,Provisional 1 ,2,,50,Hit Parked Vehicle,Not Divided,Daylight,,Not Raining
2017-11443-8/11/2018,1,0,0,1,2: MI,,,,80,Right Turn,T-Junction,Daylight,,Not Raining
2017-11444-8/11/2018,1,0,0,1,2: MI,Full,2,,80,Rear End,Divided Road,Daylight,,Not Raining
2017-11445-8/11/2018,4,1,3,0,4: Fatal,Provisional 1 ,2,Y,100,Hit Fixed Object,Not Divided,Daylight,,Not Raining
2017-11446-8/11/2018,1,0,0,1,2: MI,Full,1,,60,Rear End,Divided Road,Daylight,,Not Raining
2017-11447-8/11/2018,0,0,0,0,1: PDO,,,,50,Hit Parked Vehicle,Not Divided,Daylight,,Not Raining
2017-11448-8/11/2018,0,0,0,0,1: PDO,Full,1,,110,Head On,Not Divided,Daylight,,Not Raining