REPORT_ID,Total Cas,Total Fats,Total SI,Total MI,CSEF Severity,Licence Type,Number Occupants,Drugs Involved,Area Speed,Crash Type,Position Type,DayNight,DUI Involved,Weather Cond
2017-11449-8/11/2018,1,0,0,1,2: MI,Full,1,,60,Rear End,Cross Road,Daylight,,Not Raining
2017-11450-8/11/2018,0,0,0,0,1: PDO,Full,1,,60,Rear End,T-Junction,Daylight,,Not Raining
2017-11451-8/11/2018,0,0,0,0,1: PDO,,,,60,Hit Parked Vehicle,Not Divided,Daylight,,Not Raining
2017-11452-8/11/2018,0,0,0,0,1: PDO,Learners,3,,60,Hit Fixed Object,Divided Road,Daylight,,Not Raining
2017-11453-8/11/2018,2,0,0,2,2: MI,,,,70,Right Angle,Cross Road,Daylight,,Not Raining
2017-11454-8/11/2018,1,0,0,1,2: MI,Full,3,,60,Rear End,T-Junction,Daylight,,Not Raining
2017-11455-8/11/2018,1,0,0,1,2: MI,Full,1,,60,Right Angle,Y-Junction,Daylight,,Not Raining
2017-11456-8/11/2018,3,0,0,3,2: MI,Full,1,,60,Right Angle,Cross Road,Daylight,,Not Raining
2017-11457-8/11/2018,1,0,0,1,2: MI,Full,1,,60,Right Turn,T-Junction,Daylight,,Not Raining
2017-11458-8/11/2018,1,0,0,1,2: MI,,1,,90,Rear End,T-Junction,Daylight,,Not Raining
2017-11459-8/11/2018,1,0,0,1,2: MI,Full,1,,60,Right Angle,Cross Road,Daylight,,Not Raining
2017-11460-8/11/2018,1,0,0,1,2: MI,,,,60,Right Angle,T-Junction,Daylight,,Not Raining
2017-11461-8/11/2018,0,0,0,0,1: PDO,Full,1,,60,Rear End,Not Divided,Daylight,,Not Raining
2017-11462-8/11/2018,1,0,0,1,2: MI,,,,60,Right Angle,Cross Road,Daylight,,Not Raining
2017-11463-8/11/2018,2,0,0,2,2: MI,Unknown,2,,100,Right Angle,Cross Road,Daylight,,Not Raining
2017-11464-8/11/2018,0,0,0,0,1: PDO,,,,50,Right Angle,T-Junction,Daylight,,Not Raining
2017-11465-8/11/2018,0,0,0,0,1: PDO,Full,1,,90,Left Road - Out of Control,Not Divided,Daylight,,Not Raining
2017-11466-8/11/2018,0,0,0,0,1: PDO,Full,1,Y,100,Left Road - Out of Control,Not Divided,Daylight,,Not Raining
2017-11467-8/11/2018,2,0,0,2,2: MI,Full,1,,70,Right Angle,T-Junction,Night,,Not Raining
2017-11468-8/11/2018,0,0,0,0,1: PDO,Unknown,2,,60,Right Angle,T-Junction,Daylight,,Not Raining
2017-11469-8/11/2018,2,0,0,2,2: MI,Unknown,1,,60,Rear End,T-Junction,Daylight,,Not Raining
2017-11470-8/11/2018,0,0,0,0,1: PDO,Full,1,,60,Rear End,T-Junction,Daylight,,Not Raining
2017-11471-8/11/2018,0,0,0,0,1: PDO,,,,50,Right Angle,Cross Road,Daylight,,Not Raining
2017-11472-8/11/2018,0,0,0,0,1: PDO,Full,1,,60,Side Swipe,Not Divided,Daylight,,Not Raining
2017-11473-8/11/2018,0,0,0,0,1: PDO,Full,1,,60,Right Angle,T-Junction,Daylight,,Not Raining
2017-11474-8/11/2018,1,0,0,1,2: MI,Full,1,,50,Hit Fixed Object,Not Divided,Daylight,,Not Raining
2017-11475-8/11/2018,2,0,0,2,2: MI,Provisional 2,4,,60,Right Turn,T-Junction,Daylight,,Not Raining
2017-11476-8/11/2018,0,0,0,0,1: PDO,Full,1,,50,Right Angle,T-Junction,Daylight,,Not Raining
2017-11477-8/11/2018,0,0,0,0,1: PDO,Provisional 1 ,1,,60,Hit Fixed Object,Not Divided,Daylight,,Not Raining
2017-11478-8/11/2018,2,0,0,2,2: MI,Full,1,,50,Right Angle,Cross Road,Daylight,,Not Raining
2017-11479-8/11/2018,0,0,0,0,1: PDO,,,,50,Hit Fixed Object,Not Divided,Daylight,,Not Raining
2017-11480-8/11/2018,0,0,0,0,1: PDO,Full,1,,50,Hit Fixed Object,Not Divided,Daylight,,Not Raining
2017-11481-8/11/2018,0,0,0,0,1: PDO,Provisional 2,1,,50,Hit Parked Vehicle,Not Divided,Night,,Not Raining
2017-11482-8/11/2018,0,0,0,0,1: PDO,Full,1,,50,Hit Fixed Object,Not Divided,Daylight,,Not Raining
2017-11483-8/11/2018,2,0,0,2,2: MI,Full,1,,60,Rear End,Cross Road,Night,,Not Raining
2017-11484-8/11/2018,1,0,0,1,2: MI,Full,1,,100,Hit Object on Road,Freeway,Daylight,,Not Raining
2017-11485-8/11/2018,0,0,0,0,1: PDO,,1,,60,Hit Parked Vehicle,Divided Road,Daylight,,Not Raining
2017-11486-8/11/2018,0,0,0,0,1: PDO,Full,1,,50,Head On,Not Divided,Daylight,,Not Raining
2017-11487-8/11/2018,1,0,0,1,2: MI,Unknown,1,,50,Hit Object on Road,Not Divided,Daylight,,Not Raining
2017-11488-8/11/2018,1,0,0,1,2: MI,Full,2,,60,Side Swipe,Cross Road,Daylight,,Not Raining
2017-11489-8/11/2018,0,0,0,0,1: PDO,Unknown,1,,50,Hit Fixed Object,Cross Road,Night,,Not Raining
2017-11490-8/11/2018,0,0,0,0,1: PDO,Full,1,,10,Hit Parked Vehicle,Not Divided,Daylight,,Not Raining
2017-11491-8/11/2018,0,0,0,0,1: PDO,Full,1,,50,Right Angle,Cross Road,Daylight,,Not Raining
2017-11492-8/11/2018,0,0,0,0,1: PDO,Full,1,,50,Rear End,Not Divided,Daylight,,Not Raining
2017-11493-8/11/2018,0,0,0,0,1: PDO,Full,1,,50,Rear End,Not Divided,Night,,Not Raining
2017-11494-8/11/2018,1,0,0,1,2: MI,Provisional 2,1,,80,Hit Fixed Object,Not Divided,Daylight,,Not Raining
2017-11495-8/11/2018,0,0,0,0,1: PDO,,,,60,Hit Fixed Object,T-Junction,Night,,Not Raining
2017-11496-8/11/2018,0,0,0,0,1: PDO,Unknown,1,,60,Rear End,Divided Road,Daylight,,Raining
2017-11497-8/11/2018,0,0,0,0,1: PDO,Full,1,,60,Right Angle,Cross Road,Daylight,,Not Raining
2017-11498-8/11/2018,0,0,0,0,1: PDO,,,,60,Rear End,T-Junction,Daylight,,Raining
2017-11499-8/11/2018,0,0,0,0,1: PDO,Full,1,,60,Side Swipe,Divided Road,Daylight,,Not Raining
2017-11500-8/11/2018,4,0,0,4,2: MI,Provisional 1 ,1,,60,Head On,Not Divided,Daylight,,Raining
2017-11501-8/11/2018,0,0,0,0,1: PDO,Full,1,,50,Hit Parked Vehicle,Not Divided,Daylight,,Not Raining
2017-11502-8/11/2018,1,0,0,1,2: MI,Full,2,,60,Right Angle,Divided Road,Daylight,,Not Raining
2017-11503-8/11/2018,1,0,0,1,2: MI,Full,1,Y,110,Hit Fixed Object,Not Divided,Daylight,,Unknown
2017-11504-8/11/2018,0,0,0,0,1: PDO,Provisional 2,1,,60,Side Swipe,Cross Road,Daylight,,Not Raining
2017-11505-8/11/2018,0,0,0,0,1: PDO,Full,1,,110,Hit Fixed Object,Not Divided,Daylight,,Raining
2017-11506-8/11/2018,1,0,0,1,2: MI,Full,3,,60,Rear End,Not Divided,Daylight,,Not Raining
2017-11507-8/11/2018,0,0,0,0,1: PDO,Unknown,1,,80,Rear End,Cross Road,Daylight,,Raining
2017-11508-8/11/2018,1,0,0,1,2: MI,Full,1,,80,Rear End,T-Junction,Daylight,,Not Raining
2017-11509-8/11/2018,1,0,0,1,2: MI,Full,1,,50,Side Swipe,Cross Road,Daylight,,Raining
2017-11510-8/11/2018,0,0,0,0,1: PDO,Full,1,,60,Rear End,Cross Road,Daylight,,Raining
2017-11511-8/11/2018,0,0,0,0,1: PDO,Provisional 2,1,,110,Hit Fixed Object,Freeway,Daylight,,Raining
2017-11512-8/11/2018,0,0,0,0,1: PDO,Full,1,,50,Rear End,Divided Road,Daylight,,Not Raining
2017-11513-8/11/2018,0,0,0,0,1: PDO,Unknown,1,,60,Right Angle,Multiple,Daylight,,Raining
2017-11514-8/11/2018,1,0,0,1,2: MI,Full,1,,60,Rear End,Divided Road,Daylight,,Raining
2017-11515-8/11/2018,2,0,0,2,2: MI,Unknown,1,,60,Rear End,Divided Road,Daylight,,Raining
2017-11516-8/11/2018,0,0,0,0,1: PDO,Full,1,,110,Hit Fixed Object,Not Divided,Night,,Not Raining
2017-11517-8/11/2018,0,0,0,0,1: PDO,Unknown,1,,60,Rear End,T-Junction,Daylight,,Raining
2017-11518-8/11/2018,1,0,0,1,2: MI,Provisional 1 ,1,,60,Rear End,Cross Road,Daylight,,Raining
2017-11519-8/11/2018,0,0,0,0,1: PDO,Full,2,,60,Rear End,Divided Road,Daylight,,Not Raining
2017-11520-8/11/2018,1,0,0,1,2: MI,Full,1,,60,Rear End,Divided Road,Daylight,,Not Raining
2017-11521-8/11/2018,0,0,0,0,1: PDO,Full,2,,60,Rear End,Cross Road,Daylight,,Raining
2017-11522-8/11/2018,0,0,0,0,1: PDO,Full,3,,60,Side Swipe,T-Junction,Daylight,,Not Raining
2017-11523-8/11/2018,0,0,0,0,1: PDO,Full,2,,60,Right Angle,Not Divided,Daylight,,Not Raining
2017-11524-8/11/2018,0,0,0,0,1: PDO,Learners,1,,60,Rear End,T-Junction,Daylight,,Not Raining
2017-11525-8/11/2018,1,0,0,1,2: MI,,,,60,Rear End,Cross Road,Daylight,,Raining
2017-11526-8/11/2018,0,0,0,0,1: PDO,Provisional 1 ,2,,60,Rear End,Divided Road,Daylight,,Not Raining
2017-11527-8/11/2018,1,0,0,1,2: MI,Full,3,,50,Hit Pedestrian,Not Divided,Daylight,,Not Raining
2017-11528-8/11/2018,0,0,0,0,1: PDO,Learners,5,,60,Rear End,Divided Road,Daylight,,Not Raining
2017-11529-8/11/2018,1,0,0,1,2: MI,,1,,60,Rear End,Divided Road,Daylight,,Not Raining
2017-11530-8/11/2018,0,0,0,0,1: PDO,,,,80,Hit Fixed Object,Not Divided,Daylight,,Raining
2017-11531-8/11/2018,0,0,0,0,1: PDO,Full,1,,60,Side Swipe,Cross Road,Daylight,,Raining
2017-11532-8/11/2018,2,0,2,0,3: SI,Full,1,,110,Hit Animal,Not Divided,Night,,Not Raining
2017-11533-8/11/2018,0,0,0,0,1: PDO,Unknown,1,,80,Hit Fixed Object,Not Divided,Night,,Not Raining
2017-11534-8/11/2018,1,0,0,1,2: MI,,0,,100,Hit Fixed Object,Not Divided,Night,,Not Raining
2017-11535-8/11/2018,0,0,0,0,1: PDO,Full,3,,60,Other,Divided Road,Daylight,,Not Raining
2017-11536-8/11/2018,1,0,0,1,2: MI,Provisional 1 ,2,,50,Rear End,T-Junction,Daylight,,Raining
2017-11537-8/11/2018,4,0,0,4,2: MI,Unknown,1,,110,Right Turn,T-Junction,Daylight,,Not Raining
2017-11538-8/11/2018,1,0,0,1,2: MI,,,,60,Hit Fixed Object,Divided Road,Daylight,,Not Raining
2017-11539-8/11/2018,1,0,0,1,2: MI,Full,1,,80,Rear End,Divided Road,Daylight,,Not Raining
2017-11540-8/11/2018,0,0,0,0,1: PDO,Full,1,,60,Rear End,Not Divided,Daylight,,Not Raining
2017-11541-8/11/2018,0,0,0,0,1: PDO,Full,1,,60,Rear End,Divided Road,Daylight,,Not Raining
2017-11542-8/11/2018,1,0,0,1,2: MI,Provisional 1 ,1,,50,Right Angle,Cross Road,Daylight,,Not Raining
2017-11543-8/11/2018,0,0,0,0,1: PDO,Full,1,,60,Rear End,Pedestrian Crossing,Daylight,,Not Raining
2017-11544-8/11/2018,0,0,0,0,1: PDO,Full,1,,80,Hit Fixed Object,T-Junction,Daylight,,Raining
2017-11545-8/11/2018,0,0,0,0,1: PDO,,,,60,Rear End,Divided Road,Daylight,,Not Raining
2017-11546-8/11/2018,0,0,0,0,1: PDO,Full,1,,100,Hit Fixed Object,Freeway,Daylight,,Raining
2017-11547-8/11/2018,0,0,0,0,1: PDO,Full,2,,50,Side Swipe,Not Divided,Daylight,,Not Raining
2017-11548-8/11/2018,6,0,0,6,2: MI,Provisional 1 ,3,,50,Right Angle,Cross Road,Daylight,,Not Raining
2017-11549-8/11/2018,0,0,0,0,1: PDO,Full,1,,60,Side Swipe,Divided Road,Daylight,,Not Raining
2017-11550-8/11/2018,1,0,0,1,2: MI,Full,14,,90,Side Swipe,Freeway,Daylight,,Raining
2017-11551-8/11/2018,0,0,0,0,1: PDO,Full,1,,50,Side Swipe,Cross Road,Daylight,,Not Raining
2017-11552-8/11/2018,0,0,0,0,1: PDO,Full,1,,90,Hit Fixed Object,Not Divided,Daylight,,Raining
2017-11553-8/11/2018,0,0,0,0,1: PDO,,,,50,Right Turn,T-Junction,Daylight,,Not Raining
2017-11554-8/11/2018,1,0,0,1,2: MI,Full,1,,50,Rear End,Pedestrian Crossing,Daylight,,Not Raining
2017-11555-8/11/2018,1,0,0,1,2: MI,,,,50,Rear End,Cross Road,Daylight,,Not Raining
2017-11556-8/11/2018,0,0,0,0,1: PDO,Full,1,,50,Right Angle,Cross Road,Daylight,,Raining
2017-11557-8/11/2018,1,0,0,1,2: MI,Full,1,,100,Hit Fixed Object,Not Divided,Daylight,,Raining
2017-11558-8/11/2018,0,0,0,0,1: PDO,Full,1,,60,Side Swipe,Divided Road,Daylight,,Raining
2017-11559-8/11/2018,1,0,0,1,2: MI,,0,,100,Right Angle,T-Junction,Daylight,,Not Raining
2017-11560-8/11/2018,0,0,0,0,1: PDO,Full,1,,110,Hit Fixed Object,Not Divided,Daylight,,Raining
2017-11561-8/11/2018,2,0,1,1,3: SI,Full,2,,110,Roll Over,Not Divided,Daylight,,Not Raining
2017-11562-8/11/2018,0,0,0,0,1: PDO,,,,100,Left Road - Out of Control,Not Divided,Daylight,,Raining
2017-11563-8/11/2018,0,0,0,0,1: PDO,Full,1,,60,Side Swipe,T-Junction,Daylight,,Not Raining
2017-11564-8/11/2018,0,0,0,0,1: PDO,Unlicenced,1,,60,Rear End,Divided Road,Daylight,,Not Raining
2017-11565-8/11/2018,2,0,0,2,2: MI,,1,Y,80,Right Turn,T-Junction,Daylight,,Not Raining
2017-11566-8/11/2018,1,0,0,1,2: MI,Full,1,,60,Right Angle,T-Junction,Daylight,,Not Raining
2017-11567-8/11/2018,0,0,0,0,1: PDO,Full,1,,80,Rear End,Divided Road,Daylight,,Not Raining
2017-11568-8/11/2018,3,0,1,2,3: SI,,0,,60,Head On,T-Junction,Daylight,,Not Raining
2017-11569-8/11/2018,1,0,0,1,2: MI,,,,50,Right Angle,Cross Road,Daylight,,Not Raining
2017-11570-8/11/2018,0,0,0,0,1: PDO,Full,1,,60,Right Angle,T-Junction,Daylight,,Not Raining
2017-11571-8/11/2018,1,0,0,1,2: MI,Full,1,,60,Hit Pedestrian,Pedestrian Crossing,Night,,Not Raining
2017-11572-8/11/2018,1,0,0,1,2: MI,Full,1,,60,Right Angle,Not Divided,Daylight,,Not Raining
2017-11573-8/11/2018,0,0,0,0,1: PDO,Full,1,,60,Rear End,Divided Road,Daylight,,Not Raining
2017-11574-8/11/2018,1,0,0,1,2: MI,Unknown,1,,60,Right Angle,T-Junction,Daylight,,Not Raining
2017-11575-8/11/2018,0,0,0,0,1: PDO,Full,2,,50,Hit Parked Vehicle,Not Divided,Daylight,,Not Raining
2017-11576-8/11/2018,0,0,0,0,1: PDO,Unknown,1,,80,Left Road - Out of Control,Not Divided,Daylight,,Not Raining
2017-11577-8/11/2018,0,0,0,0,1: PDO,Unknown,1,,80,Rear End,Not Divided,Daylight,,Not Raining
2017-11578-8/11/2018,0,0,0,0,1: PDO,Full,1,,60,Rear End,Divided Road,Daylight,,Not Raining
2017-11579-8/11/2018,0,0,0,0,1: PDO,Provisional 2,1,,50,Hit Fixed Object,Not Divided,Night,,Not Raining
2017-11580-8/11/2018,0,0,0,0,1: PDO,Full,1,,100,Hit Fixed Object,Not Divided,Night,Y,Not Raining
2017-11581-8/11/2018,2,0,0,2,2: MI,Unknown,1,,60,Right Angle,T-Junction,Daylight,,Not Raining
2017-11582-8/11/2018,1,0,0,1,2: MI,Full,1,,100,Hit Fixed Object,Not Divided,Night,Y,Raining
2017-11583-8/11/2018,2,0,0,2,2: MI,Full,1,,60,Right Turn,Cross Road,Daylight,,Not Raining
2017-11584-8/11/2018,2,0,0,2,2: MI,,1,,60,Rear End,Divided Road,Daylight,,Raining
2017-11585-8/11/2018,0,0,0,0,1: PDO,Full,1,,60,Hit Fixed Object,Cross Road,Daylight,,Not Raining
2017-11586-8/11/2018,0,0,0,0,1: PDO,Full,1,,110,Side Swipe,Freeway,Daylight,,Raining
2017-11587-8/11/2018,0,0,0,0,1: PDO,Full,2,,80,Head On,Not Divided,Daylight,,Not Raining
2017-11588-8/11/2018,3,0,0,3,2: MI,,,,60,Rear End,Divided Road,Daylight,,Raining
2017-11589-8/11/2018,0,0,0,0,1: PDO,Full,1,,40,Side Swipe,Not Divided,Daylight,,Raining
2017-11590-8/11/2018,0,0,0,0,1: PDO,Full,1,,60,Right Angle,T-Junction,Daylight,,Not Raining
2017-11591-8/11/2018,0,0,0,0,1: PDO,Provisional 1 ,1,,50,Right Angle,Not Divided,Daylight,,Not Raining
2017-11592-8/11/2018,1,0,0,1,2: MI,Full,2,,50,Hit Pedestrian,Not Divided,Daylight,,Raining
2017-11593-8/11/2018,1,0,0,1,2: MI,Full,1,,60,Hit Parked Vehicle,Not Divided,Daylight,,Raining
2017-11594-8/11/2018,1,0,0,1,2: MI,Full,1,,60,Right Turn,Cross Road,Daylight,,Raining
2017-11595-8/11/2018,0,0,0,0,1: PDO,Full,1,,50,Side Swipe,Not Divided,Daylight,,Not Raining
2017-11596-8/11/2018,0,0,0,0,1: PDO,Full,1,,50,Right Turn,Cross Road,Daylight,,Not Raining
2017-11597-8/11/2018,0,0,0,0,1: PDO,Unknown,1,,60,Right Angle,T-Junction,Daylight,,Raining
2017-11598-8/11/2018,1,0,0,1,2: MI,Full,1,,60,Rear End,Divided Road,Daylight,,Not Raining
2017-11599-8/11/2018,1,0,0,1,2: MI,Unknown,1,,60,Rear End,T-Junction,Daylight,,Raining
2017-11600-8/11/2018,0,0,0,0,1: PDO,Full,1,,80,Hit Fixed Object,Divided Road,Daylight,,Raining
2017-11601-8/11/2018,1,0,0,1,2: MI,Full,1,,60,Right Angle,T-Junction,Daylight,,Raining
2017-11602-8/11/2018,2,0,0,2,2: MI,Full,2,Y,60,Hit Parked Vehicle,Not Divided,Daylight,,Raining
2017-11603-8/11/2018,1,0,0,1,2: MI,Full,1,,50,Right Angle,Cross Road,Daylight,,Not Raining
2017-11604-8/11/2018,1,0,0,1,2: MI,Provisional 1 ,1,,50,Hit Parked Vehicle,Not Divided,Daylight,,Raining
2017-11605-8/11/2018,0,0,0,0,1: PDO,,0,,60,Rear End,Divided Road,Daylight,,Not Raining
2017-11606-8/11/2018,0,0,0,0,1: PDO,Full,1,,50,Right Turn,T-Junction,Daylight,,Not Raining
2017-11607-8/11/2018,0,0,0,0,1: PDO,,0,,80,Rear End,T-Junction,Night,,Raining
2017-11608-8/11/2018,1,0,0,1,2: MI,Full,1,,50,Hit Fixed Object,Not Divided,Daylight,,Raining
2017-11609-8/11/2018,0,0,0,0,1: PDO,Full,1,,60,Rear End,T-Junction,Daylight,,Not Raining
2017-11610-8/11/2018,0,0,0,0,1: PDO,Full,1,,60,Right Angle,T-Junction,Daylight,,Not Raining
2017-11611-8/11/2018,1,0,0,1,2: MI,Full,1,,60,Rear End,T-Junction,Daylight,,Not Raining
2017-11612-8/11/2018,1,0,0,1,2: MI,Full,1,,50,Right Angle,Cross Road,Daylight,,Raining
2017-11613-8/11/2018,0,0,0,0,1: PDO,Full,1,,60,Hit Fixed Object,T-Junction,Daylight,,Raining
2017-11614-8/11/2018,0,0,0,0,1: PDO,,0,,60,Right Angle,Cross Road,Daylight,,Not Raining
2017-11615-8/11/2018,0,0,0,0,1: PDO,Full,1,,60,Right Turn,Cross Road,Daylight,,Not Raining
2017-11616-8/11/2018,1,0,0,1,2: MI,Unknown,1,,60,Rear End,Divided Road,Daylight,,Not Raining
2017-11617-8/11/2018,0,0,0,0,1: PDO,Full,1,,100,Rear End,Freeway,Daylight,,Raining
2017-11618-8/11/2018,0,0,0,0,1: PDO,Unknown,1,,50,Hit Fixed Object,Not Divided,Daylight,,Raining
2017-11619-8/11/2018,0,0,0,0,1: PDO,Learners,3,,60,Rear End,Divided Road,Daylight,,Not Raining
2017-11620-8/11/2018,0,0,0,0,1: PDO,Full,1,,100,Hit Fixed Object,Not Divided,Daylight,,Not Raining
2017-11621-8/11/2018,0,0,0,0,1: PDO,Full,1,,50,Hit Parked Vehicle,Not Divided,Night,,Not Raining
2017-11622-8/11/2018,0,0,0,0,1: PDO,Full,1,,60,Side Swipe,Divided Road,Daylight,,Not Raining
2017-11623-8/11/2018,1,0,0,1,2: MI,Full,1,,50,Hit Fixed Object,Not Divided,Night,,Not Raining
2017-11624-8/11/2018,0,0,0,0,1: PDO,Provisional 2,1,,25,Hit Fixed Object,Divided Road,Night,,Not Raining
2017-11625-8/11/2018,1,0,0,1,2: MI,Provisional 2,1,,100,Hit Fixed Object,Not Divided,Night,Y,Unknown
2017-11626-8/11/2018,0,0,0,0,1: PDO,Full,1,,80,Hit Fixed Object,Rail Crossing,Night,Y,Not Raining
2017-11627-8/11/2018,1,0,0,1,2: MI,Full,1,,80,Hit Fixed Object,T-Junction,Night,Y,Not Raining
2017-11628-8/11/2018,0,0,0,0,1: PDO,Full,1,,40,Hit Fixed Object,Not Divided,Night,,Not Raining
2017-11629-8/11/2018,0,0,0,0,1: PDO,Full,1,,110,Right Angle,Cross Road,Night,,Not Raining
2017-11630-8/11/2018,2,0,0,2,2: MI,Full,1,,60,Right Angle,T-Junction,Daylight,,Not Raining
2017-11631-8/11/2018,0,0,0,0,1: PDO,Unknown,1,,60,Rear End,Not Divided,Daylight,,Not Raining
2017-11632-8/11/2018,0,0,0,0,1: PDO,Full,1,,60,Side Swipe,T-Junction,Daylight,,Raining
2017-11633-8/11/2018,0,0,0,0,1: PDO,Full,1,,80,Right Angle,Cross Road,Daylight,,Not Raining
2017-11634-8/11/2018,0,0,0,0,1: PDO,Full,1,,60,Right Angle,Not Divided,Daylight,,Not Raining
2017-11635-8/11/2018,0,0,0,0,1: PDO,,,,60,Side Swipe,Divided Road,Daylight,,Not Raining
2017-11636-8/11/2018,0,0,0,0,1: PDO,,1,,60,Hit Parked Vehicle,Not Divided,Daylight,,Not Raining
2017-11637-8/11/2018,0,0,0,0,1: PDO,Unknown,1,,60,Hit Fixed Object,Cross Road,Daylight,,Raining
2017-11638-8/11/2018,1,0,0,1,2: MI,Unknown,1,,60,Side Swipe,Cross Road,Daylight,,Not Raining
2017-11639-8/11/2018,0,0,0,0,1: PDO,,,,110,Rear End,Not Divided,Daylight,,Not Raining
2017-11640-8/11/2018,0,0,0,0,1: PDO,,,,50,Side Swipe,Not Divided,Daylight,,Not Raining
2017-11641-8/11/2018,0,0,0,0,1: PDO,Full,1,,60,Right Angle,Cross Road,Daylight,,Not Raining
2017-11642-8/11/2018,0,0,0,0,1: PDO,,0,,50,Rear End,Not Divided,Daylight,,Not Raining
2017-11643-8/11/2018,0,0,0,0,1: PDO,,,,60,Rear End,Divided Road,Daylight,,Not Raining
2017-11644-8/11/2018,2,0,0,2,2: MI,Full,1,,80,Right Angle,T-Junction,Daylight,,Raining
2017-11645-8/11/2018,0,0,0,0,1: PDO,Unknown,1,,70,Hit Fixed Object,Not Divided,Night,,Not Raining
2017-11646-8/11/2018,0,0,0,0,1: PDO,Unknown,1,,60,Hit Fixed Object,Divided Road,Daylight,,Not Raining
2017-11647-8/11/2018,0,0,0,0,1: PDO,Unknown,2,,60,Rear End,Divided Road,Daylight,,Not Raining
2017-11648-8/11/2018,0,0,0,0,1: PDO,Unknown,1,,40,Hit Parked Vehicle,Not Divided,Daylight,,Not Raining
2017-11649-8/11/2018,0,0,0,0,1: PDO,Full,2,,60,Rear End,Divided Road,Daylight,,Not Raining
2017-11650-8/11/2018,4,0,0,4,2: MI,,,,80,Hit Fixed Object,Not Divided,Daylight,,Not Raining
2017-11651-8/11/2018,1,0,0,1,2: MI,Full,1,,80,Head On,Not Divided,Daylight,,Raining
2017-11652-8/11/2018,1,0,0,1,2: MI,,,,60,Hit Fixed Object,Not Divided,Daylight,Y,Unknown
2017-11653-8/11/2018,0,0,0,0,1: PDO,Provisional 1 ,1,,60,Side Swipe,T-Junction,Daylight,,Not Raining
2017-11654-8/11/2018,0,0,0,0,1: PDO,Full,2,,60,Rear End,Divided Road,Daylight,,Not Raining
2017-11655-8/11/2018,1,0,0,1,2: MI,Unknown,1,,50,Roll Over,Not Divided,Daylight,,Not Raining
2017-11656-8/11/2018,0,0,0,0,1: PDO,Full,1,,60,Side Swipe,T-Junction,Daylight,,Not Raining
2017-11657-8/11/2018,0,0,0,0,1: PDO,Full,1,,60,Rear End,Divided Road,Daylight,,Raining
2017-11658-8/11/2018,0,0,0,0,1: PDO,Full,1,,110,Hit Fixed Object,Not Divided,Daylight,,Not Raining
2017-11659-8/11/2018,0,0,0,0,1: PDO,Full,1,,50,Rear End,T-Junction,Daylight,,Not Raining
2017-11660-8/11/2018,0,0,0,0,1: PDO,Full,1,,60,Hit Parked Vehicle,Divided Road,Daylight,,Not Raining
2017-11661-8/11/2018,0,0,0,0,1: PDO,Full,1,,80,Left Road - Out of Control,Not Divided,Daylight,,Not Raining
2017-11662-8/11/2018,0,0,0,0,1: PDO,Full,1,,60,Hit Parked Vehicle,Divided Road,Daylight,,Not Raining
2017-11663-8/11/2018,3,0,0,3,2: MI,Full,1,,110,Hit Fixed Object,Not Divided,Night,,Not Raining
2017-11664-8/11/2018,0,0,0,0,1: PDO,Full,1,,50,Hit Pedestrian,T-Junction,Daylight,,Not Raining
2017-11665-8/11/2018,1,0,0,1,2: MI,Full,2,,50,Hit Parked Vehicle,Not Divided,Daylight,,Not Raining