REPORT_ID,Total Cas,Total Fats,Total SI,Total MI,CSEF Severity,Licence Type,Number Occupants,Drugs Involved,Area Speed,Crash Type,Position Type,DayNight,DUI Involved,Weather Cond
2017-11666-8/11/2018,3,0,0,3,2: MI,Full,1,,60,Hit Fixed Object,Not Divided,Daylight,,Not Raining
2017-11667-8/11/2018,0,0,0,0,1: PDO,Full,1,,50,Right Turn,T-Junction,Daylight,,Not Raining
2017-11668-8/11/2018,0,0,0,0,1: PDO,Full,1,,50,Hit Parked Vehicle,T-Junction,Daylight,,Not Raining
2017-11669-8/11/2018,1,0,0,1,2: MI,Full,1,,60,Side Swipe,Divided Road,Daylight,,Not Raining
2017-11670-8/11/2018,1,0,0,1,2: MI,Full,1,,60,Right Turn,Cross Road,Daylight,,Not Raining
2017-11671-8/11/2018,0,0,0,0,1: PDO,Provisional 1 ,2,Y,60,Rear End,Cross Road,Daylight,,Not Raining
2017-11672-8/11/2018,1,0,0,1,2: MI,Full,1,,60,Right Angle,T-Junction,Daylight,,Not Raining
2017-11673-8/11/2018,1,0,0,1,2: MI,Unknown,1,,80,Right Turn,Cross Road,Daylight,,Not Raining
2017-11674-8/11/2018,1,0,0,1,2: MI,Full,1,,60,Rear End,T-Junction,Daylight,,Not Raining
2017-11675-8/11/2018,0,0,0,0,1: PDO,Full,1,,60,Hit Fixed Object,Divided Road,Daylight,,Not Raining
2017-11676-8/11/2018,1,0,0,1,2: MI,Full,2,,60,Right Turn,T-Junction,Daylight,,Not Raining
2017-11677-8/11/2018,0,0,0,0,1: PDO,Full,1,,40,Hit Parked Vehicle,Not Divided,Night,,Not Raining
2017-11678-8/11/2018,1,0,0,1,2: MI,Full,1,Y,50,Roll Over,Not Divided,Daylight,,Not Raining
2017-11679-8/11/2018,0,0,0,0,1: PDO,,,,60,Right Angle,Not Divided,Daylight,,Not Raining
2017-11680-8/11/2018,0,0,0,0,1: PDO,Full,1,,50,Hit Parked Vehicle,Not Divided,Daylight,,Not Raining
2017-11681-8/11/2018,1,0,0,1,2: MI,Full,1,,60,Roll Over,Divided Road,Daylight,,Not Raining
2017-11682-8/11/2018,0,0,0,0,1: PDO,Provisional 2,1,,60,Rear End,T-Junction,Daylight,,Not Raining
2017-11683-8/11/2018,1,0,0,1,2: MI,,1,,50,Side Swipe,Not Divided,Daylight,,Not Raining
2017-11684-8/11/2018,0,0,0,0,1: PDO,Full,1,,60,Right Angle,Divided Road,Daylight,,Not Raining
2017-11685-8/11/2018,1,0,0,1,2: MI,Full,1,,60,Right Turn,T-Junction,Daylight,,Not Raining
2017-11686-8/11/2018,1,0,0,1,2: MI,Full,1,Y,80,Roll Over,Not Divided,Night,Y,Not Raining
2017-11687-8/11/2018,0,0,0,0,1: PDO,Full,1,,50,Hit Parked Vehicle,Not Divided,Night,,Not Raining
2017-11688-8/11/2018,0,0,0,0,1: PDO,Full,2,,80,Hit Fixed Object,Not Divided,Night,,Not Raining
2017-11689-8/11/2018,0,0,0,0,1: PDO,Full,1,,100,Side Swipe,Freeway,Daylight,,Not Raining
2017-11690-8/11/2018,0,0,0,0,1: PDO,,0,,50,Rear End,T-Junction,Daylight,,Not Raining
2017-11691-8/11/2018,0,0,0,0,1: PDO,Full,1,,60,Right Angle,T-Junction,Daylight,,Not Raining
2017-11692-8/11/2018,0,0,0,0,1: PDO,Full,2,,100,Left Road - Out of Control,Not Divided,Night,,Not Raining
2017-11693-8/11/2018,0,0,0,0,1: PDO,Provisional 1 ,1,,60,Hit Parked Vehicle,Divided Road,Daylight,,Not Raining
2017-11694-8/11/2018,0,0,0,0,1: PDO,Unknown,1,,50,Hit Fixed Object,T-Junction,Daylight,,Not Raining
2017-11695-8/11/2018,0,0,0,0,1: PDO,Full,1,,90,Right Angle,Not Divided,Daylight,,Not Raining
2017-11696-8/11/2018,0,0,0,0,1: PDO,Full,1,,40,Right Angle,T-Junction,Daylight,,Not Raining
2017-11697-8/11/2018,0,0,0,0,1: PDO,Full,1,,70,Rear End,Freeway,Daylight,,Not Raining
2017-11698-8/11/2018,0,0,0,0,1: PDO,Full,1,,60,Rear End,Divided Road,Daylight,,Not Raining
2017-11699-8/11/2018,0,0,0,0,1: PDO,Full,1,,80,Hit Animal,Not Divided,Daylight,,Not Raining
2017-11700-8/11/2018,0,0,0,0,1: PDO,Full,2,,80,Rear End,T-Junction,Daylight,,Not Raining
2017-11701-8/11/2018,4,0,2,2,3: SI,Full,1,,100,Head On,Not Divided,Daylight,,Not Raining
2017-11702-8/11/2018,0,0,0,0,1: PDO,Full,1,,60,Hit Parked Vehicle,Divided Road,Daylight,,Not Raining
2017-11703-8/11/2018,0,0,0,0,1: PDO,Full,1,,60,Side Swipe,Divided Road,Daylight,,Not Raining
2017-11704-8/11/2018,2,0,0,2,2: MI,Unknown,1,,60,Right Angle,T-Junction,Daylight,,Not Raining
2017-11705-8/11/2018,1,0,0,1,2: MI,Unlicenced,2,,80,Roll Over,T-Junction,Daylight,,Not Raining
2017-11706-8/11/2018,0,0,0,0,1: PDO,Unknown,1,,50,Hit Parked Vehicle,Not Divided,Daylight,,Not Raining
2017-11707-8/11/2018,1,0,0,1,2: MI,,0,,60,Rear End,T-Junction,Daylight,,Not Raining
2017-11708-8/11/2018,0,0,0,0,1: PDO,Unknown,1,,50,Right Angle,Cross Road,Daylight,,Not Raining
2017-11709-8/11/2018,0,0,0,0,1: PDO,Provisional 1 ,1,,70,Side Swipe,Cross Road,Daylight,,Not Raining
2017-11710-8/11/2018,0,0,0,0,1: PDO,Provisional 1 ,1,,90,Rear End,Interchange,Daylight,,Raining
2017-11711-8/11/2018,1,0,0,1,2: MI,Full,1,Y,60,Rear End,Divided Road,Daylight,,Not Raining
2017-11712-8/11/2018,0,0,0,0,1: PDO,Full,1,,60,Right Angle,T-Junction,Daylight,,Not Raining
2017-11713-8/11/2018,0,0,0,0,1: PDO,Full,1,,40,Side Swipe,Divided Road,Daylight,,Not Raining
2017-11714-8/11/2018,2,0,0,2,2: MI,Full,1,,60,Rear End,T-Junction,Daylight,,Raining
2017-11715-8/11/2018,0,0,0,0,1: PDO,Full,1,,60,Side Swipe,T-Junction,Daylight,,Not Raining
2017-11716-8/11/2018,1,0,0,1,2: MI,Full,1,,40,Right Angle,Not Divided,Daylight,,Not Raining
2017-11717-8/11/2018,1,0,0,1,2: MI,Unknown,1,,50,Hit Parked Vehicle,Not Divided,Daylight,,Not Raining
2017-11718-8/11/2018,1,0,0,1,2: MI,Full,1,,60,Right Turn,T-Junction,Daylight,,Not Raining
2017-11719-8/11/2018,1,0,0,1,2: MI,Full,1,,50,Right Turn,Cross Road,Daylight,,Not Raining
2017-11720-8/11/2018,1,0,0,1,2: MI,Unknown,1,,50,Side Swipe,Cross Road,Daylight,,Not Raining
2017-11721-8/11/2018,0,0,0,0,1: PDO,Unknown,1,,40,Rear End,Divided Road,Daylight,,Not Raining
2017-11722-8/11/2018,1,0,0,1,2: MI,Full,1,,110,Roll Over,Not Divided,Daylight,,Not Raining
2017-11723-8/11/2018,1,0,0,1,2: MI,Full,2,,60,Right Angle,Cross Road,Daylight,,Not Raining
2017-11724-8/11/2018,0,0,0,0,1: PDO,Full,1,,50,Hit Parked Vehicle,Not Divided,Daylight,,Not Raining
2017-11725-8/11/2018,1,0,0,1,2: MI,,,,60,Rear End,Divided Road,Daylight,,Not Raining
2017-11726-8/11/2018,0,0,0,0,1: PDO,Full,1,,80,Rear End,Divided Road,Night,,Not Raining
2017-11727-8/11/2018,0,0,0,0,1: PDO,,,,60,Side Swipe,Divided Road,Daylight,,Not Raining
2017-11728-8/11/2018,3,3,0,0,4: Fatal,Full,1,,100,Right Angle,Cross Road,Daylight,,Not Raining
2017-11729-8/11/2018,1,0,0,1,2: MI,Full,3,,110,Hit Fixed Object,Not Divided,Daylight,,Not Raining
2017-11730-8/11/2018,0,0,0,0,1: PDO,Full,1,,110,Hit Object on Road,Divided Road,Night,,Not Raining
2017-11731-8/11/2018,1,1,0,0,4: Fatal,Full,1,Y,100,Roll Over,Not Divided,Daylight,Y,Not Raining
2017-11732-8/11/2018,1,0,0,1,2: MI,Full,1,,60,Rear End,T-Junction,Daylight,,Not Raining
2017-11733-8/11/2018,0,0,0,0,1: PDO,Full,1,,100,Left Road - Out of Control,T-Junction,Daylight,,Not Raining
2017-11734-8/11/2018,0,0,0,0,1: PDO,,,,60,Rear End,Divided Road,Daylight,,Not Raining
2017-11735-8/11/2018,1,0,0,1,2: MI,Full,2,,100,Hit Animal,Not Divided,Daylight,,Raining
2017-11736-8/11/2018,0,0,0,0,1: PDO,Full,2,,50,Right Angle,T-Junction,Daylight,,Not Raining
2017-11737-8/11/2018,0,0,0,0,1: PDO,,1,,60,Rear End,Divided Road,Daylight,,Not Raining
2017-11738-8/11/2018,0,0,0,0,1: PDO,Full,1,,60,Side Swipe,Cross Road,Daylight,,Not Raining
2017-11739-8/11/2018,0,0,0,0,1: PDO,Full,2,,80,Side Swipe,Divided Road,Daylight,,Not Raining
2017-11740-8/11/2018,0,0,0,0,1: PDO,Full,1,,60,Right Angle,T-Junction,Daylight,,Not Raining
2017-11741-8/11/2018,0,0,0,0,1: PDO,Full,1,,50,Rear End,Cross Road,Daylight,,Not Raining
2017-11742-8/11/2018,0,0,0,0,1: PDO,Unknown,1,,40,Hit Parked Vehicle,Not Divided,Daylight,,Not Raining
2017-11743-8/11/2018,1,0,0,1,2: MI,Unknown,1,,50,Roll Over,Cross Road,Daylight,,Not Raining
2017-11744-8/11/2018,1,0,1,0,3: SI,,,,110,Roll Over,Not Divided,Daylight,,Not Raining
2017-11745-8/11/2018,0,0,0,0,1: PDO,Full,1,,110,Rear End,Freeway,Daylight,,Not Raining
2017-11746-8/11/2018,1,0,0,1,2: MI,Unknown,1,,50,Rear End,Not Divided,Daylight,,Not Raining
2017-11747-8/11/2018,1,0,0,1,2: MI,Full,2,,60,Rear End,Divided Road,Daylight,,Not Raining
2017-11748-8/11/2018,1,0,0,1,2: MI,Full,2,,60,Rear End,Pedestrian Crossing,Daylight,,Not Raining
2017-11749-8/11/2018,0,0,0,0,1: PDO,Provisional 1 ,1,,60,Hit Parked Vehicle,Divided Road,Daylight,,Not Raining
2017-11750-8/11/2018,0,0,0,0,1: PDO,Full,1,,100,Hit Fixed Object,T-Junction,Daylight,,Not Raining
2017-11751-8/11/2018,0,0,0,0,1: PDO,Provisional 1 ,1,,50,Hit Parked Vehicle,Not Divided,Daylight,,Not Raining
2017-11752-8/11/2018,1,0,0,1,2: MI,Full,1,,60,Rear End,Divided Road,Daylight,,Not Raining
2017-11753-8/11/2018,0,0,0,0,1: PDO,Full,1,,50,Rear End,Cross Road,Daylight,,Not Raining
2017-11754-8/11/2018,0,0,0,0,1: PDO,Full,2,,60,Rear End,Divided Road,Daylight,,Not Raining
2017-11755-8/11/2018,1,0,0,1,2: MI,Provisional 1 ,1,,80,Rear End,Divided Road,Daylight,,Not Raining
2017-11756-8/11/2018,2,0,0,2,2: MI,Full,1,,60,Right Turn,T-Junction,Daylight,,Not Raining
2017-11757-8/11/2018,0,0,0,0,1: PDO,Provisional 2,1,,60,Rear End,T-Junction,Daylight,,Not Raining
2017-11758-8/11/2018,0,0,0,0,1: PDO,,0,,60,Side Swipe,Not Divided,Daylight,,Not Raining
2017-11759-8/11/2018,1,0,0,1,2: MI,Provisional 2,1,,50,Rear End,Not Divided,Daylight,,Not Raining
2017-11760-8/11/2018,0,0,0,0,1: PDO,,,,90,Rear End,Divided Road,Daylight,,Not Raining
2017-11761-8/11/2018,0,0,0,0,1: PDO,Full,1,,90,Side Swipe,Freeway,Daylight,,Not Raining
2017-11762-8/11/2018,0,0,0,0,1: PDO,,0,,60,Right Turn,T-Junction,Daylight,,Not Raining
2017-11763-8/11/2018,0,0,0,0,1: PDO,Unknown,1,,80,Rear End,Divided Road,Daylight,,Not Raining
2017-11764-8/11/2018,0,0,0,0,1: PDO,,,,50,Side Swipe,T-Junction,Daylight,,Not Raining
2017-11765-8/11/2018,0,0,0,0,1: PDO,Full,1,,60,Hit Fixed Object,Cross Road,Night,,Not Raining
2017-11766-8/11/2018,1,0,0,1,2: MI,,,,80,Hit Animal,Not Divided,Night,,Not Raining
2017-11767-8/11/2018,0,0,0,0,1: PDO,Provisional 2,1,,60,Right Angle,T-Junction,Daylight,,Not Raining
2017-11768-8/11/2018,0,0,0,0,1: PDO,Full,1,,60,Right Turn,T-Junction,Night,,Not Raining
2017-11769-8/11/2018,0,0,0,0,1: PDO,Provisional 2,1,,90,Rear End,Divided Road,Daylight,,Not Raining
2017-11770-8/11/2018,0,0,0,0,1: PDO,Full,1,,50,Right Angle,T-Junction,Daylight,,Not Raining
2017-11771-8/11/2018,0,0,0,0,1: PDO,Full,1,,60,Right Angle,T-Junction,Daylight,,Not Raining
2017-11772-8/11/2018,1,0,0,1,2: MI,Unknown,1,,50,Side Swipe,Cross Road,Daylight,,Not Raining
2017-11773-8/11/2018,0,0,0,0,1: PDO,Provisional 1 ,1,,80,Hit Fixed Object,Not Divided,Daylight,,Not Raining
2017-11774-8/11/2018,0,0,0,0,1: PDO,Full,1,,60,Right Angle,T-Junction,Daylight,,Not Raining
2017-11775-8/11/2018,1,0,0,1,2: MI,Full,1,,50,Hit Pedestrian,Cross Road,Daylight,,Not Raining
2017-11776-8/11/2018,0,0,0,0,1: PDO,Probationary,2,,50,Rear End,Not Divided,Daylight,,Not Raining
2017-11777-8/11/2018,0,0,0,0,1: PDO,Full,1,,50,Hit Parked Vehicle,Not Divided,Daylight,,Not Raining
2017-11778-8/11/2018,2,0,0,2,2: MI,Provisional 2,3,,80,Right Angle,Cross Road,Daylight,,Not Raining
2017-11779-8/11/2018,1,0,0,1,2: MI,,0,,60,Rear End,Divided Road,Daylight,,Not Raining
2017-11780-8/11/2018,1,0,0,1,2: MI,,1,,60,Rear End,Divided Road,Daylight,,Not Raining
2017-11781-8/11/2018,0,0,0,0,1: PDO,Unknown,1,,60,Rear End,T-Junction,Daylight,,Not Raining
2017-11782-8/11/2018,0,0,0,0,1: PDO,Full,1,,60,Side Swipe,Cross Road,Daylight,,Not Raining
2017-11783-8/11/2018,0,0,0,0,1: PDO,,,,80,Right Angle,T-Junction,Daylight,,Not Raining
2017-11784-8/11/2018,0,0,0,0,1: PDO,Full,1,,60,Head On,Not Divided,Daylight,,Not Raining
2017-11785-8/11/2018,1,0,0,1,2: MI,,,,60,Roll Over,Divided Road,Daylight,,Not Raining
2017-11786-8/11/2018,0,0,0,0,1: PDO,Unknown,1,,60,Hit Fixed Object,Not Divided,Daylight,,Not Raining
2017-11787-8/11/2018,0,0,0,0,1: PDO,,,,60,Rear End,Divided Road,Daylight,,Not Raining
2017-11788-8/11/2018,1,0,0,1,2: MI,Full,1,,60,Rear End,Divided Road,Daylight,,Not Raining
2017-11789-8/11/2018,0,0,0,0,1: PDO,Full,1,,50,Hit Parked Vehicle,Not Divided,Daylight,,Not Raining
2017-11790-8/11/2018,2,0,0,2,2: MI,Full,1,,70,Rear End,Divided Road,Daylight,,Not Raining
2017-11791-8/11/2018,1,0,0,1,2: MI,Full,1,,50,Hit Pedestrian,Not Divided,Daylight,,Not Raining
2017-11792-8/11/2018,1,0,0,1,2: MI,,1,,60,Right Angle,T-Junction,Daylight,,Not Raining
2017-11793-8/11/2018,0,0,0,0,1: PDO,Full,1,,110,Other,Not Divided,Daylight,,Raining
2017-11794-8/11/2018,0,0,0,0,1: PDO,,0,,50,Hit Parked Vehicle,Divided Road,Daylight,,Not Raining
2017-11795-8/11/2018,0,0,0,0,1: PDO,Full,1,,50,Hit Fixed Object,Cross Road,Daylight,,Not Raining
2017-11796-8/11/2018,0,0,0,0,1: PDO,,0,,60,Right Angle,T-Junction,Daylight,,Not Raining
2017-11797-8/11/2018,0,0,0,0,1: PDO,Probationary,2,,50,Side Swipe,Cross Road,Daylight,,Not Raining
2017-11798-8/11/2018,0,0,0,0,1: PDO,Full,1,,60,Right Turn,Cross Road,Daylight,,Not Raining
2017-11799-8/11/2018,0,0,0,0,1: PDO,Provisional 2,1,,60,Hit Parked Vehicle,Divided Road,Daylight,,Not Raining
2017-11800-8/11/2018,1,0,0,1,2: MI,Provisional 2,2,,60,Hit Fixed Object,Cross Road,Daylight,,Not Raining
2017-11801-8/11/2018,0,0,0,0,1: PDO,Full,1,,60,Hit Fixed Object,Divided Road,Night,,Raining
2017-11802-8/11/2018,1,0,0,1,2: MI,Full,1,,60,Right Angle,Cross Road,Daylight,,Not Raining
2017-11803-8/11/2018,0,0,0,0,1: PDO,Full,1,,50,Rear End,Not Divided,Night,,Raining
2017-11804-8/11/2018,0,0,0,0,1: PDO,Full,1,,50,Hit Fixed Object,Cross Road,Night,,Not Raining
2017-11805-8/11/2018,1,1,0,0,4: Fatal,Full,1,,60,Hit Pedestrian,Divided Road,Night,Y,Not Raining
2017-11806-8/11/2018,1,0,0,1,2: MI,Full,1,,50,Rear End,T-Junction,Daylight,,Not Raining
2017-11807-8/11/2018,0,0,0,0,1: PDO,,,,60,Hit Parked Vehicle,Not Divided,Night,,Not Raining
2017-11808-8/11/2018,0,0,0,0,1: PDO,,0,,40,Hit Fixed Object,T-Junction,Night,,Not Raining
2017-11809-8/11/2018,0,0,0,0,1: PDO,Full,1,,80,Rear End,Not Divided,Night,,Not Raining
2017-11810-8/11/2018,0,0,0,0,1: PDO,Provisional 1 ,1,,50,Right Angle,T-Junction,Daylight,,Not Raining
2017-11811-8/11/2018,1,0,0,1,2: MI,Full,1,,100,Hit Fixed Object,Not Divided,Daylight,,Not Raining
2017-11812-8/11/2018,2,0,0,2,2: MI,Full,1,,60,Hit Parked Vehicle,Divided Road,Daylight,,Not Raining
2017-11813-8/11/2018,0,0,0,0,1: PDO,Full,1,,60,Rear End,T-Junction,Daylight,,Not Raining
2017-11814-8/11/2018,0,0,0,0,1: PDO,Full,1,,50,Hit Fixed Object,Not Divided,Daylight,,Not Raining
2017-11815-8/11/2018,0,0,0,0,1: PDO,Full,1,,60,Rear End,Not Divided,Daylight,,Not Raining
2017-11816-8/11/2018,0,0,0,0,1: PDO,,0,,60,Side Swipe,Not Divided,Daylight,,Not Raining
2017-11817-8/11/2018,1,0,1,0,3: SI,Full,1,,100,Hit Animal,Not Divided,Daylight,,Not Raining
2017-11818-8/11/2018,0,0,0,0,1: PDO,Full,2,,60,Hit Pedestrian,Not Divided,Daylight,,Not Raining
2017-11819-8/11/2018,1,0,0,1,2: MI,Full,1,,60,Roll Over,Not Divided,Daylight,,Not Raining
2017-11820-8/11/2018,1,0,0,1,2: MI,Full,1,,80,Rear End,Divided Road,Daylight,,Not Raining
2017-11821-8/11/2018,0,0,0,0,1: PDO,Provisional 1 ,2,,100,Roll Over,Not Divided,Daylight,,Not Raining
2017-11822-8/11/2018,0,0,0,0,1: PDO,,,,100,Roll Over,Not Divided,Daylight,,Not Raining
2017-11823-8/11/2018,1,0,0,1,2: MI,,0,,60,Right Angle,T-Junction,Daylight,,Not Raining
2017-11824-8/11/2018,0,0,0,0,1: PDO,Full,1,,50,Hit Parked Vehicle,Not Divided,Daylight,,Not Raining
2017-11825-8/11/2018,0,0,0,0,1: PDO,Full,1,,60,Rear End,Divided Road,Daylight,,Not Raining
2017-11826-8/11/2018,0,0,0,0,1: PDO,Full,1,,50,Hit Parked Vehicle,Not Divided,Daylight,Y,Not Raining
2017-11827-8/11/2018,0,0,0,0,1: PDO,Full,1,,90,Other,Freeway,Daylight,,Not Raining
2017-11828-8/11/2018,1,0,0,1,2: MI,,,,50,Rear End,T-Junction,Daylight,,Raining
2017-11829-8/11/2018,0,0,0,0,1: PDO,Full,2,,100,Hit Fixed Object,Not Divided,Daylight,,Not Raining
2017-11830-8/11/2018,0,0,0,0,1: PDO,Full,2,,60,Right Turn,Divided Road,Daylight,,Not Raining
2017-11831-8/11/2018,0,0,0,0,1: PDO,Full,2,,80,Rear End,Cross Road,Daylight,,Raining
2017-11832-8/11/2018,1,0,0,1,2: MI,Full,1,,60,Rear End,Cross Road,Daylight,,Not Raining
2017-11833-8/11/2018,0,0,0,0,1: PDO,,,,50,Right Angle,Not Divided,Daylight,,Not Raining
2017-11834-8/11/2018,0,0,0,0,1: PDO,Full,1,,110,Hit Animal,Freeway,Night,,Not Raining
2017-11835-8/11/2018,0,0,0,0,1: PDO,Unknown,2,,60,Right Angle,T-Junction,Daylight,,Not Raining
2017-11836-8/11/2018,0,0,0,0,1: PDO,Unknown,1,,60,Right Angle,T-Junction,Daylight,,Not Raining
2017-11837-8/11/2018,1,0,0,1,2: MI,Provisional 1 ,2,,50,Hit Fixed Object,Not Divided,Daylight,,Raining
2017-11838-8/11/2018,0,0,0,0,1: PDO,Full,1,,100,Left Road - Out of Control,Not Divided,Daylight,,Raining
2017-11839-8/11/2018,1,0,0,1,2: MI,Full,2,,60,Rear End,Not Divided,Daylight,,Raining
2017-11840-8/11/2018,0,0,0,0,1: PDO,Full,2,,60,Side Swipe,Divided Road,Daylight,,Not Raining
2017-11841-8/11/2018,0,0,0,0,1: PDO,Full,1,,50,Roll Over,Not Divided,Daylight,,Not Raining
2017-11842-8/11/2018,4,0,0,4,2: MI,Full,2,Y,50,Rear End,Divided Road,Daylight,,Not Raining
2017-11843-8/11/2018,1,0,0,1,2: MI,Unknown,1,,60,Rear End,Divided Road,Daylight,,Not Raining
2017-11844-8/11/2018,1,0,0,1,2: MI,Full,2,,60,Right Turn,T-Junction,Daylight,,Not Raining
2017-11845-8/11/2018,0,0,0,0,1: PDO,Provisional 2,1,,60,Rear End,Divided Road,Daylight,,Not Raining
2017-11846-8/11/2018,0,0,0,0,1: PDO,Full,5,,50,Hit Fixed Object,T-Junction,Daylight,,Raining
2017-11847-8/11/2018,0,0,0,0,1: PDO,Full,1,,60,Hit Fixed Object,Rail Crossing,Daylight,,Not Raining
2017-11848-8/11/2018,2,0,0,2,2: MI,Full,1,,100,Hit Parked Vehicle,Divided Road,Daylight,,Not Raining
2017-11849-8/11/2018,0,0,0,0,1: PDO,,,,60,Right Turn,T-Junction,Daylight,,Not Raining
2017-11850-8/11/2018,1,0,0,1,2: MI,Full,1,,50,Side Swipe,Not Divided,Daylight,,Not Raining
2017-11851-8/11/2018,1,0,0,1,2: MI,,,,60,Rear End,Cross Road,Daylight,,Not Raining
2017-11852-8/11/2018,0,0,0,0,1: PDO,,0,,100,Head On,Not Divided,Daylight,,Not Raining
2017-11853-8/11/2018,0,0,0,0,1: PDO,,1,,60,Rear End,Divided Road,Daylight,,Not Raining
2017-11854-8/11/2018,0,0,0,0,1: PDO,Full,1,,60,Right Turn,T-Junction,Daylight,,Not Raining
2017-11855-8/11/2018,0,0,0,0,1: PDO,,,,50,Right Angle,T-Junction,Night,,Not Raining
2017-11856-8/11/2018,1,0,0,1,2: MI,Full,2,,60,Hit Fixed Object,Divided Road,Night,,Not Raining
2017-11857-8/11/2018,1,0,0,1,2: MI,Full,1,Y,50,Hit Fixed Object,Not Divided,Night,,Not Raining
2017-11858-8/11/2018,0,0,0,0,1: PDO,Full,1,,60,Roll Over,Not Divided,Night,,Not Raining
2017-11859-8/11/2018,1,0,0,1,2: MI,Unknown,1,,50,Side Swipe,T-Junction,Daylight,,Not Raining
2017-11860-8/11/2018,0,0,0,0,1: PDO,Full,1,,90,Rear End,Divided Road,Daylight,,Not Raining
2017-11861-8/11/2018,0,0,0,0,1: PDO,,,,50,Hit Fixed Object,Not Divided,Night,,Not Raining
2017-11862-8/11/2018,1,0,0,1,2: MI,Full,1,,60,Rear End,Divided Road,Daylight,,Not Raining
2017-11863-8/11/2018,0,0,0,0,1: PDO,Full,4,,60,Side Swipe,Divided Road,Daylight,,Not Raining
2017-11864-8/11/2018,0,0,0,0,1: PDO,Unknown,1,,80,Hit Fixed Object,Not Divided,Daylight,,Not Raining
2017-11865-8/11/2018,2,0,0,2,2: MI,Unknown,4,,60,Right Turn,Cross Road,Daylight,,Not Raining
2017-11866-8/11/2018,1,0,0,1,2: MI,Full,1,,60,Rear End,Cross Road,Daylight,,Not Raining
2017-11867-8/11/2018,0,0,0,0,1: PDO,Full,2,,110,Hit Fixed Object,Not Divided,Daylight,,Raining
2017-11868-8/11/2018,1,0,0,1,2: MI,Full,2,,60,Right Turn,Cross Road,Daylight,,Not Raining
2017-11869-8/11/2018,0,0,0,0,1: PDO,Full,2,,80,Right Angle,Cross Road,Daylight,,Not Raining
2017-11870-8/11/2018,0,0,0,0,1: PDO,Full,1,,60,Rear End,Divided Road,Daylight,,Not Raining
2017-11871-8/11/2018,1,0,0,1,2: MI,Full,1,,50,Hit Pedestrian,Not Divided,Daylight,,Not Raining
2017-11872-8/11/2018,0,0,0,0,1: PDO,Full,1,,50,Hit Parked Vehicle,Not Divided,Daylight,,Not Raining
2017-11873-8/11/2018,0,0,0,0,1: PDO,Full,2,,80,Head On,T-Junction,Daylight,,Not Raining
2017-11874-8/11/2018,1,0,0,1,2: MI,Probationary,1,,60,Hit Fixed Object,Not Divided,Daylight,,Not Raining
2017-11875-8/11/2018,0,0,0,0,1: PDO,Full,1,,50,Hit Fixed Object,Not Divided,Daylight,,Not Raining
2017-11876-8/11/2018,0,0,0,0,1: PDO,Learners,2,,60,Rear End,T-Junction,Daylight,,Not Raining
2017-11877-8/11/2018,2,0,0,2,2: MI,,,,100,Hit Fixed Object,Not Divided,Daylight,,Not Raining
2017-11878-8/11/2018,1,0,0,1,2: MI,Full,1,,50,Side Swipe,Not Divided,Daylight,,Raining
2017-11879-8/11/2018,0,0,0,0,1: PDO,,,,60,Right Turn,Cross Road,Daylight,,Not Raining
2017-11880-8/11/2018,0,0,0,0,1: PDO,Full,1,,60,Rear End,Not Divided,Daylight,,Not Raining
2017-11881-8/11/2018,0,0,0,0,1: PDO,Full,1,,60,Side Swipe,Not Divided,Daylight,,Not Raining