REPORT_ID,Total Cas,Total Fats,Total SI,Total MI,CSEF Severity,Licence Type,Number Occupants,Drugs Involved,Area Speed,Crash Type,Position Type,DayNight,DUI Involved,Weather Cond
2017-11882-8/11/2018,1,0,0,1,2: MI,Full,1,,50,Right Angle,T-Junction,Daylight,,Not Raining
2017-11883-8/11/2018,0,0,0,0,1: PDO,,,,60,Rear End,Cross Road,Daylight,,Not Raining
2017-11884-8/11/2018,2,0,0,2,2: MI,Unknown,1,Y,100,Right Angle,T-Junction,Daylight,,Not Raining
2017-11885-8/11/2018,0,0,0,0,1: PDO,Unlicenced,7,,50,Right Angle,T-Junction,Daylight,,Not Raining
2017-11886-8/11/2018,1,0,0,1,2: MI,Unknown,2,,60,Right Turn,T-Junction,Daylight,,Not Raining
2017-11887-8/11/2018,0,0,0,0,1: PDO,Full,1,,50,Right Angle,Not Divided,Daylight,,Not Raining
2017-11888-8/11/2018,0,0,0,0,1: PDO,,,,60,Side Swipe,T-Junction,Daylight,,Not Raining
2017-11889-8/11/2018,0,0,0,0,1: PDO,Full,1,,60,Rear End,Cross Road,Daylight,,Not Raining
2017-11890-8/11/2018,0,0,0,0,1: PDO,,,,60,Rear End,Cross Road,Daylight,,Not Raining
2017-11891-8/11/2018,0,0,0,0,1: PDO,Full,1,,60,Side Swipe,Divided Road,Daylight,,Not Raining
2017-11892-8/11/2018,4,0,0,4,2: MI,,,,60,Rear End,Divided Road,Daylight,,Not Raining
2017-11893-8/11/2018,1,0,0,1,2: MI,Full,1,,70,Rear End,Divided Road,Daylight,,Not Raining
2017-11894-8/11/2018,0,0,0,0,1: PDO,,,,50,Right Angle,Cross Road,Daylight,,Not Raining
2017-11895-8/11/2018,0,0,0,0,1: PDO,,,,60,Rear End,Divided Road,Daylight,,Raining
2017-11896-8/11/2018,1,0,0,1,2: MI,Full,1,,50,Rear End,Not Divided,Daylight,,Not Raining
2017-11897-8/11/2018,0,0,0,0,1: PDO,Full,1,,50,Hit Parked Vehicle,Not Divided,Daylight,,Not Raining
2017-11898-8/11/2018,1,0,1,0,3: SI,,0,,100,Hit Animal,Not Divided,Daylight,,Not Raining
2017-11899-8/11/2018,0,0,0,0,1: PDO,,0,,60,Rear End,Cross Road,Night,,Not Raining
2017-11900-8/11/2018,1,0,0,1,2: MI,Unknown,2,,60,Right Turn,Cross Road,Night,,Not Raining
2017-11901-8/11/2018,5,0,0,5,2: MI,Unknown,1,Y,60,Head On,Not Divided,Daylight,,Not Raining
2017-11902-8/11/2018,0,0,0,0,1: PDO,Provisional 2,1,,50,Hit Fixed Object,Not Divided,Night,,Not Raining
2017-11903-8/11/2018,0,0,0,0,1: PDO,Full,1,,60,Rear End,Divided Road,Daylight,,Not Raining
2017-11904-8/11/2018,0,0,0,0,1: PDO,Full,1,,50,Right Angle,T-Junction,Daylight,,Not Raining
2017-11905-8/11/2018,1,0,0,1,2: MI,Full,2,,50,Hit Fixed Object,Not Divided,Daylight,,Not Raining
2017-11906-8/11/2018,1,0,0,1,2: MI,,0,,80,Rear End,Divided Road,Daylight,,Not Raining
2017-11907-8/11/2018,0,0,0,0,1: PDO,Full,1,,50,Head On,Not Divided,Daylight,,Not Raining
2017-11908-8/11/2018,1,0,0,1,2: MI,Provisional 2,1,,50,Hit Fixed Object,Not Divided,Daylight,,Not Raining
2017-11909-8/11/2018,0,0,0,0,1: PDO,,,,50,Side Swipe,T-Junction,Daylight,,Not Raining
2017-11910-8/11/2018,1,0,0,1,2: MI,Full,1,,60,Hit Parked Vehicle,Not Divided,Daylight,,Not Raining
2017-11911-8/11/2018,1,0,0,1,2: MI,Full,1,,50,Hit Pedestrian,Not Divided,Daylight,,Not Raining
2017-11912-8/11/2018,0,0,0,0,1: PDO,Full,1,,60,Rear End,Divided Road,Daylight,,Not Raining
2017-11913-8/11/2018,1,0,0,1,2: MI,Unknown,1,,60,Rear End,Divided Road,Daylight,,Not Raining
2017-11914-8/11/2018,0,0,0,0,1: PDO,Full,1,,60,Right Angle,T-Junction,Daylight,,Not Raining
2017-11915-8/11/2018,0,0,0,0,1: PDO,Full,1,,60,Rear End,Divided Road,Daylight,,Not Raining
2017-11916-8/11/2018,1,1,0,0,4: Fatal,Unknown,1,,80,Roll Over,Not Divided,Daylight,,Not Raining
2017-11917-8/11/2018,0,0,0,0,1: PDO,Full,7,,60,Right Turn,Cross Road,Daylight,,Not Raining
2017-11918-8/11/2018,1,0,0,1,2: MI,Full,4,,50,Rear End,T-Junction,Daylight,,Not Raining
2017-11919-8/11/2018,0,0,0,0,1: PDO,Full,2,,50,Hit Parked Vehicle,T-Junction,Daylight,,Not Raining
2017-11920-8/11/2018,0,0,0,0,1: PDO,Full,1,,60,Side Swipe,Divided Road,Daylight,,Not Raining
2017-11921-8/11/2018,1,0,0,1,2: MI,Full,1,,60,Side Swipe,T-Junction,Daylight,,Not Raining
2017-11922-8/11/2018,0,0,0,0,1: PDO,Full,1,,50,Hit Pedestrian,Not Divided,Daylight,,Not Raining
2017-11923-8/11/2018,1,0,0,1,2: MI,,,,60,Side Swipe,Not Divided,Daylight,,Not Raining
2017-11924-8/11/2018,0,0,0,0,1: PDO,Full,2,,50,Right Angle,Cross Road,Daylight,,Not Raining
2017-11925-8/11/2018,1,0,0,1,2: MI,Full,2,,100,Roll Over,Not Divided,Daylight,,Not Raining
2017-11926-8/11/2018,0,0,0,0,1: PDO,Probationary,2,,40,Hit Fixed Object,T-Junction,Daylight,,Not Raining
2017-11927-8/11/2018,0,0,0,0,1: PDO,Provisional 2,1,,60,Right Angle,Cross Road,Daylight,,Not Raining
2017-11928-8/11/2018,1,0,0,1,2: MI,Unknown,1,,50,Side Swipe,T-Junction,Daylight,,Not Raining
2017-11929-8/11/2018,0,0,0,0,1: PDO,,,,80,Hit Fixed Object,Divided Road,Daylight,,Not Raining
2017-11930-8/11/2018,2,0,1,1,3: SI,,,,100,Hit Fixed Object,Not Divided,Daylight,,Not Raining
2017-11931-8/11/2018,0,0,0,0,1: PDO,Full,2,,50,Hit Fixed Object,Divided Road,Night,,Not Raining
2017-11932-8/11/2018,0,0,0,0,1: PDO,,,,50,Hit Parked Vehicle,Not Divided,Night,Y,Not Raining
2017-11933-8/11/2018,0,0,0,0,1: PDO,,0,,110,Hit Pedestrian,Freeway,Daylight,,Not Raining
2017-11934-8/11/2018,1,0,0,1,2: MI,Unknown,1,,100,Rear End,T-Junction,Daylight,,Not Raining
2017-11935-8/11/2018,0,0,0,0,1: PDO,Full,2,,50,Rear End,Cross Road,Daylight,,Not Raining
2017-11936-8/11/2018,2,0,0,2,2: MI,Unknown,1,,60,Right Turn,T-Junction,Daylight,,Not Raining
2017-11937-8/11/2018,0,0,0,0,1: PDO,,1,,50,Hit Parked Vehicle,Not Divided,Daylight,,Not Raining
2017-11938-8/11/2018,1,0,1,0,3: SI,Unknown,1,,100,Hit Fixed Object,Not Divided,Daylight,,Not Raining
2017-11939-8/11/2018,2,0,0,2,2: MI,Full,1,,60,Hit Fixed Object,Divided Road,Daylight,,Not Raining
2017-11940-8/11/2018,0,0,0,0,1: PDO,Full,1,,60,Hit Fixed Object,Not Divided,Night,,Not Raining
2017-11941-8/11/2018,0,0,0,0,1: PDO,Full,1,,50,Rear End,T-Junction,Daylight,,Not Raining
2017-11942-8/11/2018,0,0,0,0,1: PDO,Full,1,,50,Right Angle,Cross Road,Night,,Not Raining
2017-11943-8/11/2018,0,0,0,0,1: PDO,Full,1,,50,Hit Parked Vehicle,Not Divided,Daylight,,Not Raining
2017-11944-8/11/2018,0,0,0,0,1: PDO,,,,60,Right Turn,T-Junction,Daylight,,Not Raining
2017-11945-8/11/2018,0,0,0,0,1: PDO,Full,1,,60,Right Angle,T-Junction,Daylight,,Not Raining
2017-11946-8/11/2018,1,0,0,1,2: MI,,0,,60,Rear End,Divided Road,Daylight,,Not Raining
2017-11947-8/11/2018,0,0,0,0,1: PDO,,0,,60,Right Angle,Cross Road,Daylight,,Not Raining
2017-11948-8/11/2018,0,0,0,0,1: PDO,Full,2,,50,Hit Fixed Object,Cross Road,Daylight,,Not Raining
2017-11949-8/11/2018,0,0,0,0,1: PDO,Full,1,,60,Right Angle,T-Junction,Daylight,,Not Raining
2017-11950-8/11/2018,0,0,0,0,1: PDO,,1,,50,Hit Parked Vehicle,Not Divided,Daylight,,Not Raining
2017-11951-8/11/2018,0,0,0,0,1: PDO,Full,1,,100,Right Angle,T-Junction,Daylight,,Not Raining
2017-11952-8/11/2018,1,0,0,1,2: MI,Full,1,,80,Rear End,Divided Road,Daylight,,Not Raining
2017-11953-8/11/2018,1,0,0,1,2: MI,Full,3,,60,Right Angle,T-Junction,Daylight,,Not Raining
2017-11954-8/11/2018,0,0,0,0,1: PDO,Full,1,,60,Right Angle,Cross Road,Daylight,,Not Raining
2017-11955-8/11/2018,0,0,0,0,1: PDO,,,,80,Rear End,Not Divided,Daylight,,Not Raining
2017-11956-8/11/2018,0,0,0,0,1: PDO,Full,1,,60,Right Angle,T-Junction,Daylight,,Not Raining
2017-11957-8/11/2018,0,0,0,0,1: PDO,,,,60,Rear End,Not Divided,Daylight,,Not Raining
2017-11958-8/11/2018,0,0,0,0,1: PDO,Full,1,,80,Hit Object on Road,Not Divided,Daylight,,Not Raining
2017-11959-8/11/2018,0,0,0,0,1: PDO,Full,2,,60,Rear End,Divided Road,Daylight,,Not Raining
2017-11960-8/11/2018,1,0,0,1,2: MI,Full,2,,50,Right Turn,Cross Road,Daylight,,Not Raining
2017-11961-8/11/2018,0,0,0,0,1: PDO,Full,1,,50,Right Angle,Multiple,Daylight,,Not Raining
2017-11962-8/11/2018,1,0,0,1,2: MI,Full,1,,100,Hit Fixed Object,Not Divided,Night,,Not Raining
2017-11963-8/11/2018,1,0,0,1,2: MI,Full,2,Y,100,Hit Fixed Object,Not Divided,Night,,Not Raining
2017-11964-8/11/2018,1,0,0,1,2: MI,Unknown,1,Y,100,Hit Fixed Object,Not Divided,Night,,Not Raining
2017-11965-8/11/2018,0,0,0,0,1: PDO,,,,100,Hit Animal,Not Divided,Night,,Not Raining
2017-11966-8/11/2018,0,0,0,0,1: PDO,Full,6,,60,Hit Fixed Object,Not Divided,Night,Y,Not Raining
2017-11967-8/11/2018,0,0,0,0,1: PDO,Unknown,2,,50,Hit Fixed Object,Divided Road,Daylight,,Not Raining
2017-11968-8/11/2018,0,0,0,0,1: PDO,Full,2,,60,Hit Fixed Object,T-Junction,Daylight,,Not Raining
2017-11969-8/11/2018,0,0,0,0,1: PDO,Full,2,,80,Rear End,Divided Road,Daylight,,Not Raining
2017-11970-8/11/2018,0,0,0,0,1: PDO,Full,1,,60,Hit Fixed Object,Cross Road,Daylight,,Not Raining
2017-11971-8/11/2018,0,0,0,0,1: PDO,Full,5,,100,Rear End,Not Divided,Night,,Not Raining
2017-11972-8/11/2018,0,0,0,0,1: PDO,Full,2,,40,Right Turn,Cross Road,Daylight,,Not Raining
2017-11973-8/11/2018,0,0,0,0,1: PDO,Provisional 1 ,1,,60,Right Turn,Cross Road,Night,,Not Raining
2017-11974-8/11/2018,1,0,0,1,2: MI,Provisional 1 ,1,,60,Right Angle,Divided Road,Daylight,,Not Raining
2017-11975-8/11/2018,0,0,0,0,1: PDO,,,,60,Right Angle,Not Divided,Daylight,,Not Raining
2017-11976-8/11/2018,0,0,0,0,1: PDO,Full,4,,60,Side Swipe,Not Divided,Daylight,,Not Raining
2017-11977-8/11/2018,0,0,0,0,1: PDO,Full,1,,60,Hit Fixed Object,T-Junction,Daylight,,Not Raining
2017-11978-8/11/2018,1,0,0,1,2: MI,Full,2,,60,Rear End,Divided Road,Daylight,,Not Raining
2017-11979-8/11/2018,0,0,0,0,1: PDO,Provisional 2,1,,50,Hit Parked Vehicle,Not Divided,Daylight,,Not Raining
2017-11980-8/11/2018,1,0,0,1,2: MI,Full,1,,60,Roll Over,Divided Road,Night,,Not Raining
2017-11981-8/11/2018,1,0,0,1,2: MI,Full,1,,50,Hit Parked Vehicle,T-Junction,Daylight,,Not Raining
2017-11982-8/11/2018,1,0,0,1,2: MI,Full,1,,50,Hit Pedestrian,Divided Road,Daylight,,Not Raining
2017-11983-8/11/2018,1,0,0,1,2: MI,Full,2,Y,110,Hit Fixed Object,One Way,Daylight,,Not Raining
2017-11984-8/11/2018,1,0,0,1,2: MI,,1,,80,Rear End,T-Junction,Daylight,,Not Raining
2017-11985-8/11/2018,0,0,0,0,1: PDO,Full,1,,80,Rear End,T-Junction,Daylight,,Not Raining
2017-11986-8/11/2018,0,0,0,0,1: PDO,Full,1,,60,Rear End,Multiple,Daylight,,Not Raining
2017-11987-8/11/2018,0,0,0,0,1: PDO,Full,3,,50,Head On,Not Divided,Daylight,,Not Raining
2017-11988-8/11/2018,0,0,0,0,1: PDO,,1,,110,Side Swipe,Interchange,Daylight,,Not Raining
2017-11989-8/11/2018,1,0,0,1,2: MI,Full,1,,50,Hit Parked Vehicle,Not Divided,Daylight,,Not Raining
2017-11990-8/11/2018,0,0,0,0,1: PDO,Unknown,1,,50,Hit Parked Vehicle,Not Divided,Daylight,,Not Raining
2017-11991-8/11/2018,0,0,0,0,1: PDO,Full,1,,100,Hit Fixed Object,Not Divided,Daylight,,Not Raining
2017-11992-8/11/2018,0,0,0,0,1: PDO,Full,1,,60,Side Swipe,Not Divided,Daylight,,Not Raining
2017-11993-8/11/2018,0,0,0,0,1: PDO,Full,1,,60,Side Swipe,Divided Road,Daylight,,Not Raining
2017-11994-8/11/2018,0,0,0,0,1: PDO,Full,1,,60,Rear End,Cross Road,Daylight,,Not Raining
2017-11995-8/11/2018,1,0,0,1,2: MI,Full,3,,60,Rear End,T-Junction,Daylight,,Not Raining
2017-11996-8/11/2018,2,0,0,2,2: MI,,,Y,60,Rear End,Divided Road,Daylight,Y,Not Raining
2017-11997-8/11/2018,0,0,0,0,1: PDO,Full,2,,60,Rear End,T-Junction,Daylight,,Not Raining
2017-11998-8/11/2018,0,0,0,0,1: PDO,Full,2,,40,Hit Fixed Object,Not Divided,Daylight,,Not Raining
2017-11999-8/11/2018,1,0,0,1,2: MI,Provisional 2,2,,60,Rear End,T-Junction,Daylight,,Not Raining
2017-12000-8/11/2018,0,0,0,0,1: PDO,Full,2,,100,Right Angle,T-Junction,Daylight,,Not Raining
2017-12001-8/11/2018,0,0,0,0,1: PDO,Provisional 1 ,1,,50,Hit Parked Vehicle,Not Divided,Daylight,,Not Raining
2017-12002-8/11/2018,0,0,0,0,1: PDO,Full,15,,50,Hit Parked Vehicle,Not Divided,Daylight,,Not Raining
2017-12003-8/11/2018,0,0,0,0,1: PDO,Full,1,,70,Other,Cross Road,Daylight,,Not Raining
2017-12004-8/11/2018,0,0,0,0,1: PDO,Full,3,,110,Side Swipe,Not Divided,Daylight,,Not Raining
2017-12005-8/11/2018,1,0,0,1,2: MI,Full,1,,60,Head On,Cross Road,Daylight,,Not Raining
2017-12006-8/11/2018,0,0,0,0,1: PDO,Full,2,,60,Rear End,Cross Road,Daylight,,Not Raining
2017-12007-8/11/2018,0,0,0,0,1: PDO,Provisional 2,2,,80,Hit Fixed Object,Not Divided,Daylight,,Not Raining
2017-12008-8/11/2018,0,0,0,0,1: PDO,,,,50,Side Swipe,Not Divided,Daylight,,Not Raining
2017-12009-8/11/2018,0,0,0,0,1: PDO,Provisional 2,1,,60,Rear End,T-Junction,Daylight,,Not Raining
2017-12010-8/11/2018,2,0,0,2,2: MI,Full,1,,50,Right Angle,One Way,Daylight,,Not Raining
2017-12011-8/11/2018,1,1,0,0,4: Fatal,Full,2,,60,Hit Pedestrian,Divided Road,Daylight,,Not Raining
2017-12012-8/11/2018,2,0,0,2,2: MI,,,,60,Rear End,T-Junction,Daylight,,Not Raining
2017-12013-8/11/2018,2,0,1,1,3: SI,Full,2,,110,Right Angle,T-Junction,Daylight,,Not Raining
2017-12014-8/11/2018,0,0,0,0,1: PDO,Full,1,,60,Right Angle,Divided Road,Daylight,,Not Raining
2017-12015-8/11/2018,0,0,0,0,1: PDO,Full,1,,50,Hit Parked Vehicle,Not Divided,Daylight,,Not Raining
2017-12016-8/11/2018,0,0,0,0,1: PDO,Unknown,1,,60,Right Turn,T-Junction,Daylight,,Not Raining
2017-12017-8/11/2018,1,0,0,1,2: MI,Full,1,,100,Side Swipe,Not Divided,Daylight,,Not Raining
2017-12018-8/11/2018,0,0,0,0,1: PDO,,,,100,Hit Animal,Not Divided,Night,,Not Raining
2017-12019-8/11/2018,1,0,0,1,2: MI,Full,1,,80,Right Angle,T-Junction,Daylight,,Not Raining
2017-12020-8/11/2018,1,0,0,1,2: MI,Full,1,,50,Rear End,Pedestrian Crossing,Daylight,,Not Raining
2017-12021-8/11/2018,0,0,0,0,1: PDO,Full,1,,60,Rear End,Divided Road,Daylight,,Not Raining
2017-12022-8/11/2018,3,0,2,1,3: SI,Full,2,,80,Hit Fixed Object,Not Divided,Daylight,Y,Not Raining
2017-12023-8/11/2018,0,0,0,0,1: PDO,Full,1,,60,Rear End,T-Junction,Daylight,,Not Raining
2017-12024-8/11/2018,3,0,0,3,2: MI,Provisional 1 ,3,,50,Rear End,T-Junction,Daylight,,Not Raining
2017-12025-8/11/2018,0,0,0,0,1: PDO,,,,50,Hit Parked Vehicle,Not Divided,Daylight,,Not Raining
2017-12026-8/11/2018,0,0,0,0,1: PDO,Full,2,,80,Head On,Not Divided,Daylight,,Not Raining
2017-12027-8/11/2018,0,0,0,0,1: PDO,Full,1,,60,Rear End,T-Junction,Daylight,,Not Raining
2017-12028-8/11/2018,0,0,0,0,1: PDO,,1,,80,Hit Fixed Object,Not Divided,Daylight,,Not Raining
2017-12029-8/11/2018,1,0,0,1,2: MI,,0,,80,Hit Fixed Object,Not Divided,Night,,Not Raining
2017-12030-8/11/2018,0,0,0,0,1: PDO,Unlicenced,2,,100,Rear End,Not Divided,Night,,Not Raining
2017-12031-8/11/2018,0,0,0,0,1: PDO,,0,,60,Side Swipe,Not Divided,Daylight,,Not Raining
2017-12032-8/11/2018,1,0,0,1,2: MI,,0,,110,Hit Fixed Object,Not Divided,Daylight,Y,Not Raining
2017-12033-8/11/2018,0,0,0,0,1: PDO,Unlicenced,1,,60,Hit Fixed Object,Rail Xing,Daylight,,Not Raining
2017-12034-8/11/2018,1,0,0,1,2: MI,,,,60,Rear End,Divided Road,Daylight,,Not Raining
2017-12035-8/11/2018,1,0,0,1,2: MI,Full,1,,70,Rear End,Cross Road,Daylight,,Not Raining
2017-12036-8/11/2018,1,0,0,1,2: MI,Full,1,,60,Rear End,Divided Road,Daylight,,Not Raining
2017-12037-8/11/2018,0,0,0,0,1: PDO,,,,50,Right Angle,T-Junction,Daylight,,Not Raining
2017-12038-8/11/2018,1,0,0,1,2: MI,Full,4,,50,Side Swipe,Cross Road,Daylight,,Not Raining
2017-12039-8/11/2018,0,0,0,0,1: PDO,Unknown,1,,80,Rear End,Divided Road,Daylight,,Not Raining
2017-12040-8/11/2018,0,0,0,0,1: PDO,Unknown,1,,60,Side Swipe,Divided Road,Daylight,,Not Raining
2017-12041-8/11/2018,1,0,0,1,2: MI,Full,1,,60,Rear End,T-Junction,Daylight,,Not Raining
2017-12042-8/11/2018,3,0,1,2,3: SI,Full,1,Y,100,Head On,Not Divided,Daylight,,Not Raining
2017-12043-8/11/2018,0,0,0,0,1: PDO,Full,1,,80,Rear End,Divided Road,Daylight,,Not Raining
2017-12044-8/11/2018,1,0,0,1,2: MI,,4,,60,Rear End,Divided Road,Daylight,,Raining
2017-12045-8/11/2018,0,0,0,0,1: PDO,Learners,3,,50,Rear End,Not Divided,Daylight,,Not Raining
2017-12046-8/11/2018,1,0,0,1,2: MI,,,Y,100,Hit Fixed Object,Not Divided,Daylight,,Not Raining
2017-12047-8/11/2018,1,0,0,1,2: MI,,,,50,Rear End,T-Junction,Daylight,,Not Raining
2017-12048-8/11/2018,0,0,0,0,1: PDO,Full,2,,50,Hit Parked Vehicle,Divided Road,Night,,Not Raining
2017-12049-8/11/2018,0,0,0,0,1: PDO,Unknown,1,,110,Other,Not Divided,Daylight,,Not Raining
2017-12050-8/11/2018,1,0,0,1,2: MI,Full,2,,100,Roll Over,Not Divided,Daylight,,Not Raining
2017-12051-8/11/2018,0,0,0,0,1: PDO,Full,1,,50,Hit Parked Vehicle,Not Divided,Daylight,,Not Raining
2017-12052-8/11/2018,0,0,0,0,1: PDO,Full,1,,50,Hit Parked Vehicle,Not Divided,Daylight,,Not Raining
2017-12053-8/11/2018,1,0,0,1,2: MI,Full,1,,60,Head On,Not Divided,Daylight,,Not Raining
2017-12054-8/11/2018,0,0,0,0,1: PDO,Full,3,,50,Side Swipe,Not Divided,Daylight,,Not Raining
2017-12055-8/11/2018,1,0,0,1,2: MI,Full,1,,60,Rear End,T-Junction,Daylight,,Not Raining
2017-12056-8/11/2018,0,0,0,0,1: PDO,Full,1,,110,Hit Fixed Object,Not Divided,Daylight,,Not Raining
2017-12057-8/11/2018,1,0,0,1,2: MI,Full,1,,70,Hit Fixed Object,Not Divided,Daylight,,Not Raining
2017-12058-8/11/2018,1,0,0,1,2: MI,Full,2,,100,Right Angle,T-Junction,Daylight,,Not Raining
2017-12059-8/11/2018,1,0,0,1,2: MI,Full,1,,60,Rear End,Cross Road,Daylight,,Not Raining
2017-12060-8/11/2018,1,0,0,1,2: MI,Full,1,,60,Right Angle,T-Junction,Daylight,,Not Raining
2017-12061-8/11/2018,0,0,0,0,1: PDO,Unknown,1,,50,Hit Parked Vehicle,Not Divided,Daylight,,Not Raining
2017-12062-8/11/2018,0,0,0,0,1: PDO,Full,2,,60,Side Swipe,Divided Road,Daylight,,Not Raining
2017-12063-8/11/2018,0,0,0,0,1: PDO,Full,1,,90,Rear End,Divided Road,Daylight,,Not Raining
2017-12064-8/11/2018,0,0,0,0,1: PDO,Full,1,,50,Hit Parked Vehicle,Not Divided,Daylight,,Not Raining
2017-12065-8/11/2018,1,0,0,1,2: MI,Full,1,,50,Roll Over,Not Divided,Night,,Not Raining
2017-12066-8/11/2018,0,0,0,0,1: PDO,Full,1,,100,Hit Parked Vehicle,Not Divided,Daylight,,Not Raining
2017-12067-8/11/2018,0,0,0,0,1: PDO,Full,2,,60,Rear End,T-Junction,Daylight,,Not Raining
2017-12068-8/11/2018,1,1,0,0,4: Fatal,Full,1,,30,Hit Pedestrian,T-Junction,Daylight,,Not Raining
2017-12069-8/11/2018,0,0,0,0,1: PDO,Provisional 1 ,2,Y,80,Hit Fixed Object,T-Junction,Daylight,,Unknown
2017-12070-8/11/2018,0,0,0,0,1: PDO,,,,50,Hit Fixed Object,Not Divided,Night,,Not Raining
2017-12071-8/11/2018,0,0,0,0,1: PDO,Full,1,,50,Side Swipe,Not Divided,Daylight,,Not Raining
2017-12072-8/11/2018,1,0,0,1,2: MI,Unknown,1,,60,Rear End,T-Junction,Daylight,,Not Raining
2017-12073-8/11/2018,1,0,0,1,2: MI,Full,1,,50,Right Angle,Not Divided,Daylight,,Not Raining
2017-12074-8/11/2018,0,0,0,0,1: PDO,Full,2,,50,Right Angle,T-Junction,Daylight,,Not Raining
2017-12075-8/11/2018,1,0,1,0,3: SI,Full,3,,60,Hit Parked Vehicle,Not Divided,Night,Y,Not Raining
2017-12076-8/11/2018,0,0,0,0,1: PDO,Full,1,,70,Rear End,Divided Road,Daylight,,Not Raining
2017-12077-8/11/2018,0,0,0,0,1: PDO,Provisional 1 ,1,,50,Right Angle,Cross Road,Daylight,,Not Raining
2017-12078-8/11/2018,0,0,0,0,1: PDO,,,,80,Rear End,Divided Road,Daylight,,Not Raining
2017-12079-8/11/2018,1,0,0,1,2: MI,Full,1,Y,60,Hit Parked Vehicle,Not Divided,Daylight,,Not Raining
2017-12080-8/11/2018,0,0,0,0,1: PDO,Full,1,,50,Right Angle,Cross Road,Daylight,,Not Raining
2017-12081-8/11/2018,0,0,0,0,1: PDO,Full,2,,60,Right Turn,T-Junction,Daylight,,Not Raining
2017-12082-8/11/2018,0,0,0,0,1: PDO,Full,1,,80,Head On,Not Divided,Daylight,,Not Raining
2017-12083-8/11/2018,0,0,0,0,1: PDO,,0,,90,Hit Fixed Object,Freeway,Night,,Not Raining
2017-12084-8/11/2018,0,0,0,0,1: PDO,Unknown,1,,50,Rear End,Not Divided,Daylight,,Not Raining
2017-12085-8/11/2018,1,0,0,1,2: MI,Disqualified,2,Y,80,Roll Over,Not Divided,Daylight,,Not Raining
2017-12086-8/11/2018,0,0,0,0,1: PDO,Provisional 1 ,1,,60,Hit Fixed Object,Divided Road,Daylight,,Not Raining
2017-12087-8/11/2018,1,0,0,1,2: MI,Unknown,3,,50,Hit Pedestrian,Pedestrian Crossing,Daylight,,Not Raining
2017-12088-8/11/2018,1,0,0,1,2: MI,Unknown,1,,60,Rear End,Not Divided,Daylight,,Not Raining
2017-12089-8/11/2018,0,0,0,0,1: PDO,Full,1,,60,Rear End,Cross Road,Daylight,,Not Raining
2017-12090-8/11/2018,0,0,0,0,1: PDO,Provisional 2,1,,90,Rear End,T-Junction,Daylight,,Not Raining
2017-12091-8/11/2018,1,0,0,1,2: MI,Full,1,,50,Rear End,Not Divided,Daylight,,Not Raining
2017-12092-8/11/2018,0,0,0,0,1: PDO,Full,1,,60,Rear End,Divided Road,Daylight,,Not Raining
2017-12093-8/11/2018,0,0,0,0,1: PDO,Full,1,,60,Right Turn,Cross Road,Daylight,,Not Raining
2017-12094-8/11/2018,0,0,0,0,1: PDO,,,,60,Rear End,Cross Road,Daylight,,Not Raining
2017-12095-8/11/2018,0,0,0,0,1: PDO,,,,50,Side Swipe,T-Junction,Daylight,,Not Raining
2017-12096-8/11/2018,0,0,0,0,1: PDO,Full,2,,70,Hit Fixed Object,Not Divided,Night,,Not Raining
2017-12097-8/11/2018,0,0,0,0,1: PDO,Unknown,1,,50,Rear End,Divided Road,Daylight,,Not Raining
2017-12098-8/11/2018,2,0,0,2,2: MI,,0,,60,Rear End,Not Divided,Daylight,,Not Raining