REPORT_ID,Total Cas,Total Fats,Total SI,Total MI,CSEF Severity,Licence Type,Number Occupants,Drugs Involved,Area Speed,Crash Type,Position Type,DayNight,DUI Involved,Weather Cond
2017-12099-8/11/2018,0,0,0,0,1: PDO,Full,2,,60,Rear End,Not Divided,Daylight,,Not Raining
2017-12100-8/11/2018,0,0,0,0,1: PDO,Full,1,,50,Hit Fixed Object,Not Divided,Daylight,,Not Raining
2017-12101-8/11/2018,0,0,0,0,1: PDO,Full,1,,90,Rear End,Divided Road,Daylight,,Not Raining
2017-12102-8/11/2018,2,0,0,2,2: MI,Provisional 1 ,3,,60,Rear End,Multiple,Daylight,,Not Raining
2017-12103-8/11/2018,1,0,0,1,2: MI,Unknown,1,,60,Rear End,T-Junction,Daylight,,Not Raining
2017-12104-8/11/2018,0,0,0,0,1: PDO,Full,1,,50,Right Angle,Not Divided,Daylight,,Not Raining
2017-12105-8/11/2018,0,0,0,0,1: PDO,Full,1,,60,Right Angle,T-Junction,Daylight,,Not Raining
2017-12106-8/11/2018,4,0,0,4,2: MI,Full,1,,60,Right Angle,Cross Road,Night,,Not Raining
2017-12107-8/11/2018,0,0,0,0,1: PDO,,,,50,Right Angle,T-Junction,Daylight,,Unknown
2017-12108-8/11/2018,0,0,0,0,1: PDO,Provisional 2,1,,50,Hit Fixed Object,Not Divided,Daylight,,Not Raining
2017-12109-8/11/2018,1,0,0,1,2: MI,Full,1,,80,Right Angle,Cross Road,Daylight,,Not Raining
2017-12110-8/11/2018,0,0,0,0,1: PDO,Full,1,,100,Hit Fixed Object,Not Divided,Night,,Not Raining
2017-12111-8/11/2018,0,0,0,0,1: PDO,,,,60,Hit Fixed Object,Cross Road,Daylight,,Raining
2017-12112-8/11/2018,0,0,0,0,1: PDO,Unknown,1,,50,Hit Pedestrian,Cross Road,Night,Y,Raining
2017-12113-8/11/2018,0,0,0,0,1: PDO,Full,1,,80,Hit Fixed Object,Not Divided,Night,,Not Raining
2017-12114-8/11/2018,1,0,1,0,3: SI,,1,,60,Hit Fixed Object,Not Divided,Night,,Raining
2017-12115-8/11/2018,0,0,0,0,1: PDO,Full,1,,110,Rear End,Freeway,Night,,Raining
2017-12116-8/11/2018,0,0,0,0,1: PDO,,,,60,Rear End,Divided Road,Daylight,,Not Raining
2017-12117-8/11/2018,1,0,0,1,2: MI,,,,60,Right Angle,Cross Road,Daylight,,Raining
2017-12118-8/11/2018,1,0,0,1,2: MI,,,,60,Roll Over,Divided Road,Daylight,,Raining
2017-12119-8/11/2018,0,0,0,0,1: PDO,Full,1,,60,Side Swipe,T-Junction,Daylight,,Not Raining
2017-12120-8/11/2018,1,0,0,1,2: MI,Provisional 2,2,,80,Hit Fixed Object,T-Junction,Daylight,,Not Raining
2017-12121-8/11/2018,0,0,0,0,1: PDO,Learners,1,,70,Rear End,Divided Road,Daylight,,Not Raining
2017-12122-8/11/2018,1,0,0,1,2: MI,Full,1,,60,Head On,Not Divided,Daylight,,Not Raining
2017-12123-8/11/2018,0,0,0,0,1: PDO,Full,1,,60,Rear End,Cross Road,Daylight,,Not Raining
2017-12124-8/11/2018,0,0,0,0,1: PDO,,,,60,Right Turn,Cross Road,Daylight,,Not Raining
2017-12125-8/11/2018,0,0,0,0,1: PDO,Full,1,,60,Right Angle,T-Junction,Daylight,,Not Raining
2017-12126-8/11/2018,1,0,1,0,3: SI,Full,1,Y,100,Hit Fixed Object,Not Divided,Night,,Not Raining
2017-12127-8/11/2018,1,0,0,1,2: MI,Unknown,1,,50,Right Angle,T-Junction,Daylight,,Not Raining
2017-12128-8/11/2018,1,0,0,1,2: MI,Full,1,,60,Hit Fixed Object,Divided Road,Daylight,,Not Raining
2017-12129-8/11/2018,2,0,1,1,3: SI,Full,1,,100,Hit Fixed Object,Not Divided,Daylight,,Not Raining
2017-12130-8/11/2018,0,0,0,0,1: PDO,Full,1,,50,Hit Fixed Object,T-Junction,Daylight,,Not Raining
2017-12131-8/11/2018,0,0,0,0,1: PDO,Provisional 2,1,,70,Rear End,Divided Road,Daylight,,Raining
2017-12132-8/11/2018,0,0,0,0,1: PDO,Provisional 1 ,1,,60,Right Turn,T-Junction,Daylight,,Not Raining
2017-12133-8/11/2018,1,0,0,1,2: MI,Full,1,Y,60,Other,Divided Road,Daylight,,Not Raining
2017-12134-8/11/2018,2,0,0,2,2: MI,Full,1,,80,Rear End,Cross Road,Night,,Raining
2017-12135-8/11/2018,0,0,0,0,1: PDO,Unknown,1,,60,Right Angle,Divided Road,Daylight,,Not Raining
2017-12136-8/11/2018,1,0,0,1,2: MI,Full,2,,50,Hit Fixed Object,Not Divided,Daylight,,Not Raining
2017-12137-8/11/2018,1,0,0,1,2: MI,Unknown,1,,50,Right Turn,Not Divided,Daylight,,Not Raining
2017-12138-8/11/2018,1,0,0,1,2: MI,Provisional 2,1,,100,Side Swipe,Not Divided,Daylight,,Not Raining
2017-12139-8/11/2018,0,0,0,0,1: PDO,Full,1,,50,Right Angle,Not Divided,Daylight,,Not Raining
2017-12140-8/11/2018,0,0,0,0,1: PDO,Full,60,,60,Hit Fixed Object,Cross Road,Daylight,,Not Raining
2017-12141-8/11/2018,1,0,0,1,2: MI,Provisional 1 ,2,,60,Rear End,T-Junction,Daylight,,Raining
2017-12142-8/11/2018,0,0,0,0,1: PDO,Full,1,,80,Rear End,Divided Road,Daylight,,Not Raining
2017-12143-8/11/2018,1,0,0,1,2: MI,,1,,60,Rear End,Divided Road,Daylight,,Not Raining
2017-12144-8/11/2018,0,0,0,0,1: PDO,Full,1,,50,Right Angle,T-Junction,Daylight,,Not Raining
2017-12145-8/11/2018,0,0,0,0,1: PDO,Full,1,,60,Rear End,T-Junction,Daylight,,Not Raining
2017-12146-8/11/2018,0,0,0,0,1: PDO,Full,3,,80,Right Angle,Cross Road,Daylight,,Raining
2017-12147-8/11/2018,0,0,0,0,1: PDO,Full,1,,80,Right Angle,Cross Road,Night,,Raining
2017-12148-8/11/2018,0,0,0,0,1: PDO,Full,2,,110,Left Road - Out of Control,Not Divided,Daylight,,Not Raining
2017-12149-8/11/2018,1,0,0,1,2: MI,,,,60,Hit Fixed Object,T-Junction,Daylight,,Raining
2017-12150-8/11/2018,0,0,0,0,1: PDO,Unlicenced,1,,50,Hit Fixed Object,Not Divided,Daylight,Y,Unknown
2017-12151-8/11/2018,1,0,0,1,2: MI,,,,50,Hit Pedestrian,Not Divided,Night,Y,Not Raining
2017-12152-8/11/2018,1,0,0,1,2: MI,Full,5,,50,Hit Parked Vehicle,Not Divided,Night,,Raining
2017-12153-8/11/2018,1,0,0,1,2: MI,,,,60,Hit Pedestrian,Cross Road,Night,,Not Raining
2017-12154-8/11/2018,0,0,0,0,1: PDO,Full,1,,60,Right Angle,T-Junction,Night,,Not Raining
2017-12155-8/11/2018,0,0,0,0,1: PDO,Unknown,1,,60,Right Turn,Cross Road,Night,,Raining
2017-12156-8/11/2018,0,0,0,0,1: PDO,Full,1,,80,Hit Fixed Object,Divided Road,Night,,Raining
2017-12157-8/11/2018,0,0,0,0,1: PDO,Full,1,,60,Hit Fixed Object,Not Divided,Night,,Raining
2017-12158-8/11/2018,0,0,0,0,1: PDO,Unknown,1,,60,Hit Fixed Object,Divided Road,Daylight,Y,Not Raining
2017-12159-8/11/2018,1,0,0,1,2: MI,Full,1,,50,Roll Over,T-Junction,Daylight,,Not Raining
2017-12160-8/11/2018,1,0,0,1,2: MI,Provisional 2,3,,60,Right Turn,T-Junction,Night,,Not Raining
2017-12161-8/11/2018,0,0,0,0,1: PDO,Full,1,,60,Right Angle,Divided Road,Daylight,,Not Raining
2017-12162-8/11/2018,0,0,0,0,1: PDO,Full,1,,60,Rear End,Cross Road,Daylight,,Not Raining
2017-12163-8/11/2018,1,0,0,1,2: MI,Full,2,,80,Roll Over,Not Divided,Daylight,,Not Raining
2017-12164-8/11/2018,0,0,0,0,1: PDO,Provisional 2,1,,80,Hit Fixed Object,T-Junction,Daylight,,Not Raining
2017-12165-8/11/2018,0,0,0,0,1: PDO,Full,2,,60,Rear End,T-Junction,Daylight,,Not Raining
2017-12166-8/11/2018,3,0,0,3,2: MI,Full,2,,80,Rear End,T-Junction,Daylight,,Not Raining
2017-12167-8/11/2018,1,0,1,0,3: SI,Full,2,,50,Right Angle,T-Junction,Daylight,,Not Raining
2017-12168-8/11/2018,0,0,0,0,1: PDO,Provisional 2,1,,50,Right Angle,Cross Road,Daylight,,Not Raining
2017-12169-8/11/2018,0,0,0,0,1: PDO,,,,50,Rear End,T-Junction,Daylight,,Not Raining
2017-12170-8/11/2018,6,0,2,4,3: SI,Full,1,Y,80,Right Angle,Cross Road,Daylight,,Not Raining
2017-12171-8/11/2018,0,0,0,0,1: PDO,,1,,80,Hit Fixed Object,Not Divided,Night,Y,Not Raining
2017-12172-8/11/2018,0,0,0,0,1: PDO,Full,1,,60,Hit Fixed Object,Not Divided,Night,,Raining
2017-12173-8/11/2018,0,0,0,0,1: PDO,Unknown,1,,60,Right Angle,T-Junction,Daylight,,Not Raining
2017-12174-8/11/2018,0,0,0,0,1: PDO,Full,1,,100,Roll Over,Not Divided,Daylight,,Not Raining
2017-12175-8/11/2018,1,0,0,1,2: MI,,,Y,60,Hit Fixed Object,Not Divided,Daylight,,Not Raining
2017-12176-8/11/2018,0,0,0,0,1: PDO,Unknown,3,,60,Hit Fixed Object,T-Junction,Daylight,Y,Not Raining
2017-12177-8/11/2018,1,0,1,0,3: SI,Full,2,,50,Hit Fixed Object,Not Divided,Daylight,Y,Not Raining
2017-12178-8/11/2018,3,0,0,3,2: MI,Full,3,,90,Right Angle,Cross Road,Daylight,,Not Raining
2017-12179-8/11/2018,0,0,0,0,1: PDO,Full,2,,50,Right Angle,Cross Road,Night,,Not Raining
2017-12180-8/11/2018,1,0,0,1,2: MI,,1,,100,Roll Over,Not Divided,Daylight,,Not Raining
2017-12181-8/11/2018,1,1,0,0,4: Fatal,Full,3,,50,Hit Pedestrian,Not Divided,Daylight,,Not Raining
2017-12182-8/11/2018,5,0,1,4,3: SI,Provisional 1 ,2,,50,Hit Pedestrian,Cross Road,Daylight,,Not Raining
2017-12183-8/11/2018,1,0,0,1,2: MI,Provisional 1 ,1,,60,Hit Parked Vehicle,Not Divided,Night,,Not Raining
2017-12184-8/11/2018,0,0,0,0,1: PDO,Full,2,,40,Hit Parked Vehicle,Not Divided,Night,,Not Raining
2017-12185-8/11/2018,1,0,0,1,2: MI,,1,,60,Rear End,Cross Road,Daylight,,Not Raining
2017-12186-8/11/2018,1,0,0,1,2: MI,Unknown,1,,60,Rear End,Cross Road,Daylight,,Not Raining
2017-12187-8/11/2018,0,0,0,0,1: PDO,Full,1,,50,Right Angle,Cross Road,Daylight,,Not Raining
2017-12188-8/11/2018,1,0,0,1,2: MI,Full,1,,50,Hit Fixed Object,Not Divided,Daylight,,Not Raining
2017-12189-8/11/2018,1,0,0,1,2: MI,Full,1,,60,Right Angle,Cross Road,Daylight,,Not Raining
2017-12190-8/11/2018,0,0,0,0,1: PDO,,,,50,Hit Parked Vehicle,Not Divided,Night,,Not Raining
2017-12191-8/11/2018,3,0,2,1,3: SI,Unknown,1,,90,Right Angle,Cross Road,Night,Y,Not Raining
2017-12192-8/11/2018,0,0,0,0,1: PDO,Full,1,,80,Hit Fixed Object,Not Divided,Daylight,,Not Raining
2017-12193-8/11/2018,0,0,0,0,1: PDO,Full,1,,80,Hit Fixed Object,Not Divided,Daylight,,Not Raining
2017-12194-8/11/2018,0,0,0,0,1: PDO,Full,1,,80,Rear End,T-Junction,Daylight,,Not Raining
2017-12195-8/11/2018,2,0,0,2,2: MI,Full,1,,60,Right Angle,T-Junction,Daylight,,Raining
2017-12196-8/11/2018,1,0,1,0,3: SI,Unknown,1,,50,Hit Parked Vehicle,Not Divided,Daylight,,Raining
2017-12197-8/11/2018,0,0,0,0,1: PDO,,,,50,Hit Parked Vehicle,Not Divided,Night,,Not Raining
2017-12198-8/11/2018,0,0,0,0,1: PDO,Full,1,,60,Right Turn,T-Junction,Night,,Raining
2017-12199-8/11/2018,1,0,0,1,2: MI,Full,1,,100,Hit Fixed Object,Not Divided,Daylight,,Raining
2017-12200-8/11/2018,0,0,0,0,1: PDO,,0,,60,Rear End,T-Junction,Daylight,,Not Raining
2017-12201-8/11/2018,3,0,0,3,2: MI,Full,1,,60,Right Turn,Cross Road,Daylight,,Not Raining
2017-12202-8/11/2018,0,0,0,0,1: PDO,Provisional 2,1,,60,Hit Fixed Object,T-Junction,Night,,Raining
2017-12203-8/11/2018,1,0,0,1,2: MI,Provisional 2,1,,60,Right Angle,Divided Road,Daylight,,Not Raining
2017-12204-8/11/2018,0,0,0,0,1: PDO,Full,1,,60,Rear End,T-Junction,Daylight,,Not Raining
2017-12205-8/11/2018,1,0,0,1,2: MI,Full,1,,25,Right Turn,Cross Road,Daylight,,Raining
2017-12206-8/11/2018,0,0,0,0,1: PDO,Unknown,1,,60,Right Turn,Cross Road,Daylight,,Not Raining
2017-12207-8/11/2018,0,0,0,0,1: PDO,Full,1,,50,Hit Pedestrian,Not Divided,Night,,Not Raining
2017-12208-8/11/2018,1,0,0,1,2: MI,Full,1,,50,Hit Fixed Object,Not Divided,Daylight,,Not Raining
2017-12209-8/11/2018,0,0,0,0,1: PDO,Provisional 1 ,1,,50,Right Angle,T-Junction,Daylight,,Not Raining
2017-12210-8/11/2018,0,0,0,0,1: PDO,Unlicenced,1,,50,Rear End,T-Junction,Daylight,,Not Raining
2017-12211-8/11/2018,0,0,0,0,1: PDO,,,,60,Rear End,T-Junction,Daylight,,Not Raining
2017-12212-8/11/2018,0,0,0,0,1: PDO,Full,2,,110,Hit Fixed Object,Freeway,Daylight,,Not Raining
2017-12213-8/11/2018,0,0,0,0,1: PDO,Full,1,,60,Hit Parked Vehicle,Divided Road,Night,,Not Raining
2017-12214-8/11/2018,0,0,0,0,1: PDO,Full,1,,60,Hit Fixed Object,Cross Road,Night,Y,Not Raining
2017-12215-8/11/2018,0,0,0,0,1: PDO,Full,1,Y,40,Hit Fixed Object,Not Divided,Night,,Not Raining
2017-12216-8/11/2018,0,0,0,0,1: PDO,Full,1,,60,Side Swipe,Divided Road,Night,,Not Raining
2017-12217-8/11/2018,0,0,0,0,1: PDO,Full,1,,50,Hit Fixed Object,Not Divided,Night,,Not Raining
2017-12218-8/11/2018,0,0,0,0,1: PDO,Full,1,,50,Hit Parked Vehicle,Not Divided,Night,,Not Raining
2017-12219-8/11/2018,0,0,0,0,1: PDO,Full,1,,50,Rear End,T-Junction,Daylight,,Not Raining
2017-12220-8/11/2018,0,0,0,0,1: PDO,Unknown,1,,110,Rear End,Not Divided,Daylight,,Not Raining
2017-12221-8/11/2018,0,0,0,0,1: PDO,Provisional 1 ,1,,60,Rear End,T-Junction,Daylight,,Not Raining
2017-12222-8/11/2018,2,0,0,2,2: MI,,,,80,Hit Fixed Object,Not Divided,Night,,Raining
2017-12223-8/11/2018,0,0,0,0,1: PDO,Full,1,,80,Rear End,Divided Road,Daylight,,Not Raining
2017-12224-8/11/2018,0,0,0,0,1: PDO,,1,,80,Right Angle,T-Junction,Daylight,,Raining
2017-12225-8/11/2018,0,0,0,0,1: PDO,Unknown,1,,60,Rear End,T-Junction,Daylight,,Not Raining
2017-12226-8/11/2018,1,0,0,1,2: MI,Full,1,,80,Roll Over,Not Divided,Daylight,,Raining
2017-12227-8/11/2018,0,0,0,0,1: PDO,Full,2,,60,Rear End,Divided Road,Daylight,,Not Raining
2017-12228-8/11/2018,0,0,0,0,1: PDO,,1,,60,Rear End,Divided Road,Daylight,,Not Raining
2017-12229-8/11/2018,1,0,0,1,2: MI,,1,,50,Hit Fixed Object,Not Divided,Daylight,,Not Raining
2017-12230-8/11/2018,1,0,0,1,2: MI,Unknown,2,,50,Side Swipe,Cross Road,Daylight,,Not Raining
2017-12231-8/11/2018,0,0,0,0,1: PDO,Provisional 2,1,,60,Rear End,T-Junction,Daylight,,Not Raining
2017-12232-8/11/2018,0,0,0,0,1: PDO,Full,1,,60,Right Angle,Cross Road,Daylight,,Not Raining
2017-12233-8/11/2018,0,0,0,0,1: PDO,Provisional 1 ,1,,50,Hit Parked Vehicle,Not Divided,Daylight,,Not Raining
2017-12234-8/11/2018,1,0,0,1,2: MI,,,,60,Rear End,Cross Road,Daylight,,Not Raining
2017-12235-8/11/2018,1,0,0,1,2: MI,Full,1,,60,Side Swipe,Divided Road,Daylight,,Not Raining
2017-12236-8/11/2018,0,0,0,0,1: PDO,Full,1,,60,Rear End,Divided Road,Daylight,,Not Raining
2017-12237-8/11/2018,1,0,0,1,2: MI,Provisional 1 ,1,,60,Right Turn,T-Junction,Daylight,,Not Raining
2017-12238-8/11/2018,0,0,0,0,1: PDO,Provisional 2,1,,60,Side Swipe,Divided Road,Daylight,,Not Raining
2017-12239-8/11/2018,0,0,0,0,1: PDO,Probationary,2,,60,Right Turn,T-Junction,Daylight,,Not Raining
2017-12240-8/11/2018,0,0,0,0,1: PDO,Unknown,1,,50,Rear End,Not Divided,Daylight,,Not Raining
2017-12241-8/11/2018,0,0,0,0,1: PDO,Unknown,1,,60,Side Swipe,Cross Road,Daylight,,Not Raining
2017-12242-8/11/2018,0,0,0,0,1: PDO,Provisional 1 ,1,,50,Rear End,Not Divided,Daylight,,Not Raining
2017-12243-8/11/2018,1,0,0,1,2: MI,Probationary,2,,80,Rear End,T-Junction,Daylight,,Not Raining
2017-12244-8/11/2018,0,0,0,0,1: PDO,Full,1,,100,Left Road - Out of Control,T-Junction,Daylight,,Not Raining
2017-12245-8/11/2018,0,0,0,0,1: PDO,Learners,1,,60,Rear End,Divided Road,Daylight,,Not Raining
2017-12246-8/11/2018,0,0,0,0,1: PDO,Full,2,,50,Right Angle,T-Junction,Daylight,,Not Raining
2017-12247-8/11/2018,0,0,0,0,1: PDO,Full,1,,100,Hit Parked Vehicle,Freeway,Daylight,,Not Raining
2017-12248-8/11/2018,0,0,0,0,1: PDO,Full,1,,80,Hit Fixed Object,Not Divided,Daylight,,Not Raining
2017-12249-8/11/2018,1,0,0,1,2: MI,Unknown,1,,50,Hit Pedestrian,Not Divided,Daylight,,Not Raining
2017-12250-8/11/2018,0,0,0,0,1: PDO,Full,3,,60,Side Swipe,Not Divided,Daylight,,Not Raining
2017-12251-8/11/2018,0,0,0,0,1: PDO,Unknown,1,,60,Hit Fixed Object,T-Junction,Daylight,,Not Raining
2017-12252-8/11/2018,1,0,1,0,3: SI,Full,1,,60,Right Turn,Cross Road,Daylight,,Not Raining
2017-12253-8/11/2018,0,0,0,0,1: PDO,Full,1,,50,Right Turn,Cross Road,Daylight,,Not Raining
2017-12254-8/11/2018,0,0,0,0,1: PDO,Full,1,,50,Right Angle,Cross Road,Night,,Not Raining
2017-12255-8/11/2018,1,0,0,1,2: MI,Full,1,,100,Left Road - Out of Control,Not Divided,Daylight,Y,Not Raining
2017-12256-8/11/2018,0,0,0,0,1: PDO,,0,,60,Right Turn,Divided Road,Night,,Not Raining
2017-12257-8/11/2018,0,0,0,0,1: PDO,Full,1,,50,Hit Fixed Object,Not Divided,Night,,Not Raining
2017-12258-8/11/2018,0,0,0,0,1: PDO,Full,3,,60,Rear End,Divided Road,Night,,Not Raining
2017-12259-8/11/2018,0,0,0,0,1: PDO,Full,1,,50,Hit Fixed Object,Not Divided,Night,,Not Raining
2017-12260-8/11/2018,1,0,0,1,2: MI,Full,1,,60,Rear End,Cross Road,Daylight,,Not Raining
2017-12261-8/11/2018,0,0,0,0,1: PDO,Full,3,,60,Right Turn,T-Junction,Daylight,,Not Raining
2017-12262-8/11/2018,0,0,0,0,1: PDO,Provisional 1 ,1,,50,Side Swipe,Not Divided,Daylight,,Not Raining
2017-12263-8/11/2018,0,0,0,0,1: PDO,Full,2,,50,Right Angle,Cross Road,Daylight,,Not Raining
2017-12264-8/11/2018,1,0,0,1,2: MI,Unknown,1,,60,Side Swipe,Divided Road,Daylight,,Not Raining
2017-12265-8/11/2018,0,0,0,0,1: PDO,Full,1,,60,Right Angle,T-Junction,Daylight,,Not Raining
2017-12266-8/11/2018,0,0,0,0,1: PDO,,,,100,Roll Over,Not Divided,Daylight,,Not Raining
2017-12267-8/11/2018,0,0,0,0,1: PDO,Full,1,,60,Rear End,Divided Road,Daylight,,Not Raining
2017-12268-8/11/2018,1,0,0,1,2: MI,Full,1,Y,60,Rear End,Not Divided,Daylight,,Not Raining
2017-12269-8/11/2018,1,0,1,0,3: SI,Full,1,,100,Roll Over,Not Divided,Daylight,,Not Raining
2017-12270-8/11/2018,1,0,0,1,2: MI,,,,60,Right Angle,T-Junction,Daylight,,Not Raining
2017-12271-8/11/2018,0,0,0,0,1: PDO,Full,1,,60,Other,Divided Road,Daylight,,Not Raining
2017-12272-8/11/2018,0,0,0,0,1: PDO,Full,1,,50,Hit Fixed Object,T-Junction,Night,,Not Raining
2017-12273-8/11/2018,1,0,0,1,2: MI,Full,1,,110,Hit Fixed Object,T-Junction,Daylight,,Not Raining
2017-12274-8/11/2018,0,0,0,0,1: PDO,,0,,50,Hit Parked Vehicle,Divided Road,Daylight,,Not Raining
2017-12275-8/11/2018,0,0,0,0,1: PDO,Full,1,,60,Right Angle,Divided Road,Daylight,,Not Raining
2017-12276-8/11/2018,0,0,0,0,1: PDO,,0,,40,Right Angle,Cross Road,Daylight,,Not Raining
2017-12277-8/11/2018,0,0,0,0,1: PDO,,,,60,Rear End,T-Junction,Daylight,,Not Raining
2017-12278-8/11/2018,0,0,0,0,1: PDO,Unknown,1,,60,Side Swipe,Cross Road,Daylight,,Not Raining
2017-12279-8/11/2018,0,0,0,0,1: PDO,Full,1,,50,Hit Parked Vehicle,Not Divided,Daylight,,Not Raining
2017-12280-8/11/2018,1,0,0,1,2: MI,,,,60,Side Swipe,Not Divided,Daylight,,Not Raining
2017-12281-8/11/2018,0,0,0,0,1: PDO,Full,1,,50,Right Angle,Cross Road,Daylight,,Not Raining
2017-12282-8/11/2018,0,0,0,0,1: PDO,Full,1,,80,Hit Fixed Object,Not Divided,Night,,Raining
2017-12283-8/11/2018,1,0,0,1,2: MI,Full,1,,60,Right Turn,T-Junction,Daylight,,Not Raining
2017-12284-8/11/2018,0,0,0,0,1: PDO,Unknown,1,,60,Rear End,Divided Road,Daylight,,Not Raining
2017-12285-8/11/2018,0,0,0,0,1: PDO,Provisional 1 ,1,,60,Right Angle,T-Junction,Daylight,,Not Raining
2017-12286-8/11/2018,0,0,0,0,1: PDO,Full,1,,80,Head On,Not Divided,Daylight,,Not Raining
2017-12287-8/11/2018,1,0,0,1,2: MI,Full,2,,60,Right Turn,Cross Road,Daylight,,Not Raining
2017-12288-8/11/2018,0,0,0,0,1: PDO,Probationary,1,,60,Side Swipe,T-Junction,Daylight,,Not Raining
2017-12289-8/11/2018,0,0,0,0,1: PDO,Provisional 1 ,1,,110,Hit Fixed Object,Not Divided,Daylight,,Raining
2017-12290-8/11/2018,1,0,0,1,2: MI,,0,,60,Hit Fixed Object,Not Divided,Night,,Not Raining
2017-12291-8/11/2018,0,0,0,0,1: PDO,Unknown,1,,50,Hit Fixed Object,Not Divided,Night,,Not Raining
2017-12292-8/11/2018,2,0,0,2,2: MI,Full,1,,100,Head On,Not Divided,Daylight,,Not Raining
2017-12293-8/11/2018,2,0,0,2,2: MI,Unknown,1,,50,Hit Fixed Object,Not Divided,Night,,Not Raining
2017-12294-8/11/2018,1,0,0,1,2: MI,,,,60,Right Turn,Cross Road,Night,,Not Raining
2017-12295-8/11/2018,0,0,0,0,1: PDO,Unknown,1,,50,Hit Fixed Object,Not Divided,Daylight,,Not Raining
2017-12296-8/11/2018,0,0,0,0,1: PDO,,1,,80,Head On,Not Divided,Daylight,,Not Raining
2017-12297-8/11/2018,0,0,0,0,1: PDO,Full,1,,60,Rear End,Divided Road,Daylight,,Not Raining
2017-12298-8/11/2018,1,0,1,0,3: SI,Full,4,,60,Roll Over,T-Junction,Daylight,,Not Raining
2017-12299-8/11/2018,0,0,0,0,1: PDO,Full,1,,80,Hit Fixed Object,Divided Road,Daylight,,Not Raining
2017-12300-8/11/2018,0,0,0,0,1: PDO,,1,,60,Rear End,Divided Road,Daylight,,Not Raining
2017-12301-8/11/2018,1,0,0,1,2: MI,Full,1,,80,Rear End,Divided Road,Daylight,,Not Raining
2017-12302-8/11/2018,1,0,0,1,2: MI,Full,1,,60,Right Angle,Cross Road,Daylight,,Not Raining
2017-12303-8/11/2018,0,0,0,0,1: PDO,Provisional 1 ,1,,50,Roll Over,Not Divided,Daylight,,Not Raining
2017-12304-8/11/2018,0,0,0,0,1: PDO,Full,2,,60,Side Swipe,Divided Road,Daylight,,Not Raining
2017-12305-8/11/2018,1,0,0,1,2: MI,Full,2,,50,Right Turn,Cross Road,Daylight,,Not Raining
2017-12306-8/11/2018,1,0,0,1,2: MI,Full,2,,80,Roll Over,Not Divided,Daylight,,Not Raining
2017-12307-8/11/2018,0,0,0,0,1: PDO,Full,1,,60,Rear End,Divided Road,Daylight,,Not Raining
2017-12308-8/11/2018,1,0,0,1,2: MI,Full,2,,60,Rear End,Cross Road,Daylight,,Not Raining
2017-12309-8/11/2018,0,0,0,0,1: PDO,Full,1,,50,Hit Pedestrian,Not Divided,Night,,Not Raining
2017-12310-8/11/2018,0,0,0,0,1: PDO,Full,2,,60,Side Swipe,Cross Road,Daylight,,Not Raining
2017-12311-8/11/2018,1,0,0,1,2: MI,Full,1,,50,Side Swipe,Not Divided,Daylight,,Not Raining
2017-12312-8/11/2018,0,0,0,0,1: PDO,Full,2,,50,Right Angle,Cross Road,Daylight,Y,Not Raining
2017-12313-8/11/2018,0,0,0,0,1: PDO,Provisional 1 ,1,,50,Right Angle,Cross Road,Daylight,,Not Raining
2017-12314-8/11/2018,0,0,0,0,1: PDO,,,,60,Head On,Not Divided,Daylight,,Not Raining