REPORT_ID,Total Cas,Total Fats,Total SI,Total MI,CSEF Severity,Licence Type,Number Occupants,Drugs Involved,Area Speed,Crash Type,Position Type,DayNight,DUI Involved,Weather Cond
2017-12315-8/11/2018,0,0,0,0,1: PDO,Full,1,,80,Side Swipe,Divided Road,Daylight,,Not Raining
2017-12316-8/11/2018,0,0,0,0,1: PDO,Full,2,,50,Side Swipe,Cross Road,Daylight,,Not Raining
2017-12317-8/11/2018,0,0,0,0,1: PDO,Unknown,1,,80,Head On,Not Divided,Daylight,,Not Raining
2017-12318-8/11/2018,1,0,0,1,2: MI,Full,3,,60,Side Swipe,Cross Road,Daylight,,Not Raining
2017-12319-8/11/2018,0,0,0,0,1: PDO,Full,1,,50,Hit Parked Vehicle,Not Divided,Night,,Unknown
2017-12320-8/11/2018,1,0,0,1,2: MI,Full,1,,60,Rear End,T-Junction,Daylight,,Not Raining
2017-12321-8/11/2018,0,0,0,0,1: PDO,Full,1,,80,Rear End,Cross Road,Daylight,,Not Raining
2017-12322-8/11/2018,3,0,0,3,2: MI,Learners,1,,50,Rear End,T-Junction,Daylight,,Not Raining
2017-12323-8/11/2018,0,0,0,0,1: PDO,Full,1,,70,Rear End,Divided Road,Daylight,,Not Raining
2017-12324-8/11/2018,0,0,0,0,1: PDO,Unknown,1,,60,Rear End,Divided Road,Daylight,,Not Raining
2017-12325-8/11/2018,1,0,0,1,2: MI,Unknown,2,,60,Roll Over,Cross Road,Night,,Not Raining
2017-12326-8/11/2018,0,0,0,0,1: PDO,Full,2,,60,Right Angle,Divided Road,Daylight,,Not Raining
2017-12327-8/11/2018,0,0,0,0,1: PDO,Full,10,,70,Right Angle,T-Junction,Daylight,,Not Raining
2017-12328-8/11/2018,0,0,0,0,1: PDO,Full,1,,80,Hit Fixed Object,Not Divided,Daylight,,Not Raining
2017-12329-8/11/2018,0,0,0,0,1: PDO,,1,,60,Rear End,Divided Road,Daylight,,Not Raining
2017-12330-8/11/2018,0,0,0,0,1: PDO,Full,2,,60,Rear End,Divided Road,Daylight,,Not Raining
2017-12331-8/11/2018,1,0,1,0,3: SI,Full,3,Y,40,Roll Over,Cross Road,Daylight,Y,Not Raining
2017-12332-8/11/2018,0,0,0,0,1: PDO,Full,1,,60,Rear End,Divided Road,Daylight,,Not Raining
2017-12333-8/11/2018,0,0,0,0,1: PDO,,,,60,Side Swipe,Divided Road,Daylight,,Not Raining
2017-12334-8/11/2018,0,0,0,0,1: PDO,Unlicenced,1,,80,Rear End,Divided Road,Daylight,,Not Raining
2017-12335-8/11/2018,0,0,0,0,1: PDO,Full,1,,60,Right Turn,Cross Road,Daylight,,Not Raining
2017-12336-8/11/2018,0,0,0,0,1: PDO,Unlicenced,1,,60,Right Angle,Not Divided,Daylight,,Not Raining
2017-12337-8/11/2018,1,0,0,1,2: MI,Full,1,,50,Right Angle,Cross Road,Daylight,,Not Raining
2017-12338-8/11/2018,0,0,0,0,1: PDO,,,,50,Hit Fixed Object,Not Divided,Night,,Not Raining
2017-12339-8/11/2018,0,0,0,0,1: PDO,Full,1,,60,Hit Fixed Object,Not Divided,Night,,Not Raining
2017-12340-8/11/2018,0,0,0,0,1: PDO,Provisional 1 ,1,,100,Hit Fixed Object,Freeway,Night,,Not Raining
2017-12341-8/11/2018,0,0,0,0,1: PDO,,,,60,Hit Animal,Not Divided,Night,,Not Raining
2017-12342-8/11/2018,1,0,0,1,2: MI,Unknown,1,,80,Right Turn,Cross Road,Daylight,,Not Raining
2017-12343-8/11/2018,0,0,0,0,1: PDO,Full,1,,50,Rear End,Not Divided,Daylight,,Not Raining
2017-12344-8/11/2018,0,0,0,0,1: PDO,Unknown,1,,50,Hit Parked Vehicle,Not Divided,Daylight,,Not Raining
2017-12345-8/11/2018,0,0,0,0,1: PDO,Full,2,,60,Rear End,Divided Road,Daylight,,Raining
2017-12346-8/11/2018,0,0,0,0,1: PDO,Provisional 2,1,,60,Rear End,Cross Road,Daylight,,Not Raining
2017-12347-8/11/2018,1,0,0,1,2: MI,Provisional 2,1,,60,Rear End,Divided Road,Daylight,,Not Raining
2017-12348-8/11/2018,2,0,0,2,2: MI,Full,1,,60,Right Turn,T-Junction,Daylight,,Raining
2017-12349-8/11/2018,1,0,0,1,2: MI,Full,1,,50,Hit Pedestrian,Divided Road,Daylight,,Not Raining
2017-12350-8/11/2018,0,0,0,0,1: PDO,,,,110,Hit Fixed Object,Not Divided,Daylight,,Not Raining
2017-12351-8/11/2018,0,0,0,0,1: PDO,Full,2,,60,Right Angle,T-Junction,Daylight,,Not Raining
2017-12352-8/11/2018,0,0,0,0,1: PDO,Provisional 2,1,,50,Right Angle,T-Junction,Daylight,,Not Raining
2017-12353-8/11/2018,1,0,0,1,2: MI,,,,80,Hit Fixed Object,Not Divided,Daylight,,Not Raining
2017-12354-8/11/2018,0,0,0,0,1: PDO,Full,1,,50,Right Angle,Cross Road,Daylight,,Not Raining
2017-12355-8/11/2018,1,0,0,1,2: MI,Provisional 1 ,1,,60,Right Turn,T-Junction,Daylight,,Not Raining
2017-12356-8/11/2018,0,0,0,0,1: PDO,Full,1,,60,Hit Pedestrian,Not Divided,Daylight,,Not Raining
2017-12357-8/11/2018,0,0,0,0,1: PDO,Full,1,,60,Rear End,Not Divided,Daylight,,Not Raining
2017-12358-8/11/2018,0,0,0,0,1: PDO,Full,1,,110,Hit Animal,Not Divided,Daylight,,Raining
2017-12359-8/11/2018,0,0,0,0,1: PDO,,,,60,Rear End,Divided Road,Daylight,,Not Raining
2017-12360-8/11/2018,1,0,0,1,2: MI,Full,1,,50,Rear End,Not Divided,Daylight,,Not Raining
2017-12361-8/11/2018,1,0,0,1,2: MI,Full,1,,50,Hit Fixed Object,Divided Road,Daylight,,Raining
2017-12362-8/11/2018,0,0,0,0,1: PDO,Full,1,,60,Rear End,Divided Road,Daylight,,Raining
2017-12363-8/11/2018,1,0,0,1,2: MI,,,,80,Hit Fixed Object,Not Divided,Night,,Not Raining
2017-12364-8/11/2018,0,0,0,0,1: PDO,Full,1,,80,Rear End,Not Divided,Daylight,,Not Raining
2017-12365-8/11/2018,0,0,0,0,1: PDO,Full,1,,50,Side Swipe,T-Junction,Daylight,,Not Raining
2017-12366-8/11/2018,1,0,0,1,2: MI,Full,1,,60,Rear End,Divided Road,Daylight,,Not Raining
2017-12367-8/11/2018,0,0,0,0,1: PDO,Full,1,,60,Right Angle,T-Junction,Daylight,,Not Raining
2017-12368-8/11/2018,1,0,0,1,2: MI,Full,1,,60,Hit Fixed Object,Cross Road,Daylight,,Not Raining
2017-12369-8/11/2018,1,0,0,1,2: MI,Full,1,,50,Hit Fixed Object,Cross Road,Daylight,,Not Raining
2017-12370-8/11/2018,0,0,0,0,1: PDO,,,,60,Rear End,T-Junction,Daylight,,Not Raining
2017-12371-8/11/2018,1,0,0,1,2: MI,Full,1,,50,Hit Fixed Object,Not Divided,Daylight,,Not Raining
2017-12372-8/11/2018,0,0,0,0,1: PDO,Full,1,,70,Side Swipe,Divided Road,Daylight,,Raining
2017-12373-8/11/2018,0,0,0,0,1: PDO,,1,,60,Rear End,T-Junction,Daylight,,Not Raining
2017-12374-8/11/2018,1,0,0,1,2: MI,Unknown,1,,90,Rear End,Freeway,Daylight,,Not Raining
2017-12375-8/11/2018,0,0,0,0,1: PDO,,1,,60,Rear End,Divided Road,Night,,Not Raining
2017-12376-8/11/2018,0,0,0,0,1: PDO,Full,2,,60,Side Swipe,Divided Road,Daylight,,Not Raining
2017-12377-8/11/2018,1,0,0,1,2: MI,Full,1,,60,Side Swipe,Cross Road,Daylight,,Not Raining
2017-12378-8/11/2018,0,0,0,0,1: PDO,Full,1,,60,Right Turn,Cross Road,Daylight,,Not Raining
2017-12379-8/11/2018,1,0,0,1,2: MI,Full,1,,60,Rear End,Divided Road,Daylight,,Not Raining
2017-12380-8/11/2018,0,0,0,0,1: PDO,Full,1,,60,Hit Fixed Object,Not Divided,Daylight,,Not Raining
2017-12381-8/11/2018,1,0,0,1,2: MI,Full,2,,50,Hit Pedestrian,Not Divided,Night,,Not Raining
2017-12382-8/11/2018,0,0,0,0,1: PDO,Full,2,,50,Hit Fixed Object,T-Junction,Night,,Not Raining
2017-12383-8/11/2018,0,0,0,0,1: PDO,Provisional 1 ,3,,60,Hit Fixed Object,Divided Road,Night,,Not Raining
2017-12384-8/11/2018,0,0,0,0,1: PDO,,,,40,Rear End,Divided Road,Daylight,,Not Raining
2017-12385-8/11/2018,3,0,0,3,2: MI,Full,1,,50,Hit Fixed Object,T-Junction,Daylight,,Raining
2017-12386-8/11/2018,1,0,0,1,2: MI,Full,1,,40,Hit Pedestrian,Not Divided,Night,,Not Raining
2017-12387-8/11/2018,1,0,0,1,2: MI,Full,2,,110,Hit Fixed Object,Not Divided,Daylight,,Not Raining
2017-12388-8/11/2018,0,0,0,0,1: PDO,Full,1,,50,Side Swipe,T-Junction,Daylight,,Not Raining
2017-12389-8/11/2018,0,0,0,0,1: PDO,Full,1,,60,Rear End,Not Divided,Daylight,,Not Raining
2017-12390-8/11/2018,0,0,0,0,1: PDO,Full,1,,100,Hit Fixed Object,T-Junction,Daylight,,Not Raining
2017-12391-8/11/2018,0,0,0,0,1: PDO,,1,,60,Side Swipe,Ramp Off,Night,,Not Raining
2017-12392-8/11/2018,1,0,0,1,2: MI,Unknown,1,,70,Rear End,T-Junction,Daylight,,Not Raining
2017-12393-8/11/2018,0,0,0,0,1: PDO,Full,1,,50,Hit Parked Vehicle,T-Junction,Daylight,,Not Raining
2017-12394-8/11/2018,1,0,0,1,2: MI,Full,1,,60,Rear End,Cross Road,Night,,Not Raining
2017-12395-8/11/2018,0,0,0,0,1: PDO,Full,1,,60,Hit Pedestrian,Not Divided,Daylight,,Not Raining
2017-12396-8/11/2018,0,0,0,0,1: PDO,Full,1,,80,Head On,T-Junction,Daylight,,Not Raining
2017-12397-8/11/2018,0,0,0,0,1: PDO,Full,1,,80,Hit Fixed Object,Not Divided,Night,,Raining
2017-12398-8/11/2018,1,0,1,0,3: SI,Provisional 2,1,,60,Right Angle,Not Divided,Daylight,,Not Raining
2017-12399-8/11/2018,0,0,0,0,1: PDO,,1,,60,Right Angle,T-Junction,Daylight,,Not Raining
2017-12400-8/11/2018,0,0,0,0,1: PDO,Full,1,,50,Right Angle,Not Divided,Daylight,,Not Raining
2017-12401-8/11/2018,0,0,0,0,1: PDO,Full,1,,80,Hit Fixed Object,Not Divided,Daylight,,Not Raining
2017-12402-8/11/2018,0,0,0,0,1: PDO,,,,50,Hit Fixed Object,T-Junction,Daylight,,Not Raining
2017-12403-8/11/2018,0,0,0,0,1: PDO,Full,1,,60,Right Angle,Cross Road,Daylight,,Not Raining
2017-12404-8/11/2018,0,0,0,0,1: PDO,Full,1,,60,Hit Fixed Object,Cross Road,Daylight,,Not Raining
2017-12405-8/11/2018,0,0,0,0,1: PDO,Full,1,,60,Rear End,Cross Road,Daylight,,Not Raining
2017-12406-8/11/2018,1,0,0,1,2: MI,Provisional 1 ,2,,50,Rear End,Cross Road,Daylight,,Not Raining
2017-12407-8/11/2018,1,0,0,1,2: MI,Full,1,,50,Hit Parked Vehicle,Divided Road,Daylight,,Not Raining
2017-12408-8/11/2018,0,0,0,0,1: PDO,Provisional 1 ,1,,60,Right Angle,T-Junction,Daylight,,Not Raining
2017-12409-8/11/2018,1,0,0,1,2: MI,Full,1,,40,Hit Parked Vehicle,Not Divided,Daylight,,Not Raining
2017-12410-8/11/2018,0,0,0,0,1: PDO,Full,1,,60,Hit Parked Vehicle,Divided Road,Daylight,,Not Raining
2017-12411-8/11/2018,0,0,0,0,1: PDO,Provisional 1 ,1,,50,Hit Parked Vehicle,Not Divided,Daylight,,Not Raining
2017-12412-8/11/2018,1,0,0,1,2: MI,,,,60,Rear End,Cross Road,Daylight,,Not Raining
2017-12413-8/11/2018,1,0,0,1,2: MI,Unlicenced,1,,60,Right Angle,Cross Road,Daylight,,Not Raining
2017-12414-8/11/2018,0,0,0,0,1: PDO,Full,1,,50,Hit Parked Vehicle,Divided Road,Daylight,,Not Raining
2017-12415-8/11/2018,0,0,0,0,1: PDO,Full,2,,50,Hit Fixed Object,Cross Road,Daylight,Y,Not Raining
2017-12416-8/11/2018,0,0,0,0,1: PDO,Full,1,,110,Roll Over,Not Divided,Night,,Unknown
2017-12417-8/11/2018,0,0,0,0,1: PDO,Full,1,,50,Hit Fixed Object,T-Junction,Daylight,,Not Raining
2017-12418-8/11/2018,0,0,0,0,1: PDO,,,,50,Rear End,Not Divided,Daylight,,Not Raining
2017-12419-8/11/2018,0,0,0,0,1: PDO,Full,1,,50,Rear End,Not Divided,Daylight,,Not Raining
2017-12420-8/11/2018,1,0,0,1,2: MI,,,,100,Rear End,Not Divided,Daylight,,Not Raining
2017-12421-8/11/2018,0,0,0,0,1: PDO,,0,,60,Right Turn,Cross Road,Daylight,,Not Raining
2017-12422-8/11/2018,1,0,0,1,2: MI,,,,60,Hit Parked Vehicle,Divided Road,Daylight,,Not Raining
2017-12423-8/11/2018,1,0,0,1,2: MI,,0,,60,Right Turn,T-Junction,Daylight,,Not Raining
2017-12424-8/11/2018,1,0,0,1,2: MI,Provisional 1 ,1,,60,Hit Fixed Object,Cross Road,Daylight,,Not Raining
2017-12425-8/11/2018,0,0,0,0,1: PDO,,,,50,Side Swipe,Cross Road,Daylight,,Not Raining
2017-12426-8/11/2018,1,0,0,1,2: MI,Full,4,,60,Right Angle,T-Junction,Daylight,,Not Raining
2017-12427-8/11/2018,0,0,0,0,1: PDO,Provisional 2,3,,60,Side Swipe,Divided Road,Daylight,,Not Raining
2017-12428-8/11/2018,2,0,0,2,2: MI,Full,1,,60,Side Swipe,Divided Road,Daylight,,Not Raining
2017-12429-8/11/2018,2,0,0,2,2: MI,,1,Y,100,Head On,Not Divided,Night,,Not Raining
2017-12430-8/11/2018,0,0,0,0,1: PDO,Full,2,,60,Hit Parked Vehicle,T-Junction,Night,,Not Raining
2017-12431-8/11/2018,0,0,0,0,1: PDO,,,,60,Hit Fixed Object,T-Junction,Night,Y,Not Raining
2017-12432-8/11/2018,0,0,0,0,1: PDO,Full,1,,50,Hit Parked Vehicle,Not Divided,Night,,Not Raining
2017-12433-8/11/2018,1,0,0,1,2: MI,,,,60,Hit Fixed Object,T-Junction,Daylight,,Not Raining
2017-12434-8/11/2018,0,0,0,0,1: PDO,Provisional 1 ,1,,50,Hit Parked Vehicle,Not Divided,Night,,Unknown
2017-12435-8/11/2018,0,0,0,0,1: PDO,,,,80,Other,Not Divided,Daylight,,Not Raining
2017-12436-8/11/2018,0,0,0,0,1: PDO,,0,,60,Rear End,T-Junction,Daylight,,Not Raining
2017-12437-8/11/2018,1,0,0,1,2: MI,,0,,100,Roll Over,T-Junction,Daylight,Y,Not Raining
2017-12438-8/11/2018,0,0,0,0,1: PDO,Learners,1,,60,Side Swipe,T-Junction,Daylight,,Not Raining
2017-12439-8/11/2018,0,0,0,0,1: PDO,,,,50,Hit Parked Vehicle,Not Divided,Night,,Not Raining
2017-12440-8/11/2018,0,0,0,0,1: PDO,Full,1,,100,Roll Over,Not Divided,Daylight,,Not Raining
2017-12441-8/11/2018,2,0,0,2,2: MI,Unknown,2,,60,Right Turn,Cross Road,Daylight,,Not Raining
2017-12442-8/11/2018,0,0,0,0,1: PDO,Full,1,,60,Right Turn,Cross Road,Daylight,,Not Raining
2017-12443-8/11/2018,2,0,0,2,2: MI,Full,5,,60,Right Angle,Cross Road,Daylight,,Not Raining
2017-12444-8/11/2018,0,0,0,0,1: PDO,Full,5,,50,Hit Fixed Object,Cross Road,Daylight,,Not Raining
2017-12445-8/11/2018,1,0,0,1,2: MI,,,,60,Hit Pedestrian,Cross Road,Daylight,,Not Raining
2017-12446-8/11/2018,0,0,0,0,1: PDO,Full,2,,60,Rear End,Cross Road,Daylight,,Not Raining
2017-12447-8/11/2018,0,0,0,0,1: PDO,Full,1,,50,Right Angle,Cross Road,Daylight,,Not Raining
2017-12448-8/11/2018,0,0,0,0,1: PDO,,,,50,Side Swipe,Not Divided,Daylight,,Not Raining
2017-12449-8/11/2018,1,0,0,1,2: MI,Full,1,,60,Rear End,T-Junction,Daylight,,Not Raining
2017-12450-8/11/2018,1,0,0,1,2: MI,Full,1,,60,Rear End,T-Junction,Daylight,,Not Raining
2017-12451-8/11/2018,0,0,0,0,1: PDO,Full,1,,60,Right Turn,Cross Road,Daylight,,Not Raining
2017-12452-8/11/2018,1,0,0,1,2: MI,Full,1,,70,Right Turn,Cross Road,Daylight,,Not Raining
2017-12453-8/11/2018,0,0,0,0,1: PDO,Full,1,,110,Hit Fixed Object,Divided Road,Daylight,,Not Raining
2017-12454-8/11/2018,0,0,0,0,1: PDO,Provisional 1 ,2,,60,Right Turn,Cross Road,Daylight,,Not Raining
2017-12455-8/11/2018,2,0,0,2,2: MI,Provisional 2,1,,80,Right Angle,Cross Road,Daylight,,Not Raining
2017-12456-8/11/2018,4,0,0,4,2: MI,,,,60,Right Angle,Cross Road,Daylight,,Not Raining
2017-12457-8/11/2018,0,0,0,0,1: PDO,Full,1,,50,Right Angle,T-Junction,Daylight,,Not Raining
2017-12458-8/11/2018,0,0,0,0,1: PDO,Full,1,,100,Hit Fixed Object,Not Divided,Night,,Not Raining
2017-12459-8/11/2018,1,0,0,1,2: MI,Unknown,3,,60,Right Turn,T-Junction,Daylight,,Not Raining
2017-12460-8/11/2018,1,0,0,1,2: MI,,1,,50,Hit Fixed Object,Not Divided,Night,Y,Not Raining
2017-12461-8/11/2018,0,0,0,0,1: PDO,Unknown,1,,100,Left Road - Out of Control,Not Divided,Daylight,,Not Raining
2017-12462-8/11/2018,2,0,2,0,3: SI,Full,1,,60,Hit Parked Vehicle,Not Divided,Night,,Not Raining
2017-12463-8/11/2018,0,0,0,0,1: PDO,Unknown,1,,50,Roll Over,T-Junction,Night,,Not Raining
2017-12464-8/11/2018,0,0,0,0,1: PDO,Full,3,,100,Hit Fixed Object,Not Divided,Night,,Not Raining
2017-12465-8/11/2018,0,0,0,0,1: PDO,,,,60,Right Turn,Cross Road,Daylight,,Not Raining
2017-12466-8/11/2018,0,0,0,0,1: PDO,,0,,50,Hit Fixed Object,T-Junction,Daylight,,Not Raining
2017-12467-8/11/2018,0,0,0,0,1: PDO,Full,1,,50,Rear End,Not Divided,Daylight,,Not Raining
2017-12468-8/11/2018,0,0,0,0,1: PDO,Full,2,,50,Right Angle,T-Junction,Daylight,,Not Raining
2017-12469-8/11/2018,0,0,0,0,1: PDO,Unknown,1,,50,Hit Parked Vehicle,Not Divided,Daylight,,Not Raining
2017-12470-8/11/2018,4,0,0,4,2: MI,Full,1,,60,Right Turn,T-Junction,Daylight,,Not Raining
2017-12471-8/11/2018,2,0,1,1,3: SI,Full,2,,60,Side Swipe,Not Divided,Daylight,,Not Raining
2017-12472-8/11/2018,0,0,0,0,1: PDO,Probationary,1,,60,Side Swipe,Divided Road,Daylight,,Not Raining
2017-12473-8/11/2018,1,0,0,1,2: MI,Full,1,,110,Roll Over,Not Divided,Daylight,,Not Raining
2017-12474-8/11/2018,1,0,0,1,2: MI,Full,2,,60,Rear End,Divided Road,Daylight,,Not Raining
2017-12475-8/11/2018,0,0,0,0,1: PDO,Full,1,,60,Rear End,Divided Road,Daylight,,Not Raining
2017-12476-8/11/2018,0,0,0,0,1: PDO,Full,8,,60,Rear End,Divided Road,Daylight,,Not Raining
2017-12477-8/11/2018,1,0,0,1,2: MI,Full,1,,60,Right Angle,T-Junction,Daylight,,Not Raining
2017-12478-8/11/2018,1,0,0,1,2: MI,Full,1,,50,Rear End,T-Junction,Daylight,,Not Raining
2017-12479-8/11/2018,0,0,0,0,1: PDO,Provisional 2,1,,60,Rear End,Cross Road,Daylight,,Not Raining
2017-12480-8/11/2018,0,0,0,0,1: PDO,Full,2,,60,Rear End,T-Junction,Daylight,,Not Raining
2017-12481-8/11/2018,1,0,0,1,2: MI,Full,2,,60,Rear End,T-Junction,Daylight,,Not Raining
2017-12482-8/11/2018,0,0,0,0,1: PDO,Full,1,,50,Hit Pedestrian,Cross Road,Night,,Not Raining
2017-12483-8/11/2018,0,0,0,0,1: PDO,Full,1,,60,Side Swipe,T-Junction,Daylight,,Not Raining
2017-12484-8/11/2018,1,0,0,1,2: MI,Full,1,,50,Hit Fixed Object,T-Junction,Daylight,,Not Raining
2017-12485-8/11/2018,0,0,0,0,1: PDO,Full,1,,60,Rear End,Divided Road,Daylight,,Not Raining
2017-12486-8/11/2018,0,0,0,0,1: PDO,,0,,60,Right Angle,T-Junction,Daylight,,Not Raining
2017-12487-8/11/2018,0,0,0,0,1: PDO,Full,1,,50,Rear End,Not Divided,Daylight,,Not Raining
2017-12488-8/11/2018,5,0,0,5,2: MI,Unknown,1,Y,80,Right Angle,Cross Road,Daylight,,Not Raining
2017-12489-8/11/2018,1,0,0,1,2: MI,Unknown,1,,60,Rear End,Crossover,Daylight,,Not Raining
2017-12490-8/11/2018,1,0,0,1,2: MI,Probationary,1,,110,Hit Fixed Object,Not Divided,Night,Y,Not Raining
2017-12491-8/11/2018,0,0,0,0,1: PDO,Full,1,,50,Rear End,Cross Road,Night,,Not Raining
2017-12492-8/11/2018,0,0,0,0,1: PDO,Full,1,,50,Right Turn,T-Junction,Daylight,,Not Raining
2017-12493-8/11/2018,1,0,0,1,2: MI,Full,1,,70,Rear End,Not Divided,Daylight,,Not Raining
2017-12494-8/11/2018,3,0,0,3,2: MI,,,Y,60,Right Turn,Cross Road,Night,,Not Raining
2017-12495-8/11/2018,1,0,0,1,2: MI,Full,1,,80,Roll Over,Not Divided,Daylight,,Not Raining
2017-12496-8/11/2018,0,0,0,0,1: PDO,,0,,90,Hit Fixed Object,Divided Road,Night,,Not Raining
2017-12497-8/11/2018,1,0,0,1,2: MI,,0,,50,Hit Fixed Object,Cross Road,Night,Y,Not Raining
2017-12498-8/11/2018,0,0,0,0,1: PDO,Full,2,,80,Head On,Not Divided,Daylight,,Not Raining
2017-12499-8/11/2018,2,0,0,2,2: MI,Full,1,,110,Roll Over,Not Divided,Daylight,,Not Raining
2017-12500-8/11/2018,0,0,0,0,1: PDO,Unlicenced,1,,60,Rear End,T-Junction,Daylight,,Not Raining
2017-12501-8/11/2018,0,0,0,0,1: PDO,,,,90,Rear End,Divided Road,Daylight,,Not Raining
2017-12502-8/11/2018,2,0,0,2,2: MI,Full,11,,80,Roll Over,Divided Road,Night,,Not Raining
2017-12503-8/11/2018,0,0,0,0,1: PDO,,0,,60,Right Angle,T-Junction,Daylight,,Not Raining
2017-12504-8/11/2018,0,0,0,0,1: PDO,Unknown,1,,50,Hit Fixed Object,Not Divided,Daylight,,Not Raining
2017-12505-8/11/2018,0,0,0,0,1: PDO,Full,1,,60,Right Angle,Not Divided,Daylight,,Raining
2017-12506-8/11/2018,0,0,0,0,1: PDO,,,,50,Hit Parked Vehicle,Not Divided,Daylight,,Not Raining
2017-12507-8/11/2018,1,0,0,1,2: MI,Unlicenced,3,,60,Right Turn,Cross Road,Daylight,,Not Raining
2017-12508-8/11/2018,1,0,0,1,2: MI,Full,1,,60,Rear End,Divided Road,Daylight,,Not Raining
2017-12509-8/11/2018,0,0,0,0,1: PDO,Full,1,,60,Head On,Not Divided,Daylight,,Not Raining
2017-12510-8/11/2018,0,0,0,0,1: PDO,Unknown,1,,40,Right Angle,T-Junction,Daylight,,Not Raining
2017-12511-8/11/2018,0,0,0,0,1: PDO,,,,60,Rear End,Multiple,Daylight,,Not Raining
2017-12512-8/11/2018,2,0,0,2,2: MI,Full,1,,50,Right Angle,T-Junction,Daylight,,Not Raining
2017-12513-8/11/2018,1,0,0,1,2: MI,Full,2,,60,Right Turn,Cross Road,Daylight,,Not Raining
2017-12514-8/11/2018,1,1,0,0,4: Fatal,Unknown,1,Y,60,Roll Over,Not Divided,Daylight,,Not Raining
2017-12515-8/11/2018,0,0,0,0,1: PDO,Full,1,,60,Hit Fixed Object,Cross Road,Daylight,,Not Raining
2017-12516-8/11/2018,0,0,0,0,1: PDO,,,,80,Hit Fixed Object,Not Divided,Daylight,,Not Raining
2017-12517-8/11/2018,0,0,0,0,1: PDO,Full,1,,70,Side Swipe,Divided Road,Daylight,,Not Raining
2017-12518-8/11/2018,2,0,1,1,3: SI,,,,50,Hit Pedestrian,Not Divided,Daylight,,Not Raining
2017-12519-8/11/2018,0,0,0,0,1: PDO,Full,1,,60,Side Swipe,Divided Road,Daylight,,Not Raining
2017-12520-8/11/2018,0,0,0,0,1: PDO,Full,1,,50,Side Swipe,Divided Road,Daylight,,Not Raining
2017-12521-8/11/2018,0,0,0,0,1: PDO,Full,2,,60,Side Swipe,Cross Road,Daylight,,Not Raining
2017-12522-8/11/2018,0,0,0,0,1: PDO,,1,,90,Rear End,Not Divided,Daylight,,Not Raining
2017-12523-8/11/2018,0,0,0,0,1: PDO,,1,,60,Right Angle,T-Junction,Daylight,,Not Raining
2017-12524-8/11/2018,1,0,0,1,2: MI,,1,,100,Rear End,Not Divided,Daylight,,Not Raining
2017-12525-8/11/2018,0,0,0,0,1: PDO,Full,1,,70,Rear End,Divided Road,Daylight,,Not Raining
2017-12526-8/11/2018,0,0,0,0,1: PDO,,7,,60,Rear End,T-Junction,Daylight,,Not Raining
2017-12527-8/11/2018,3,0,0,3,2: MI,Full,1,,60,Right Angle,Cross Road,Daylight,,Not Raining
2017-12528-8/11/2018,2,0,0,2,2: MI,,,,60,Hit Fixed Object,Divided Road,Daylight,,Not Raining
2017-12529-8/11/2018,1,0,0,1,2: MI,Full,2,,50,Right Turn,Cross Road,Daylight,,Not Raining
2017-12530-8/11/2018,1,0,0,1,2: MI,Full,2,,60,Rear End,T-Junction,Daylight,,Not Raining
2017-12531-8/11/2018,0,0,0,0,1: PDO,Full,1,,100,Left Road - Out of Control,Not Divided,Daylight,,Not Raining