REPORT_ID,Total Cas,Total Fats,Total SI,Total MI,CSEF Severity,Licence Type,Number Occupants,Drugs Involved,Area Speed,Crash Type,Position Type,DayNight,DUI Involved,Weather Cond
2017-12532-8/11/2018,0,0,0,0,1: PDO,Full,4,,100,Other,Not Divided,Daylight,,Not Raining
2017-12533-8/11/2018,0,0,0,0,1: PDO,Full,2,,60,Rear End,T-Junction,Daylight,,Not Raining
2017-12534-8/11/2018,0,0,0,0,1: PDO,Provisional 1 ,1,,60,Rear End,Not Divided,Daylight,,Not Raining
2017-12535-8/11/2018,0,0,0,0,1: PDO,,1,,70,Side Swipe,Divided Road,Daylight,,Not Raining
2017-12536-8/11/2018,1,0,0,1,2: MI,Full,1,,50,Right Angle,T-Junction,Daylight,,Not Raining
2017-12537-8/11/2018,0,0,0,0,1: PDO,Full,2,,60,Side Swipe,Divided Road,Daylight,,Not Raining
2017-12538-8/11/2018,0,0,0,0,1: PDO,Full,2,,60,Side Swipe,Divided Road,Daylight,,Not Raining
2017-12539-8/11/2018,2,0,1,1,3: SI,,,,60,Right Turn,Multiple,Daylight,,Not Raining
2017-12540-8/11/2018,0,0,0,0,1: PDO,Provisional 2,4,,100,Rear End,Interchange,Daylight,,Raining
2017-12541-8/11/2018,0,0,0,0,1: PDO,Provisional 2,1,,60,Right Turn,Cross Road,Daylight,,Not Raining
2017-12542-8/11/2018,1,0,0,1,2: MI,Unknown,5,,80,Rear End,Divided Road,Daylight,,Not Raining
2017-12543-8/11/2018,0,0,0,0,1: PDO,Full,1,,100,Rear End,T-Junction,Daylight,,Not Raining
2017-12544-8/11/2018,0,0,0,0,1: PDO,,0,,60,Rear End,Cross Road,Daylight,,Not Raining
2017-12545-8/11/2018,1,0,0,1,2: MI,Provisional 1 ,1,,60,Side Swipe,T-Junction,Daylight,,Not Raining
2017-12546-8/11/2018,0,0,0,0,1: PDO,,,,110,Rear End,Freeway,Daylight,,Not Raining
2017-12547-8/11/2018,3,0,1,2,3: SI,,0,,60,Rear End,Divided Road,Daylight,,Not Raining
2017-12548-8/11/2018,1,0,0,1,2: MI,Unknown,1,,60,Rear End,Not Divided,Daylight,,Not Raining
2017-12549-8/11/2018,0,0,0,0,1: PDO,Full,1,,90,Hit Fixed Object,Divided Road,Night,,Not Raining
2017-12550-8/11/2018,0,0,0,0,1: PDO,,,,60,Rear End,Not Divided,Daylight,,Not Raining
2017-12551-8/11/2018,1,0,0,1,2: MI,Provisional 2,1,,50,Hit Pedestrian,T-Junction,Daylight,,Not Raining
2017-12552-8/11/2018,0,0,0,0,1: PDO,Full,2,,50,Hit Parked Vehicle,Not Divided,Daylight,,Not Raining
2017-12553-8/11/2018,1,0,0,1,2: MI,Provisional 2,2,,60,Rear End,Divided Road,Daylight,,Not Raining
2017-12554-8/11/2018,1,0,0,1,2: MI,Full,1,,60,Right Angle,Not Divided,Daylight,,Not Raining
2017-12555-8/11/2018,0,0,0,0,1: PDO,Full,1,,60,Side Swipe,Divided Road,Daylight,,Not Raining
2017-12556-8/11/2018,0,0,0,0,1: PDO,Provisional 1 ,3,,25,Rear End,Divided Road,Daylight,,Not Raining
2017-12557-8/11/2018,0,0,0,0,1: PDO,Unknown,3,,60,Rear End,T-Junction,Daylight,,Not Raining
2017-12558-8/11/2018,0,0,0,0,1: PDO,Unknown,2,,50,Side Swipe,Cross Road,Daylight,,Not Raining
2017-12559-8/11/2018,3,0,0,3,2: MI,Full,2,,60,Rear End,T-Junction,Daylight,,Not Raining
2017-12560-8/11/2018,3,0,0,3,2: MI,,,Y,60,Right Angle,T-Junction,Daylight,,Not Raining
2017-12561-8/11/2018,0,0,0,0,1: PDO,Full,3,,60,Right Angle,Cross Road,Daylight,,Not Raining
2017-12562-8/11/2018,0,0,0,0,1: PDO,,,,40,Head On,Not Divided,Daylight,,Not Raining
2017-12563-8/11/2018,0,0,0,0,1: PDO,Unknown,2,,90,Rear End,Divided Road,Daylight,,Not Raining
2017-12564-8/11/2018,0,0,0,0,1: PDO,,,,60,Hit Parked Vehicle,Divided Road,Daylight,,Not Raining
2017-12565-8/11/2018,1,0,0,1,2: MI,Unknown,1,,100,Hit Animal,Not Divided,Night,,Not Raining
2017-12566-8/11/2018,0,0,0,0,1: PDO,,,,50,Hit Parked Vehicle,Not Divided,Daylight,,Not Raining
2017-12567-8/11/2018,1,0,0,1,2: MI,Unknown,1,,50,Hit Parked Vehicle,Not Divided,Daylight,,Not Raining
2017-12568-8/11/2018,0,0,0,0,1: PDO,,,,60,Hit Parked Vehicle,Not Divided,Daylight,,Not Raining
2017-12569-8/11/2018,0,0,0,0,1: PDO,Full,4,,80,Right Angle,T-Junction,Daylight,,Not Raining
2017-12570-8/11/2018,0,0,0,0,1: PDO,Full,1,,50,Rear End,Divided Road,Daylight,,Not Raining
2017-12571-8/11/2018,1,0,0,1,2: MI,Provisional 1 ,1,,60,Side Swipe,T-Junction,Daylight,,Not Raining
2017-12572-8/11/2018,0,0,0,0,1: PDO,,,,60,Rear End,Cross Road,Daylight,,Not Raining
2017-12573-8/11/2018,0,0,0,0,1: PDO,Full,2,,60,Rear End,Divided Road,Daylight,,Not Raining
2017-12574-8/11/2018,0,0,0,0,1: PDO,,,,60,Hit Fixed Object,Not Divided,Daylight,,Not Raining
2017-12575-8/11/2018,0,0,0,0,1: PDO,Full,3,,50,Rear End,Not Divided,Daylight,,Not Raining
2017-12576-8/11/2018,1,0,0,1,2: MI,,,,60,Right Turn,Cross Road,Daylight,,Not Raining
2017-12577-8/11/2018,0,0,0,0,1: PDO,Full,4,,60,Right Angle,T-Junction,Daylight,,Not Raining
2017-12578-8/11/2018,0,0,0,0,1: PDO,,,,60,Hit Fixed Object,Cross Road,Daylight,,Not Raining
2017-12579-8/11/2018,0,0,0,0,1: PDO,Full,1,,80,Side Swipe,Divided Road,Daylight,,Not Raining
2017-12580-8/11/2018,1,0,0,1,2: MI,,,,80,Rear End,Cross Road,Daylight,,Not Raining
2017-12581-8/11/2018,1,0,0,1,2: MI,Full,1,,70,Hit Fixed Object,Divided Road,Daylight,,Not Raining
2017-12582-8/11/2018,1,0,0,1,2: MI,,,,50,Hit Fixed Object,Not Divided,Night,Y,Not Raining
2017-12583-8/11/2018,0,0,0,0,1: PDO,,,,60,Side Swipe,Not Divided,Daylight,,Not Raining
2017-12584-8/11/2018,0,0,0,0,1: PDO,Full,2,,60,Rear End,Divided Road,Night,,Not Raining
2017-12585-8/11/2018,1,0,1,0,3: SI,Provisional 1 ,1,,50,Rear End,Not Divided,Daylight,,Not Raining
2017-12586-8/11/2018,1,0,0,1,2: MI,Full,1,,50,Side Swipe,Divided Road,Daylight,,Not Raining
2017-12587-8/11/2018,2,0,0,2,2: MI,Full,2,,60,Right Angle,Cross Road,Daylight,,Not Raining
2017-12588-8/11/2018,0,0,0,0,1: PDO,,,,60,Right Angle,T-Junction,Daylight,,Not Raining
2017-12589-8/11/2018,0,0,0,0,1: PDO,,,,50,Hit Fixed Object,Not Divided,Daylight,,Not Raining
2017-12590-8/11/2018,1,0,1,0,3: SI,,0,Y,80,Roll Over,T-Junction,Night,,Not Raining
2017-12591-8/11/2018,0,0,0,0,1: PDO,Unlicenced,2,,110,Rear End,Freeway,Night,,Not Raining
2017-12592-8/11/2018,1,0,0,1,2: MI,,,,70,Rear End,Divided Road,Daylight,,Not Raining
2017-12593-8/11/2018,0,0,0,0,1: PDO,Probationary,5,,110,Rear End,Divided Road,Daylight,,Not Raining
2017-12594-8/11/2018,1,0,0,1,2: MI,Full,1,,50,Rear End,Multiple,Daylight,,Not Raining
2017-12595-8/11/2018,1,0,0,1,2: MI,Full,1,,50,Hit Parked Vehicle,Not Divided,Daylight,,Not Raining
2017-12596-8/11/2018,0,0,0,0,1: PDO,,,,60,Rear End,T-Junction,Daylight,,Not Raining
2017-12597-8/11/2018,1,0,0,1,2: MI,Provisional 2,1,,60,Rear End,Divided Road,Daylight,,Not Raining
2017-12598-8/11/2018,0,0,0,0,1: PDO,Full,1,,60,Right Angle,Cross Road,Daylight,,Not Raining
2017-12599-8/11/2018,0,0,0,0,1: PDO,Full,1,,60,Right Angle,Divided Road,Daylight,,Not Raining
2017-12600-8/11/2018,1,0,0,1,2: MI,,1,,60,Rear End,Cross Road,Daylight,,Not Raining
2017-12601-8/11/2018,0,0,0,0,1: PDO,Unknown,1,,60,Rear End,Divided Road,Daylight,,Not Raining
2017-12602-8/11/2018,0,0,0,0,1: PDO,Full,4,,60,Right Angle,Cross Road,Daylight,,Not Raining
2017-12603-8/11/2018,1,0,1,0,3: SI,Full,1,,110,Hit Fixed Object,Freeway,Daylight,,Not Raining
2017-12604-8/11/2018,1,0,0,1,2: MI,Unknown,1,,110,Roll Over,Not Divided,Daylight,,Not Raining
2017-12605-8/11/2018,1,0,0,1,2: MI,Full,5,,50,Hit Fixed Object,T-Junction,Night,Y,Not Raining
2017-12606-8/11/2018,1,0,0,1,2: MI,Provisional 2,2,,60,Hit Pedestrian,Cross Road,Daylight,,Not Raining
2017-12607-8/11/2018,0,0,0,0,1: PDO,Full,1,,80,Rear End,Divided Road,Daylight,,Not Raining
2017-12608-8/11/2018,0,0,0,0,1: PDO,Unknown,1,,60,Hit Fixed Object,Not Divided,Daylight,,Not Raining
2017-12609-8/11/2018,0,0,0,0,1: PDO,Full,2,,50,Hit Parked Vehicle,Not Divided,Daylight,,Not Raining
2017-12610-8/11/2018,1,0,0,1,2: MI,Full,2,,60,Right Angle,T-Junction,Daylight,,Not Raining
2017-12611-8/11/2018,0,0,0,0,1: PDO,Provisional 2,1,,80,Rear End,Cross Road,Daylight,,Not Raining
2017-12612-8/11/2018,1,0,0,1,2: MI,Full,1,,50,Hit Parked Vehicle,Divided Road,Daylight,,Not Raining
2017-12613-8/11/2018,1,0,0,1,2: MI,Full,1,,80,Rear End,Cross Road,Daylight,,Not Raining
2017-12614-8/11/2018,0,0,0,0,1: PDO,Unknown,2,,50,Side Swipe,Not Divided,Daylight,,Not Raining
2017-12615-8/11/2018,0,0,0,0,1: PDO,,,,50,Right Angle,T-Junction,Daylight,,Not Raining
2017-12616-8/11/2018,0,0,0,0,1: PDO,Full,3,,50,Right Turn,T-Junction,Daylight,,Not Raining
2017-12617-8/11/2018,0,0,0,0,1: PDO,,,,50,Hit Fixed Object,T-Junction,Daylight,,Not Raining
2017-12618-8/11/2018,0,0,0,0,1: PDO,,0,,110,Hit Fixed Object,Not Divided,Night,,Not Raining
2017-12619-8/11/2018,0,0,0,0,1: PDO,Full,1,,50,Right Angle,Not Divided,Daylight,,Not Raining
2017-12620-8/11/2018,0,0,0,0,1: PDO,Full,1,,80,Hit Fixed Object,Not Divided,Daylight,,Not Raining
2017-12621-8/11/2018,0,0,0,0,1: PDO,,,,50,Rear End,Divided Road,Daylight,,Not Raining
2017-12622-8/11/2018,0,0,0,0,1: PDO,Full,1,,110,Hit Fixed Object,T-Junction,Daylight,,Not Raining
2017-12623-8/11/2018,1,0,0,1,2: MI,,0,,60,Rear End,Cross Road,Daylight,,Not Raining
2017-12624-8/11/2018,0,0,0,0,1: PDO,Full,1,,60,Rear End,Divided Road,Daylight,,Not Raining
2017-12625-8/11/2018,1,0,0,1,2: MI,,,,60,Side Swipe,Cross Road,Daylight,,Not Raining
2017-12626-8/11/2018,0,0,0,0,1: PDO,Unknown,1,,60,Hit Parked Vehicle,Divided Road,Daylight,,Not Raining
2017-12627-8/11/2018,0,0,0,0,1: PDO,,,,110,Hit Fixed Object,Not Divided,Daylight,,Not Raining
2017-12628-8/11/2018,1,0,0,1,2: MI,Full,1,,90,Right Turn,Cross Road,Daylight,,Not Raining
2017-12629-8/11/2018,0,0,0,0,1: PDO,Full,2,,50,Right Angle,Cross Road,Daylight,,Not Raining
2017-12630-8/11/2018,0,0,0,0,1: PDO,Full,1,,60,Rear End,Not Divided,Daylight,,Not Raining
2017-12631-8/11/2018,0,0,0,0,1: PDO,,,,60,Rear End,Cross Road,Daylight,,Not Raining
2017-12632-8/11/2018,1,0,0,1,2: MI,Full,1,,50,Hit Parked Vehicle,Not Divided,Daylight,,Not Raining
2017-12633-8/11/2018,0,0,0,0,1: PDO,,,,60,Right Turn,T-Junction,Daylight,,Not Raining
2017-12634-8/11/2018,0,0,0,0,1: PDO,Full,1,,60,Rear End,Cross Road,Daylight,,Not Raining
2017-12635-8/11/2018,0,0,0,0,1: PDO,Unknown,5,,40,Hit Parked Vehicle,Not Divided,Daylight,,Not Raining
2017-12636-8/11/2018,0,0,0,0,1: PDO,Full,1,,60,Right Turn,Cross Road,Daylight,,Not Raining
2017-12637-8/11/2018,0,0,0,0,1: PDO,Provisional 2,1,,60,Hit Parked Vehicle,Divided Road,Daylight,,Not Raining
2017-12638-8/11/2018,1,0,0,1,2: MI,,0,,50,Hit Fixed Object,Not Divided,Daylight,,Not Raining
2017-12639-8/11/2018,0,0,0,0,1: PDO,Unknown,1,,60,Right Angle,Cross Road,Daylight,,Not Raining
2017-12640-8/11/2018,0,0,0,0,1: PDO,Full,1,,70,Rear End,Divided Road,Daylight,,Not Raining
2017-12641-8/11/2018,0,0,0,0,1: PDO,,,,50,Rear End,Cross Road,Daylight,,Not Raining
2017-12642-8/11/2018,0,0,0,0,1: PDO,Full,1,,60,Rear End,Divided Road,Daylight,,Not Raining
2017-12643-8/11/2018,1,0,0,1,2: MI,Full,1,,60,Right Angle,Cross Road,Daylight,,Not Raining
2017-12644-8/11/2018,1,0,0,1,2: MI,Full,1,Y,80,Rear End,Cross Road,Daylight,,Not Raining
2017-12645-8/11/2018,0,0,0,0,1: PDO,,0,,40,Rear End,Not Divided,Daylight,,Not Raining
2017-12646-8/11/2018,2,0,0,2,2: MI,Full,1,,60,Right Angle,Cross Road,Daylight,,Not Raining
2017-12647-8/11/2018,0,0,0,0,1: PDO,Full,1,,60,Rear End,T-Junction,Daylight,,Not Raining
2017-12648-8/11/2018,1,0,0,1,2: MI,Learners,1,,70,Right Angle,Not Divided,Daylight,,Not Raining
2017-12649-8/11/2018,0,0,0,0,1: PDO,Full,1,,60,Rear End,Divided Road,Daylight,,Not Raining
2017-12650-8/11/2018,0,0,0,0,1: PDO,Full,1,,70,Rear End,Cross Road,Daylight,,Not Raining
2017-12651-8/11/2018,0,0,0,0,1: PDO,Full,2,,60,Right Angle,Cross Road,Daylight,,Not Raining
2017-12652-8/11/2018,1,0,0,1,2: MI,Full,1,,60,Right Turn,Multiple,Daylight,,Not Raining
2017-12653-8/11/2018,1,0,0,1,2: MI,Full,1,,60,Hit Fixed Object,Divided Road,Daylight,,Not Raining
2017-12654-8/11/2018,0,0,0,0,1: PDO,Full,4,,50,Hit Fixed Object,Not Divided,Daylight,,Not Raining
2017-12655-8/11/2018,0,0,0,0,1: PDO,Full,1,,100,Hit Fixed Object,Freeway,Daylight,,Not Raining
2017-12656-8/11/2018,0,0,0,0,1: PDO,Full,1,,50,Hit Parked Vehicle,Not Divided,Daylight,,Not Raining
2017-12657-8/11/2018,0,0,0,0,1: PDO,Full,1,,60,Rear End,T-Junction,Daylight,,Not Raining
2017-12658-8/11/2018,1,1,0,0,4: Fatal,,,,50,Hit Fixed Object,Not Divided,Night,,Not Raining
2017-12659-8/11/2018,1,0,0,1,2: MI,Full,1,,50,Hit Fixed Object,Not Divided,Night,,Not Raining
2017-12660-8/11/2018,0,0,0,0,1: PDO,Full,1,Y,60,Hit Fixed Object,Divided Road,Night,,Not Raining
2017-12661-8/11/2018,0,0,0,0,1: PDO,Full,1,,60,Right Turn,Cross Road,Night,,Not Raining
2017-12662-8/11/2018,0,0,0,0,1: PDO,Full,1,,60,Right Angle,T-Junction,Daylight,,Not Raining
2017-12663-8/11/2018,0,0,0,0,1: PDO,Full,1,,60,Rear End,Cross Road,Daylight,,Not Raining
2017-12664-8/11/2018,0,0,0,0,1: PDO,Unlicenced,1,,40,Hit Parked Vehicle,Not Divided,Daylight,,Not Raining
2017-12665-8/11/2018,0,0,0,0,1: PDO,Full,2,,60,Side Swipe,Cross Road,Daylight,,Not Raining
2017-12666-8/11/2018,0,0,0,0,1: PDO,Full,1,,110,Hit Animal,Not Divided,Daylight,,Not Raining
2017-12667-8/11/2018,1,0,0,1,2: MI,,,,50,Rear End,Not Divided,Daylight,,Not Raining
2017-12668-8/11/2018,1,0,0,1,2: MI,Full,1,Y,60,Rear End,Divided Road,Daylight,,Not Raining
2017-12669-8/11/2018,0,0,0,0,1: PDO,Full,2,,60,Right Angle,Divided Road,Daylight,,Not Raining
2017-12670-8/11/2018,0,0,0,0,1: PDO,,,,50,Rear End,T-Junction,Daylight,,Not Raining
2017-12671-8/11/2018,1,0,0,1,2: MI,Full,1,,60,Hit Pedestrian,Divided Road,Daylight,,Not Raining
2017-12672-8/11/2018,0,0,0,0,1: PDO,Unknown,1,,80,Right Angle,T-Junction,Daylight,,Not Raining
2017-12673-8/11/2018,0,0,0,0,1: PDO,Full,1,,60,Rear End,Cross Road,Daylight,,Not Raining
2017-12674-8/11/2018,1,0,0,1,2: MI,Full,1,,60,Rear End,Cross Road,Daylight,,Not Raining
2017-12675-8/11/2018,0,0,0,0,1: PDO,Full,1,,60,Right Angle,T-Junction,Daylight,,Not Raining
2017-12676-8/11/2018,0,0,0,0,1: PDO,Full,1,,60,Rear End,Divided Road,Daylight,,Not Raining
2017-12677-8/11/2018,0,0,0,0,1: PDO,Probationary,1,,60,Rear End,Divided Road,Daylight,,Not Raining
2017-12678-8/11/2018,2,0,0,2,2: MI,Full,2,,60,Right Turn,T-Junction,Daylight,,Not Raining
2017-12679-8/11/2018,0,0,0,0,1: PDO,Full,1,,50,Right Turn,T-Junction,Daylight,,Not Raining
2017-12680-8/11/2018,1,0,0,1,2: MI,Full,1,,60,Side Swipe,T-Junction,Daylight,,Not Raining
2017-12681-8/11/2018,0,0,0,0,1: PDO,Unknown,1,,80,Side Swipe,Divided Road,Daylight,,Not Raining
2017-12682-8/11/2018,0,0,0,0,1: PDO,,,,50,Rear End,Not Divided,Daylight,,Not Raining
2017-12683-8/11/2018,0,0,0,0,1: PDO,Provisional 2,1,,60,Side Swipe,T-Junction,Daylight,,Not Raining
2017-12684-8/11/2018,0,0,0,0,1: PDO,Unknown,1,,50,Side Swipe,T-Junction,Daylight,,Not Raining
2017-12685-8/11/2018,1,0,0,1,2: MI,Unknown,1,,50,Right Angle,T-Junction,Daylight,,Not Raining
2017-12686-8/11/2018,0,0,0,0,1: PDO,Unknown,1,,60,Rear End,T-Junction,Daylight,,Not Raining
2017-12687-8/11/2018,0,0,0,0,1: PDO,,0,,60,Hit Fixed Object,T-Junction,Daylight,,Not Raining
2017-12688-8/11/2018,0,0,0,0,1: PDO,Full,1,,80,Rear End,Divided Road,Daylight,,Not Raining
2017-12689-8/11/2018,0,0,0,0,1: PDO,Full,2,,50,Right Angle,T-Junction,Daylight,,Not Raining
2017-12690-8/11/2018,0,0,0,0,1: PDO,Full,1,,60,Right Turn,T-Junction,Daylight,,Not Raining
2017-12691-8/11/2018,2,0,0,2,2: MI,Unknown,1,,50,Hit Pedestrian,T-Junction,Daylight,,Not Raining
2017-12692-8/11/2018,1,0,0,1,2: MI,,,,60,Rear End,Divided Road,Daylight,,Not Raining
2017-12693-8/11/2018,0,0,0,0,1: PDO,,,,60,Rear End,Cross Road,Daylight,,Not Raining
2017-12694-8/11/2018,0,0,0,0,1: PDO,,,,60,Side Swipe,Divided Road,Daylight,,Not Raining
2017-12695-8/11/2018,0,0,0,0,1: PDO,Full,1,,60,Right Turn,Divided Road,Daylight,,Not Raining
2017-12696-8/11/2018,0,0,0,0,1: PDO,Unknown,1,,60,Rear End,Divided Road,Daylight,,Not Raining
2017-12697-8/11/2018,1,0,0,1,2: MI,Full,2,,50,Right Angle,Cross Road,Daylight,,Not Raining
2017-12698-8/11/2018,0,0,0,0,1: PDO,Full,1,,100,Rear End,Not Divided,Daylight,,Not Raining
2017-12699-8/11/2018,0,0,0,0,1: PDO,Full,2,,50,Hit Parked Vehicle,Not Divided,Daylight,,Not Raining
2017-12700-8/11/2018,1,0,0,1,2: MI,Full,1,Y,60,Rear End,T-Junction,Daylight,,Not Raining
2017-12701-8/11/2018,1,0,0,1,2: MI,Provisional 2,1,,50,Right Angle,Cross Road,Daylight,,Not Raining
2017-12702-8/11/2018,1,0,0,1,2: MI,,0,,60,Side Swipe,Not Divided,Daylight,,Not Raining
2017-12703-8/11/2018,0,0,0,0,1: PDO,Unknown,1,,60,Rear End,Divided Road,Night,,Not Raining
2017-12704-8/11/2018,0,0,0,0,1: PDO,Provisional 1 ,1,,100,Hit Fixed Object,T-Junction,Daylight,,Not Raining
2017-12705-8/11/2018,1,0,1,0,3: SI,,,Y,50,Hit Fixed Object,Not Divided,Night,,Not Raining
2017-12706-8/11/2018,0,0,0,0,1: PDO,Full,1,,50,Hit Parked Vehicle,Not Divided,Night,,Not Raining
2017-12707-8/11/2018,1,0,0,1,2: MI,Provisional 2,1,,80,Hit Parked Vehicle,Divided Road,Daylight,,Not Raining
2017-12708-8/11/2018,1,0,0,1,2: MI,Full,2,,50,Rear End,Divided Road,Daylight,,Not Raining
2017-12709-8/11/2018,1,0,0,1,2: MI,,,,25,Right Angle,Not Divided,Daylight,,Not Raining
2017-12710-8/11/2018,0,0,0,0,1: PDO,Provisional 2,1,,50,Hit Fixed Object,Cross Road,Daylight,,Not Raining
2017-12711-8/11/2018,0,0,0,0,1: PDO,Provisional 1 ,4,,50,Right Angle,T-Junction,Daylight,,Not Raining
2017-12712-8/11/2018,0,0,0,0,1: PDO,Probationary,1,,50,Side Swipe,T-Junction,Daylight,,Not Raining
2017-12713-8/11/2018,0,0,0,0,1: PDO,Full,1,,60,Right Angle,T-Junction,Daylight,,Not Raining
2017-12714-8/11/2018,0,0,0,0,1: PDO,Full,1,,60,Side Swipe,Divided Road,Daylight,,Not Raining
2017-12715-8/11/2018,0,0,0,0,1: PDO,Full,1,Y,60,Right Turn,Cross Road,Daylight,,Not Raining
2017-12716-8/11/2018,0,0,0,0,1: PDO,Full,2,,60,Rear End,T-Junction,Daylight,,Not Raining
2017-12717-8/11/2018,1,0,0,1,2: MI,Full,1,,50,Hit Pedestrian,Divided Road,Daylight,,Not Raining
2017-12718-8/11/2018,1,0,0,1,2: MI,Full,1,,50,Hit Pedestrian,Not Divided,Daylight,,Not Raining
2017-12719-8/11/2018,0,0,0,0,1: PDO,Provisional 2,1,,60,Rear End,T-Junction,Daylight,,Not Raining
2017-12720-8/11/2018,0,0,0,0,1: PDO,,,,90,Roll Over,Freeway,Night,,Not Raining
2017-12721-8/11/2018,0,0,0,0,1: PDO,Full,1,,80,Head On,Not Divided,Daylight,,Not Raining
2017-12722-8/11/2018,1,0,1,0,3: SI,,,,100,Left Road - Out of Control,Not Divided,Daylight,Y,Not Raining
2017-12723-8/11/2018,0,0,0,0,1: PDO,Full,1,,50,Right Angle,Not Divided,Daylight,,Not Raining
2017-12724-8/11/2018,0,0,0,0,1: PDO,Full,2,,80,Head On,Not Divided,Daylight,,Not Raining
2017-12725-8/11/2018,0,0,0,0,1: PDO,,1,,50,Hit Parked Vehicle,Not Divided,Daylight,,Not Raining
2017-12726-8/11/2018,0,0,0,0,1: PDO,Full,1,,50,Rear End,Cross Road,Daylight,,Not Raining
2017-12727-8/11/2018,0,0,0,0,1: PDO,,,,80,Hit Fixed Object,Not Divided,Daylight,,Not Raining
2017-12728-8/11/2018,1,0,0,1,2: MI,Full,1,,80,Rear End,T-Junction,Daylight,,Not Raining
2017-12729-8/11/2018,0,0,0,0,1: PDO,,,,100,Hit Fixed Object,Not Divided,Daylight,,Not Raining
2017-12730-8/11/2018,0,0,0,0,1: PDO,Full,1,,50,Right Turn,Cross Road,Daylight,,Not Raining
2017-12731-8/11/2018,0,0,0,0,1: PDO,,1,,60,Side Swipe,Cross Road,Daylight,,Not Raining
2017-12732-8/11/2018,1,0,0,1,2: MI,Full,1,,50,Hit Pedestrian,Not Divided,Daylight,,Not Raining
2017-12733-8/11/2018,0,0,0,0,1: PDO,Provisional 1 ,1,,50,Side Swipe,Not Divided,Daylight,,Not Raining
2017-12734-8/11/2018,1,0,0,1,2: MI,Full,2,,60,Rear End,T-Junction,Daylight,,Not Raining
2017-12735-8/11/2018,0,0,0,0,1: PDO,Full,1,,60,Side Swipe,Not Divided,Daylight,,Not Raining
2017-12736-8/11/2018,1,0,0,1,2: MI,Full,1,,50,Hit Fixed Object,Not Divided,Daylight,,Not Raining
2017-12737-8/11/2018,0,0,0,0,1: PDO,,0,,40,Hit Fixed Object,Cross Road,Daylight,,Not Raining
2017-12738-8/11/2018,0,0,0,0,1: PDO,Provisional 1 ,3,,60,Right Angle,Not Divided,Daylight,,Not Raining
2017-12739-8/11/2018,0,0,0,0,1: PDO,,,,110,Roll Over,Not Divided,Daylight,,Not Raining
2017-12740-8/11/2018,1,0,0,1,2: MI,,,,60,Hit Fixed Object,Cross Road,Night,Y,Not Raining
2017-12741-8/11/2018,0,0,0,0,1: PDO,,,,60,Rear End,Divided Road,Night,,Not Raining
2017-12742-8/11/2018,0,0,0,0,1: PDO,Full,1,,50,Hit Fixed Object,T-Junction,Night,,Not Raining
2017-12743-8/11/2018,0,0,0,0,1: PDO,,,,50,Hit Fixed Object,Not Divided,Night,Y,Not Raining
2017-12744-8/11/2018,0,0,0,0,1: PDO,Full,1,,50,Hit Fixed Object,T-Junction,Night,,Not Raining
2017-12745-8/11/2018,1,0,0,1,2: MI,,,,80,Hit Fixed Object,Not Divided,Night,,Not Raining
2017-12746-8/11/2018,0,0,0,0,1: PDO,Provisional 2,1,,60,Rear End,Divided Road,Daylight,,Not Raining
2017-12747-8/11/2018,0,0,0,0,1: PDO,,,,60,Right Turn,T-Junction,Daylight,,Not Raining
2017-12748-8/11/2018,0,0,0,0,1: PDO,Unknown,1,,60,Side Swipe,T-Junction,Daylight,,Not Raining