REPORT_ID,Total Cas,Total Fats,Total SI,Total MI,CSEF Severity,Licence Type,Number Occupants,Drugs Involved,Area Speed,Crash Type,Position Type,DayNight,DUI Involved,Weather Cond
2017-12749-8/11/2018,0,0,0,0,1: PDO,,,,50,Hit Parked Vehicle,Not Divided,Night,,Not Raining
2017-12750-8/11/2018,1,0,0,1,2: MI,,,,60,Rear End,Cross Road,Daylight,,Not Raining
2017-12751-8/11/2018,0,0,0,0,1: PDO,Full,1,,60,Right Angle,T-Junction,Daylight,,Not Raining
2017-12752-8/11/2018,0,0,0,0,1: PDO,Full,1,,80,Rear End,Not Divided,Daylight,,Not Raining
2017-12753-8/11/2018,0,0,0,0,1: PDO,Full,1,,60,Hit Fixed Object,Divided Road,Daylight,,Not Raining
2017-12754-8/11/2018,1,0,0,1,2: MI,Full,1,,100,Head On,Not Divided,Daylight,,Not Raining
2017-12755-8/11/2018,1,0,1,0,3: SI,Full,1,,110,Roll Over,Not Divided,Daylight,,Not Raining
2017-12756-8/11/2018,0,0,0,0,1: PDO,Full,1,,100,Hit Animal,Not Divided,Daylight,,Not Raining
2017-12757-8/11/2018,0,0,0,0,1: PDO,,,,50,Hit Parked Vehicle,Not Divided,Night,,Not Raining
2017-12758-8/11/2018,0,0,0,0,1: PDO,Full,2,,100,Roll Over,Not Divided,Daylight,,Not Raining
2017-12759-8/11/2018,2,0,0,2,2: MI,Full,2,,70,Right Turn,T-Junction,Night,,Not Raining
2017-12760-8/11/2018,3,0,0,3,2: MI,Full,1,,60,Right Angle,Cross Road,Daylight,,Not Raining
2017-12761-8/11/2018,1,0,0,1,2: MI,Full,1,,80,Rear End,Not Divided,Daylight,,Not Raining
2017-12762-8/11/2018,0,0,0,0,1: PDO,Full,1,,50,Other,Cross Road,Daylight,,Not Raining
2017-12763-8/11/2018,0,0,0,0,1: PDO,Full,1,,100,Hit Object on Road,Not Divided,Daylight,,Not Raining
2017-12764-8/11/2018,0,0,0,0,1: PDO,Provisional 1 ,1,,50,Head On,Not Divided,Daylight,,Not Raining
2017-12765-8/11/2018,1,0,1,0,3: SI,,,,50,Hit Fixed Object,T-Junction,Daylight,,Not Raining
2017-12766-8/11/2018,0,0,0,0,1: PDO,Full,1,,60,Right Angle,T-Junction,Night,,Not Raining
2017-12767-8/11/2018,1,0,1,0,3: SI,Full,2,,40,Right Angle,Cross Road,Night,,Not Raining
2017-12768-8/11/2018,1,0,1,0,3: SI,Full,2,,60,Hit Fixed Object,Not Divided,Night,Y,Not Raining
2017-12769-8/11/2018,0,0,0,0,1: PDO,Unknown,1,,50,Hit Parked Vehicle,Not Divided,Night,Y,Not Raining
2017-12770-8/11/2018,0,0,0,0,1: PDO,Full,1,,50,Rear End,Not Divided,Night,,Not Raining
2017-12771-8/11/2018,1,0,0,1,2: MI,Full,4,,50,Roll Over,T-Junction,Daylight,,Not Raining
2017-12772-8/11/2018,0,0,0,0,1: PDO,Full,1,,50,Hit Fixed Object,Not Divided,Daylight,Y,Not Raining
2017-12773-8/11/2018,2,0,0,2,2: MI,Full,1,,50,Right Angle,Cross Road,Daylight,,Not Raining
2017-12774-8/11/2018,0,0,0,0,1: PDO,Full,2,,60,Rear End,T-Junction,Daylight,,Not Raining
2017-12775-8/11/2018,1,0,0,1,2: MI,Full,1,,60,Rear End,Not Divided,Daylight,,Not Raining
2017-12776-8/11/2018,1,0,0,1,2: MI,Full,1,,110,Hit Fixed Object,Not Divided,Daylight,,Not Raining
2017-12777-8/11/2018,0,0,0,0,1: PDO,Full,1,,50,Left Road - Out of Control,Not Divided,Daylight,,Not Raining
2017-12778-8/11/2018,0,0,0,0,1: PDO,Disqualified,1,,110,Hit Animal,Not Divided,Daylight,,Not Raining
2017-12779-8/11/2018,0,0,0,0,1: PDO,Full,3,,60,Rear End,Cross Road,Daylight,,Not Raining
2017-12780-8/11/2018,0,0,0,0,1: PDO,,,,50,Right Turn,T-Junction,Daylight,,Not Raining
2017-12781-8/11/2018,1,0,0,1,2: MI,Full,1,,60,Right Turn,T-Junction,Daylight,,Not Raining
2017-12782-8/11/2018,1,0,0,1,2: MI,,0,,50,Rear End,Cross Road,Daylight,,Not Raining
2017-12783-8/11/2018,0,0,0,0,1: PDO,Full,1,,60,Right Turn,T-Junction,Daylight,,Not Raining
2017-12784-8/11/2018,1,0,1,0,3: SI,,,,50,Hit Parked Vehicle,Not Divided,Daylight,,Not Raining
2017-12785-8/11/2018,1,0,0,1,2: MI,Full,1,,60,Rear End,Divided Road,Daylight,,Not Raining
2017-12786-8/11/2018,0,0,0,0,1: PDO,,,,60,Right Angle,Not Divided,Daylight,,Not Raining
2017-12787-8/11/2018,1,0,0,1,2: MI,Full,1,,50,Hit Fixed Object,Not Divided,Daylight,,Not Raining
2017-12788-8/11/2018,3,0,0,3,2: MI,,,,60,Hit Parked Vehicle,Not Divided,Daylight,,Not Raining
2017-12789-8/11/2018,0,0,0,0,1: PDO,Full,1,,60,Hit Fixed Object,Not Divided,Daylight,,Not Raining
2017-12790-8/11/2018,1,0,0,1,2: MI,Full,1,,80,Rear End,Cross Road,Daylight,,Not Raining
2017-12791-8/11/2018,0,0,0,0,1: PDO,Full,2,,60,Rear End,Divided Road,Daylight,,Not Raining
2017-12792-8/11/2018,0,0,0,0,1: PDO,,1,,50,Hit Parked Vehicle,Not Divided,Daylight,,Not Raining
2017-12793-8/11/2018,5,0,0,5,2: MI,Unknown,1,,60,Right Angle,Cross Road,Daylight,,Not Raining
2017-12794-8/11/2018,0,0,0,0,1: PDO,,0,,60,Side Swipe,Divided Road,Daylight,,Not Raining
2017-12795-8/11/2018,1,0,0,1,2: MI,Full,3,,60,Head On,Not Divided,Daylight,,Not Raining
2017-12796-8/11/2018,3,0,0,3,2: MI,Full,2,,50,Right Angle,T-Junction,Daylight,,Not Raining
2017-12797-8/11/2018,0,0,0,0,1: PDO,Full,1,,60,Rear End,Cross Road,Daylight,,Not Raining
2017-12798-8/11/2018,0,0,0,0,1: PDO,Full,1,,110,Rear End,Not Divided,Daylight,,Unknown
2017-12799-8/11/2018,0,0,0,0,1: PDO,Full,1,,100,Roll Over,Not Divided,Daylight,,Not Raining
2017-12800-8/11/2018,0,0,0,0,1: PDO,Full,1,,100,Rear End,T-Junction,Daylight,,Not Raining
2017-12801-8/11/2018,1,0,0,1,2: MI,Provisional 2,2,,60,Hit Pedestrian,T-Junction,Daylight,,Not Raining
2017-12802-8/11/2018,0,0,0,0,1: PDO,Unknown,1,,50,Right Turn,Not Divided,Daylight,,Not Raining
2017-12803-8/11/2018,0,0,0,0,1: PDO,Provisional 2,1,,50,Hit Parked Vehicle,Not Divided,Daylight,,Not Raining
2017-12804-8/11/2018,1,0,0,1,2: MI,Full,1,,60,Head On,Not Divided,Daylight,,Not Raining
2017-12805-8/11/2018,1,0,0,1,2: MI,Full,1,,60,Right Angle,Cross Road,Night,,Not Raining
2017-12806-8/11/2018,0,0,0,0,1: PDO,Provisional 1 ,1,,60,Side Swipe,Not Divided,Daylight,,Not Raining
2017-12807-8/11/2018,1,0,0,1,2: MI,Full,2,Y,60,Hit Fixed Object,Divided Road,Daylight,,Not Raining
2017-12808-8/11/2018,1,1,0,0,4: Fatal,Full,1,Y,60,Hit Pedestrian,Divided Road,Night,Y,Raining
2017-12809-8/11/2018,1,0,0,1,2: MI,Full,1,,60,Hit Fixed Object,Divided Road,Night,Y,Raining
2017-12810-8/11/2018,0,0,0,0,1: PDO,Full,1,,50,Hit Parked Vehicle,Not Divided,Daylight,,Not Raining
2017-12811-8/11/2018,0,0,0,0,1: PDO,,,,90,Side Swipe,T-Junction,Daylight,,Not Raining
2017-12812-8/11/2018,0,0,0,0,1: PDO,,1,,50,Rear End,T-Junction,Daylight,,Not Raining
2017-12813-8/11/2018,0,0,0,0,1: PDO,Unknown,1,,70,Rear End,Cross Road,Night,,Raining
2017-12814-8/11/2018,2,0,0,2,2: MI,Full,1,,60,Right Angle,Divided Road,Daylight,,Not Raining
2017-12815-8/11/2018,1,0,0,1,2: MI,,,,60,Hit Parked Vehicle,Divided Road,Daylight,,Not Raining
2017-12816-8/11/2018,0,0,0,0,1: PDO,Unknown,1,,60,Side Swipe,Divided Road,Daylight,,Not Raining
2017-12817-8/11/2018,0,0,0,0,1: PDO,Provisional 1 ,1,,100,Hit Animal,Not Divided,Night,,Not Raining
2017-12818-8/11/2018,0,0,0,0,1: PDO,Full,2,,50,Right Turn,T-Junction,Daylight,,Not Raining
2017-12819-8/11/2018,1,0,0,1,2: MI,Full,2,,60,Rear End,T-Junction,Daylight,,Not Raining
2017-12820-8/11/2018,1,0,0,1,2: MI,,,,60,Rear End,Not Divided,Daylight,,Raining
2017-12821-8/11/2018,0,0,0,0,1: PDO,Provisional 2,2,,60,Rear End,Cross Road,Daylight,,Not Raining
2017-12822-8/11/2018,0,0,0,0,1: PDO,Full,1,,60,Rear End,Divided Road,Daylight,,Not Raining
2017-12823-8/11/2018,0,0,0,0,1: PDO,Full,1,,50,Right Angle,T-Junction,Daylight,,Not Raining
2017-12824-8/11/2018,0,0,0,0,1: PDO,,,,60,Side Swipe,T-Junction,Daylight,,Not Raining
2017-12825-8/11/2018,2,0,0,2,2: MI,,1,,100,Right Angle,Cross Road,Daylight,,Not Raining
2017-12826-8/11/2018,0,0,0,0,1: PDO,Unknown,1,,50,Hit Fixed Object,Not Divided,Daylight,,Not Raining
2017-12827-8/11/2018,0,0,0,0,1: PDO,Unknown,12,,60,Rear End,T-Junction,Daylight,,Not Raining
2017-12828-8/11/2018,0,0,0,0,1: PDO,Unknown,1,,60,Rear End,T-Junction,Daylight,,Not Raining
2017-12829-8/11/2018,0,0,0,0,1: PDO,Full,1,,60,Hit Parked Vehicle,Divided Road,Daylight,,Not Raining
2017-12830-8/11/2018,1,0,0,1,2: MI,,0,,60,Right Turn,T-Junction,Daylight,,Not Raining
2017-12831-8/11/2018,1,0,0,1,2: MI,Full,4,,60,Rear End,T-Junction,Daylight,,Not Raining
2017-12832-8/11/2018,0,0,0,0,1: PDO,,,,60,Rear End,Divided Road,Daylight,,Not Raining
2017-12833-8/11/2018,0,0,0,0,1: PDO,Full,1,,60,Side Swipe,Not Divided,Daylight,,Not Raining
2017-12834-8/11/2018,0,0,0,0,1: PDO,,,,50,Rear End,Cross Road,Daylight,,Not Raining
2017-12835-8/11/2018,0,0,0,0,1: PDO,Full,1,,50,Side Swipe,T-Junction,Daylight,,Not Raining
2017-12836-8/11/2018,0,0,0,0,1: PDO,,,,50,Hit Parked Vehicle,Not Divided,Daylight,,Not Raining
2017-12837-8/11/2018,0,0,0,0,1: PDO,Provisional 2,1,,60,Rear End,Cross Road,Daylight,,Not Raining
2017-12838-8/11/2018,0,0,0,0,1: PDO,Unknown,1,,50,Right Turn,T-Junction,Daylight,,Not Raining
2017-12839-8/11/2018,0,0,0,0,1: PDO,Provisional 1 ,1,,60,Hit Pedestrian,Divided Road,Daylight,,Not Raining
2017-12840-8/11/2018,0,0,0,0,1: PDO,Full,1,,60,Rear End,Divided Road,Daylight,,Not Raining
2017-12841-8/11/2018,2,0,0,2,2: MI,Full,1,,80,Hit Fixed Object,Divided Road,Daylight,,Not Raining
2017-12842-8/11/2018,0,0,0,0,1: PDO,Full,1,,60,Rear End,Cross Road,Daylight,,Not Raining
2017-12843-8/11/2018,0,0,0,0,1: PDO,Full,1,,60,Rear End,Cross Road,Daylight,,Not Raining
2017-12844-8/11/2018,1,0,0,1,2: MI,Full,1,,60,Rear End,Not Divided,Daylight,,Not Raining
2017-12845-8/11/2018,0,0,0,0,1: PDO,Full,1,,70,Rear End,T-Junction,Daylight,,Not Raining
2017-12846-8/11/2018,1,0,0,1,2: MI,Full,1,,60,Rear End,Divided Road,Daylight,,Not Raining
2017-12847-8/11/2018,1,0,0,1,2: MI,,,,40,Rear End,Not Divided,Daylight,,Not Raining
2017-12848-8/11/2018,0,0,0,0,1: PDO,Full,1,,60,Right Angle,T-Junction,Daylight,,Not Raining
2017-12849-8/11/2018,2,0,0,2,2: MI,Full,1,,50,Right Angle,Cross Road,Daylight,,Not Raining
2017-12850-8/11/2018,1,0,0,1,2: MI,Full,2,,40,Rear End,T-Junction,Daylight,,Not Raining
2017-12851-8/11/2018,0,0,0,0,1: PDO,Unknown,1,,100,Side Swipe,Cross Road,Daylight,,Not Raining
2017-12852-8/11/2018,0,0,0,0,1: PDO,Full,1,,100,Hit Fixed Object,Not Divided,Daylight,,Not Raining
2017-12853-8/11/2018,1,0,0,1,2: MI,Full,1,Y,60,Hit Fixed Object,Not Divided,Night,,Not Raining
2017-12854-8/11/2018,0,0,0,0,1: PDO,Full,1,,60,Right Turn,T-Junction,Daylight,,Not Raining
2017-12855-8/11/2018,0,0,0,0,1: PDO,,,,60,Side Swipe,Cross Road,Daylight,,Not Raining
2017-12856-8/11/2018,0,0,0,0,1: PDO,Full,1,,50,Right Turn,Not Divided,Daylight,,Not Raining
2017-12857-8/11/2018,0,0,0,0,1: PDO,,0,,60,Right Angle,T-Junction,Daylight,,Not Raining
2017-12858-8/11/2018,1,0,0,1,2: MI,,,,50,Rear End,Rail Crossing,Daylight,,Not Raining
2017-12859-8/11/2018,0,0,0,0,1: PDO,Full,1,,50,Rear End,T-Junction,Daylight,,Not Raining
2017-12860-8/11/2018,0,0,0,0,1: PDO,Unknown,1,,50,Hit Parked Vehicle,Not Divided,Daylight,,Not Raining
2017-12861-8/11/2018,1,0,0,1,2: MI,Learners,1,,50,Right Angle,Not Divided,Daylight,,Not Raining
2017-12862-8/11/2018,0,0,0,0,1: PDO,,,,50,Hit Parked Vehicle,Not Divided,Daylight,,Not Raining
2017-12863-8/11/2018,1,0,0,1,2: MI,Full,1,,60,Right Angle,T-Junction,Daylight,,Not Raining
2017-12864-8/11/2018,0,0,0,0,1: PDO,Full,3,,60,Side Swipe,Divided Road,Daylight,,Not Raining
2017-12865-8/11/2018,1,0,0,1,2: MI,Full,1,,50,Rear End,Not Divided,Daylight,,Not Raining
2017-12866-8/11/2018,0,0,0,0,1: PDO,Full,1,,60,Right Angle,Divided Road,Daylight,,Not Raining
2017-12867-8/11/2018,1,0,0,1,2: MI,Full,2,,60,Side Swipe,Divided Road,Daylight,,Not Raining
2017-12868-8/11/2018,1,0,0,1,2: MI,Full,1,,60,Right Angle,T-Junction,Daylight,,Not Raining
2017-12869-8/11/2018,0,0,0,0,1: PDO,Full,1,,60,Right Angle,T-Junction,Daylight,,Not Raining
2017-12870-8/11/2018,1,0,0,1,2: MI,Full,1,,50,Hit Parked Vehicle,Not Divided,Daylight,,Not Raining
2017-12871-8/11/2018,0,0,0,0,1: PDO,Unknown,1,,50,Right Angle,Cross Road,Daylight,,Raining
2017-12872-8/11/2018,1,0,0,1,2: MI,Full,1,,60,Rear End,T-Junction,Daylight,,Not Raining
2017-12873-8/11/2018,0,0,0,0,1: PDO,Full,1,,50,Side Swipe,Divided Road,Daylight,,Not Raining
2017-12874-8/11/2018,0,0,0,0,1: PDO,Full,2,,60,Rear End,Divided Road,Daylight,,Not Raining
2017-12875-8/11/2018,0,0,0,0,1: PDO,Full,2,,80,Side Swipe,Divided Road,Daylight,,Not Raining
2017-12876-8/11/2018,1,0,0,1,2: MI,Unknown,2,,60,Rear End,Divided Road,Daylight,,Not Raining
2017-12877-8/11/2018,1,0,0,1,2: MI,Unknown,2,,60,Rear End,Divided Road,Daylight,,Not Raining
2017-12878-8/11/2018,0,0,0,0,1: PDO,Full,1,,70,Side Swipe,Divided Road,Daylight,,Not Raining
2017-12879-8/11/2018,0,0,0,0,1: PDO,Unknown,1,,50,Rear End,Not Divided,Daylight,,Not Raining
2017-12880-8/11/2018,1,0,0,1,2: MI,Full,1,,80,Rear End,T-Junction,Daylight,,Not Raining
2017-12881-8/11/2018,0,0,0,0,1: PDO,,,,60,Right Angle,Y-Junction,Daylight,,Not Raining
2017-12882-8/11/2018,1,0,1,0,3: SI,Full,1,,60,Rear End,Divided Road,Daylight,,Not Raining
2017-12883-8/11/2018,1,0,0,1,2: MI,Full,1,,60,Right Turn,Cross Road,Daylight,,Not Raining
2017-12884-8/11/2018,1,0,1,0,3: SI,Unknown,3,,60,Hit Fixed Object,Cross Road,Daylight,,Not Raining
2017-12885-8/11/2018,0,0,0,0,1: PDO,Full,2,,60,Rear End,Cross Road,Daylight,,Not Raining
2017-12886-8/11/2018,0,0,0,0,1: PDO,Full,1,,60,Rear End,Divided Road,Daylight,,Not Raining
2017-12887-8/11/2018,1,0,0,1,2: MI,Full,1,,50,Hit Fixed Object,Not Divided,Daylight,,Not Raining
2017-12888-8/11/2018,0,0,0,0,1: PDO,Full,1,,50,Hit Parked Vehicle,T-Junction,Daylight,,Not Raining
2017-12889-8/11/2018,1,0,1,0,3: SI,,,,50,Right Turn,T-Junction,Daylight,,Not Raining
2017-12890-8/11/2018,0,0,0,0,1: PDO,Full,2,,60,Rear End,Divided Road,Daylight,,Not Raining
2017-12891-8/11/2018,2,0,0,2,2: MI,Provisional 2,1,,50,Right Angle,T-Junction,Daylight,,Not Raining
2017-12892-8/11/2018,0,0,0,0,1: PDO,Provisional 2,1,,60,Hit Parked Vehicle,Divided Road,Night,,Not Raining
2017-12893-8/11/2018,1,0,0,1,2: MI,Full,1,,50,Roll Over,Divided Road,Daylight,,Not Raining
2017-12894-8/11/2018,1,0,0,1,2: MI,Full,1,,60,Right Turn,T-Junction,Daylight,,Not Raining
2017-12895-8/11/2018,0,0,0,0,1: PDO,Full,1,,60,Right Angle,Divided Road,Daylight,,Not Raining
2017-12896-8/11/2018,2,0,0,2,2: MI,Full,1,,80,Rear End,Divided Road,Daylight,,Not Raining
2017-12897-8/11/2018,0,0,0,0,1: PDO,Unknown,2,,60,Rear End,Divided Road,Daylight,,Not Raining
2017-12898-8/11/2018,0,0,0,0,1: PDO,,,,60,Side Swipe,Not Divided,Daylight,Y,Not Raining
2017-12899-8/11/2018,0,0,0,0,1: PDO,Full,1,,60,Hit Fixed Object,Not Divided,Daylight,,Not Raining
2017-12900-8/11/2018,1,0,0,1,2: MI,,1,,50,Rear End,Cross Road,Daylight,,Not Raining
2017-12901-8/11/2018,0,0,0,0,1: PDO,Full,1,,60,Other,Divided Road,Daylight,,Not Raining
2017-12902-8/11/2018,1,0,0,1,2: MI,Full,2,,90,Head On,Not Divided,Daylight,,Not Raining
2017-12903-8/11/2018,1,0,1,0,3: SI,Full,1,,60,Hit Pedestrian,Not Divided,Daylight,,Not Raining
2017-12904-8/11/2018,0,0,0,0,1: PDO,,,,60,Rear End,Cross Road,Daylight,,Not Raining
2017-12905-8/11/2018,0,0,0,0,1: PDO,Provisional 2,1,,60,Rear End,T-Junction,Night,,Not Raining
2017-12906-8/11/2018,1,0,0,1,2: MI,,0,,60,Hit Fixed Object,Divided Road,Night,,Not Raining
2017-12907-8/11/2018,0,0,0,0,1: PDO,,,,80,Hit Fixed Object,Not Divided,Night,Y,Raining
2017-12908-8/11/2018,1,0,0,1,2: MI,,1,,50,Rear End,Cross Road,Daylight,,Not Raining
2017-12909-8/11/2018,1,0,0,1,2: MI,Full,1,,60,Right Turn,T-Junction,Daylight,,Not Raining
2017-12910-8/11/2018,0,0,0,0,1: PDO,Full,1,,60,Rear End,T-Junction,Daylight,,Not Raining
2017-12911-8/11/2018,0,0,0,0,1: PDO,,,,60,Right Angle,Divided Road,Daylight,,Not Raining
2017-12912-8/11/2018,0,0,0,0,1: PDO,,,,50,Side Swipe,Divided Road,Daylight,,Not Raining
2017-12913-8/11/2018,0,0,0,0,1: PDO,Unknown,1,,50,Rear End,Cross Road,Night,,Not Raining
2017-12914-8/11/2018,0,0,0,0,1: PDO,Unknown,1,,60,Right Turn,Cross Road,Daylight,,Not Raining
2017-12915-8/11/2018,1,0,0,1,2: MI,Unknown,2,,60,Rear End,Divided Road,Daylight,,Not Raining
2017-12916-8/11/2018,1,0,1,0,3: SI,Full,1,,60,Hit Fixed Object,Divided Road,Daylight,,Not Raining
2017-12917-8/11/2018,0,0,0,0,1: PDO,,,,100,Head On,Not Divided,Daylight,,Not Raining
2017-12918-8/11/2018,0,0,0,0,1: PDO,,,,20,Hit Parked Vehicle,Not Divided,Daylight,,Not Raining
2017-12919-8/11/2018,1,0,0,1,2: MI,Provisional 1 ,1,,60,Side Swipe,Divided Road,Daylight,,Not Raining
2017-12920-8/11/2018,2,0,0,2,2: MI,Full,1,,60,Rear End,Divided Road,Daylight,,Not Raining
2017-12921-8/11/2018,0,0,0,0,1: PDO,Full,1,,25,Side Swipe,Divided Road,Daylight,,Not Raining
2017-12922-8/11/2018,0,0,0,0,1: PDO,Unknown,1,,50,Rear End,T-Junction,Daylight,,Not Raining
2017-12923-8/11/2018,0,0,0,0,1: PDO,Full,1,,80,Rear End,T-Junction,Daylight,,Not Raining
2017-12924-8/11/2018,0,0,0,0,1: PDO,,,,60,Right Angle,Divided Road,Daylight,,Not Raining
2017-12925-8/11/2018,0,0,0,0,1: PDO,Full,2,,50,Rear End,Cross Road,Daylight,,Not Raining
2017-12926-8/11/2018,1,1,0,0,4: Fatal,Full,1,Y,110,Roll Over,Not Divided,Night,,Not Raining
2017-12927-8/11/2018,0,0,0,0,1: PDO,Provisional 1 ,1,,80,Right Angle,T-Junction,Daylight,,Not Raining
2017-12928-8/11/2018,0,0,0,0,1: PDO,Full,1,,60,Right Angle,Divided Road,Daylight,,Not Raining
2017-12929-8/11/2018,0,0,0,0,1: PDO,,,,60,Rear End,Divided Road,Daylight,,Not Raining
2017-12930-8/11/2018,1,0,0,1,2: MI,,,,60,Right Turn,T-Junction,Daylight,,Not Raining
2017-12931-8/11/2018,1,0,0,1,2: MI,Full,1,,80,Rear End,T-Junction,Daylight,,Not Raining
2017-12932-8/11/2018,1,0,0,1,2: MI,Full,1,,60,Rear End,Divided Road,Daylight,,Not Raining
2017-12933-8/11/2018,0,0,0,0,1: PDO,Full,1,,60,Hit Fixed Object,Cross Road,Daylight,,Not Raining
2017-12934-8/11/2018,1,0,0,1,2: MI,Full,1,,60,Rear End,Not Divided,Daylight,Y,Not Raining
2017-12935-8/11/2018,0,0,0,0,1: PDO,Full,1,,60,Rear End,Not Divided,Daylight,,Not Raining
2017-12936-8/11/2018,0,0,0,0,1: PDO,Full,2,,60,Side Swipe,Divided Road,Daylight,,Not Raining
2017-12937-8/11/2018,0,0,0,0,1: PDO,Full,1,,60,Side Swipe,Divided Road,Daylight,,Not Raining
2017-12938-8/11/2018,0,0,0,0,1: PDO,,0,,100,Rear End,Not Divided,Daylight,,Not Raining
2017-12939-8/11/2018,0,0,0,0,1: PDO,,0,,60,Right Turn,Cross Road,Daylight,,Not Raining
2017-12940-8/11/2018,1,0,0,1,2: MI,,0,Y,60,Hit Fixed Object,Divided Road,Daylight,,Not Raining
2017-12941-8/11/2018,3,0,0,3,2: MI,,,,60,Rear End,T-Junction,Daylight,,Not Raining
2017-12942-8/11/2018,1,0,0,1,2: MI,Full,2,,60,Rear End,Divided Road,Daylight,,Not Raining
2017-12943-8/11/2018,0,0,0,0,1: PDO,Unknown,1,,50,Hit Parked Vehicle,Not Divided,Daylight,,Not Raining
2017-12944-8/11/2018,1,0,0,1,2: MI,Full,1,,50,Side Swipe,Not Divided,Daylight,,Not Raining
2017-12945-8/11/2018,1,0,0,1,2: MI,Full,3,,110,Hit Animal,Not Divided,Daylight,,Not Raining
2017-12946-8/11/2018,1,1,0,0,4: Fatal,Provisional 2,1,,80,Hit Fixed Object,Not Divided,Daylight,,Not Raining
2017-12947-8/11/2018,0,0,0,0,1: PDO,,,,60,Rear End,Cross Road,Daylight,,Not Raining
2017-12948-8/11/2018,0,0,0,0,1: PDO,Provisional 2,1,,100,Hit Object on Road,Not Divided,Night,,Not Raining
2017-12949-8/11/2018,3,0,0,3,2: MI,Full,1,,80,Right Angle,Cross Road,Night,,Not Raining
2017-12950-8/11/2018,1,0,0,1,2: MI,Full,1,,50,Hit Parked Vehicle,Not Divided,Night,Y,Not Raining
2017-12951-8/11/2018,1,0,0,1,2: MI,Full,1,,110,Side Swipe,T-Junction,Daylight,,Not Raining
2017-12952-8/11/2018,1,0,0,1,2: MI,Provisional 2,1,,60,Rear End,Cross Road,Daylight,,Not Raining
2017-12953-8/11/2018,0,0,0,0,1: PDO,Full,1,,60,Rear End,Cross Road,Daylight,,Not Raining
2017-12954-8/11/2018,0,0,0,0,1: PDO,Full,1,,50,Right Angle,Cross Road,Daylight,,Not Raining
2017-12955-8/11/2018,0,0,0,0,1: PDO,Full,1,,80,Hit Fixed Object,T-Junction,Daylight,,Not Raining
2017-12956-8/11/2018,1,0,0,1,2: MI,Unknown,1,,100,Hit Fixed Object,Not Divided,Daylight,,Not Raining
2017-12957-8/11/2018,0,0,0,0,1: PDO,Unknown,1,,60,Rear End,T-Junction,Daylight,,Not Raining
2017-12958-8/11/2018,0,0,0,0,1: PDO,Provisional 2,1,,60,Right Angle,Not Divided,Daylight,,Not Raining
2017-12959-8/11/2018,1,0,0,1,2: MI,Full,1,,20,Right Angle,Cross Road,Daylight,,Not Raining
2017-12960-8/11/2018,1,0,1,0,3: SI,Full,1,,60,Right Angle,T-Junction,Daylight,,Not Raining
2017-12961-8/11/2018,0,0,0,0,1: PDO,Unknown,1,,60,Rear End,Cross Road,Daylight,,Not Raining
2017-12962-8/11/2018,1,0,0,1,2: MI,,,,110,Head On,Divided Road,Daylight,,Not Raining
2017-12963-8/11/2018,0,0,0,0,1: PDO,Unknown,1,,60,Side Swipe,Divided Road,Daylight,,Not Raining
2017-12964-8/11/2018,1,0,0,1,2: MI,Full,3,,60,Rear End,T-Junction,Daylight,,Not Raining
2017-12965-8/11/2018,0,0,0,0,1: PDO,Full,1,,60,Side Swipe,T-Junction,Daylight,,Not Raining
2017-12966-8/11/2018,0,0,0,0,1: PDO,Full,1,,60,Rear End,Divided Road,Daylight,,Not Raining