REPORT_ID,Total Cas,Total Fats,Total SI,Total MI,CSEF Severity,Licence Type,Number Occupants,Drugs Involved,Area Speed,Crash Type,Position Type,DayNight,DUI Involved,Weather Cond
2017-12967-8/11/2018,1,0,0,1,2: MI,,,,60,Rear End,Cross Road,Daylight,,Not Raining
2017-12968-8/11/2018,1,0,0,1,2: MI,Full,1,,60,Rear End,Cross Road,Daylight,,Not Raining
2017-12969-8/11/2018,0,0,0,0,1: PDO,Unknown,1,,50,Hit Fixed Object,Not Divided,Daylight,,Not Raining
2017-12970-8/11/2018,1,0,0,1,2: MI,Unknown,1,,60,Rear End,T-Junction,Daylight,,Not Raining
2017-12971-8/11/2018,0,0,0,0,1: PDO,,0,,50,Right Angle,T-Junction,Daylight,,Not Raining
2017-12972-8/11/2018,3,0,0,3,2: MI,Full,1,,110,Right Angle,Not Divided,Daylight,,Not Raining
2017-12973-8/11/2018,0,0,0,0,1: PDO,Full,1,,50,Right Angle,Not Divided,Daylight,,Not Raining
2017-12974-8/11/2018,0,0,0,0,1: PDO,,,,80,Hit Fixed Object,Not Divided,Daylight,,Not Raining
2017-12975-8/11/2018,4,0,0,4,2: MI,Full,1,,60,Right Angle,Cross Road,Daylight,,Not Raining
2017-12976-8/11/2018,0,0,0,0,1: PDO,,0,,60,Right Angle,Divided Road,Daylight,,Not Raining
2017-12977-8/11/2018,0,0,0,0,1: PDO,,,,60,Right Turn,T-Junction,Daylight,,Not Raining
2017-12978-8/11/2018,2,0,1,1,3: SI,Provisional 2,1,Y,60,Head On,Not Divided,Daylight,,Not Raining
2017-12979-8/11/2018,0,0,0,0,1: PDO,,0,,50,Rear End,Not Divided,Daylight,,Not Raining
2017-12980-8/11/2018,0,0,0,0,1: PDO,,0,,50,Hit Parked Vehicle,Not Divided,Night,,Not Raining
2017-12981-8/11/2018,5,0,0,5,2: MI,Unknown,1,,50,Hit Fixed Object,Not Divided,Night,,Not Raining
2017-12982-8/11/2018,0,0,0,0,1: PDO,Full,1,,110,Side Swipe,Not Divided,Daylight,,Not Raining
2017-12983-8/11/2018,1,0,0,1,2: MI,Full,1,,60,Hit Fixed Object,T-Junction,Night,Y,Not Raining
2017-12984-8/11/2018,0,0,0,0,1: PDO,Provisional 1 ,1,,60,Right Turn,T-Junction,Daylight,,Not Raining
2017-12985-8/11/2018,0,0,0,0,1: PDO,,0,,50,Right Angle,Not Divided,Daylight,,Not Raining
2017-12986-8/11/2018,0,0,0,0,1: PDO,Unknown,1,,50,Right Angle,Not Divided,Daylight,,Not Raining
2017-12987-8/11/2018,0,0,0,0,1: PDO,Full,1,,60,Right Turn,Cross Road,Daylight,,Not Raining
2017-12988-8/11/2018,2,0,0,2,2: MI,Full,1,,50,Head On,Not Divided,Daylight,,Not Raining
2017-12989-8/11/2018,0,0,0,0,1: PDO,Full,2,,50,Hit Fixed Object,Not Divided,Daylight,,Not Raining
2017-12990-8/11/2018,0,0,0,0,1: PDO,Full,2,,60,Rear End,Divided Road,Daylight,,Not Raining
2017-12991-8/11/2018,0,0,0,0,1: PDO,Learners,4,,60,Hit Fixed Object,Not Divided,Daylight,,Not Raining
2017-12992-8/11/2018,1,0,0,1,2: MI,,,,15,Roll Over,Not Divided,Daylight,,Not Raining
2017-12993-8/11/2018,0,0,0,0,1: PDO,Unknown,1,,50,Right Angle,Cross Road,Daylight,,Not Raining
2017-12994-8/11/2018,0,0,0,0,1: PDO,,,,110,Roll Over,Not Divided,Daylight,,Not Raining
2017-12995-8/11/2018,0,0,0,0,1: PDO,Unknown,2,,60,Side Swipe,Divided Road,Daylight,,Not Raining
2017-12996-8/11/2018,0,0,0,0,1: PDO,Unknown,1,,60,Side Swipe,Not Divided,Daylight,,Not Raining
2017-12997-8/11/2018,0,0,0,0,1: PDO,Unlicenced,1,,60,Head On,Not Divided,Daylight,,Not Raining
2017-12998-8/11/2018,0,0,0,0,1: PDO,,,,60,Hit Fixed Object,Not Divided,Daylight,,Not Raining
2017-12999-8/11/2018,0,0,0,0,1: PDO,Full,1,,50,Hit Fixed Object,Cross Road,Daylight,,Not Raining
2017-13000-8/11/2018,0,0,0,0,1: PDO,,0,,110,Left Road - Out of Control,Not Divided,Night,,Not Raining
2017-13001-8/11/2018,0,0,0,0,1: PDO,Full,2,,60,Right Angle,Cross Road,Daylight,,Not Raining
2017-13002-8/11/2018,1,0,0,1,2: MI,Full,1,,50,Hit Parked Vehicle,Not Divided,Daylight,,Not Raining
2017-13003-8/11/2018,1,0,0,1,2: MI,Full,1,,60,Head On,Divided Road,Daylight,,Not Raining
2017-13004-8/11/2018,0,0,0,0,1: PDO,,,,50,Hit Parked Vehicle,Not Divided,Daylight,,Not Raining
2017-13005-8/11/2018,0,0,0,0,1: PDO,Unknown,1,,50,Hit Parked Vehicle,Not Divided,Daylight,,Not Raining
2017-13006-8/11/2018,0,0,0,0,1: PDO,,,,60,Rear End,Multiple,Daylight,,Not Raining
2017-13007-8/11/2018,0,0,0,0,1: PDO,Full,2,,60,Hit Fixed Object,Not Divided,Night,,Not Raining
2017-13008-8/11/2018,1,1,0,0,4: Fatal,Full,2,Y,60,Right Turn,Divided Road,Night,,Not Raining
2017-13009-8/11/2018,0,0,0,0,1: PDO,Full,1,,90,Hit Parked Vehicle,Not Divided,Night,,Not Raining
2017-13010-8/11/2018,0,0,0,0,1: PDO,Full,1,,50,Hit Fixed Object,T-Junction,Night,Y,Not Raining
2017-13011-8/11/2018,0,0,0,0,1: PDO,,,,60,Hit Fixed Object,Not Divided,Night,,Not Raining
2017-13012-8/11/2018,1,0,0,1,2: MI,Unlicenced,1,,50,Other,Not Divided,Daylight,,Not Raining
2017-13013-8/11/2018,1,0,0,1,2: MI,Full,1,,60,Hit Fixed Object,Not Divided,Night,Y,Not Raining
2017-13014-8/11/2018,0,0,0,0,1: PDO,Full,1,,60,Rear End,Divided Road,Daylight,,Not Raining
2017-13015-8/11/2018,1,0,1,0,3: SI,Full,2,,80,Left Road - Out of Control,T-Junction,Daylight,Y,Not Raining
2017-13016-8/11/2018,0,0,0,0,1: PDO,Full,1,,50,Hit Fixed Object,Not Divided,Daylight,,Not Raining
2017-13017-8/11/2018,0,0,0,0,1: PDO,Full,1,,80,Right Angle,Not Divided,Daylight,,Not Raining
2017-13018-8/11/2018,0,0,0,0,1: PDO,,,,50,Right Angle,Not Divided,Daylight,,Not Raining
2017-13019-8/11/2018,0,0,0,0,1: PDO,Full,1,,60,Rear End,T-Junction,Daylight,,Not Raining
2017-13020-8/11/2018,0,0,0,0,1: PDO,,0,,40,Rear End,Not Divided,Daylight,,Not Raining
2017-13021-8/11/2018,0,0,0,0,1: PDO,Provisional 2,2,,100,Roll Over,Not Divided,Daylight,,Not Raining
2017-13022-8/11/2018,0,0,0,0,1: PDO,Full,2,,50,Hit Parked Vehicle,Not Divided,Daylight,,Not Raining
2017-13023-8/11/2018,0,0,0,0,1: PDO,Provisional 1 ,1,,60,Right Turn,T-Junction,Daylight,,Not Raining
2017-13024-8/11/2018,0,0,0,0,1: PDO,,,,50,Hit Parked Vehicle,Not Divided,Daylight,,Not Raining
2017-13025-8/11/2018,1,0,0,1,2: MI,Full,1,,50,Hit Fixed Object,Not Divided,Daylight,,Not Raining
2017-13026-8/11/2018,1,0,0,1,2: MI,Full,1,,60,Side Swipe,Not Divided,Daylight,,Not Raining
2017-13027-8/11/2018,0,0,0,0,1: PDO,Full,2,,50,Rear End,Not Divided,Daylight,,Not Raining
2017-13028-8/11/2018,0,0,0,0,1: PDO,Full,1,,50,Hit Fixed Object,T-Junction,Daylight,,Not Raining
2017-13029-8/11/2018,1,0,0,1,2: MI,Full,1,,60,Hit Fixed Object,Divided Road,Daylight,,Not Raining
2017-13030-8/11/2018,0,0,0,0,1: PDO,Full,1,,50,Hit Pedestrian,Cross Road,Daylight,,Not Raining
2017-13031-8/11/2018,0,0,0,0,1: PDO,Full,1,,60,Hit Fixed Object,Cross Road,Daylight,,Not Raining
2017-13032-8/11/2018,0,0,0,0,1: PDO,,0,,50,Hit Parked Vehicle,Not Divided,Night,,Not Raining
2017-13033-8/11/2018,0,0,0,0,1: PDO,Full,3,,50,Right Angle,T-Junction,Daylight,,Not Raining
2017-13034-8/11/2018,1,0,0,1,2: MI,Full,3,,50,Hit Pedestrian,Not Divided,Daylight,,Not Raining
2017-13035-8/11/2018,0,0,0,0,1: PDO,Probationary,2,,100,Hit Animal,Not Divided,Night,,Not Raining
2017-13036-8/11/2018,0,0,0,0,1: PDO,Full,1,,60,Hit Parked Vehicle,Not Divided,Daylight,,Not Raining
2017-13037-8/11/2018,0,0,0,0,1: PDO,Full,1,,50,Hit Fixed Object,Not Divided,Night,,Not Raining
2017-13038-8/11/2018,1,0,0,1,2: MI,Unknown,1,,60,Rear End,Not Divided,Daylight,,Not Raining
2017-13039-8/11/2018,0,0,0,0,1: PDO,Probationary,1,,60,Rear End,Not Divided,Daylight,,Not Raining
2017-13040-8/11/2018,0,0,0,0,1: PDO,Full,3,,60,Rear End,Divided Road,Daylight,,Not Raining
2017-13041-8/11/2018,0,0,0,0,1: PDO,Full,2,,110,Hit Animal,Not Divided,Night,,Not Raining
2017-13042-8/11/2018,1,0,0,1,2: MI,Full,1,,80,Rear End,Divided Road,Daylight,,Raining
2017-13043-8/11/2018,0,0,0,0,1: PDO,Full,1,,110,Rear End,Freeway,Daylight,,Not Raining
2017-13044-8/11/2018,0,0,0,0,1: PDO,Full,1,,50,Hit Parked Vehicle,Not Divided,Daylight,,Not Raining
2017-13045-8/11/2018,1,0,0,1,2: MI,Full,1,Y,80,Hit Fixed Object,Not Divided,Daylight,Y,Not Raining
2017-13046-8/11/2018,1,0,0,1,2: MI,Full,1,,100,Roll Over,Cross Road,Daylight,,Not Raining
2017-13047-8/11/2018,0,0,0,0,1: PDO,Full,2,,100,Side Swipe,Ramp Off,Daylight,,Not Raining
2017-13048-8/11/2018,1,0,0,1,2: MI,Provisional 2,1,,50,Hit Parked Vehicle,Not Divided,Night,,Not Raining
2017-13049-8/11/2018,3,0,0,3,2: MI,Full,1,,90,Rear End,Cross Road,Daylight,,Not Raining
2017-13050-8/11/2018,1,0,1,0,3: SI,Full,1,,60,Hit Pedestrian,T-Junction,Night,,Not Raining
2017-13051-8/11/2018,2,0,0,2,2: MI,Probationary,2,,100,Hit Fixed Object,Not Divided,Daylight,,Not Raining
2017-13052-8/11/2018,0,0,0,0,1: PDO,Unknown,1,,110,Hit Fixed Object,Not Divided,Daylight,,Not Raining
2017-13053-8/11/2018,1,0,0,1,2: MI,Full,1,,60,Hit Parked Vehicle,Divided Road,Daylight,,Not Raining
2017-13054-8/11/2018,1,0,0,1,2: MI,,,,60,Right Angle,Cross Road,Daylight,,Not Raining
2017-13055-8/11/2018,0,0,0,0,1: PDO,Unknown,1,,50,Side Swipe,Cross Road,Daylight,,Not Raining
2017-13056-8/11/2018,0,0,0,0,1: PDO,Full,1,,60,Rear End,Cross Road,Daylight,,Not Raining
2017-13057-8/11/2018,0,0,0,0,1: PDO,Provisional 1 ,2,Y,80,Hit Fixed Object,Not Divided,Daylight,Y,Not Raining
2017-13058-8/11/2018,0,0,0,0,1: PDO,Full,1,,90,Left Road - Out of Control,Not Divided,Daylight,,Not Raining
2017-13059-8/11/2018,0,0,0,0,1: PDO,Full,1,,60,Right Turn,Cross Road,Daylight,,Not Raining
2017-13060-8/11/2018,1,0,0,1,2: MI,Unlicenced,3,,100,Right Angle,T-Junction,Daylight,,Not Raining
2017-13061-8/11/2018,0,0,0,0,1: PDO,Provisional 2,1,,80,Hit Fixed Object,Divided Road,Daylight,,Not Raining
2017-13062-8/11/2018,1,0,0,1,2: MI,,,,60,Rear End,Cross Road,Daylight,,Not Raining
2017-13063-8/11/2018,1,0,0,1,2: MI,Provisional 1 ,1,,50,Hit Fixed Object,Not Divided,Daylight,,Not Raining
2017-13064-8/11/2018,2,0,0,2,2: MI,Full,2,,60,Right Angle,T-Junction,Daylight,,Not Raining
2017-13065-8/11/2018,0,0,0,0,1: PDO,Unknown,4,,60,Hit Fixed Object,Divided Road,Night,,Not Raining
2017-13066-8/11/2018,1,0,0,1,2: MI,Unknown,2,,60,Right Turn,Cross Road,Daylight,,Not Raining
2017-13067-8/11/2018,1,0,0,1,2: MI,Full,2,,100,Right Angle,T-Junction,Daylight,,Not Raining
2017-13068-8/11/2018,0,0,0,0,1: PDO,Full,2,,90,Hit Fixed Object,Freeway,Daylight,,Not Raining
2017-13069-8/11/2018,1,0,0,1,2: MI,Provisional 1 ,2,,100,Roll Over,T-Junction,Daylight,,Not Raining
2017-13070-8/11/2018,2,0,1,1,3: SI,,,,100,Roll Over,Not Divided,Night,Y,Not Raining
2017-13071-8/11/2018,1,0,0,1,2: MI,Full,1,,50,Head On,Not Divided,Night,Y,Not Raining
2017-13072-8/11/2018,0,0,0,0,1: PDO,,,,60,Right Turn,T-Junction,Night,,Not Raining
2017-13073-8/11/2018,1,0,1,0,3: SI,Full,1,,40,Hit Fixed Object,Not Divided,Night,,Not Raining
2017-13074-8/11/2018,1,0,0,1,2: MI,Full,2,,110,Roll Over,Not Divided,Night,,Not Raining
2017-13075-8/11/2018,0,0,0,0,1: PDO,Full,1,,90,Rear End,Divided Road,Daylight,,Not Raining
2017-13076-8/11/2018,0,0,0,0,1: PDO,,,,40,Right Angle,Cross Road,Daylight,,Not Raining
2017-13077-8/11/2018,0,0,0,0,1: PDO,Full,1,,50,Hit Parked Vehicle,Not Divided,Night,,Not Raining
2017-13078-8/11/2018,0,0,0,0,1: PDO,Unknown,1,,60,Rear End,Divided Road,Daylight,,Not Raining
2017-13079-8/11/2018,0,0,0,0,1: PDO,Full,1,,60,Rear End,Divided Road,Daylight,,Not Raining
2017-13080-8/11/2018,2,0,0,2,2: MI,,1,,60,Hit Fixed Object,Divided Road,Daylight,,Not Raining
2017-13081-8/11/2018,0,0,0,0,1: PDO,Full,1,,60,Side Swipe,T-Junction,Daylight,,Not Raining
2017-13082-8/11/2018,1,0,0,1,2: MI,Full,1,,60,Hit Parked Vehicle,Not Divided,Daylight,,Not Raining
2017-13083-8/11/2018,0,0,0,0,1: PDO,Full,1,,60,Side Swipe,Divided Road,Daylight,,Not Raining
2017-13084-8/11/2018,0,0,0,0,1: PDO,,1,,80,Side Swipe,Cross Road,Daylight,,Not Raining
2017-13085-8/11/2018,1,0,1,0,3: SI,Full,1,,80,Hit Fixed Object,Not Divided,Daylight,,Not Raining
2017-13086-8/11/2018,1,0,0,1,2: MI,Full,2,,80,Rear End,Cross Road,Night,,Not Raining
2017-13087-8/11/2018,0,0,0,0,1: PDO,,0,,50,Side Swipe,Divided Road,Daylight,,Not Raining
2017-13088-8/11/2018,1,0,0,1,2: MI,Provisional 1 ,1,,60,Right Angle,Cross Road,Daylight,,Not Raining
2017-13089-8/11/2018,0,0,0,0,1: PDO,Full,1,,60,Rear End,Divided Road,Daylight,,Not Raining
2017-13090-8/11/2018,3,1,2,0,4: Fatal,Full,1,,110,Head On,Not Divided,Daylight,,Not Raining
2017-13091-8/11/2018,1,0,0,1,2: MI,Unknown,1,,50,Hit Fixed Object,Not Divided,Daylight,,Not Raining
2017-13092-8/11/2018,1,0,0,1,2: MI,,,,100,Hit Fixed Object,Not Divided,Daylight,,Not Raining
2017-13093-8/11/2018,0,0,0,0,1: PDO,Full,2,,50,Hit Fixed Object,T-Junction,Daylight,,Not Raining
2017-13094-8/11/2018,3,0,0,3,2: MI,Unknown,3,,50,Rear End,T-Junction,Daylight,,Not Raining
2017-13095-8/11/2018,1,0,0,1,2: MI,,,,110,Hit Fixed Object,Not Divided,Night,,Not Raining
2017-13096-8/11/2018,0,0,0,0,1: PDO,,,,50,Hit Fixed Object,Not Divided,Night,,Not Raining
2017-13097-8/11/2018,0,0,0,0,1: PDO,Unknown,1,,60,Right Angle,Divided Road,Night,,Not Raining
2017-13098-8/11/2018,1,0,0,1,2: MI,Provisional 2,2,,60,Rear End,Divided Road,Daylight,,Not Raining
2017-13099-8/11/2018,0,0,0,0,1: PDO,Unknown,1,,60,Rear End,T-Junction,Daylight,,Not Raining
2017-13100-8/11/2018,0,0,0,0,1: PDO,Unknown,1,,70,Rear End,Cross Road,Daylight,,Not Raining
2017-13101-8/11/2018,0,0,0,0,1: PDO,Full,2,,60,Side Swipe,Divided Road,Daylight,,Not Raining
2017-13102-8/11/2018,0,0,0,0,1: PDO,Full,1,,80,Rear End,Cross Road,Daylight,,Raining
2017-13103-8/11/2018,0,0,0,0,1: PDO,Unknown,1,,60,Roll Over,Not Divided,Daylight,,Not Raining
2017-13104-8/11/2018,0,0,0,0,1: PDO,Full,1,,60,Right Angle,Divided Road,Daylight,,Not Raining
2017-13105-8/11/2018,1,0,0,1,2: MI,Unknown,1,,50,Right Angle,Cross Road,Daylight,,Not Raining
2017-13106-8/11/2018,1,0,0,1,2: MI,Full,1,,40,Rear End,Not Divided,Daylight,,Not Raining
2017-13107-8/11/2018,1,0,0,1,2: MI,Unknown,1,,50,Right Angle,T-Junction,Daylight,,Not Raining
2017-13108-8/11/2018,1,0,0,1,2: MI,Provisional 2,1,,60,Roll Over,T-Junction,Night,,Not Raining
2017-13109-8/11/2018,1,0,0,1,2: MI,Full,3,,50,Side Swipe,Cross Road,Daylight,,Not Raining
2017-13110-8/11/2018,0,0,0,0,1: PDO,Provisional 1 ,1,,50,Hit Parked Vehicle,Not Divided,Daylight,,Not Raining
2017-13111-8/11/2018,1,0,0,1,2: MI,Full,1,,60,Right Angle,T-Junction,Daylight,,Not Raining
2017-13112-8/11/2018,1,0,0,1,2: MI,Full,1,,60,Rear End,Cross Road,Daylight,,Not Raining
2017-13113-8/11/2018,0,0,0,0,1: PDO,,1,,50,Right Angle,T-Junction,Daylight,,Not Raining
2017-13114-8/11/2018,1,0,0,1,2: MI,Full,1,Y,50,Rear End,T-Junction,Daylight,,Not Raining
2017-13115-8/11/2018,1,0,0,1,2: MI,,,,60,Right Angle,Multiple,Daylight,,Not Raining
2017-13116-8/11/2018,0,0,0,0,1: PDO,,1,,60,Hit Fixed Object,Not Divided,Daylight,,Not Raining
2017-13117-8/11/2018,1,0,0,1,2: MI,Unknown,1,,50,Right Angle,Not Divided,Daylight,,Raining
2017-13118-8/11/2018,1,0,0,1,2: MI,Full,1,,60,Right Turn,Cross Road,Daylight,,Raining
2017-13119-8/11/2018,1,0,0,1,2: MI,Full,1,,60,Right Turn,T-Junction,Daylight,,Not Raining
2017-13120-8/11/2018,0,0,0,0,1: PDO,Full,2,,60,Right Turn,T-Junction,Daylight,,Raining
2017-13121-8/11/2018,1,0,0,1,2: MI,Full,1,,50,Right Turn,T-Junction,Daylight,,Not Raining
2017-13122-8/11/2018,3,0,0,3,2: MI,Full,1,,60,Rear End,Pedestrian Crossing,Daylight,,Raining
2017-13123-8/11/2018,1,0,0,1,2: MI,,1,,60,Right Turn,T-Junction,Daylight,,Not Raining
2017-13124-8/11/2018,1,0,0,1,2: MI,Full,2,Y,50,Hit Fixed Object,Cross Road,Daylight,Y,Not Raining
2017-13125-8/11/2018,0,0,0,0,1: PDO,Unknown,1,,60,Right Turn,T-Junction,Daylight,,Not Raining
2017-13126-8/11/2018,1,1,0,0,4: Fatal,Full,1,,50,Hit Fixed Object,T-Junction,Night,,Not Raining
2017-13127-8/11/2018,1,0,0,1,2: MI,Full,2,Y,100,Hit Fixed Object,Not Divided,Daylight,,Not Raining
2017-13128-8/11/2018,0,0,0,0,1: PDO,Full,1,,60,Hit Fixed Object,T-Junction,Night,,Not Raining
2017-13129-8/11/2018,0,0,0,0,1: PDO,,1,,60,Rear End,T-Junction,Daylight,,Not Raining
2017-13130-8/11/2018,0,0,0,0,1: PDO,Full,1,,50,Rear End,Rail Xing,Daylight,,Not Raining
2017-13131-8/11/2018,0,0,0,0,1: PDO,Full,1,,100,Right Angle,T-Junction,Daylight,,Not Raining
2017-13132-8/11/2018,0,0,0,0,1: PDO,Full,2,,60,Right Turn,T-Junction,Daylight,,Raining
2017-13133-8/11/2018,1,0,0,1,2: MI,,1,,60,Roll Over,Divided Road,Daylight,,Not Raining
2017-13134-8/11/2018,1,0,0,1,2: MI,Unknown,2,,50,Roll Over,T-Junction,Daylight,,Not Raining
2017-13135-8/11/2018,0,0,0,0,1: PDO,Provisional 2,1,,60,Hit Fixed Object,T-Junction,Daylight,,Not Raining
2017-13136-8/11/2018,0,0,0,0,1: PDO,Disqualified,1,,110,Hit Animal,Not Divided,Daylight,,Not Raining
2017-13137-8/11/2018,0,0,0,0,1: PDO,,,,80,Hit Fixed Object,Divided Road,Daylight,,Not Raining
2017-13138-8/11/2018,2,0,0,2,2: MI,Unlicenced,1,,60,Right Angle,T-Junction,Daylight,,Not Raining
2017-13139-8/11/2018,0,0,0,0,1: PDO,,,,60,Hit Parked Vehicle,Divided Road,Daylight,,Not Raining
2017-13140-8/11/2018,1,0,0,1,2: MI,Full,1,,60,Roll Over,Not Divided,Daylight,,Not Raining
2017-13141-8/11/2018,0,0,0,0,1: PDO,,,,80,Hit Fixed Object,T-Junction,Daylight,,Raining
2017-13142-8/11/2018,0,0,0,0,1: PDO,Full,2,,60,Rear End,Divided Road,Daylight,,Not Raining
2017-13143-8/11/2018,1,0,0,1,2: MI,Learners,2,,60,Rear End,Cross Road,Daylight,,Raining
2017-13144-8/11/2018,0,0,0,0,1: PDO,,0,,60,Side Swipe,Divided Road,Daylight,,Not Raining
2017-13145-8/11/2018,1,0,0,1,2: MI,Full,1,,60,Roll Over,Cross Road,Daylight,,Raining
2017-13146-8/11/2018,1,0,0,1,2: MI,Full,1,,100,Hit Fixed Object,Not Divided,Daylight,,Not Raining
2017-13147-8/11/2018,1,0,0,1,2: MI,Full,1,,50,Hit Pedestrian,Not Divided,Night,Y,Not Raining
2017-13148-8/11/2018,0,0,0,0,1: PDO,Full,1,,60,Hit Fixed Object,Divided Road,Daylight,,Not Raining
2017-13149-8/11/2018,0,0,0,0,1: PDO,,,,60,Side Swipe,Divided Road,Daylight,,Not Raining
2017-13150-8/11/2018,0,0,0,0,1: PDO,Full,1,,50,Hit Fixed Object,T-Junction,Daylight,,Not Raining
2017-13151-8/11/2018,1,0,0,1,2: MI,Unknown,1,,60,Rear End,T-Junction,Daylight,,Not Raining
2017-13152-8/11/2018,0,0,0,0,1: PDO,Full,1,,100,Right Angle,T-Junction,Daylight,,Not Raining
2017-13153-8/11/2018,0,0,0,0,1: PDO,Full,1,,60,Right Turn,T-Junction,Daylight,,Not Raining
2017-13154-8/11/2018,0,0,0,0,1: PDO,Full,1,,60,Rear End,Divided Road,Daylight,,Not Raining
2017-13155-8/11/2018,1,0,0,1,2: MI,Unknown,1,Y,100,Hit Fixed Object,Not Divided,Night,,Unknown
2017-13156-8/11/2018,1,0,0,1,2: MI,Full,2,,50,Roll Over,T-Junction,Daylight,,Not Raining
2017-13157-8/11/2018,0,0,0,0,1: PDO,Full,2,,60,Right Turn,T-Junction,Night,,Not Raining
2017-13158-8/11/2018,0,0,0,0,1: PDO,Full,1,,50,Hit Parked Vehicle,Not Divided,Night,,Not Raining
2017-13159-8/11/2018,1,0,0,1,2: MI,Full,1,,50,Hit Fixed Object,Not Divided,Night,,Not Raining
2017-13160-8/11/2018,0,0,0,0,1: PDO,Full,1,,50,Hit Fixed Object,Not Divided,Night,,Not Raining
2017-13161-8/11/2018,0,0,0,0,1: PDO,Unknown,1,,50,Hit Fixed Object,T-Junction,Night,,Not Raining
2017-13162-8/11/2018,0,0,0,0,1: PDO,Full,1,,60,Right Angle,T-Junction,Daylight,,Not Raining
2017-13163-8/11/2018,1,0,0,1,2: MI,,1,,60,Hit Pedestrian,Cross Road,Daylight,,Not Raining
2017-13164-8/11/2018,0,0,0,0,1: PDO,,0,,60,Rear End,Divided Road,Daylight,,Raining
2017-13165-8/11/2018,1,0,0,1,2: MI,Unknown,1,,50,Right Angle,Divided Road,Daylight,,Not Raining
2017-13166-8/11/2018,1,0,0,1,2: MI,Full,2,,60,Roll Over,Cross Road,Daylight,,Not Raining
2017-13167-8/11/2018,1,0,0,1,2: MI,,0,,50,Right Angle,Cross Road,Daylight,,Not Raining
2017-13168-8/11/2018,0,0,0,0,1: PDO,Provisional 1 ,1,,110,Side Swipe,Not Divided,Daylight,,Not Raining
2017-13169-8/11/2018,0,0,0,0,1: PDO,,,,50,Right Angle,T-Junction,Daylight,,Not Raining
2017-13170-8/11/2018,1,0,0,1,2: MI,Provisional 1 ,1,,60,Rear End,Divided Road,Daylight,,Not Raining
2017-13171-8/11/2018,1,0,0,1,2: MI,Full,1,,60,Side Swipe,Pedestrian Crossing,Daylight,,Not Raining
2017-13172-8/11/2018,0,0,0,0,1: PDO,Full,1,,40,Hit Pedestrian,Divided Road,Daylight,,Not Raining
2017-13173-8/11/2018,0,0,0,0,1: PDO,Full,1,,50,Right Angle,Cross Road,Daylight,,Not Raining
2017-13174-8/11/2018,4,0,0,4,2: MI,Full,1,,110,Roll Over,T-Junction,Daylight,,Not Raining
2017-13175-8/11/2018,0,0,0,0,1: PDO,,,,60,Hit Fixed Object,Divided Road,Daylight,Y,Not Raining
2017-13176-8/11/2018,0,0,0,0,1: PDO,Unknown,1,,60,Right Turn,Cross Road,Daylight,,Not Raining
2017-13177-8/11/2018,1,0,0,1,2: MI,Unknown,1,,100,Roll Over,Not Divided,Daylight,,Not Raining
2017-13178-8/11/2018,0,0,0,0,1: PDO,Full,1,,110,Hit Fixed Object,Not Divided,Daylight,,Not Raining
2017-13179-8/11/2018,0,0,0,0,1: PDO,Full,2,,60,Right Angle,Cross Road,Daylight,,Not Raining
2017-13180-8/11/2018,1,0,0,1,2: MI,Full,2,,60,Roll Over,Not Divided,Daylight,,Not Raining
2017-13181-8/11/2018,1,0,0,1,2: MI,,,,60,Hit Parked Vehicle,T-Junction,Daylight,,Not Raining