REPORT_ID,Total Cas,Total Fats,Total SI,Total MI,CSEF Severity,Licence Type,Number Occupants,Drugs Involved,Area Speed,Crash Type,Position Type,DayNight,DUI Involved,Weather Cond
2017-13182-8/11/2018,1,0,0,1,2: MI,Full,1,,50,Hit Parked Vehicle,Not Divided,Night,,Not Raining
2017-13183-8/11/2018,0,0,0,0,1: PDO,,,,70,Rear End,Not Divided,Daylight,,Not Raining
2017-13184-8/11/2018,0,0,0,0,1: PDO,Full,2,,80,Hit Fixed Object,Not Divided,Daylight,,Not Raining
2017-13185-8/11/2018,0,0,0,0,1: PDO,Full,2,,60,Roll Over,Not Divided,Daylight,,Not Raining
2017-13186-8/11/2018,0,0,0,0,1: PDO,Full,2,,80,Hit Fixed Object,Not Divided,Daylight,,Not Raining
2017-13187-8/11/2018,1,0,0,1,2: MI,Full,1,,110,Head On,Not Divided,Daylight,,Not Raining
2017-13188-8/11/2018,0,0,0,0,1: PDO,Full,2,,60,Rear End,Divided Road,Daylight,,Not Raining
2017-13189-8/11/2018,0,0,0,0,1: PDO,Full,1,,110,Left Road - Out of Control,Not Divided,Daylight,,Not Raining
2017-13190-8/11/2018,0,0,0,0,1: PDO,Unknown,1,,90,Rear End,Divided Road,Daylight,,Not Raining
2017-13191-8/11/2018,0,0,0,0,1: PDO,Full,1,,60,Right Angle,Divided Road,Daylight,,Not Raining
2017-13192-8/11/2018,0,0,0,0,1: PDO,Unknown,1,,50,Right Angle,Cross Road,Daylight,,Not Raining
2017-13193-8/11/2018,0,0,0,0,1: PDO,Full,1,,80,Hit Fixed Object,Not Divided,Daylight,,Not Raining
2017-13194-8/11/2018,0,0,0,0,1: PDO,Full,1,,60,Right Angle,Cross Road,Daylight,,Not Raining
2017-13195-8/11/2018,0,0,0,0,1: PDO,Unknown,3,,60,Rear End,Cross Road,Night,,Not Raining
2017-13196-8/11/2018,1,0,1,0,3: SI,Full,21,,60,Right Angle,Cross Road,Night,,Not Raining
2017-13197-8/11/2018,0,0,0,0,1: PDO,Full,1,,50,Right Angle,Cross Road,Night,,Not Raining
2017-13198-8/11/2018,0,0,0,0,1: PDO,Full,1,,50,Rear End,Not Divided,Night,,Not Raining
2017-13199-8/11/2018,0,0,0,0,1: PDO,Provisional 1 ,1,,50,Hit Fixed Object,T-Junction,Night,,Not Raining
2017-13200-8/11/2018,0,0,0,0,1: PDO,Unknown,1,,50,Hit Pedestrian,Cross Road,Night,,Not Raining
2017-13201-8/11/2018,2,0,0,2,2: MI,Full,1,,60,Hit Fixed Object,Divided Road,Daylight,,Not Raining
2017-13202-8/11/2018,0,0,0,0,1: PDO,Unknown,1,,60,Hit Fixed Object,T-Junction,Daylight,,Not Raining
2017-13203-8/11/2018,1,0,0,1,2: MI,Full,1,,50,Rear End,Cross Road,Daylight,,Not Raining
2017-13204-8/11/2018,0,0,0,0,1: PDO,Unknown,1,,50,Hit Fixed Object,Cross Road,Night,,Not Raining
2017-13205-8/11/2018,0,0,0,0,1: PDO,Full,1,,50,Hit Fixed Object,Not Divided,Night,,Not Raining
2017-13206-8/11/2018,0,0,0,0,1: PDO,Full,2,,100,Hit Fixed Object,Not Divided,Night,,Not Raining
2017-13207-8/11/2018,0,0,0,0,1: PDO,,1,,60,Rear End,T-Junction,Daylight,,Not Raining
2017-13208-8/11/2018,0,0,0,0,1: PDO,Unknown,1,,50,Right Angle,Cross Road,Daylight,,Not Raining
2017-13209-8/11/2018,0,0,0,0,1: PDO,Full,1,,100,Side Swipe,T-Junction,Daylight,,Not Raining
2017-13210-8/11/2018,1,0,1,0,3: SI,Full,3,Y,100,Hit Animal,Not Divided,Daylight,,Not Raining
2017-13211-8/11/2018,0,0,0,0,1: PDO,Learners,1,,50,Hit Fixed Object,Not Divided,Daylight,,Not Raining
2017-13212-8/11/2018,1,0,0,1,2: MI,Full,1,,80,Roll Over,Not Divided,Daylight,Y,Not Raining
2017-13213-8/11/2018,0,0,0,0,1: PDO,Full,1,,50,Right Angle,Not Divided,Daylight,,Unknown
2017-13214-8/11/2018,1,0,0,1,2: MI,Full,1,,80,Rear End,T-Junction,Daylight,,Raining
2017-13215-8/11/2018,1,0,1,0,3: SI,Full,1,,50,Other,Not Divided,Night,Y,Not Raining
2017-13216-8/11/2018,0,0,0,0,1: PDO,Full,1,,50,Hit Fixed Object,Cross Road,Daylight,,Not Raining
2017-13217-8/11/2018,1,0,0,1,2: MI,Full,3,,50,Side Swipe,Not Divided,Daylight,,Not Raining
2017-13218-8/11/2018,1,0,0,1,2: MI,,,,100,Hit Animal,Not Divided,Daylight,,Not Raining
2017-13219-8/11/2018,0,0,0,0,1: PDO,Unknown,1,,100,Left Road - Out of Control,Not Divided,Daylight,,Not Raining
2017-13220-8/11/2018,1,0,0,1,2: MI,Provisional 1 ,1,,60,Rear End,Cross Road,Daylight,,Not Raining
2017-13221-8/11/2018,1,0,0,1,2: MI,Provisional 2,1,,60,Right Angle,T-Junction,Daylight,,Not Raining
2017-13222-8/11/2018,0,0,0,0,1: PDO,Full,1,,50,Rear End,Not Divided,Daylight,,Not Raining
2017-13223-8/11/2018,1,0,0,1,2: MI,,,,60,Rear End,One Way,Daylight,,Not Raining
2017-13224-8/11/2018,1,0,0,1,2: MI,Provisional 2,2,,60,Right Turn,Cross Road,Night,,Not Raining
2017-13225-8/11/2018,1,0,0,1,2: MI,,,,25,Rear End,Divided Road,Night,,Not Raining
2017-13226-8/11/2018,1,0,0,1,2: MI,Full,1,,60,Rear End,T-Junction,Daylight,,Not Raining
2017-13227-8/11/2018,1,0,0,1,2: MI,,,,60,Rear End,Cross Road,Daylight,,Not Raining
2017-13228-8/11/2018,1,0,0,1,2: MI,Unlicenced,1,,60,Hit Pedestrian,Cross Road,Night,,Raining
2017-13229-8/11/2018,1,0,0,1,2: MI,,,,50,Rear End,Pedestrian Crossing,Daylight,,Not Raining
2017-13230-8/11/2018,1,0,0,1,2: MI,Unknown,1,,50,Right Angle,T-Junction,Daylight,,Not Raining
2017-13231-8/11/2018,1,0,0,1,2: MI,,,,60,Rear End,Cross Road,Daylight,,Not Raining
2017-13232-8/11/2018,1,0,0,1,2: MI,Learners,2,,50,Hit Fixed Object,Divided Road,Daylight,,Not Raining
2017-13233-8/11/2018,0,0,0,0,1: PDO,,,,60,Hit Fixed Object,T-Junction,Night,,Not Raining
2017-13234-8/11/2018,1,0,0,1,2: MI,Provisional 1 ,1,,60,Rear End,Divided Road,Daylight,,Not Raining
2017-13235-8/11/2018,1,0,0,1,2: MI,,0,,60,Hit Fixed Object,Not Divided,Daylight,,Not Raining
2017-13236-8/11/2018,1,0,0,1,2: MI,Full,2,,50,Rear End,T-Junction,Night,,Not Raining
2017-13237-8/11/2018,0,0,0,0,1: PDO,Full,1,,50,Side Swipe,Not Divided,Daylight,,Not Raining
,,,,,,Full,1,,,,,,,
,,,,,,Full,1,,,,,,,
,,,,,,Full,1,,,,,,,
,,,,,,Full,1,,,,,,,
,,,,,,,1,,,,,,,
,,,,,,,1,,,,,,,
,,,,,,Full,1,,,,,,,
,,,,,,,1,,,,,,,
,,,,,,Full,1,,,,,,,
,,,,,,Full,2,,,,,,,
,,,,,,Full,1,,,,,,,
,,,,,,Full,1,,,,,,,
,,,,,,Full,1,,,,,,,
,,,,,,Full,1,,,,,,,
,,,,,,Unknown,1,,,,,,,
,,,,,,Full,1,,,,,,,
,,,,,,Full,1,,,,,,,
,,,,,,Full,1,,,,,,,
,,,,,,Full,2,,,,,,,
,,,,,,Full,1,,,,,,,
,,,,,,Full,1,,,,,,,
,,,,,,Unknown,1,,,,,,,
,,,,,,Full,2,,,,,,,
,,,,,,Provisional 1 ,3,,,,,,,
,,,,,,Full,1,,,,,,,
,,,,,,Full,1,,,,,,,
,,,,,,Full,1,,,,,,,
,,,,,,Full,1,,,,,,,
,,,,,,Full,1,,,,,,,
,,,,,,Unknown,1,,,,,,,
,,,,,,Full,2,,,,,,,
,,,,,,Full,2,,,,,,,
,,,,,,Full,1,,,,,,,
,,,,,,Provisional 1 ,1,,,,,,,
,,,,,,,0,,,,,,,
,,,,,,,0,,,,,,,
,,,,,,Full,2,,,,,,,
,,,,,,Unknown,1,,,,,,,
,,,,,,Full,1,,,,,,,
,,,,,,Full,1,,,,,,,
,,,,,,Full,1,,,,,,,
,,,,,,Full,1,,,,,,,
,,,,,,Full,1,,,,,,,
,,,,,,Full,2,,,,,,,
,,,,,,Full,1,,,,,,,
,,,,,,Full,2,,,,,,,
,,,,,,Full,3,,,,,,,
,,,,,,Full,1,,,,,,,
,,,,,,Provisional 2,3,,,,,,,
,,,,,,Unknown,2,,,,,,,
,,,,,,Full,1,,,,,,,
,,,,,,Full,1,,,,,,,
,,,,,,Full,1,,,,,,,
,,,,,,Unknown,1,,,,,,,
,,,,,,Full,1,,,,,,,
,,,,,,Full,2,,,,,,,
,,,,,,Full,1,,,,,,,
,,,,,,Provisional 1 ,1,,,,,,,
,,,,,,Full,1,,,,,,,
,,,,,,Unknown,1,,,,,,,
,,,,,,Provisional 1 ,1,,,,,,,
,,,,,,Unlicenced,1,,,,,,,
,,,,,,Provisional 2,1,,,,,,,
,,,,,,,0,,,,,,,
,,,,,,Full,1,,,,,,,
,,,,,,Provisional 2,1,,,,,,,
,,,,,,Full,1,,,,,,,
,,,,,,Full,1,,,,,,,
,,,,,,Full,1,,,,,,,
,,,,,,Full,1,,,,,,,
,,,,,,Unknown,1,,,,,,,
,,,,,,Full,1,,,,,,,
,,,,,,Full,2,,,,,,,
,,,,,,Full,1,,,,,,,
,,,,,,Full,1,,,,,,,
,,,,,,Provisional 2,2,,,,,,,
,,,,,,Full,1,,,,,,,
,,,,,,Full,1,,,,,,,
,,,,,,,1,,,,,,,
,,,,,,Unknown,1,,,,,,,
,,,,,,Full,3,,,,,,,
,,,,,,Provisional 1 ,2,,,,,,,
,,,,,,Full,1,,,,,,,
,,,,,,Full,2,,,,,,,
,,,,,,Full,1,,,,,,,
,,,,,,Full,1,,,,,,,
,,,,,,Unlicenced,2,,,,,,,
,,,,,,Full,1,,,,,,,
,,,,,,Full,1,,,,,,,
,,,,,,Unknown,2,,,,,,,
,,,,,,,1,,,,,,,
,,,,,,Full,1,,,,,,,
,,,,,,Full,2,,,,,,,
,,,,,,Unknown,1,,,,,,,
,,,,,,Full,1,,,,,,,
,,,,,,Full,1,,,,,,,
,,,,,,Full,1,,,,,,,
,,,,,,Full,1,,,,,,,
,,,,,,Full,1,,,,,,,
,,,,,,Full,1,,,,,,,
,,,,,,Unknown,1,,,,,,,
,,,,,,Full,1,,,,,,,
,,,,,,Full,1,,,,,,,
,,,,,,Full,1,,,,,,,
,,,,,,Provisional 2,1,,,,,,,
,,,,,,Full,1,,,,,,,
,,,,,,Full,1,,,,,,,
,,,,,,Full,1,,,,,,,
,,,,,,Full,1,,,,,,,
,,,,,,Full,1,,,,,,,
,,,,,,,0,,,,,,,
,,,,,,Full,1,,,,,,,
,,,,,,Full,1,,,,,,,
,,,,,,Full,1,,,,,,,
,,,,,,Full,1,,,,,,,
,,,,,,Full,1,,,,,,,
,,,,,,Full,1,,,,,,,
,,,,,,Unknown,1,,,,,,,
,,,,,,Full,1,,,,,,,
,,,,,,Full,1,,,,,,,
,,,,,,,0,,,,,,,
,,,,,,Provisional 1 ,2,,,,,,,
,,,,,,Full,4,,,,,,,
,,,,,,Full,1,,,,,,,
,,,,,,,1,,,,,,,
,,,,,,Full,1,,,,,,,
,,,,,,Full,3,,,,,,,
,,,,,,Unlicenced,1,,,,,,,
,,,,,,Full,1,,,,,,,
,,,,,,Full,2,,,,,,,
,,,,,,Full,3,,,,,,,
,,,,,,Provisional 1 ,2,,,,,,,
,,,,,,Provisional 1 ,2,,,,,,,
,,,,,,Provisional 1 ,1,,,,,,,
,,,,,,Unlicenced,1,,,,,,,
,,,,,,Full,1,,,,,,,
,,,,,,Full,1,,,,,,,
,,,,,,Full,1,,,,,,,
,,,,,,Full,1,,,,,,,
,,,,,,Unknown,1,,,,,,,
,,,,,,Unknown,2,,,,,,,
,,,,,,Full,2,,,,,,,
,,,,,,Full,1,,,,,,,
,,,,,,Full,1,,,,,,,
,,,,,,Full,1,,,,,,,
,,,,,,Full,1,,,,,,,
,,,,,,Full,1,,,,,,,
,,,,,,Full,3,,,,,,,
,,,,,,Full,1,,,,,,,
,,,,,,Full,1,,,,,,,
,,,,,,Full,2,,,,,,,
,,,,,,Full,1,,,,,,,
,,,,,,Full,1,,,,,,,
,,,,,,Learners,1,,,,,,,
,,,,,,Full,1,,,,,,,
,,,,,,Full,3,,,,,,,
,,,,,,Unknown,1,,,,,,,
,,,,,,Unknown,1,,,,,,,
,,,,,,Full,1,,,,,,,
,,,,,,,0,,,,,,,
,,,,,,Unknown,1,,,,,,,
,,,,,,,0,,,,,,,
,,,,,,Full,1,,,,,,,
,,,,,,Full,1,,,,,,,
,,,,,,Full,1,,,,,,,
,,,,,,Full,1,,,,,,,
,,,,,,Full,1,,,,,,,
,,,,,,Full,1,,,,,,,
,,,,,,Full,1,,,,,,,
,,,,,,Full,13,,,,,,,
,,,,,,Full,1,,,,,,,
,,,,,,,1,,,,,,,
,,,,,,Provisional 2,2,,,,,,,
,,,,,,Full,1,,,,,,,
,,,,,,,1,,,,,,,
,,,,,,Full,2,,,,,,,
,,,,,,Full,1,,,,,,,
,,,,,,Probationary,1,,,,,,,
,,,,,,Full,1,,,,,,,
,,,,,,Full,1,,,,,,,
,,,,,,Full,13,,,,,,,
,,,,,,,0,,,,,,,
,,,,,,,1,,,,,,,
,,,,,,Full,1,,,,,,,
,,,,,,Full,1,,,,,,,
,,,,,,,1,,,,,,,
,,,,,,Full,1,,,,,,,
,,,,,,Full,1,,,,,,,
,,,,,,Full,1,,,,,,,
,,,,,,Full,1,,,,,,,
,,,,,,Full,1,,,,,,,
,,,,,,Full,1,,,,,,,
,,,,,,,0,,,,,,,
,,,,,,Full,1,,,,,,,
,,,,,,Full,1,,,,,,,
,,,,,,Unknown,1,,,,,,,
,,,,,,Full,1,,,,,,,
,,,,,,Unlicenced,1,,,,,,,
,,,,,,,0,,,,,,,
,,,,,,Unknown,1,,,,,,,
,,,,,,Full,1,,,,,,,
,,,,,,Full,1,,,,,,,
,,,,,,Learners,1,,,,,,,
,,,,,,Unknown,1,,,,,,,
,,,,,,Full,1,,,,,,,
,,,,,,,1,,,,,,,
,,,,,,Full,1,,,,,,,
,,,,,,Full,1,,,,,,,
,,,,,,Full,1,,,,,,,
,,,,,,Provisional 2,1,,,,,,,
,,,,,,Full,1,,,,,,,
,,,,,,,1,,,,,,,
,,,,,,Full,1,,,,,,,
,,,,,,Full,1,,,,,,,
,,,,,,Full,1,,,,,,,
,,,,,,Full,1,,,,,,,
,,,,,,Provisional 1 ,1,,,,,,,
,,,,,,Provisional 1 ,3,,,,,,,
,,,,,,Full,2,,,,,,,
,,,,,,Unknown,1,,,,,,,
,,,,,,Full,1,,,,,,,
,,,,,,Full,1,,,,,,,
,,,,,,Provisional 2,1,,,,,,,
,,,,,,Full,2,,,,,,,
,,,,,,Full,1,,,,,,,
,,,,,,Full,1,,,,,,,
,,,,,,Full,3,,,,,,,
,,,,,,Full,1,,,,,,,
,,,,,,Full,1,,,,,,,
,,,,,,Full,1,,,,,,,
,,,,,,,0,,,,,,,
,,,,,,Full,1,,,,,,,
,,,,,,Provisional 1 ,2,,,,,,,
,,,,,,Full,1,,,,,,,
,,,,,,Full,1,,,,,,,
,,,,,,Provisional 1 ,1,,,,,,,
,,,,,,Full,1,,,,,,,
,,,,,,Full,1,,,,,,,
,,,,,,Full,1,,,,,,,
,,,,,,Provisional 2,2,,,,,,,
,,,,,,Unlicenced,1,,,,,,,
,,,,,,Full,1,,,,,,,
,,,,,,Full,1,,,,,,,
,,,,,,Full,1,,,,,,,
,,,,,,Full,1,,,,,,,
,,,,,,Full,1,,,,,,,
,,,,,,Full,2,,,,,,,
,,,,,,Full,2,,,,,,,
,,,,,,Full,2,,,,,,,
,,,,,,Full,1,,,,,,,
,,,,,,Full,1,,,,,,,
,,,,,,Full,1,,,,,,,
,,,,,,Full,2,,,,,,,
,,,,,,Full,3,,,,,,,
,,,,,,Full,1,,,,,,,
,,,,,,Full,2,,,,,,,
,,,,,,Full,1,,,,,,,
,,,,,,Full,2,,,,,,,
,,,,,,Full,1,,,,,,,
,,,,,,Probationary,1,,,,,,,
,,,,,,Full,4,,,,,,,
,,,,,,Full,1,,,,,,,
,,,,,,Full,1,,,,,,,
,,,,,,Full,1,,,,,,,
,,,,,,Full,2,,,,,,,
,,,,,,Full,1,,,,,,,
,,,,,,Provisional 2,1,,,,,,,
,,,,,,,0,,,,,,,
,,,,,,Unknown,1,,,,,,,
,,,,,,Unknown,1,,,,,,,
,,,,,,Full,1,,,,,,,
,,,,,,Full,1,,,,,,,
,,,,,,,0,,,,,,,
,,,,,,Full,1,,,,,,,
,,,,,,Provisional 1 ,1,,,,,,,
,,,,,,Full,3,,,,,,,
,,,,,,Full,1,,,,,,,
,,,,,,Full,6,,,,,,,
,,,,,,Full,1,,,,,,,
,,,,,,Full,2,,,,,,,
,,,,,,Full,1,,,,,,,
,,,,,,,0,,,,,,,
,,,,,,Full,1,,,,,,,
,,,,,,Provisional 2,1,,,,,,,
,,,,,,Full,3,,,,,,,
,,,,,,Full,1,,,,,,,
,,,,,,Unknown,1,,,,,,,
,,,,,,Full,2,,,,,,,
,,,,,,Full,2,,,,,,,
,,,,,,Full,1,,,,,,,
,,,,,,Full,1,,,,,,,
,,,,,,Full,1,,,,,,,
,,,,,,Full,1,,,,,,,
,,,,,,Full,1,,,,,,,
,,,,,,Full,1,,,,,,,
,,,,,,Full,3,,,,,,,
,,,,,,Unknown,1,,,,,,,
,,,,,,Full,1,,,,,,,
,,,,,,,0,,,,,,,
,,,,,,Full,1,,,,,,,
,,,,,,Full,1,,,,,,,
,,,,,,Full,3,,,,,,,
,,,,,,Provisional 2,2,,,,,,,
,,,,,,Full,1,,,,,,,
,,,,,,Full,3,,,,,,,
,,,,,,Full,1,,,,,,,
,,,,,,Full,1,,,,,,,
,,,,,,Unknown,1,,,,,,,
,,,,,,Full,4,,,,,,,
,,,,,,,1,,,,,,,
,,,,,,Full,4,,,,,,,
,,,,,,,1,,,,,,,
,,,,,,Full,1,,,,,,,
,,,,,,Provisional 2,1,,,,,,,
,,,,,,Full,1,,,,,,,
,,,,,,Full,1,,,,,,,
,,,,,,Full,2,,,,,,,
,,,,,,,0,,,,,,,
,,,,,,Full,3,,,,,,,
,,,,,,Full,1,,,,,,,
,,,,,,Full,1,,,,,,,
,,,,,,Provisional 2,1,,,,,,,
,,,,,,Full,1,,,,,,,
,,,,,,Learners,1,,,,,,,
,,,,,,Full,1,,,,,,,
,,,,,,Full,1,,,,,,,
,,,,,,Full,2,,,,,,,
,,,,,,Full,1,,,,,,,
,,,,,,Unknown,1,,,,,,,
,,,,,,Unknown,1,,,,,,,
,,,,,,Full,1,,,,,,,
,,,,,,Full,1,,,,,,,
,,,,,,Full,2,,,,,,,
,,,,,,Full,2,,,,,,,
,,,,,,Provisional 2,1,,,,,,,
,,,,,,Full,1,,,,,,,
,,,,,,Full,1,,,,,,,
,,,,,,Full,1,,,,,,,
,,,,,,Full,1,,,,,,,
,,,,,,Unknown,1,,,,,,,
,,,,,,Full,3,,,,,,,
,,,,,,Full,1,,,,,,,
,,,,,,Provisional 2,1,,,,,,,
,,,,,,Full,1,,,,,,,
,,,,,,Full,1,,,,,,,
,,,,,,Provisional 1 ,1,,,,,,,
,,,,,,Full,4,,,,,,,
,,,,,,Full,1,,,,,,,
,,,,,,Provisional 2,1,,,,,,,
,,,,,,Full,1,,,,,,,
,,,,,,Full,1,,,,,,,
,,,,,,Probationary,2,,,,,,,
,,,,,,Full,2,,,,,,,
,,,,,,Full,2,,,,,,,
,,,,,,Full,2,,,,,,,
,,,,,,Full,1,,,,,,,
,,,,,,Unknown,1,,,,,,,
,,,,,,Full,2,,,,,,,
,,,,,,Full,1,,,,,,,
,,,,,,Full,1,,,,,,,
,,,,,,Full,1,,,,,,,
,,,,,,Provisional 2,2,,,,,,,
,,,,,,,1,,,,,,,
,,,,,,Full,1,,,,,,,
,,,,,,Unknown,1,,,,,,,
,,,,,,Full,1,,,,,,,
,,,,,,Full,1,,,,,,,
,,,,,,Learners,2,,,,,,,
,,,,,,Unlicenced,1,,,,,,,
,,,,,,Provisional 1 ,3,,,,,,,
,,,,,,Full,1,,,,,,,
,,,,,,Full,1,,,,,,,
,,,,,,Full,1,,,,,,,
,,,,,,Provisional 1 ,1,,,,,,,
,,,,,,Provisional 2,2,,,,,,,
,,,,,,Full,1,,,,,,,
,,,,,,Full,1,,,,,,,
,,,,,,,0,,,,,,,
,,,,,,Full,1,,,,,,,
,,,,,,Full,1,,,,,,,
,,,,,,Full,1,,,,,,,
,,,,,,Full,1,,,,,,,
,,,,,,Full,1,,,,,,,
,,,,,,Full,1,,,,,,,
,,,,,,Full,1,,,,,,,
,,,,,,Full,1,,,,,,,
,,,,,,Full,1,,,,,,,
,,,,,,Full,1,,,,,,,
,,,,,,Full,3,,,,,,,
,,,,,,Full,5,,,,,,,
,,,,,,Full,1,,,,,,,
,,,,,,Unknown,1,,,,,,,
,,,,,,Provisional 1 ,3,,,,,,,
,,,,,,Full,1,,,,,,,
,,,,,,Full,1,,,,,,,
,,,,,,Full,1,,,,,,,
,,,,,,Provisional 1 ,1,,,,,,,
,,,,,,Full,3,,,,,,,
,,,,,,Full,1,,,,,,,
,,,,,,Probationary,1,,,,,,,
,,,,,,Full,2,,,,,,,
,,,,,,Full,2,,,,,,,
,,,,,,Full,1,,,,,,,
,,,,,,Unknown,1,,,,,,,
,,,,,,Full,1,,,,,,,
,,,,,,Full,1,,,,,,,
,,,,,,Full,1,,,,,,,
,,,,,,Full,1,,,,,,,
,,,,,,Full,2,,,,,,,
,,,,,,Provisional 2,1,,,,,,,
,,,,,,Full,1,,,,,,,
,,,,,,Provisional 1 ,1,,,,,,,
,,,,,,Full,1,,,,,,,
,,,,,,Full,4,,,,,,,
,,,,,,Unlicenced,2,,,,,,,
,,,,,,Full,1,,,,,,,
,,,,,,Full,1,,,,,,,
,,,,,,Full,1,,,,,,,
,,,,,,Full,1,,,,,,,
,,,,,,,1,,,,,,,
,,,,,,Full,1,,,,,,,
,,,,,,Full,1,,,,,,,
,,,,,,Full,1,,,,,,,
,,,,,,Full,2,,,,,,,
,,,,,,Full,3,,,,,,,
,,,,,,Full,1,,,,,,,
,,,,,,Full,2,,,,,,,
,,,,,,Provisional 1 ,1,,,,,,,
,,,,,,Full,1,,,,,,,
,,,,,,Full,3,,,,,,,
,,,,,,Full,1,,,,,,,
,,,,,,Full,4,,,,,,,
,,,,,,Full,3,,,,,,,
,,,,,,Full,4,,,,,,,
,,,,,,Unknown,1,,,,,,,
,,,,,,,0,,,,,,,
,,,,,,Unknown,1,,,,,,,
,,,,,,Full,1,,,,,,,
,,,,,,Unknown,1,,,,,,,
,,,,,,Full,2,,,,,,,
,,,,,,Unlicenced,2,,,,,,,
,,,,,,Full,1,,,,,,,
,,,,,,Probationary,1,,,,,,,
,,,,,,Provisional 2,1,,,,,,,
,,,,,,Full,1,,,,,,,
,,,,,,,1,,,,,,,
,,,,,,Unknown,1,,,,,,,
,,,,,,Unknown,1,,,,,,,
,,,,,,Provisional 1 ,1,,,,,,,
,,,,,,Full,1,,,,,,,
,,,,,,Full,1,,,,,,,
,,,,,,Unknown,1,,,,,,,
,,,,,,Full,1,,,,,,,
,,,,,,Full,1,,,,,,,
,,,,,,Full,3,,,,,,,
,,,,,,Full,3,,,,,,,
,,,,,,,1,,,,,,,
,,,,,,Full,1,,,,,,,
,,,,,,Unknown,1,,,,,,,
,,,,,,Provisional 2,1,,,,,,,
,,,,,,Full,2,,,,,,,
,,,,,,Full,1,,,,,,,
,,,,,,Unknown,1,,,,,,,
,,,,,,Learners,2,,,,,,,
,,,,,,Full,1,,,,,,,
,,,,,,Full,1,,,,,,,
,,,,,,Full,1,,,,,,,
,,,,,,Full,1,,,,,,,
,,,,,,Full,1,,,,,,,
,,,,,,Full,4,,,,,,,
,,,,,,Full,1,,,,,,,
,,,,,,Provisional 2,1,,,,,,,
,,,,,,Full,1,,,,,,,
,,,,,,Full,1,,,,,,,
,,,,,,Full,1,,,,,,,
,,,,,,Full,1,,,,,,,
,,,,,,Full,1,,,,,,,
,,,,,,Unknown,1,,,,,,,
,,,,,,Full,1,,,,,,,
,,,,,,Provisional 2,1,,,,,,,
,,,,,,Full,1,,,,,,,
,,,,,,Provisional 2,2,,,,,,,
,,,,,,Full,1,,,,,,,
,,,,,,Provisional 2,2,,,,,,,
,,,,,,,1,,,,,,,
,,,,,,Full,2,,,,,,,
,,,,,,Full,1,,,,,,,
,,,,,,Full,1,,,,,,,
,,,,,,Full,1,,,,,,,
,,,,,,Full,1,,,,,,,
,,,,,,Unknown,1,,,,,,,
,,,,,,Full,1,,,,,,,
,,,,,,Provisional 1 ,1,,,,,,,
,,,,,,Full,1,,,,,,,
,,,,,,Full,1,,,,,,,
,,,,,,Unlicenced,1,,,,,,,
,,,,,,Full,1,,,,,,,
,,,,,,Full,1,,,,,,,
,,,,,,Full,1,,,,,,,
,,,,,,Provisional 1 ,1,,,,,,,
,,,,,,Full,3,,,,,,,
,,,,,,Unknown,1,,,,,,,
,,,,,,Full,1,,,,,,,
,,,,,,Full,1,,,,,,,
,,,,,,Provisional 1 ,2,,,,,,,
,,,,,,Probationary,2,,,,,,,
,,,,,,Full,1,,,,,,,
,,,,,,Full,1,,,,,,,
,,,,,,Full,1,,,,,,,
,,,,,,Full,1,,,,,,,
,,,,,,Full,1,,,,,,,
,,,,,,Full,1,,,,,,,
,,,,,,Provisional 2,2,,,,,,,
,,,,,,Full,1,,,,,,,
,,,,,,Full,1,,,,,,,
,,,,,,,0,,,,,,,
,,,,,,Full,1,,,,,,,
,,,,,,Full,1,,,,,,,
,,,,,,Full,1,,,,,,,
,,,,,,Full,1,,,,,,,
,,,,,,Full,1,,,,,,,
,,,,,,Full,2,,,,,,,
,,,,,,Full,1,,,,,,,
,,,,,,Full,3,,,,,,,
,,,,,,Full,1,,,,,,,
,,,,,,Unknown,2,,,,,,,
,,,,,,Full,1,,,,,,,
,,,,,,Unknown,1,,,,,,,
,,,,,,Full,1,,,,,,,
,,,,,,Full,1,,,,,,,
,,,,,,Full,4,,,,,,,
,,,,,,Full,1,,,,,,,
,,,,,,Full,1,,,,,,,
,,,,,,Unlicenced,2,,,,,,,
,,,,,,,0,,,,,,,
,,,,,,,0,,,,,,,
,,,,,,Full,1,,,,,,,
,,,,,,Unknown,1,,,,,,,
,,,,,,Provisional 1 ,1,,,,,,,
,,,,,,Full,2,,,,,,,
,,,,,,Full,1,,,,,,,
,,,,,,Full,1,,,,,,,
,,,,,,Full,1,,,,,,,
,,,,,,Full,3,,,,,,,
,,,,,,Full,1,,,,,,,
,,,,,,,1,,,,,,,
,,,,,,Full,1,,,,,,,
,,,,,,Full,1,,,,,,,
,,,,,,Full,1,,,,,,,
,,,,,,Full,2,,,,,,,
,,,,,,Full,2,,,,,,,
,,,,,,Provisional 1 ,1,,,,,,,
,,,,,,Full,1,,,,,,,
,,,,,,,1,,,,,,,
,,,,,,Unknown,1,,,,,,,
,,,,,,Full,1,,,,,,,
,,,,,,Full,1,,,,,,,
,,,,,,Full,2,,,,,,,
,,,,,,Provisional 1 ,2,,,,,,,
,,,,,,Full,1,,,,,,,
,,,,,,Full,1,,,,,,,
,,,,,,Full,1,,,,,,,
,,,,,,Full,1,,,,,,,
,,,,,,Full,1,,,,,,,
,,,,,,Full,1,,,,,,,
,,,,,,Full,1,,,,,,,
,,,,,,Full,1,,,,,,,
,,,,,,Full,1,,,,,,,
,,,,,,Full,1,,,,,,,
,,,,,,Provisional 1 ,2,,,,,,,
,,,,,,Full,1,,,,,,,
,,,,,,Full,1,,,,,,,
,,,,,,Provisional 1 ,1,,,,,,,
,,,,,,Provisional 1 ,1,,,,,,,
,,,,,,Full,1,,,,,,,
,,,,,,Provisional 2,1,,,,,,,
,,,,,,Full,2,,,,,,,
,,,,,,Full,1,,,,,,,
,,,,,,Full,3,,,,,,,
,,,,,,Full,2,,,,,,,
,,,,,,Full,2,,,,,,,
,,,,,,Full,1,,,,,,,
,,,,,,Full,1,,,,,,,
,,,,,,Full,1,,,,,,,
,,,,,,Full,1,,,,,,,
,,,,,,Provisional 1 ,1,,,,,,,
,,,,,,Full,1,,,,,,,
,,,,,,Full,1,,,,,,,
,,,,,,Unknown,1,,,,,,,
,,,,,,Full,1,,,,,,,
,,,,,,Full,13,,,,,,,
,,,,,,Full,1,,,,,,,
,,,,,,Full,1,,,,,,,
,,,,,,Provisional 1 ,2,,,,,,,
,,,,,,Provisional 1 ,1,,,,,,,
,,,,,,Full,1,,,,,,,
,,,,,,Full,1,,,,,,,
,,,,,,Full,1,,,,,,,
,,,,,,Full,1,,,,,,,
,,,,,,Full,1,,,,,,,
,,,,,,Full,2,,,,,,,
,,,,,,Full,1,,,,,,,
,,,,,,Full,1,,,,,,,
,,,,,,Full,1,,,,,,,
,,,,,,Full,2,,,,,,,
,,,,,,Full,1,,,,,,,
,,,,,,Full,1,,,,,,,
,,,,,,Full,2,,,,,,,
,,,,,,Full,1,,,,,,,
,,,,,,Full,1,,,,,,,
,,,,,,Unlicenced,1,,,,,,,
,,,,,,Full,1,,,,,,,
,,,,,,,0,,,,,,,
,,,,,,Full,1,,,,,,,
,,,,,,,0,,,,,,,
,,,,,,Full,1,,,,,,,
,,,,,,Unlicenced,1,,,,,,,
,,,,,,Full,3,,,,,,,
,,,,,,Full,1,,,,,,,
,,,,,,Full,1,,,,,,,
,,,,,,Full,1,,,,,,,
,,,,,,Full,1,,,,,,,
,,,,,,,0,,,,,,,
,,,,,,Provisional 1 ,1,,,,,,,
,,,,,,Full,1,,,,,,,
,,,,,,Unknown,1,,,,,,,
,,,,,,Full,2,,,,,,,
,,,,,,Full,1,,,,,,,
,,,,,,Provisional 1 ,1,,,,,,,
,,,,,,Full,1,,,,,,,
,,,,,,Full,3,,,,,,,
,,,,,,Full,1,,,,,,,
,,,,,,Full,3,,,,,,,
,,,,,,Full,1,,,,,,,
,,,,,,Full,1,,,,,,,
,,,,,,Unknown,1,,,,,,,
,,,,,,Full,1,,,,,,,
,,,,,,Full,1,,,,,,,
,,,,,,Full,1,,,,,,,
,,,,,,Unknown,1,,,,,,,
,,,,,,Provisional 2,1,,,,,,,
,,,,,,Provisional 2,3,,,,,,,
,,,,,,Provisional 2,5,,,,,,,
,,,,,,Full,3,,,,,,,
,,,,,,Full,2,,,,,,,
,,,,,,Full,1,,,,,,,
,,,,,,Unknown,1,,,,,,,
,,,,,,Full,2,,,,,,,
,,,,,,Full,2,,,,,,,
,,,,,,Full,1,,,,,,,
,,,,,,Full,1,,,,,,,
,,,,,,Full,1,,,,,,,
,,,,,,Provisional 2,2,,,,,,,
,,,,,,Disqualified,1,,,,,,,
,,,,,,Full,1,,,,,,,
,,,,,,Full,2,,,,,,,
,,,,,,Full,1,,,,,,,
,,,,,,Full,1,,,,,,,
,,,,,,Full,1,,,,,,,
,,,,,,Full,1,,,,,,,
,,,,,,Learners,1,,,,,,,
,,,,,,Provisional 2,1,,,,,,,
,,,,,,Full,1,,,,,,,
,,,,,,Full,3,,,,,,,
,,,,,,Full,1,,,,,,,
,,,,,,Full,1,,,,,,,
,,,,,,Full,4,,,,,,,
,,,,,,Full,1,,,,,,,
,,,,,,Full,2,,,,,,,
,,,,,,Full,2,,,,,,,
,,,,,,Full,1,,,,,,,
,,,,,,Full,1,,,,,,,
,,,,,,Full,1,,,,,,,
,,,,,,Full,1,,,,,,,
,,,,,,,0,,,,,,,
,,,,,,Full,1,,,,,,,
,,,,,,Full,1,,,,,,,
,,,,,,Full,1,,,,,,,
,,,,,,Full,1,,,,,,,
,,,,,,Full,2,,,,,,,
,,,,,,Full,2,,,,,,,
,,,,,,,0,,,,,,,
,,,,,,,0,,,,,,,
,,,,,,Provisional 1 ,1,,,,,,,
,,,,,,Full,1,,,,,,,
,,,,,,Unknown,1,,,,,,,
,,,,,,Full,1,,,,,,,
,,,,,,Full,1,,,,,,,
,,,,,,Full,1,,,,,,,
,,,,,,Full,1,,,,,,,
,,,,,,Full,1,,,,,,,
,,,,,,Full,1,,,,,,,
,,,,,,Full,1,,,,,,,
,,,,,,Unknown,1,,,,,,,
,,,,,,Unknown,1,,,,,,,
,,,,,,Full,1,,,,,,,
,,,,,,Full,2,,,,,,,
,,,,,,Full,1,,,,,,,
,,,,,,,1,,,,,,,
,,,,,,Unknown,1,,,,,,,
,,,,,,Full,1,,,,,,,
,,,,,,Provisional 1 ,1,,,,,,,
,,,,,,Full,2,,,,,,,
,,,,,,Provisional 2,1,,,,,,,