REPORT_ID,Total Cas,Total Fats,Total SI,Total MI,CSEF Severity,Licence Type,Number Occupants,Drugs Involved,Area Speed,Crash Type,Position Type,DayNight,DUI Involved,Weather Cond
,,,,,,Full,1,,,,,,,
,,,,,,Provisional 1 ,1,,,,,,,
,,,,,,Full,1,,,,,,,
,,,,,,Full,3,,,,,,,
,,,,,,Full,1,,,,,,,
,,,,,,Full,1,,,,,,,
,,,,,,Full,1,,,,,,,
,,,,,,Full,1,,,,,,,
,,,,,,Full,1,,,,,,,
,,,,,,Provisional 2,1,,,,,,,
,,,,,,Full,1,,,,,,,
,,,,,,Full,1,,,,,,,
,,,,,,Full,1,,,,,,,
,,,,,,Unknown,2,,,,,,,
,,,,,,Unknown,1,,,,,,,
,,,,,,Unknown,2,,,,,,,
,,,,,,Full,1,,,,,,,
,,,,,,Full,1,,,,,,,
,,,,,,Probationary,1,,,,,,,
,,,,,,Full,1,,,,,,,
,,,,,,Full,2,,,,,,,
,,,,,,,1,,,,,,,
,,,,,,Full,1,,,,,,,
,,,,,,Full,1,,,,,,,
,,,,,,Unknown,1,,,,,,,
,,,,,,Unknown,1,,,,,,,
,,,,,,Provisional 1 ,1,,,,,,,
,,,,,,Full,1,,,,,,,
,,,,,,Full,1,,,,,,,
,,,,,,Unlicenced,1,,,,,,,
,,,,,,Unknown,1,,,,,,,
,,,,,,Full,1,,,,,,,
,,,,,,Full,2,,,,,,,
,,,,,,Full,1,,,,,,,
,,,,,,Full,1,,,,,,,
,,,,,,Provisional 2,2,,,,,,,
,,,,,,Full,1,,,,,,,
,,,,,,Full,1,,,,,,,
,,,,,,,1,,,,,,,
,,,,,,Full,1,,,,,,,
,,,,,,Full,1,,,,,,,
,,,,,,Full,1,,,,,,,
,,,,,,Full,3,,,,,,,
,,,,,,Full,2,,,,,,,
,,,,,,,1,,,,,,,
,,,,,,Provisional 2,1,,,,,,,
,,,,,,Full,1,,,,,,,
,,,,,,Full,1,,,,,,,
,,,,,,Full,1,,,,,,,
,,,,,,Full,2,,,,,,,
,,,,,,Full,1,,,,,,,
,,,,,,Full,1,,,,,,,
,,,,,,Full,1,,,,,,,
,,,,,,,0,,,,,,,
,,,,,,Full,1,,,,,,,
,,,,,,Unlicenced,2,,,,,,,
,,,,,,,0,,,,,,,
,,,,,,,0,,,,,,,
,,,,,,,0,,,,,,,
,,,,,,Provisional 2,2,,,,,,,
,,,,,,Full,1,,,,,,,
,,,,,,Unknown,3,,,,,,,
,,,,,,Unknown,1,,,,,,,
,,,,,,Learners,1,,,,,,,
,,,,,,Full,1,,,,,,,
,,,,,,Full,1,,,,,,,
,,,,,,Full,1,,,,,,,
,,,,,,Provisional 1 ,2,,,,,,,
,,,,,,Full,1,,,,,,,
,,,,,,Full,1,,,,,,,
,,,,,,Full,3,,,,,,,
,,,,,,Provisional 1 ,1,,,,,,,
,,,,,,Provisional 2,1,,,,,,,
,,,,,,,0,,,,,,,
,,,,,,Full,1,,,,,,,
,,,,,,Full,4,,,,,,,
,,,,,,Full,1,,,,,,,
,,,,,,Full,1,,,,,,,
,,,,,,Provisional 1 ,1,,,,,,,
,,,,,,Full,1,,,,,,,
,,,,,,Full,3,,,,,,,
,,,,,,Full,1,,,,,,,
,,,,,,Full,1,,,,,,,
,,,,,,Full,1,,,,,,,
,,,,,,Unknown,1,,,,,,,
,,,,,,,0,,,,,,,
,,,,,,Full,1,,,,,,,
,,,,,,Full,1,,,,,,,
,,,,,,Unknown,1,,,,,,,
,,,,,,Full,1,,,,,,,
,,,,,,Unlicenced,1,,,,,,,
,,,,,,Full,1,,,,,,,
,,,,,,Full,1,,,,,,,
,,,,,,Unknown,1,,,,,,,
,,,,,,Full,4,,,,,,,
,,,,,,Full,1,,,,,,,
,,,,,,Full,1,,,,,,,
,,,,,,Full,1,,,,,,,
,,,,,,Unlicenced,1,,,,,,,
,,,,,,Full,3,,,,,,,
,,,,,,Full,1,,,,,,,
,,,,,,Full,1,,,,,,,
,,,,,,Unknown,1,,,,,,,
,,,,,,Full,2,,,,,,,
,,,,,,Provisional 1 ,1,,,,,,,
,,,,,,Full,1,,,,,,,
,,,,,,Unknown,2,,,,,,,
,,,,,,Full,1,,,,,,,
,,,,,,Full,1,,,,,,,
,,,,,,Full,1,,,,,,,
,,,,,,Full,1,,,,,,,
,,,,,,Full,1,,,,,,,
,,,,,,Full,1,,,,,,,
,,,,,,Full,1,,,,,,,
,,,,,,Provisional 2,2,,,,,,,
,,,,,,Full,1,,,,,,,
,,,,,,Full,1,,,,,,,
,,,,,,Full,1,,,,,,,
,,,,,,Unknown,1,,,,,,,
,,,,,,Full,1,,,,,,,
,,,,,,Full,1,,,,,,,
,,,,,,Full,1,,,,,,,
,,,,,,Full,1,,,,,,,
,,,,,,Full,5,,,,,,,
,,,,,,Unknown,1,,,,,,,
,,,,,,Full,1,,,,,,,
,,,,,,Full,4,,,,,,,
,,,,,,Full,1,,,,,,,
,,,,,,Unknown,1,,,,,,,
,,,,,,Full,2,,,,,,,
,,,,,,,0,,,,,,,
,,,,,,Unlicenced,3,,,,,,,
,,,,,,Provisional 1 ,1,,,,,,,
,,,,,,Full,1,,,,,,,
,,,,,,Full,2,,,,,,,
,,,,,,Full,1,,,,,,,
,,,,,,Full,1,,,,,,,
,,,,,,,1,,,,,,,
,,,,,,Full,1,,,,,,,
,,,,,,Provisional 1 ,1,,,,,,,
,,,,,,,0,,,,,,,
,,,,,,Provisional 2,1,,,,,,,
,,,,,,Unknown,1,,,,,,,
,,,,,,Full,1,,,,,,,
,,,,,,Unknown,1,,,,,,,
,,,,,,Full,1,,,,,,,
,,,,,,Full,1,,,,,,,
,,,,,,Unknown,1,,,,,,,
,,,,,,Provisional 1 ,1,,,,,,,
,,,,,,Full,1,,,,,,,
,,,,,,Unknown,2,,,,,,,
,,,,,,,1,,,,,,,
,,,,,,Full,1,,,,,,,
,,,,,,Full,1,,,,,,,
,,,,,,Full,1,,,,,,,
,,,,,,Full,1,,,,,,,
,,,,,,Full,1,,,,,,,
,,,,,,Full,3,,,,,,,
,,,,,,Provisional 2,1,,,,,,,
,,,,,,Full,1,,,,,,,
,,,,,,Provisional 2,2,,,,,,,
,,,,,,,0,,,,,,,
,,,,,,Full,1,,,,,,,
,,,,,,Full,1,,,,,,,
,,,,,,Full,2,,,,,,,
,,,,,,,0,,,,,,,
,,,,,,Full,1,,,,,,,
,,,,,,Full,2,,,,,,,
,,,,,,Full,1,,,,,,,
,,,,,,Full,2,,,,,,,
,,,,,,Full,1,,,,,,,
,,,,,,Full,1,,,,,,,
,,,,,,Full,1,,,,,,,
,,,,,,Full,1,,,,,,,
,,,,,,Full,1,,,,,,,
,,,,,,Full,2,,,,,,,
,,,,,,Full,2,,,,,,,
,,,,,,Unknown,1,,,,,,,
,,,,,,Unknown,1,,,,,,,
,,,,,,Full,1,,,,,,,
,,,,,,Full,2,,,,,,,
,,,,,,Unknown,1,,,,,,,
,,,,,,Provisional 1 ,1,,,,,,,
,,,,,,Provisional 1 ,1,,,,,,,
,,,,,,Provisional 1 ,1,,,,,,,
,,,,,,Provisional 1 ,1,,,,,,,
,,,,,,Full,2,,,,,,,
,,,,,,Full,1,,,,,,,
,,,,,,Unknown,1,,,,,,,
,,,,,,Provisional 2,1,,,,,,,
,,,,,,Full,2,,,,,,,
,,,,,,Full,3,,,,,,,
,,,,,,Provisional 2,1,,,,,,,
,,,,,,Full,1,,,,,,,
,,,,,,Full,2,,,,,,,
,,,,,,Full,3,,,,,,,
,,,,,,Provisional 1 ,1,,,,,,,
,,,,,,Full,1,,,,,,,
,,,,,,Full,1,,,,,,,
,,,,,,Full,1,,,,,,,
,,,,,,Full,1,,,,,,,
,,,,,,,1,,,,,,,
,,,,,,Unknown,1,,,,,,,
,,,,,,Full,1,,,,,,,
,,,,,,Full,1,,,,,,,
,,,,,,Full,1,,,,,,,
,,,,,,,1,,,,,,,
,,,,,,Unknown,1,,,,,,,
,,,,,,Full,1,,,,,,,
,,,,,,Full,3,,,,,,,
,,,,,,Full,1,,,,,,,
,,,,,,Provisional 2,2,,,,,,,
,,,,,,Full,1,,,,,,,
,,,,,,Full,1,,,,,,,
,,,,,,Full,1,,,,,,,
,,,,,,Full,1,,,,,,,
,,,,,,Full,1,,,,,,,
,,,,,,Provisional 2,3,,,,,,,
,,,,,,Full,1,,,,,,,
,,,,,,Full,1,,,,,,,
,,,,,,Unknown,3,,,,,,,
,,,,,,Provisional 1 ,1,,,,,,,
,,,,,,Provisional 1 ,1,,,,,,,
,,,,,,Full,1,,,,,,,
,,,,,,Provisional 2,1,,,,,,,
,,,,,,Provisional 2,2,,,,,,,
,,,,,,Full,2,,,,,,,
,,,,,,Full,1,,,,,,,
,,,,,,Full,1,,,,,,,
,,,,,,Full,1,,,,,,,
,,,,,,Full,1,,,,,,,
,,,,,,Provisional 1 ,1,,,,,,,
,,,,,,Full,1,,,,,,,
,,,,,,Provisional 2,1,,,,,,,
,,,,,,Provisional 1 ,1,,,,,,,
,,,,,,Full,1,,,,,,,
,,,,,,Provisional 2,1,,,,,,,
,,,,,,Full,1,,,,,,,
,,,,,,Full,1,,,,,,,
,,,,,,Full,1,,,,,,,
,,,,,,Full,1,,,,,,,
,,,,,,Full,1,,,,,,,
,,,,,,Full,1,,,,,,,
,,,,,,Full,1,,,,,,,
,,,,,,Provisional 2,1,,,,,,,
,,,,,,Provisional 2,1,,,,,,,
,,,,,,Full,1,,,,,,,
,,,,,,Full,1,,,,,,,
,,,,,,Full,2,,,,,,,
,,,,,,Provisional 1 ,1,,,,,,,
,,,,,,Full,1,,,,,,,
,,,,,,Full,1,,,,,,,
,,,,,,Full,1,,,,,,,
,,,,,,Unknown,1,,,,,,,
,,,,,,Full,1,,,,,,,
,,,,,,Provisional 2,1,,,,,,,
,,,,,,Full,2,,,,,,,
,,,,,,Full,1,,,,,,,
,,,,,,Full,1,,,,,,,
,,,,,,Full,1,,,,,,,
,,,,,,Full,1,,,,,,,
,,,,,,Unknown,2,,,,,,,
,,,,,,Full,1,,,,,,,
,,,,,,Full,2,,,,,,,
,,,,,,Unknown,1,,,,,,,
,,,,,,Learners,1,,,,,,,
,,,,,,Full,1,,,,,,,
,,,,,,Full,1,,,,,,,
,,,,,,Full,1,,,,,,,
,,,,,,Full,4,,,,,,,
,,,,,,Full,1,,,,,,,
,,,,,,Full,1,,,,,,,
,,,,,,Full,1,,,,,,,
,,,,,,Full,1,,,,,,,
,,,,,,Full,1,,,,,,,
,,,,,,,1,,,,,,,
,,,,,,Full,1,,,,,,,
,,,,,,Full,2,,,,,,,
,,,,,,Full,2,,,,,,,
,,,,,,Full,1,,,,,,,
,,,,,,Full,1,,,,,,,
,,,,,,Full,1,,,,,,,
,,,,,,Full,2,,,,,,,
,,,,,,Unknown,1,,,,,,,
,,,,,,Full,1,,,,,,,
,,,,,,Full,1,,,,,,,
,,,,,,Full,1,,,,,,,
,,,,,,Full,1,,,,,,,
,,,,,,Full,1,,,,,,,
,,,,,,Full,1,,,,,,,
,,,,,,Full,1,,,,,,,
,,,,,,Provisional 2,1,,,,,,,
,,,,,,Full,2,,,,,,,
,,,,,,Unknown,1,,,,,,,
,,,,,,Full,1,,,,,,,
,,,,,,Full,2,,,,,,,
,,,,,,Unknown,2,,,,,,,
,,,,,,Full,1,,,,,,,
,,,,,,Full,1,,,,,,,
,,,,,,Full,4,,,,,,,
,,,,,,Full,1,,,,,,,
,,,,,,Full,1,,,,,,,
,,,,,,Full,1,,,,,,,
,,,,,,Full,1,,,,,,,
,,,,,,Full,1,,,,,,,
,,,,,,Full,1,,,,,,,
,,,,,,Full,1,,,,,,,
,,,,,,Full,1,,,,,,,
,,,,,,Full,1,,,,,,,
,,,,,,Full,1,,,,,,,
,,,,,,Full,1,,,,,,,
,,,,,,Full,1,,,,,,,
,,,,,,,0,,,,,,,
,,,,,,Full,1,,,,,,,
,,,,,,Full,1,,,,,,,
,,,,,,Full,1,,,,,,,
,,,,,,Full,1,,,,,,,
,,,,,,Full,1,,,,,,,
,,,,,,Full,2,,,,,,,
,,,,,,Full,1,,,,,,,
,,,,,,Full,2,,,,,,,
,,,,,,Full,1,,,,,,,
,,,,,,Full,1,,,,,,,
,,,,,,Full,1,,,,,,,
,,,,,,Full,1,,,,,,,
,,,,,,Full,2,,,,,,,
,,,,,,Unknown,1,,,,,,,
,,,,,,Full,1,,,,,,,
,,,,,,Full,1,,,,,,,
,,,,,,Full,2,,,,,,,
,,,,,,Full,1,,,,,,,
,,,,,,Full,1,,,,,,,
,,,,,,Learners,1,,,,,,,
,,,,,,Full,1,,,,,,,
,,,,,,Provisional 2,1,,,,,,,
,,,,,,,1,,,,,,,
,,,,,,Full,1,,,,,,,
,,,,,,Full,1,,,,,,,
,,,,,,Full,2,,,,,,,
,,,,,,Full,4,,,,,,,
,,,,,,Provisional 2,1,,,,,,,
,,,,,,Full,1,,,,,,,
,,,,,,Unknown,1,,,,,,,
,,,,,,Full,1,,,,,,,
,,,,,,Full,1,,,,,,,
,,,,,,Full,1,,,,,,,
,,,,,,Full,1,,,,,,,
,,,,,,Full,1,,,,,,,
,,,,,,Full,1,,,,,,,
,,,,,,,1,,,,,,,
,,,,,,Unknown,1,,,,,,,
,,,,,,Full,1,,,,,,,
,,,,,,,0,,,,,,,
,,,,,,Full,1,,,,,,,
,,,,,,,1,,,,,,,
,,,,,,,0,,,,,,,
,,,,,,Full,5,,,,,,,
,,,,,,Full,1,,,,,,,
,,,,,,Full,2,,,,,,,
,,,,,,Full,1,,,,,,,
,,,,,,Probationary,1,,,,,,,
,,,,,,Full,1,,,,,,,
,,,,,,Full,1,,,,,,,
,,,,,,Full,1,,,,,,,
,,,,,,Full,1,,,,,,,
,,,,,,Provisional 2,1,,,,,,,
,,,,,,Unknown,1,,,,,,,
,,,,,,Full,1,,,,,,,
,,,,,,Full,2,,,,,,,
,,,,,,Unknown,1,,,,,,,
,,,,,,Full,1,,,,,,,
,,,,,,Full,2,,,,,,,
,,,,,,Unknown,1,,,,,,,
,,,,,,,1,,,,,,,
,,,,,,Unknown,1,,,,,,,
,,,,,,Full,4,,,,,,,
,,,,,,Full,1,,,,,,,
,,,,,,Full,3,,,,,,,
,,,,,,Full,1,,,,,,,
,,,,,,,1,,,,,,,
,,,,,,Full,2,,,,,,,
,,,,,,Full,1,,,,,,,
,,,,,,Full,1,,,,,,,
,,,,,,Unknown,1,,,,,,,
,,,,,,Full,1,,,,,,,
,,,,,,Full,2,,,,,,,
,,,,,,Provisional 1 ,1,,,,,,,
,,,,,,Learners,2,,,,,,,
,,,,,,Full,1,,,,,,,
,,,,,,,0,,,,,,,
,,,,,,Provisional 1 ,2,,,,,,,
,,,,,,Full,1,,,,,,,
,,,,,,Full,1,,,,,,,
,,,,,,Full,1,,,,,,,
,,,,,,,0,,,,,,,
,,,,,,Full,1,,,,,,,
,,,,,,Unknown,2,,,,,,,
,,,,,,Full,1,,,,,,,
,,,,,,Full,1,,,,,,,
,,,,,,Full,1,,,,,,,
,,,,,,Full,1,,,,,,,
,,,,,,,1,,,,,,,
,,,,,,Unknown,1,,,,,,,
,,,,,,,0,,,,,,,
,,,,,,Full,1,,,,,,,
,,,,,,Full,1,,,,,,,
,,,,,,Full,1,,,,,,,
,,,,,,Full,1,,,,,,,
,,,,,,Full,1,,,,,,,
,,,,,,Full,1,,,,,,,
,,,,,,Full,1,,,,,,,
,,,,,,Full,1,,,,,,,
,,,,,,Full,1,,,,,,,
,,,,,,Full,1,,,,,,,
,,,,,,Full,1,,,,,,,
,,,,,,Full,1,,,,,,,
,,,,,,Full,2,,,,,,,
,,,,,,Unknown,1,,,,,,,
,,,,,,Full,1,,,,,,,
,,,,,,Full,1,,,,,,,
,,,,,,Full,1,,,,,,,
,,,,,,Full,1,,,,,,,
,,,,,,Full,1,,,,,,,
,,,,,,Unknown,1,,,,,,,
,,,,,,Full,1,,,,,,,
,,,,,,Full,1,,,,,,,
,,,,,,Provisional 2,1,,,,,,,
,,,,,,Full,1,,,,,,,
,,,,,,,0,,,,,,,
,,,,,,Full,1,,,,,,,
,,,,,,Provisional 1 ,5,,,,,,,
,,,,,,Full,2,,,,,,,
,,,,,,Full,1,,,,,,,
,,,,,,Full,3,,,,,,,
,,,,,,Full,1,,,,,,,
,,,,,,Unknown,1,,,,,,,
,,,,,,Full,1,,,,,,,
,,,,,,Full,1,,,,,,,
,,,,,,Provisional 1 ,2,,,,,,,
,,,,,,Full,2,,,,,,,
,,,,,,Probationary,3,,,,,,,
,,,,,,,0,,,,,,,
,,,,,,Unlicenced,2,,,,,,,
,,,,,,Full,1,,,,,,,
,,,,,,Full,2,,,,,,,
,,,,,,Full,1,,,,,,,
,,,,,,Full,1,,,,,,,
,,,,,,Unknown,1,,,,,,,
,,,,,,Full,3,,,,,,,
,,,,,,Provisional 1 ,1,,,,,,,
,,,,,,Full,1,,,,,,,
,,,,,,Provisional 2,1,,,,,,,
,,,,,,Full,2,,,,,,,
,,,,,,Unknown,1,,,,,,,
,,,,,,Unlicenced,1,,,,,,,
,,,,,,Full,1,,,,,,,
,,,,,,Unknown,1,,,,,,,
,,,,,,,1,,,,,,,
,,,,,,Provisional 2,1,,,,,,,
,,,,,,Full,1,,,,,,,
,,,,,,Full,1,,,,,,,
,,,,,,Provisional 1 ,1,,,,,,,
,,,,,,Full,1,,,,,,,
,,,,,,Full,1,,,,,,,
,,,,,,Full,1,,,,,,,
,,,,,,Full,1,,,,,,,
,,,,,,Full,1,,,,,,,
,,,,,,Full,1,,,,,,,
,,,,,,,0,,,,,,,
,,,,,,Full,1,,,,,,,
,,,,,,Full,2,,,,,,,
,,,,,,Full,2,,,,,,,
,,,,,,Full,1,,,,,,,
,,,,,,Full,1,,,,,,,
,,,,,,Full,1,,,,,,,
,,,,,,Full,1,,,,,,,
,,,,,,Full,1,,,,,,,
,,,,,,Provisional 1 ,1,,,,,,,
,,,,,,,0,,,,,,,
,,,,,,Provisional 1 ,1,,,,,,,
,,,,,,,0,,,,,,,
,,,,,,Provisional 2,2,,,,,,,
,,,,,,Unknown,3,,,,,,,
,,,,,,Full,1,,,,,,,
,,,,,,Full,3,,,,,,,
,,,,,,Full,1,,,,,,,
,,,,,,Full,2,,,,,,,
,,,,,,Full,4,,,,,,,
,,,,,,Provisional 2,1,,,,,,,
,,,,,,Full,1,,,,,,,
,,,,,,Full,1,,,,,,,
,,,,,,Full,1,,,,,,,
,,,,,,,0,,,,,,,
,,,,,,Full,1,,,,,,,
,,,,,,,0,,,,,,,
,,,,,,,0,,,,,,,
,,,,,,Full,1,,,,,,,
,,,,,,Full,1,,,,,,,
,,,,,,Full,2,,,,,,,
,,,,,,Full,1,,,,,,,
,,,,,,Full,1,,,,,,,
,,,,,,,1,,,,,,,
,,,,,,Full,1,,,,,,,
,,,,,,,0,,,,,,,
,,,,,,Full,1,,,,,,,
,,,,,,Full,1,,,,,,,
,,,,,,Full,1,,,,,,,
,,,,,,Full,1,,,,,,,
,,,,,,Full,2,,,,,,,
,,,,,,Full,1,,,,,,,
,,,,,,Unknown,1,,,,,,,
,,,,,,Full,5,,,,,,,
,,,,,,Full,1,,,,,,,
,,,,,,Full,4,,,,,,,
,,,,,,Full,1,,,,,,,
,,,,,,Full,1,,,,,,,
,,,,,,Full,3,,,,,,,
,,,,,,Full,1,,,,,,,
,,,,,,Full,1,,,,,,,
,,,,,,Unknown,1,,,,,,,
,,,,,,Full,1,,,,,,,
,,,,,,Unknown,1,,,,,,,
,,,,,,Full,5,,,,,,,
,,,,,,Full,1,,,,,,,
,,,,,,Full,1,,,,,,,
,,,,,,Full,1,,,,,,,
,,,,,,Unknown,2,,,,,,,
,,,,,,Full,1,,,,,,,
,,,,,,Full,1,,,,,,,
,,,,,,Full,4,,,,,,,
,,,,,,Full,1,,,,,,,
,,,,,,Provisional 2,1,,,,,,,
,,,,,,Full,1,,,,,,,
,,,,,,Full,3,,,,,,,
,,,,,,Unknown,1,,,,,,,
,,,,,,,0,,,,,,,
,,,,,,Unknown,1,,,,,,,
,,,,,,Full,1,,,,,,,
,,,,,,Full,1,,,,,,,
,,,,,,Full,2,,,,,,,
,,,,,,Unlicenced,1,,,,,,,
,,,,,,Full,2,,,,,,,
,,,,,,Full,1,,,,,,,
,,,,,,Unknown,1,,,,,,,
,,,,,,Full,1,,,,,,,
,,,,,,Full,3,,,,,,,
,,,,,,Provisional 2,1,,,,,,,
,,,,,,Unknown,1,,,,,,,
,,,,,,Learners,1,,,,,,,
,,,,,,Learners,1,,,,,,,
,,,,,,,0,,,,,,,
,,,,,,Full,1,,,,,,,
,,,,,,Full,1,,,,,,,
,,,,,,Full,1,,,,,,,
,,,,,,Full,1,,,,,,,
,,,,,,Unknown,1,,,,,,,
,,,,,,Probationary,1,,,,,,,
,,,,,,Full,1,,,,,,,
,,,,,,Full,1,,,,,,,
,,,,,,Provisional 1 ,2,,,,,,,
,,,,,,Full,2,,,,,,,
,,,,,,Provisional 2,1,,,,,,,
,,,,,,Full,1,,,,,,,
,,,,,,Full,1,,,,,,,
,,,,,,Full,1,,,,,,,
,,,,,,Full,1,,,,,,,
,,,,,,Full,1,,,,,,,
,,,,,,Full,1,,,,,,,
,,,,,,Provisional 1 ,1,,,,,,,
,,,,,,Full,1,,,,,,,
,,,,,,Unknown,1,,,,,,,
,,,,,,Full,1,,,,,,,
,,,,,,Full,1,,,,,,,
,,,,,,Unknown,1,,,,,,,
,,,,,,Full,1,,,,,,,
,,,,,,Full,1,,,,,,,
,,,,,,Full,2,,,,,,,
,,,,,,Full,1,,,,,,,
,,,,,,Provisional 2,1,,,,,,,
,,,,,,Full,2,,,,,,,
,,,,,,Full,1,,,,,,,
,,,,,,Unknown,1,,,,,,,
,,,,,,Full,2,,,,,,,
,,,,,,Provisional 1 ,2,,,,,,,
,,,,,,Full,2,,,,,,,
,,,,,,Full,1,,,,,,,
,,,,,,Full,5,,,,,,,
,,,,,,Full,1,,,,,,,
,,,,,,Full,1,,,,,,,
,,,,,,,0,,,,,,,
,,,,,,Full,4,,,,,,,
,,,,,,Full,1,,,,,,,
,,,,,,Provisional 1 ,1,,,,,,,
,,,,,,Full,1,,,,,,,
,,,,,,Full,4,,,,,,,
,,,,,,Provisional 1 ,1,,,,,,,
,,,,,,Full,1,,,,,,,
,,,,,,Full,2,,,,,,,
,,,,,,Provisional 2,1,,,,,,,
,,,,,,Full,1,,,,,,,
,,,,,,Full,2,,,,,,,
,,,,,,Unknown,1,,,,,,,
,,,,,,Full,4,,,,,,,
,,,,,,Full,1,,,,,,,
,,,,,,Full,1,,,,,,,
,,,,,,Full,1,,,,,,,
,,,,,,Full,1,,,,,,,
,,,,,,,0,,,,,,,
,,,,,,Unknown,1,,,,,,,
,,,,,,Full,1,,,,,,,
,,,,,,,0,,,,,,,
,,,,,,Full,2,,,,,,,
,,,,,,Full,10,,,,,,,
,,,,,,Full,1,,,,,,,
,,,,,,Unknown,2,,,,,,,
,,,,,,Full,1,,,,,,,
,,,,,,Full,2,,,,,,,
,,,,,,Full,2,,,,,,,
,,,,,,Full,3,,,,,,,
,,,,,,Full,1,,,,,,,
,,,,,,Full,1,,,,,,,
,,,,,,Unknown,1,,,,,,,
,,,,,,Full,1,,,,,,,
,,,,,,Full,1,,,,,,,
,,,,,,Unknown,1,,,,,,,
,,,,,,Full,3,,,,,,,
,,,,,,Unknown,1,,,,,,,
,,,,,,Unknown,1,,,,,,,
,,,,,,Full,2,,,,,,,
,,,,,,Full,1,,,,,,,
,,,,,,Full,2,,,,,,,
,,,,,,Full,2,,,,,,,
,,,,,,Provisional 2,2,,,,,,,
,,,,,,Unknown,1,,,,,,,
,,,,,,Unknown,2,,,,,,,
,,,,,,Unknown,1,,,,,,,
,,,,,,Full,1,,,,,,,
,,,,,,Full,1,,,,,,,
,,,,,,Full,1,,,,,,,
,,,,,,Full,1,,,,,,,
,,,,,,Full,1,,,,,,,
,,,,,,Unknown,1,,,,,,,
,,,,,,Unknown,2,,,,,,,
,,,,,,Unknown,2,,,,,,,
,,,,,,Full,1,,,,,,,
,,,,,,Full,1,,,,,,,
,,,,,,Full,1,,,,,,,
,,,,,,Learners,1,,,,,,,
,,,,,,Full,2,,,,,,,
,,,,,,Full,4,,,,,,,
,,,,,,Provisional 2,1,,,,,,,
,,,,,,Full,1,,,,,,,
,,,,,,Full,3,,,,,,,
,,,,,,Full,1,,,,,,,
,,,,,,Full,1,,,,,,,
,,,,,,Provisional 2,2,,,,,,,
,,,,,,Learners,2,,,,,,,
,,,,,,Full,2,,,,,,,
,,,,,,Full,1,,,,,,,
,,,,,,Full,1,,,,,,,
,,,,,,Unknown,1,,,,,,,
,,,,,,Provisional 2,2,,,,,,,
,,,,,,Provisional 1 ,1,,,,,,,
,,,,,,Full,1,,,,,,,
,,,,,,Full,1,,,,,,,
,,,,,,Full,1,,,,,,,
,,,,,,Unknown,1,,,,,,,
,,,,,,Full,1,,,,,,,
,,,,,,Full,2,,,,,,,
,,,,,,Full,1,,,,,,,
,,,,,,Full,2,,,,,,,
,,,,,,Provisional 2,1,,,,,,,
,,,,,,Full,1,,,,,,,
,,,,,,Unknown,1,,,,,,,
,,,,,,Unknown,1,,,,,,,
,,,,,,Unknown,1,,,,,,,
,,,,,,,1,,,,,,,
,,,,,,Unknown,1,,,,,,,
,,,,,,,0,,,,,,,
,,,,,,Full,1,,,,,,,
,,,,,,Full,1,,,,,,,
,,,,,,Unknown,1,,,,,,,
,,,,,,Full,1,,,,,,,
,,,,,,Full,1,,,,,,,
,,,,,,Full,1,,,,,,,
,,,,,,Full,1,,,,,,,
,,,,,,Full,1,,,,,,,
,,,,,,Full,3,,,,,,,
,,,,,,Full,1,,,,,,,
,,,,,,Full,3,,,,,,,
,,,,,,Unknown,2,,,,,,,
,,,,,,Unknown,1,,,,,,,
,,,,,,Full,1,,,,,,,
,,,,,,Probationary,1,,,,,,,
,,,,,,Full,1,,,,,,,
,,,,,,Full,1,,,,,,,
,,,,,,Full,1,,,,,,,
,,,,,,Unknown,1,,,,,,,
,,,,,,Full,1,,,,,,,
,,,,,,Unknown,1,,,,,,,
,,,,,,Full,2,,,,,,,
,,,,,,Full,1,,,,,,,
,,,,,,Full,1,,,,,,,
,,,,,,Full,1,,,,,,,
,,,,,,Full,1,,,,,,,
,,,,,,Full,1,,,,,,,
,,,,,,Unlicenced,1,,,,,,,
,,,,,,Full,1,,,,,,,
,,,,,,Full,1,,,,,,,
,,,,,,Full,1,,,,,,,
,,,,,,Full,1,,,,,,,
,,,,,,Full,2,,,,,,,
,,,,,,Full,1,,,,,,,
,,,,,,Provisional 2,1,,,,,,,
,,,,,,Full,1,,,,,,,
,,,,,,Full,1,,,,,,,
,,,,,,Full,1,,,,,,,
,,,,,,,1,,,,,,,
,,,,,,Full,3,,,,,,,
,,,,,,Full,1,,,,,,,
,,,,,,Full,1,,,,,,,
,,,,,,Learners,2,,,,,,,
,,,,,,Full,2,,,,,,,
,,,,,,Full,1,,,,,,,
,,,,,,Full,1,,,,,,,
,,,,,,Full,1,,,,,,,
,,,,,,Provisional 1 ,2,,,,,,,
,,,,,,Full,2,,,,,,,
,,,,,,Unknown,1,,,,,,,
,,,,,,Full,1,,,,,,,
,,,,,,Unknown,1,,,,,,,
,,,,,,Provisional 2,3,,,,,,,
,,,,,,Unknown,1,,,,,,,
,,,,,,Full,1,,,,,,,
,,,,,,,0,,,,,,,
,,,,,,,0,,,,,,,
,,,,,,,0,,,,,,,
,,,,,,Unknown,1,,,,,,,
,,,,,,Full,1,,,,,,,
,,,,,,Full,2,,,,,,,
,,,,,,Provisional 1 ,2,,,,,,,
,,,,,,Full,3,,,,,,,
,,,,,,Provisional 2,1,,,,,,,
,,,,,,Full,1,,,,,,,
,,,,,,Full,1,,,,,,,
,,,,,,Unknown,1,,,,,,,
,,,,,,Full,3,,,,,,,
,,,,,,Full,1,,,,,,,
,,,,,,Full,2,,,,,,,
,,,,,,Full,1,,,,,,,
,,,,,,Full,1,,,,,,,
,,,,,,Full,2,,,,,,,
,,,,,,Full,2,,,,,,,
,,,,,,Unlicenced,1,,,,,,,
,,,,,,Provisional 1 ,1,,,,,,,
,,,,,,Provisional 2,1,,,,,,,
,,,,,,Full,1,,,,,,,
,,,,,,Full,3,,,,,,,
,,,,,,Full,1,,,,,,,
,,,,,,Full,2,,,,,,,
,,,,,,Provisional 2,1,,,,,,,
,,,,,,Full,1,,,,,,,
,,,,,,Full,1,,,,,,,
,,,,,,Full,1,,,,,,,
,,,,,,Full,1,,,,,,,
,,,,,,Full,1,,,,,,,
,,,,,,Full,1,,,,,,,
,,,,,,Provisional 2,1,,,,,,,
,,,,,,Full,1,,,,,,,
,,,,,,Full,1,,,,,,,
,,,,,,Full,1,,,,,,,
,,,,,,Full,1,,,,,,,
,,,,,,Full,1,,,,,,,
,,,,,,Full,2,,,,,,,
,,,,,,Full,2,,,,,,,
,,,,,,Provisional 2,2,,,,,,,
,,,,,,Full,1,,,,,,,
,,,,,,Full,1,,,,,,,
,,,,,,Provisional 1 ,1,,,,,,,
,,,,,,Full,1,,,,,,,
,,,,,,Full,1,,,,,,,
,,,,,,Full,2,,,,,,,
,,,,,,Full,1,,,,,,,
,,,,,,Full,3,,,,,,,
,,,,,,,1,,,,,,,
,,,,,,Unknown,1,,,,,,,
,,,,,,Full,1,,,,,,,
,,,,,,Full,2,,,,,,,
,,,,,,Full,1,,,,,,,
,,,,,,Provisional 2,2,,,,,,,
,,,,,,Full,1,,,,,,,
,,,,,,Full,2,,,,,,,
,,,,,,Full,1,,,,,,,
,,,,,,Unknown,1,,,,,,,
,,,,,,Full,1,,,,,,,
,,,,,,Full,1,,,,,,,
,,,,,,Full,1,,,,,,,
,,,,,,Provisional 1 ,3,,,,,,,
,,,,,,Full,1,,,,,,,
,,,,,,Full,1,,,,,,,
,,,,,,Full,1,,,,,,,
,,,,,,Full,1,,,,,,,
,,,,,,Full,3,,,,,,,
,,,,,,Full,1,,,,,,,
,,,,,,Full,2,,,,,,,
,,,,,,Provisional 2,1,,,,,,,
,,,,,,Provisional 1 ,2,,,,,,,
,,,,,,Full,1,,,,,,,
,,,,,,,1,,,,,,,
,,,,,,Unknown,1,,,,,,,
,,,,,,Full,2,,,,,,,
,,,,,,Unknown,1,,,,,,,
,,,,,,Unknown,1,,,,,,,
,,,,,,Full,2,,,,,,,
,,,,,,Full,2,,,,,,,
,,,,,,,0,,,,,,,
,,,,,,Unknown,1,,,,,,,
,,,,,,Full,1,,,,,,,
,,,,,,Full,2,,,,,,,
,,,,,,Learners,1,,,,,,,
,,,,,,Full,1,,,,,,,
,,,,,,Full,1,,,,,,,
,,,,,,,1,,,,,,,
,,,,,,Full,1,,,,,,,
,,,,,,Full,3,,,,,,,
,,,,,,Provisional 2,2,,,,,,,
,,,,,,Unknown,1,,,,,,,
,,,,,,Full,1,,,,,,,
,,,,,,Unknown,1,,,,,,,
,,,,,,Full,1,,,,,,,
,,,,,,Unknown,1,,,,,,,
,,,,,,Full,1,,,,,,,
,,,,,,,1,,,,,,,
,,,,,,Full,1,,,,,,,
,,,,,,Full,4,,,,,,,
,,,,,,Full,1,,,,,,,
,,,,,,Full,1,,,,,,,
,,,,,,Unknown,1,,,,,,,
,,,,,,Full,1,,,,,,,
,,,,,,Full,1,,,,,,,
,,,,,,Full,1,,,,,,,
,,,,,,Full,1,,,,,,,
,,,,,,Full,1,,,,,,,
,,,,,,Full,1,,,,,,,
,,,,,,,0,,,,,,,
,,,,,,Full,1,,,,,,,
,,,,,,Full,1,,,,,,,
,,,,,,Full,1,,,,,,,
,,,,,,Full,1,,,,,,,
,,,,,,Full,1,,,,,,,
,,,,,,Full,1,,,,,,,
,,,,,,Full,1,,,,,,,
,,,,,,Learners,1,,,,,,,
,,,,,,Unknown,1,,,,,,,
,,,,,,Full,1,,,,,,,
,,,,,,Full,2,,,,,,,
,,,,,,Unknown,2,,,,,,,
,,,,,,Provisional 2,1,,,,,,,
,,,,,,Full,2,,,,,,,
,,,,,,Full,1,,,,,,,
,,,,,,Provisional 2,1,,,,,,,
,,,,,,Full,3,,,,,,,
,,,,,,Provisional 2,1,,,,,,,
,,,,,,Full,3,,,,,,,
,,,,,,Full,1,,,,,,,
,,,,,,Full,1,,,,,,,
,,,,,,Full,1,,,,,,,
,,,,,,Full,1,,,,,,,
,,,,,,Full,1,,,,,,,
,,,,,,Unknown,1,,,,,,,
,,,,,,Full,11,,,,,,,
,,,,,,Full,1,,,,,,,
,,,,,,Full,1,,,,,,,
,,,,,,,0,,,,,,,
,,,,,,,0,,,,,,,
,,,,,,Full,1,,,,,,,
,,,,,,Full,1,,,,,,,
,,,,,,Full,1,,,,,,,
,,,,,,Full,1,,,,,,,
,,,,,,Full,1,,,,,,,
,,,,,,Full,1,,,,,,,
,,,,,,,1,,,,,,,
,,,,,,Full,1,,,,,,,
,,,,,,Unlicenced,1,,,,,,,
,,,,,,Full,1,,,,,,,
,,,,,,Full,2,,,,,,,
,,,,,,Provisional 2,1,,,,,,,
,,,,,,Provisional 2,2,,,,,,,
,,,,,,Provisional 1 ,1,,,,,,,
,,,,,,Learners,2,,,,,,,
,,,,,,Unknown,4,,,,,,,
,,,,,,Full,1,,,,,,,
,,,,,,Learners,1,,,,,,,
,,,,,,Provisional 2,1,,,,,,,
,,,,,,Full,1,,,,,,,
,,,,,,Full,1,,,,,,,
,,,,,,Full,1,,,,,,,
,,,,,,Full,1,,,,,,,
,,,,,,Provisional 2,1,,,,,,,
,,,,,,Full,2,,,,,,,
,,,,,,Provisional 1 ,1,,,,,,,
,,,,,,Full,1,,,,,,,
,,,,,,Provisional 2,1,,,,,,,
,,,,,,Full,6,,,,,,,
,,,,,,,0,,,,,,,
,,,,,,Full,2,,,,,,,
,,,,,,Full,1,,,,,,,
,,,,,,Full,1,,,,,,,
,,,,,,Unknown,1,,,,,,,
,,,,,,Full,1,,,,,,,
,,,,,,Full,2,,,,,,,
,,,,,,,0,,,,,,,
,,,,,,Full,1,,,,,,,
,,,,,,Full,1,,,,,,,
,,,,,,Full,1,,,,,,,
,,,,,,Full,1,,,,,,,
,,,,,,Full,1,,,,,,,
,,,,,,Unlicenced,2,,,,,,,
,,,,,,,0,,,,,,,
,,,,,,Unknown,1,,,,,,,
,,,,,,Unknown,1,,,,,,,
,,,,,,Full,1,,,,,,,
,,,,,,Provisional 1 ,3,,,,,,,
,,,,,,Full,1,,,,,,,
,,,,,,Full,2,,,,,,,
,,,,,,Full,1,,,,,,,
,,,,,,Unlicenced,1,,,,,,,
,,,,,,Full,1,,,,,,,
,,,,,,Full,1,,,,,,,
,,,,,,Full,1,,,,,,,
,,,,,,,0,,,,,,,
,,,,,,Provisional 1 ,1,,,,,,,
,,,,,,,1,,,,,,,
,,,,,,Full,1,,,,,,,
,,,,,,Full,1,,,,,,,
,,,,,,Full,15,,,,,,,
,,,,,,Unknown,1,,,,,,,
,,,,,,Full,2,,,,,,,
,,,,,,Full,2,,,,,,,
,,,,,,Full,2,,,,,,,
,,,,,,Full,1,,,,,,,
,,,,,,Full,1,,,,,,,
,,,,,,Full,1,,,,,,,
,,,,,,Full,1,,,,,,,
,,,,,,Full,1,,,,,,,