REPORT_ID,Total Cas,Total Fats,Total SI,Total MI,CSEF Severity,Licence Type,Number Occupants,Drugs Involved,Area Speed,Crash Type,Position Type,DayNight,DUI Involved,Weather Cond
,,,,,,Provisional 1 ,4,,,,,,,
,,,,,,Full,1,,,,,,,
,,,,,,Full,1,,,,,,,
,,,,,,Full,1,,,,,,,
,,,,,,Full,1,,,,,,,
,,,,,,Full,2,,,,,,,
,,,,,,Full,1,,,,,,,
,,,,,,Unknown,1,,,,,,,
,,,,,,Provisional 2,1,,,,,,,
,,,,,,,0,,,,,,,
,,,,,,Full,4,,,,,,,
,,,,,,,1,,,,,,,
,,,,,,Full,1,,,,,,,
,,,,,,Learners,1,,,,,,,
,,,,,,Full,2,,,,,,,
,,,,,,Full,2,,,,,,,
,,,,,,Full,1,,,,,,,
,,,,,,Unknown,1,,,,,,,
,,,,,,Full,1,,,,,,,
,,,,,,Provisional 2,1,,,,,,,
,,,,,,Full,1,,,,,,,
,,,,,,Full,1,,,,,,,
,,,,,,,1,,,,,,,
,,,,,,Provisional 1 ,1,,,,,,,
,,,,,,Unknown,1,,,,,,,
,,,,,,Full,1,,,,,,,
,,,,,,,1,,,,,,,
,,,,,,Unknown,1,,,,,,,
,,,,,,Unknown,1,,,,,,,
,,,,,,Full,2,,,,,,,
,,,,,,Full,1,,,,,,,
,,,,,,Full,1,,,,,,,
,,,,,,Unknown,1,,,,,,,
,,,,,,Unknown,1,,,,,,,
,,,,,,Full,1,,,,,,,
,,,,,,Full,1,,,,,,,
,,,,,,Full,1,,,,,,,
,,,,,,Unknown,1,,,,,,,
,,,,,,Full,2,,,,,,,
,,,,,,Unknown,1,,,,,,,
,,,,,,Full,1,,,,,,,
,,,,,,Full,2,,,,,,,
,,,,,,Full,1,,,,,,,
,,,,,,,0,,,,,,,
,,,,,,,0,,,,,,,
,,,,,,Unknown,1,,,,,,,
,,,,,,Full,1,,,,,,,
,,,,,,Unknown,1,,,,,,,
,,,,,,Full,1,,,,,,,
,,,,,,Full,1,,,,,,,
,,,,,,Full,2,,,,,,,
,,,,,,Full,2,,,,,,,
,,,,,,Provisional 1 ,1,,,,,,,
,,,,,,Full,1,,,,,,,
,,,,,,Full,1,,,,,,,
,,,,,,Full,1,,,,,,,
,,,,,,Full,1,,,,,,,
,,,,,,Full,1,,,,,,,
,,,,,,Provisional 1 ,1,,,,,,,
,,,,,,Unknown,1,,,,,,,
,,,,,,Full,1,,,,,,,
,,,,,,Unlicenced,2,,,,,,,
,,,,,,Full,7,,,,,,,
,,,,,,,0,,,,,,,
,,,,,,Full,1,,,,,,,
,,,,,,Unknown,1,,,,,,,
,,,,,,Full,1,,,,,,,
,,,,,,Full,1,,,,,,,
,,,,,,Provisional 2,1,,,,,,,
,,,,,,Full,1,,,,,,,
,,,,,,Full,1,,,,,,,
,,,,,,Provisional 1 ,2,,,,,,,
,,,,,,Full,1,,,,,,,
,,,,,,Full,1,,,,,,,
,,,,,,Full,1,,,,,,,
,,,,,,Unknown,1,,,,,,,
,,,,,,Full,1,,,,,,,
,,,,,,Full,1,,,,,,,
,,,,,,Full,1,,,,,,,
,,,,,,Full,1,,,,,,,
,,,,,,Full,1,,,,,,,
,,,,,,Full,1,,,,,,,
,,,,,,Unknown,1,,,,,,,
,,,,,,Full,1,,,,,,,
,,,,,,Full,1,,,,,,,
,,,,,,Full,1,,,,,,,
,,,,,,Provisional 1 ,2,,,,,,,
,,,,,,Learners,2,,,,,,,
,,,,,,Learners,1,,,,,,,
,,,,,,Full,1,,,,,,,
,,,,,,Unknown,1,,,,,,,
,,,,,,Unknown,1,,,,,,,
,,,,,,Unknown,1,,,,,,,
,,,,,,Provisional 1 ,1,,,,,,,
,,,,,,Full,1,,,,,,,
,,,,,,Full,1,,,,,,,
,,,,,,Full,1,,,,,,,
,,,,,,Full,1,,,,,,,
,,,,,,Full,1,,,,,,,
,,,,,,Full,1,,,,,,,
,,,,,,Full,1,,,,,,,
,,,,,,Probationary,1,,,,,,,
,,,,,,Provisional 1 ,1,,,,,,,
,,,,,,Full,1,,,,,,,
,,,,,,Full,2,,,,,,,
,,,,,,Full,1,,,,,,,
,,,,,,Full,1,,,,,,,
,,,,,,Full,1,,,,,,,
,,,,,,Full,1,,,,,,,
,,,,,,Full,1,,,,,,,
,,,,,,Provisional 2,1,,,,,,,
,,,,,,Provisional 2,2,,,,,,,
,,,,,,Full,1,,,,,,,
,,,,,,Full,2,,,,,,,
,,,,,,,0,,,,,,,
,,,,,,,0,,,,,,,
,,,,,,Full,1,,,,,,,
,,,,,,Full,51,,,,,,,
,,,,,,Full,2,,,,,,,
,,,,,,Full,1,,,,,,,
,,,,,,Unknown,1,,,,,,,
,,,,,,Full,2,,,,,,,
,,,,,,Full,1,,,,,,,
,,,,,,,0,,,,,,,
,,,,,,Full,1,,,,,,,
,,,,,,Full,1,,,,,,,
,,,,,,Full,1,,,,,,,
,,,,,,,1,,,,,,,
,,,,,,Full,1,,,,,,,
,,,,,,Full,3,,,,,,,
,,,,,,Full,1,,,,,,,
,,,,,,Full,1,,,,,,,
,,,,,,Unknown,1,,,,,,,
,,,,,,Provisional 2,1,,,,,,,
,,,,,,Full,2,,,,,,,
,,,,,,Full,1,,,,,,,
,,,,,,Full,1,,,,,,,
,,,,,,Full,5,,,,,,,
,,,,,,Full,1,,,,,,,
,,,,,,Unknown,1,,,,,,,
,,,,,,,0,,,,,,,
,,,,,,Full,10,,,,,,,
,,,,,,Full,1,,,,,,,
,,,,,,Full,1,,,,,,,
,,,,,,Full,1,,,,,,,
,,,,,,Full,1,,,,,,,
,,,,,,Full,2,,,,,,,
,,,,,,Full,1,,,,,,,
,,,,,,Full,2,,,,,,,
,,,,,,Full,1,,,,,,,
,,,,,,Full,3,,,,,,,
,,,,,,Full,1,,,,,,,
,,,,,,Full,1,,,,,,,
,,,,,,Provisional 2,1,,,,,,,
,,,,,,Full,1,,,,,,,
,,,,,,Full,1,,,,,,,
,,,,,,Unlicenced,1,,,,,,,
,,,,,,Full,1,,,,,,,
,,,,,,Full,1,,,,,,,
,,,,,,,1,,,,,,,
,,,,,,Full,1,,,,,,,
,,,,,,Full,1,,,,,,,
,,,,,,Full,1,,,,,,,
,,,,,,Provisional 2,1,,,,,,,
,,,,,,Full,2,,,,,,,
,,,,,,Full,1,,,,,,,
,,,,,,Unknown,1,,,,,,,
,,,,,,Full,1,,,,,,,
,,,,,,Full,1,,,,,,,
,,,,,,Full,1,,,,,,,
,,,,,,,1,,,,,,,
,,,,,,Unknown,1,,,,,,,
,,,,,,Full,2,,,,,,,
,,,,,,Disqualified,1,,,,,,,
,,,,,,,0,,,,,,,
,,,,,,,0,,,,,,,
,,,,,,,0,,,,,,,
,,,,,,Full,1,,,,,,,
,,,,,,,0,,,,,,,
,,,,,,Full,2,,,,,,,
,,,,,,Unknown,1,,,,,,,
,,,,,,Full,1,,,,,,,
,,,,,,Full,1,,,,,,,
,,,,,,Full,1,,,,,,,
,,,,,,Full,1,,,,,,,
,,,,,,Unknown,1,,,,,,,
,,,,,,Unknown,1,,,,,,,
,,,,,,Full,1,,,,,,,
,,,,,,Unknown,1,,,,,,,
,,,,,,Full,1,,,,,,,
,,,,,,Full,1,,,,,,,
,,,,,,Full,1,,,,,,,
,,,,,,Unknown,1,,,,,,,
,,,,,,Full,2,,,,,,,
,,,,,,Full,1,,,,,,,
,,,,,,,0,,,,,,,
,,,,,,Full,1,,,,,,,
,,,,,,Full,1,,,,,,,
,,,,,,Full,2,,,,,,,
,,,,,,Provisional 1 ,1,,,,,,,
,,,,,,Provisional 1 ,2,,,,,,,
,,,,,,Full,1,,,,,,,
,,,,,,Full,1,,,,,,,
,,,,,,Full,1,,,,,,,
,,,,,,,1,,,,,,,
,,,,,,Provisional 2,1,,,,,,,
,,,,,,Provisional 1 ,1,,,,,,,
,,,,,,Provisional 2,2,,,,,,,
,,,,,,Learners,1,,,,,,,
,,,,,,Unknown,1,,,,,,,
,,,,,,Unknown,1,,,,,,,
,,,,,,Unknown,1,,,,,,,
,,,,,,Full,1,,,,,,,
,,,,,,Provisional 2,1,,,,,,,
,,,,,,Full,1,,,,,,,
,,,,,,Full,1,,,,,,,
,,,,,,Unknown,1,,,,,,,
,,,,,,Unknown,1,,,,,,,
,,,,,,Provisional 1 ,1,,,,,,,
,,,,,,,1,,,,,,,
,,,,,,Unknown,1,,,,,,,
,,,,,,Full,1,,,,,,,
,,,,,,Full,1,,,,,,,
,,,,,,Full,1,,,,,,,
,,,,,,Unlicenced,1,,,,,,,
,,,,,,Full,1,,,,,,,
,,,,,,Full,1,,,,,,,
,,,,,,Full,1,,,,,,,
,,,,,,Full,1,,,,,,,
,,,,,,Unknown,1,,,,,,,
,,,,,,Full,2,,,,,,,
,,,,,,Full,1,,,,,,,
,,,,,,Full,1,,,,,,,
,,,,,,Unlicenced,1,,,,,,,
,,,,,,Full,1,,,,,,,
,,,,,,Full,1,,,,,,,
,,,,,,Full,1,,,,,,,
,,,,,,Full,1,,,,,,,
,,,,,,Full,1,,,,,,,
,,,,,,Full,1,,,,,,,
,,,,,,Full,1,,,,,,,
,,,,,,Full,1,,,,,,,
,,,,,,Full,2,,,,,,,
,,,,,,Full,1,,,,,,,
,,,,,,Full,1,,,,,,,
,,,,,,Provisional 1 ,2,,,,,,,
,,,,,,Full,2,,,,,,,
,,,,,,Full,1,,,,,,,
,,,,,,Full,1,,,,,,,
,,,,,,Full,1,,,,,,,
,,,,,,Full,1,,,,,,,
,,,,,,Full,1,,,,,,,
,,,,,,Full,1,,,,,,,
,,,,,,Full,1,,,,,,,
,,,,,,Full,1,,,,,,,
,,,,,,Full,2,,,,,,,
,,,,,,Full,1,,,,,,,
,,,,,,Provisional 1 ,1,,,,,,,
,,,,,,Full,1,,,,,,,
,,,,,,Full,1,,,,,,,
,,,,,,Unlicenced,1,,,,,,,
,,,,,,Unknown,1,,,,,,,
,,,,,,Provisional 2,1,,,,,,,
,,,,,,Unknown,1,,,,,,,
,,,,,,,1,,,,,,,
,,,,,,Unknown,1,,,,,,,
,,,,,,Full,1,,,,,,,
,,,,,,Full,1,,,,,,,
,,,,,,Full,1,,,,,,,
,,,,,,Unknown,3,,,,,,,
,,,,,,Full,1,,,,,,,
,,,,,,Full,1,,,,,,,
,,,,,,Full,10,,,,,,,
,,,,,,Full,1,,,,,,,
,,,,,,Unknown,1,,,,,,,
,,,,,,Full,1,,,,,,,
,,,,,,Full,1,,,,,,,
,,,,,,Full,1,,,,,,,
,,,,,,,0,,,,,,,
,,,,,,Full,1,,,,,,,
,,,,,,,1,,,,,,,
,,,,,,Unknown,1,,,,,,,
,,,,,,Unknown,1,,,,,,,
,,,,,,Full,1,,,,,,,
,,,,,,Unknown,1,,,,,,,
,,,,,,Full,1,,,,,,,
,,,,,,Full,1,,,,,,,
,,,,,,Full,1,,,,,,,
,,,,,,Provisional 1 ,1,,,,,,,
,,,,,,Full,1,,,,,,,
,,,,,,Full,1,,,,,,,
,,,,,,Provisional 2,3,,,,,,,
,,,,,,Provisional 1 ,1,,,,,,,
,,,,,,Full,1,,,,,,,
,,,,,,Full,1,,,,,,,
,,,,,,Full,2,,,,,,,
,,,,,,Full,1,,,,,,,
,,,,,,Full,1,,,,,,,
,,,,,,Full,1,,,,,,,
,,,,,,Full,1,,,,,,,
,,,,,,Full,1,,,,,,,
,,,,,,Provisional 2,1,,,,,,,
,,,,,,Full,2,,,,,,,
,,,,,,Full,1,,,,,,,
,,,,,,Full,2,,,,,,,
,,,,,,Full,1,,,,,,,
,,,,,,Full,3,,,,,,,
,,,,,,Full,2,,,,,,,
,,,,,,Full,1,,,,,,,
,,,,,,Provisional 2,2,,,,,,,
,,,,,,Full,1,,,,,,,
,,,,,,Full,1,,,,,,,
,,,,,,Full,2,,,,,,,
,,,,,,Full,1,,,,,,,
,,,,,,Full,1,,,,,,,
,,,,,,Full,1,,,,,,,
,,,,,,,0,,,,,,,
,,,,,,Full,1,,,,,,,
,,,,,,,0,,,,,,,
,,,,,,Unknown,1,,,,,,,
,,,,,,Full,1,,,,,,,
,,,,,,Full,1,,,,,,,
,,,,,,Full,1,,,,,,,
,,,,,,,1,,,,,,,
,,,,,,Full,2,,,,,,,
,,,,,,Full,6,,,,,,,
,,,,,,Full,1,,,,,,,
,,,,,,Full,1,,,,,,,
,,,,,,Full,1,,,,,,,
,,,,,,Full,2,,,,,,,
,,,,,,Full,1,,,,,,,
,,,,,,Full,1,,,,,,,
,,,,,,Unknown,2,,,,,,,
,,,,,,Full,2,,,,,,,
,,,,,,Provisional 2,1,,,,,,,
,,,,,,Full,1,,,,,,,
,,,,,,Unknown,1,,,,,,,
,,,,,,Full,2,,,,,,,
,,,,,,Full,3,,,,,,,
,,,,,,Full,1,,,,,,,
,,,,,,Full,4,,,,,,,
,,,,,,Unknown,2,,,,,,,
,,,,,,Full,1,,,,,,,
,,,,,,Provisional 2,2,,,,,,,
,,,,,,Full,1,,,,,,,
,,,,,,Full,1,,,,,,,
,,,,,,Probationary,4,,,,,,,
,,,,,,Full,1,,,,,,,
,,,,,,Full,1,,,,,,,
,,,,,,Full,2,,,,,,,
,,,,,,Full,2,,,,,,,
,,,,,,Unknown,1,,,,,,,
,,,,,,Provisional 2,1,,,,,,,
,,,,,,Provisional 2,1,,,,,,,
,,,,,,Full,1,,,,,,,
,,,,,,Full,3,,,,,,,
,,,,,,Unknown,1,,,,,,,
,,,,,,Full,3,,,,,,,
,,,,,,Full,1,,,,,,,
,,,,,,Full,1,,,,,,,
,,,,,,Disqualified,1,,,,,,,
,,,,,,Full,1,,,,,,,
,,,,,,Full,1,,,,,,,
,,,,,,Full,1,,,,,,,
,,,,,,Full,3,,,,,,,
,,,,,,Full,1,,,,,,,
,,,,,,Full,1,,,,,,,
,,,,,,Full,3,,,,,,,
,,,,,,Full,1,,,,,,,
,,,,,,Full,1,,,,,,,
,,,,,,Full,1,,,,,,,
,,,,,,Full,1,,,,,,,
,,,,,,Provisional 2,1,,,,,,,
,,,,,,,0,,,,,,,
,,,,,,Full,1,,,,,,,
,,,,,,Full,1,,,,,,,
,,,,,,,1,,,,,,,
,,,,,,Full,1,,,,,,,
,,,,,,Provisional 1 ,1,,,,,,,
,,,,,,,0,,,,,,,
,,,,,,Full,3,,,,,,,
,,,,,,Unknown,1,,,,,,,
,,,,,,Full,1,,,,,,,
,,,,,,,1,,,,,,,
,,,,,,Full,1,,,,,,,
,,,,,,Full,1,,,,,,,
,,,,,,Provisional 1 ,1,,,,,,,
,,,,,,Full,3,,,,,,,
,,,,,,Full,1,,,,,,,
,,,,,,Full,1,,,,,,,
,,,,,,,1,,,,,,,
,,,,,,Provisional 2,1,,,,,,,
,,,,,,,0,,,,,,,
,,,,,,Provisional 2,1,,,,,,,
,,,,,,Full,3,,,,,,,
,,,,,,Full,1,,,,,,,
,,,,,,Full,1,,,,,,,
,,,,,,Full,1,,,,,,,
,,,,,,Full,1,,,,,,,
,,,,,,Full,1,,,,,,,
,,,,,,Full,1,,,,,,,
,,,,,,Full,2,,,,,,,
,,,,,,Full,4,,,,,,,
,,,,,,Full,2,,,,,,,
,,,,,,Full,1,,,,,,,
,,,,,,,0,,,,,,,
,,,,,,Unlicenced,1,,,,,,,
,,,,,,Full,1,,,,,,,
,,,,,,Full,2,,,,,,,
,,,,,,Provisional 1 ,1,,,,,,,
,,,,,,Learners,2,,,,,,,
,,,,,,Full,2,,,,,,,
,,,,,,Full,4,,,,,,,
,,,,,,Full,1,,,,,,,
,,,,,,Full,2,,,,,,,
,,,,,,Full,1,,,,,,,
,,,,,,Full,1,,,,,,,
,,,,,,Provisional 1 ,1,,,,,,,
,,,,,,Full,1,,,,,,,
,,,,,,Full,2,,,,,,,
,,,,,,Probationary,1,,,,,,,
,,,,,,Full,2,,,,,,,
,,,,,,,1,,,,,,,
,,,,,,Full,1,,,,,,,
,,,,,,Full,2,,,,,,,
,,,,,,Full,2,,,,,,,
,,,,,,Full,3,,,,,,,
,,,,,,Full,1,,,,,,,
,,,,,,Full,2,,,,,,,
,,,,,,Full,1,,,,,,,
,,,,,,,1,,,,,,,
,,,,,,Learners,2,,,,,,,
,,,,,,Full,1,,,,,,,
,,,,,,Full,1,,,,,,,
,,,,,,Full,1,,,,,,,
,,,,,,Full,1,,,,,,,
,,,,,,Full,3,,,,,,,
,,,,,,Full,1,,,,,,,
,,,,,,Full,2,,,,,,,
,,,,,,,1,,,,,,,
,,,,,,Provisional 1 ,1,,,,,,,
,,,,,,Full,1,,,,,,,
,,,,,,Full,1,,,,,,,
,,,,,,Full,1,,,,,,,
,,,,,,Full,1,,,,,,,
,,,,,,Full,2,,,,,,,
,,,,,,Full,1,,,,,,,
,,,,,,Provisional 2,1,,,,,,,
,,,,,,Unknown,1,,,,,,,
,,,,,,Full,1,,,,,,,
,,,,,,Full,1,,,,,,,
,,,,,,Full,2,,,,,,,
,,,,,,Full,1,,,,,,,
,,,,,,Full,2,,,,,,,
,,,,,,Full,1,,,,,,,
,,,,,,Provisional 1 ,2,,,,,,,
,,,,,,,0,,,,,,,
,,,,,,,0,,,,,,,
,,,,,,,0,,,,,,,
,,,,,,Full,1,,,,,,,
,,,,,,Full,1,,,,,,,
,,,,,,Full,1,,,,,,,
,,,,,,Full,1,,,,,,,
,,,,,,Full,1,,,,,,,
,,,,,,Full,1,,,,,,,
,,,,,,Learners,2,,,,,,,
,,,,,,Full,1,,,,,,,
,,,,,,Full,2,,,,,,,
,,,,,,Full,2,,,,,,,
,,,,,,Full,2,,,,,,,
,,,,,,Full,1,,,,,,,
,,,,,,,0,,,,,,,
,,,,,,Full,1,,,,,,,
,,,,,,Full,2,,,,,,,
,,,,,,,0,,,,,,,
,,,,,,Full,1,,,,,,,
,,,,,,Full,1,,,,,,,
,,,,,,Provisional 2,1,,,,,,,
,,,,,,Full,1,,,,,,,
,,,,,,Provisional 1 ,2,,,,,,,
,,,,,,Provisional 1 ,1,,,,,,,
,,,,,,Full,1,,,,,,,
,,,,,,Full,1,,,,,,,
,,,,,,Full,1,,,,,,,
,,,,,,Full,2,,,,,,,
,,,,,,Full,1,,,,,,,
,,,,,,Unknown,1,,,,,,,
,,,,,,Full,3,,,,,,,
,,,,,,Full,1,,,,,,,
,,,,,,Full,1,,,,,,,
,,,,,,,1,,,,,,,
,,,,,,Full,1,,,,,,,
,,,,,,Full,1,,,,,,,
,,,,,,Full,1,,,,,,,
,,,,,,Full,1,,,,,,,
,,,,,,Full,1,,,,,,,
,,,,,,Provisional 1 ,1,,,,,,,
,,,,,,Full,1,,,,,,,
,,,,,,Full,1,,,,,,,
,,,,,,Full,1,,,,,,,
,,,,,,Full,1,,,,,,,
,,,,,,Unknown,1,,,,,,,
,,,,,,Unknown,1,,,,,,,
,,,,,,Full,2,,,,,,,
,,,,,,Full,1,,,,,,,
,,,,,,Full,1,,,,,,,
,,,,,,Full,1,,,,,,,
,,,,,,Provisional 1 ,2,,,,,,,
,,,,,,Full,1,,,,,,,
,,,,,,Full,1,,,,,,,
,,,,,,Full,1,,,,,,,
,,,,,,Full,1,,,,,,,
,,,,,,Provisional 1 ,1,,,,,,,
,,,,,,Full,1,,,,,,,
,,,,,,Full,1,,,,,,,
,,,,,,,0,,,,,,,
,,,,,,Full,1,,,,,,,
,,,,,,Full,1,,,,,,,
,,,,,,Full,1,,,,,,,
,,,,,,Full,1,,,,,,,
,,,,,,Full,1,,,,,,,
,,,,,,Full,1,,,,,,,
,,,,,,Full,1,,,,,,,
,,,,,,Full,2,,,,,,,
,,,,,,Full,1,,,,,,,
,,,,,,Full,1,,,,,,,
,,,,,,Full,2,,,,,,,
,,,,,,,1,,,,,,,
,,,,,,Full,1,,,,,,,
,,,,,,Unknown,1,,,,,,,
,,,,,,Provisional 1 ,2,,,,,,,
,,,,,,Full,1,,,,,,,
,,,,,,Full,1,,,,,,,
,,,,,,Full,1,,,,,,,
,,,,,,Full,3,,,,,,,
,,,,,,Full,1,,,,,,,
,,,,,,Full,2,,,,,,,
,,,,,,Full,2,,,,,,,
,,,,,,Full,1,,,,,,,
,,,,,,Full,1,,,,,,,
,,,,,,Full,1,,,,,,,
,,,,,,Full,1,,,,,,,
,,,,,,Full,1,,,,,,,
,,,,,,Full,1,,,,,,,
,,,,,,Full,1,,,,,,,
,,,,,,Full,25,,,,,,,
,,,,,,Provisional 1 ,2,,,,,,,
,,,,,,Full,2,,,,,,,
,,,,,,Full,1,,,,,,,
,,,,,,Full,1,,,,,,,
,,,,,,Unknown,1,,,,,,,
,,,,,,,1,,,,,,,
,,,,,,Full,1,,,,,,,
,,,,,,Full,1,,,,,,,
,,,,,,Provisional 1 ,2,,,,,,,
,,,,,,Full,1,,,,,,,
,,,,,,Full,1,,,,,,,
,,,,,,,1,,,,,,,
,,,,,,Full,1,,,,,,,
,,,,,,Full,1,,,,,,,
,,,,,,,0,,,,,,,
,,,,,,Full,1,,,,,,,
,,,,,,Full,4,,,,,,,
,,,,,,Provisional 2,1,,,,,,,
,,,,,,Full,2,,,,,,,
,,,,,,Full,1,,,,,,,
,,,,,,Unknown,1,,,,,,,
,,,,,,Full,1,,,,,,,
,,,,,,Full,2,,,,,,,
,,,,,,Full,1,,,,,,,
,,,,,,,1,,,,,,,
,,,,,,Provisional 2,2,,,,,,,
,,,,,,Full,1,,,,,,,
,,,,,,,1,,,,,,,
,,,,,,Full,2,,,,,,,
,,,,,,,1,,,,,,,
,,,,,,Unknown,1,,,,,,,
,,,,,,Full,1,,,,,,,
,,,,,,Full,1,,,,,,,
,,,,,,Full,1,,,,,,,
,,,,,,,0,,,,,,,
,,,,,,Provisional 2,1,,,,,,,
,,,,,,Full,1,,,,,,,
,,,,,,Full,1,,,,,,,
,,,,,,Full,1,,,,,,,
,,,,,,Unknown,1,,,,,,,
,,,,,,Full,1,,,,,,,
,,,,,,Full,1,,,,,,,
,,,,,,Full,1,,,,,,,
,,,,,,Full,1,,,,,,,
,,,,,,Full,1,,,,,,,
,,,,,,Full,1,,,,,,,
,,,,,,Full,1,,,,,,,
,,,,,,Unknown,1,,,,,,,
,,,,,,Full,2,,,,,,,
,,,,,,Full,2,,,,,,,
,,,,,,Unknown,1,,,,,,,
,,,,,,Provisional 2,2,,,,,,,
,,,,,,Full,1,,,,,,,
,,,,,,,0,,,,,,,
,,,,,,,0,,,,,,,
,,,,,,,0,,,,,,,
,,,,,,Full,1,,,,,,,
,,,,,,Unknown,1,,,,,,,
,,,,,,Full,2,,,,,,,
,,,,,,Full,2,,,,,,,
,,,,,,Unknown,1,,,,,,,
,,,,,,Full,2,,,,,,,
,,,,,,Full,1,,,,,,,
,,,,,,,1,,,,,,,
,,,,,,Unknown,1,,,,,,,
,,,,,,Full,1,,,,,,,
,,,,,,Unknown,1,,,,,,,
,,,,,,Provisional 2,1,,,,,,,
,,,,,,Unknown,1,,,,,,,
,,,,,,Full,1,,,,,,,
,,,,,,Full,1,,,,,,,
,,,,,,Unknown,1,,,,,,,
,,,,,,Full,1,,,,,,,
,,,,,,Full,1,,,,,,,
,,,,,,Full,1,,,,,,,
,,,,,,Full,1,,,,,,,
,,,,,,Unlicenced,2,,,,,,,
,,,,,,Full,1,,,,,,,
,,,,,,Full,1,,,,,,,
,,,,,,Full,3,,,,,,,
,,,,,,Full,1,,,,,,,
,,,,,,Full,2,,,,,,,
,,,,,,Full,1,,,,,,,
,,,,,,Full,1,,,,,,,
,,,,,,Provisional 1 ,1,,,,,,,
,,,,,,Full,4,,,,,,,
,,,,,,Full,1,,,,,,,
,,,,,,Full,2,,,,,,,
,,,,,,Full,1,,,,,,,
,,,,,,Provisional 1 ,1,,,,,,,
,,,,,,Full,2,,,,,,,
,,,,,,,0,,,,,,,
,,,,,,,0,,,,,,,
,,,,,,,0,,,,,,,
,,,,,,Full,1,,,,,,,
,,,,,,Provisional 2,2,,,,,,,
,,,,,,Full,1,,,,,,,
,,,,,,Full,1,,,,,,,
,,,,,,Full,2,,,,,,,
,,,,,,Provisional 1 ,1,,,,,,,
,,,,,,Full,1,,,,,,,
,,,,,,,1,,,,,,,
,,,,,,Unknown,1,,,,,,,
,,,,,,Full,1,,,,,,,
,,,,,,Full,2,,,,,,,
,,,,,,Provisional 2,1,,,,,,,
,,,,,,,0,,,,,,,
,,,,,,Provisional 2,1,,,,,,,
,,,,,,Unknown,1,,,,,,,
,,,,,,,0,,,,,,,
,,,,,,Full,1,,,,,,,
,,,,,,Full,1,,,,,,,
,,,,,,Full,2,,,,,,,
,,,,,,Full,2,,,,,,,
,,,,,,Full,1,,,,,,,
,,,,,,Unknown,1,,,,,,,
,,,,,,Unknown,1,,,,,,,
,,,,,,Unknown,1,,,,,,,
,,,,,,Full,1,,,,,,,
,,,,,,Unknown,4,,,,,,,
,,,,,,Unknown,1,,,,,,,
,,,,,,Full,1,,,,,,,
,,,,,,Full,1,,,,,,,
,,,,,,Full,2,,,,,,,
,,,,,,Full,1,,,,,,,
,,,,,,Full,1,,,,,,,
,,,,,,Full,1,,,,,,,
,,,,,,Full,1,,,,,,,
,,,,,,Full,1,,,,,,,
,,,,,,Full,3,,,,,,,
,,,,,,Provisional 2,1,,,,,,,
,,,,,,Full,1,,,,,,,
,,,,,,Provisional 1 ,1,,,,,,,
,,,,,,Full,1,,,,,,,
,,,,,,Full,3,,,,,,,
,,,,,,,1,,,,,,,
,,,,,,,1,,,,,,,
,,,,,,Full,1,,,,,,,
,,,,,,Full,10,,,,,,,
,,,,,,Full,1,,,,,,,
,,,,,,Full,1,,,,,,,
,,,,,,Full,1,,,,,,,
,,,,,,,1,,,,,,,
,,,,,,Unknown,1,,,,,,,
,,,,,,Full,1,,,,,,,
,,,,,,Full,1,,,,,,,
,,,,,,Full,1,,,,,,,
,,,,,,Unknown,1,,,,,,,
,,,,,,Full,1,,,,,,,
,,,,,,Unknown,1,,,,,,,
,,,,,,Full,1,,,,,,,
,,,,,,Full,1,,,,,,,
,,,,,,Unknown,1,,,,,,,
,,,,,,Unknown,1,,,,,,,
,,,,,,Full,1,,,,,,,
,,,,,,Full,1,,,,,,,
,,,,,,Full,1,,,,,,,
,,,,,,Full,1,,,,,,,
,,,,,,Provisional 2,2,,,,,,,
,,,,,,Unknown,1,,,,,,,
,,,,,,Full,4,,,,,,,
,,,,,,Unknown,1,,,,,,,
,,,,,,Full,1,,,,,,,
,,,,,,Unknown,1,,,,,,,
,,,,,,,0,,,,,,,
,,,,,,Unknown,1,,,,,,,
,,,,,,Full,1,,,,,,,
,,,,,,Full,1,,,,,,,
,,,,,,Full,1,,,,,,,
,,,,,,Unknown,1,,,,,,,
,,,,,,Full,1,,,,,,,
,,,,,,Provisional 2,1,,,,,,,
,,,,,,Full,1,,,,,,,
,,,,,,,1,,,,,,,
,,,,,,Full,4,,,,,,,
,,,,,,Full,1,,,,,,,
,,,,,,Full,2,,,,,,,
,,,,,,Unknown,1,,,,,,,
,,,,,,Full,1,,,,,,,
,,,,,,Full,1,,,,,,,
,,,,,,Full,1,,,,,,,
,,,,,,Learners,1,,,,,,,
,,,,,,Full,1,,,,,,,
,,,,,,Full,1,,,,,,,
,,,,,,Unknown,2,,,,,,,
,,,,,,Provisional 2,1,,,,,,,
,,,,,,Provisional 2,1,,,,,,,
,,,,,,Full,2,,,,,,,
,,,,,,Full,4,,,,,,,
,,,,,,Provisional 2,1,,,,,,,
,,,,,,Full,1,,,,,,,
,,,,,,Full,2,,,,,,,
,,,,,,Full,1,,,,,,,
,,,,,,Full,1,,,,,,,
,,,,,,Unknown,1,,,,,,,
,,,,,,Full,1,,,,,,,
,,,,,,Full,1,,,,,,,
,,,,,,Full,3,,,,,,,
,,,,,,Full,2,,,,,,,
,,,,,,,0,,,,,,,
,,,,,,,0,,,,,,,
,,,,,,,0,,,,,,,
,,,,,,Unknown,1,,,,,,,
,,,,,,Unknown,2,,,,,,,
,,,,,,Unknown,1,,,,,,,
,,,,,,Unknown,1,,,,,,,
,,,,,,Full,1,,,,,,,
,,,,,,Provisional 2,1,,,,,,,
,,,,,,Unknown,1,,,,,,,
,,,,,,Full,3,,,,,,,
,,,,,,Full,1,,,,,,,
,,,,,,Full,2,,,,,,,
,,,,,,Unknown,1,,,,,,,
,,,,,,Full,1,,,,,,,
,,,,,,Full,1,,,,,,,
,,,,,,Provisional 1 ,1,,,,,,,
,,,,,,Full,1,,,,,,,
,,,,,,Full,4,,,,,,,
,,,,,,Full,1,,,,,,,
,,,,,,Full,1,,,,,,,
,,,,,,,0,,,,,,,
,,,,,,Unknown,1,,,,,,,
,,,,,,Full,2,,,,,,,
,,,,,,,1,,,,,,,
,,,,,,,1,,,,,,,
,,,,,,,1,,,,,,,
,,,,,,Full,2,,,,,,,
,,,,,,Full,1,,,,,,,
,,,,,,Full,1,,,,,,,
,,,,,,Provisional 2,1,,,,,,,
,,,,,,Full,2,,,,,,,
,,,,,,Full,1,,,,,,,
,,,,,,Full,1,,,,,,,
,,,,,,Full,1,,,,,,,
,,,,,,Full,1,,,,,,,
,,,,,,Full,1,,,,,,,
,,,,,,Full,2,,,,,,,
,,,,,,Full,2,,,,,,,
,,,,,,Full,1,,,,,,,
,,,,,,Full,1,,,,,,,
,,,,,,Full,2,,,,,,,
,,,,,,Full,1,,,,,,,
,,,,,,Full,1,,,,,,,
,,,,,,Full,2,,,,,,,
,,,,,,Full,2,,,,,,,
,,,,,,Unknown,1,,,,,,,
,,,,,,,0,,,,,,,
,,,,,,Unknown,1,,,,,,,
,,,,,,Full,1,,,,,,,
,,,,,,Full,1,,,,,,,
,,,,,,Full,1,,,,,,,
,,,,,,Full,2,,,,,,,
,,,,,,Full,2,,,,,,,
,,,,,,Full,1,,,,,,,
,,,,,,Full,1,,,,,,,
,,,,,,Full,1,,,,,,,
,,,,,,Full,2,,,,,,,
,,,,,,Full,1,,,,,,,
,,,,,,Learners,1,,,,,,,
,,,,,,Full,1,,,,,,,
,,,,,,Provisional 2,1,,,,,,,
,,,,,,Full,1,,,,,,,
,,,,,,Full,2,,,,,,,
,,,,,,Full,2,,,,,,,
,,,,,,Full,3,,,,,,,
,,,,,,Full,1,,,,,,,
,,,,,,Full,2,,,,,,,
,,,,,,Learners,1,,,,,,,
,,,,,,Provisional 2,1,,,,,,,
,,,,,,Full,1,,,,,,,
,,,,,,Full,2,,,,,,,
,,,,,,,1,,,,,,,
,,,,,,Full,2,,,,,,,
,,,,,,Full,1,,,,,,,
,,,,,,Full,1,,,,,,,
,,,,,,Full,1,,,,,,,
,,,,,,Provisional 1 ,2,,,,,,,
,,,,,,Full,1,,,,,,,
,,,,,,Provisional 2,1,,,,,,,
,,,,,,,0,,,,,,,
,,,,,,Full,1,,,,,,,
,,,,,,Full,1,,,,,,,
,,,,,,Full,1,,,,,,,
,,,,,,Provisional 1 ,1,,,,,,,
,,,,,,Full,2,,,,,,,
,,,,,,Full,1,,,,,,,
,,,,,,Full,1,,,,,,,
,,,,,,Full,1,,,,,,,
,,,,,,Full,1,,,,,,,
,,,,,,Full,1,,,,,,,
,,,,,,Learners,2,,,,,,,
,,,,,,Full,1,,,,,,,
,,,,,,Full,1,,,,,,,
,,,,,,Provisional 1 ,1,,,,,,,
,,,,,,Full,1,,,,,,,
,,,,,,Full,1,,,,,,,
,,,,,,Full,1,,,,,,,
,,,,,,Full,1,,,,,,,
,,,,,,,1,,,,,,,
,,,,,,Full,1,,,,,,,
,,,,,,Full,1,,,,,,,
,,,,,,Full,1,,,,,,,
,,,,,,Unknown,1,,,,,,,
,,,,,,,1,,,,,,,
,,,,,,Unknown,1,,,,,,,
,,,,,,Full,1,,,,,,,
,,,,,,Provisional 2,1,,,,,,,
,,,,,,Unlicenced,1,,,,,,,
,,,,,,Full,1,,,,,,,
,,,,,,Full,2,,,,,,,
,,,,,,Full,2,,,,,,,
,,,,,,Unknown,1,,,,,,,
,,,,,,Full,4,,,,,,,
,,,,,,Unlicenced,1,,,,,,,
,,,,,,Full,1,,,,,,,
,,,,,,Full,4,,,,,,,
,,,,,,Full,1,,,,,,,
,,,,,,Full,2,,,,,,,
,,,,,,Unknown,1,,,,,,,
,,,,,,,1,,,,,,,
,,,,,,Full,2,,,,,,,
,,,,,,Full,1,,,,,,,
,,,,,,Full,2,,,,,,,
,,,,,,Full,1,,,,,,,
,,,,,,Full,1,,,,,,,
,,,,,,Provisional 1 ,2,,,,,,,
,,,,,,,0,,,,,,,
,,,,,,Full,1,,,,,,,
,,,,,,Probationary,2,,,,,,,
,,,,,,Full,1,,,,,,,
,,,,,,,0,,,,,,,
,,,,,,Full,1,,,,,,,
,,,,,,Provisional 1 ,1,,,,,,,
,,,,,,,0,,,,,,,
,,,,,,Unknown,3,,,,,,,
,,,,,,Full,1,,,,,,,
,,,,,,Full,2,,,,,,,
,,,,,,Full,1,,,,,,,
,,,,,,,1,,,,,,,
,,,,,,Full,1,,,,,,,
,,,,,,Full,2,,,,,,,
,,,,,,Full,2,,,,,,,
,,,,,,Full,2,,,,,,,
,,,,,,Full,1,,,,,,,
,,,,,,Provisional 1 ,2,,,,,,,
,,,,,,Probationary,2,,,,,,,
,,,,,,Full,2,,,,,,,
,,,,,,Full,4,,,,,,,
,,,,,,Full,1,,,,,,,
,,,,,,Full,2,,,,,,,
,,,,,,Full,25,,,,,,,
,,,,,,Unknown,1,,,,,,,
,,,,,,Provisional 1 ,1,,,,,,,
,,,,,,Provisional 1 ,1,,,,,,,
,,,,,,Full,4,,,,,,,
,,,,,,Full,1,,,,,,,
,,,,,,Full,2,,,,,,,
,,,,,,,1,,,,,,,
,,,,,,Full,1,,,,,,,
,,,,,,Provisional 1 ,1,,,,,,,
,,,,,,Full,1,,,,,,,
,,,,,,Learners,1,,,,,,,
,,,,,,Provisional 2,1,,,,,,,
,,,,,,Provisional 2,1,,,,,,,
,,,,,,Full,1,,,,,,,
,,,,,,Unknown,1,,,,,,,
,,,,,,Full,1,,,,,,,
,,,,,,Provisional 2,1,,,,,,,
,,,,,,Full,1,,,,,,,
,,,,,,Unknown,1,,,,,,,
,,,,,,Full,1,,,,,,,
,,,,,,Full,1,,,,,,,
,,,,,,Full,2,,,,,,,
,,,,,,Provisional 2,2,,,,,,,
,,,,,,Full,2,,,,,,,
,,,,,,Full,1,,,,,,,
,,,,,,Full,5,,,,,,,
,,,,,,Full,1,,,,,,,
,,,,,,Full,1,,,,,,,
,,,,,,Full,1,,,,,,,
,,,,,,Unknown,1,,,,,,,
,,,,,,Full,1,,,,,,,
,,,,,,Full,1,,,,,,,
,,,,,,Full,1,,,,,,,
,,,,,,Full,1,,,,,,,
,,,,,,Full,1,,,,,,,
,,,,,,Full,1,,,,,,,
,,,,,,Full,3,,,,,,,
,,,,,,Provisional 2,2,,,,,,,
,,,,,,,1,,,,,,,
,,,,,,Full,1,,,,,,,
,,,,,,Unknown,1,,,,,,,
,,,,,,Full,2,,,,,,,
,,,,,,Provisional 2,1,,,,,,,
,,,,,,Full,1,,,,,,,
,,,,,,Full,1,,,,,,,
,,,,,,Full,1,,,,,,,
,,,,,,Full,1,,,,,,,
,,,,,,,1,,,,,,,
,,,,,,Full,1,,,,,,,
,,,,,,Full,1,,,,,,,
,,,,,,Full,5,,,,,,,
,,,,,,Unknown,1,,,,,,,
,,,,,,Full,2,,,,,,,
,,,,,,Full,1,,,,,,,
,,,,,,Provisional 2,1,,,,,,,